account_id,customer_id,account_type,open_date,balance,currency,is_active
ACC200000,CUST103925,Savings,2024-10-16 04:23:33.789011478,75852.37,ZAR,1
ACC200001,CUST103233,Savings,2023-03-26 04:04:15.196666241,21157.29,ZAR,1
ACC200002,CUST100313,Savings,2025-09-13 11:00:22.231174707,6943.92,ZAR,1
ACC200003,CUST104733,Savings,2022-01-03 04:15:41.341588020,20893.25,ZAR,1
ACC200004,CUST103832,Business,2023-03-17 14:13:35.958323002,84949.86,ZAR,1
ACC200005,CUST103458,Current,2016-02-07 11:13:46.902700186,64705.93,ZAR,1
ACC200006,CUST102453,Fixed Deposit,2022-01-10 11:06:08.590357065,10599.8,ZAR,1
ACC200007,CUST103973,Savings,2019-05-13 19:16:57.571558952,43790.16,zar,1
ACC200008,CUST101564,Credit Card,2020-11-19 05:30:18.915430307,74083.53,ZAR,0
ACC200009,CUST103623,Current,2018-10-13 09:38:07.342357874,38897.11,ZAR,1
ACC200010,CUST103051,Current,2018-04-30 01:25:39.518093824,29829.01,ZAR,1
ACC200011,CUST103051,Credit Card,2024-07-03 15:23:51.947887897,-58611.94,ZAR,1
ACC200012,CUST103997,Current,2021-06-16 17:44:27.977911234,74830.38,ZAR,1
ACC200013,CUST100865,Current,2017-12-07 02:02:18.421144962,-16132.72,zar,1
ACC200014,CUST100519,Fixed Deposit,2023-11-18 04:48:43.357383251,-49828.59,ZAR,1
ACC200015,CUST102776,Savings,2015-11-13 09:55:47.773606300,-47171.97,ZAR,1
ACC200016,CUST104036,Savings,2018-05-25 00:40:20.931721687,-9204.31,ZAR,1
ACC200017,CUST101267,Business,2018-11-23 13:40:52.516415834,44438.65,ZAR,1
ACC200018,CUST102847,Fixed Deposit,2017-01-21 04:36:43.323956490,71425.37,ZAR,1
ACC200019,CUST104785,Current,2024-10-04 13:54:31.384411812,38666.28,ZAR,1
ACC200020,CUST103100,Credit Card,2022-10-21 14:10:59.966635704,94420.52,ZAR,1
ACC200021,CUST100393,Fixed Deposit,2022-10-06 09:16:39.436642647,8874.26,ZAR,1
ACC200022,CUST104394,Current,2021-11-12 03:39:03.352900028,15717.13,ZAR,1
ACC200023,CUST104880,Savings,2019-05-20 04:14:27.011749744,-49670.39,ZAR,1
ACC200024,CUST103549,Current,2022-08-19 14:54:26.780120850,1967.8,ZAR,1
ACC200025,CUST103052,Savings,2023-07-12 11:34:00.378895998,-56681.09,ZAR,1
ACC200026,CUST102917,Savings,2021-03-27 18:36:14.384392500,-28668.93,ZAR,1
ACC200027,CUST103116,Business,2020-06-14 03:48:51.285273075,50204.92,ZAR,1
ACC200028,CUST101680,Credit Card,2017-08-03 12:11:53.370384932,-42482.99,ZAR,1
ACC200029,CUST103223,Credit Card,2015-12-22 07:26:52.641539812,-38527.71,ZAR,1
ACC200030,CUST102551,Current,2015-06-24 16:59:23.010031700,-45312.25,ZAR,1
ACC200031,CUST103960,Savings,2023-04-10 06:08:19.614217281,56054.74,ZAR,1
ACC200032,CUST104182,Current,2019-01-14 18:39:50.134385109,90556.11,ZAR,1
ACC200033,CUST103549,Current,2023-03-16 13:36:24.464410782,22010.64,ZAR,1
ACC200034,CUST104978,Current,2020-11-18 10:38:23.305520296,62715.39,ZAR ,1
ACC200035,CUST102243,Savings,2020-03-05 07:54:31.665086269,-21562.64,ZAR,0
ACC200036,CUST103780,Credit Card,2022-04-14 08:40:15.887715340,74195.71,ZAR,0
ACC200037,CUST101713,Savings,2017-02-14 04:32:34.710757732,-3627.31,ZAR,1
ACC200038,CUST103950,Savings,2026-05-06 23:35:46.811265707,51703.15,ZAR,1
ACC200039,CUST101336,Current,2018-10-28 20:34:48.110884428,23911.09,ZAR,1
ACC200040,CUST103497,Business,2023-11-28 15:41:01.845028639,-51718.78,ZAR,1
ACC200041,CUST100071,Savings,2017-11-14 11:31:21.519729376,-10406.37,ZAR,1
ACC200042,CUST103834,Savings,2020-06-02 08:21:05.289361954,,ZAR,1
ACC200043,CUST101452,Business,2020-10-13 01:54:15.562934875,-48985.96,ZAR,1
ACC200044,CUST101215,Business,2018-07-21 03:58:01.238743782,36862.21,ZAR,0
ACC200045,CUST101670,Savings,2019-01-14 16:09:46.148504019,,ZAR,0
ACC200046,CUST102119,Credit Card,2020-01-16 06:24:58.070665836,46625.09,ZAR,1
ACC200047,CUST100641,Fixed Deposit,2024-09-07 02:18:48.679300547,-29423.92,ZAR,1
ACC200048,CUST102779,Savings,2020-10-16 05:07:29.168590546,42727.3,ZAR,1
ACC200049,CUST100619,Credit Card,2016-01-10 16:09:26.819997549,57664.31,ZAR,1
ACC200050,CUST102747,Savings,2017-07-05 13:01:52.283724308,18277.38,ZAR,1
ACC200051,CUST101843,Credit Card,2026-06-02 21:06:12.035971880,21794.81,ZAR,1
ACC200052,CUST102986,Savings,2016-01-16 03:49:32.286086321,84421.72,ZAR,1
ACC200053,CUST100756,Current,2022-07-02 21:25:22.627467155,-6328.5,ZAR,1
ACC200054,CUST104867,Credit Card,2017-06-12 04:40:59.852030993,3630.24,ZAR,1
ACC200055,CUST100074,Savings,2020-01-02 01:34:56.590299606,50626.14,ZAR,1
ACC200056,CUST104276,Credit Card,2019-02-19 04:38:34.765050411,41892.67,ZAR,1
ACC200057,CUST101759,Savings,2026-04-26 11:03:29.326638699,15286.82,ZAR,1
ACC200058,CUST104139,Savings,2021-05-20 21:10:00.848018408,-23601.05,ZAR,1
ACC200059,CUST102981,Fixed Deposit,2017-11-23 03:14:17.097893953,63945.09,ZAR,1
ACC200060,CUST104151,Fixed Deposit,2021-12-28 03:00:32.915874004,-24528.07,ZAR,0
ACC200061,CUST102775,Credit Card,2015-10-30 00:13:36.346618176,116128.25,ZAR,1
ACC200062,CUST103966,Fixed Deposit,2025-09-24 17:15:34.582852840,-22821.4,ZAR,1
ACC200063,CUST103277,Savings,2018-12-27 03:30:16.733201742,-19209.58,ZAR,1
ACC200064,CUST103396,Current,2025-03-25 15:46:36.815125942,38669.75,ZAR,0
ACC200065,CUST102857,Fixed Deposit,2024-05-15 22:31:21.115950584,46964.82,ZAR,1
ACC200066,CUST101282,Fixed Deposit,2017-03-01 02:47:26.050692797,-13958.46,ZAR,1
ACC200067,CUST104244,Savings,2026-02-22 12:36:56.676545620,92697.14,ZAR,1
ACC200068,CUST104278,Savings,2026-06-26 19:04:14.386185646,38189.2,ZAR,1
ACC200069,CUST103615,Current,2024-04-29 09:08:01.149233818,15083.75,ZAR,1
ACC200070,CUST101398,Savings,2020-03-24 19:39:07.615558624,40440.14,zar,1
ACC200071,CUST102036,Credit Card,2022-10-15 20:42:33.791062832,73427.06,ZAR,1
ACC200072,CUST103624,Savings,2015-12-08 03:47:02.228530645,89369.18,ZAR,1
ACC200073,CUST100933,Current,2025-09-01 07:59:58.374591112,32714.55,ZAR,1
ACC200074,CUST100554,Savings,2017-07-27 00:51:27.742325306,-25963.26,ZAR,1
ACC200075,CUST102013,Credit Card,2023-04-20 16:13:02.787742138,-25339.87,ZAR,1
ACC200076,CUST102736,Business,2024-04-13 11:29:07.478344679,-31596.88,ZAR,1
ACC200077,CUST104468,Current,2026-03-25 07:18:49.945133209,-700.04,ZAR,1
ACC200078,CUST101594,Business,2024-07-16 17:02:28.555373192,26511.47,ZAR,1
ACC200079,CUST101081,Current,2024-06-22 07:43:32.669526815,33557.52,ZAR,1
ACC200080,CUST103522,Savings,2023-03-03 18:32:57.855791330,70066.77,ZAR,1
ACC200081,CUST104375,Credit Card,2021-09-05 05:10:00.879018307,-57933.68,ZAR,1
ACC200082,CUST104276,Savings,2015-06-27 04:00:06.617653131,24569.61,ZAR ,1
ACC200083,CUST103162,Savings,2026-04-07 12:48:40.591273785,43432.43,ZAR,1
ACC200084,CUST100077,Current,2020-03-14 03:31:27.251314402,-87319.87,ZAR,1
ACC200085,CUST103264,Savings,2024-03-24 09:56:42.000809193,43141.96,ZAR,1
ACC200086,CUST100571,Fixed Deposit,2019-05-15 22:00:12.411426544,134203.3,ZAR,1
ACC200087,CUST103937,Current,2020-04-13 03:13:24.694525957,55934.47,ZAR,1
ACC200088,CUST104627,Savings,2020-05-09 17:48:06.785513401,37315.4,ZAR,1
ACC200089,CUST103053,Savings,2026-06-19 17:38:46.646141768,14055.99,ZAR ,1
ACC200090,CUST101196,Savings,2017-06-13 00:04:05.116048336,34311.67,ZAR,1
ACC200091,CUST101493,Credit Card,2020-10-23 11:15:15.425107956,86485.26,ZAR,1
ACC200092,CUST103653,Savings,2016-10-16 08:10:15.861082792,11130.24,ZAR,1
ACC200093,CUST103799,Fixed Deposit,2020-09-21 03:15:53.786796570,72743.14,ZAR,1
ACC200094,CUST104062,Savings,2021-04-28 10:22:24.643233776,43564.96,ZAR,1
ACC200095,CUST100508,Savings,2016-08-01 00:45:48.664914608,90063.6,ZAR,1
ACC200096,CUST103702,Current,2023-02-01 14:51:53.961070776,68561.97,ZAR,1
ACC200097,CUST104802,Savings,2024-08-03 09:17:23.997868299,32581.49,ZAR,1
ACC200098,CUST100160,Current,2024-06-13 19:07:33.689598799,30002.62,ZAR,1
ACC200099,CUST102155,Current,2023-06-12 14:38:46.934308290,12469.12,zar,0
ACC200100,CUST103677,Savings,2016-08-18 22:32:27.282878637,64076.79,ZAR,1
ACC200101,CUST102645,Current,2022-03-13 19:22:03.014865875,1391.63,ZAR,1
ACC200102,CUST104807,Fixed Deposit,2023-02-02 01:14:16.876030922,29549.85,ZAR,1
ACC200103,CUST103381,Savings,2023-10-18 01:37:53.272192001,17263.29,ZAR,1
ACC200104,CUST101843,Current,2023-03-20 18:25:19.664463758,-28649.0,ZAR,1
ACC200105,CUST103110,Savings,2022-04-13 20:00:24.712147951,33816.33,ZAR,1
ACC200106,CUST103551,Fixed Deposit,2023-06-06 08:26:20.826397657,-36013.65,ZAR,1
ACC200107,CUST103907,Savings,2024-11-14 07:52:16.747569561,7071.87,ZAR,1
ACC200108,CUST101382,Savings,2021-08-05 05:15:06.980346441,51685.69,ZAR,1
ACC200109,CUST104580,Current,2016-09-06 14:31:39.154498339,31756.25,ZAR,1
ACC200110,CUST104987,Current,2024-06-13 11:57:01.082742691,31118.09,ZAR,1
ACC200111,CUST101078,Savings,2022-08-28 02:25:16.094417095,-9588.67,ZAR,1
ACC200112,CUST101041,Credit Card,2022-12-14 08:45:56.736994028,66954.7,ZAR,1
ACC200113,CUST101923,Savings,2018-05-29 11:54:01.810505629,-10446.14,ZAR,0
ACC200114,CUST101527,Fixed Deposit,2016-09-25 01:28:17.723500013,53254.18,ZAR,1
ACC200115,CUST100932,Fixed Deposit,2024-01-16 10:51:28.451394796,76954.34,ZAR,1
ACC200116,CUST100839,Credit Card,2015-07-29 01:06:48.774503469,-36221.95,ZAR,1
ACC200117,CUST103549,Credit Card,2019-08-29 22:18:53.584651709,8740.76,ZAR,1
ACC200118,CUST104775,Current,2020-11-22 11:37:47.893757105,5063.42,ZAR,1
ACC200119,CUST100478,Credit Card,2015-03-15 17:32:58.516970873,35915.65,ZAR,1
ACC200120,CUST102857,Savings,2021-11-30 08:05:06.660884619,-12737.36,ZAR,1
ACC200121,CUST101398,Credit Card,2016-05-21 00:28:33.331025124,-21616.65,ZAR,1
ACC200122,CUST101234,Current,2017-10-18 07:49:16.826134682,22856.3,ZAR,1
ACC200123,CUST102860,Credit Card,2026-07-04 19:04:53.328813076,2555.04,ZAR,1
ACC200124,CUST100672,Current,2021-06-27 22:51:46.259600639,19161.6,ZAR,1
ACC200125,CUST100415,Current,2026-03-19 19:00:26.823117971,60707.92,ZAR,1
ACC200126,CUST104374,Savings,2020-09-14 20:15:06.417236328,-39695.88,ZAR,1
ACC200127,CUST102230,Current,2024-04-21 11:40:54.061017275,,ZAR,1
ACC200128,CUST100313,Savings,2015-06-10 16:44:55.751408815,1361.12,ZAR,1
ACC200129,CUST104382,Credit Card,2018-05-17 00:45:50.735733986,25946.46,ZAR,1
ACC200130,CUST103216,Savings,2018-04-13 00:54:22.184818506,1519.68,ZAR ,0
ACC200131,CUST103692,Fixed Deposit,2015-10-23 06:02:19.217452526,-22207.31,ZAR,1
ACC200132,CUST103050,Credit Card,2026-01-10 09:21:40.976139784,40722.29,ZAR ,1
ACC200133,CUST102369,Fixed Deposit,2020-11-04 19:01:40.387332916,135857.43,ZAR,1
ACC200134,CUST103858,Fixed Deposit,2021-11-13 06:28:43.311735868,20976.6,zar,1
ACC200135,CUST101723,Current,2021-01-10 13:13:05.936194420,-4045.44,ZAR,1
ACC200136,CUST103409,Fixed Deposit,2017-11-17 10:13:33.870560884,-4167.31,ZAR ,1
ACC200137,CUST104412,Current,2025-09-14 19:14:53.172286034,62388.49,ZAR,1
ACC200138,CUST104182,Savings,2022-09-30 20:14:54.687439203,-10078.38,zar,1
ACC200139,CUST102772,Savings,2016-06-06 19:58:37.495657206,,ZAR,1
ACC200140,CUST100190,Savings,2020-05-07 08:49:31.983906269,-40472.07,ZAR,1
ACC200141,CUST100076,Savings,2015-01-07 05:36:42.537223577,32693.09,ZAR,1
ACC200142,CUST102151,Savings,2022-10-25 03:55:46.875952244,51534.13,ZAR,1
ACC200143,CUST103314,Business,2021-01-23 18:11:59.727641582,55497.98,ZAR,1
ACC200144,CUST100404,Savings,2025-06-21 18:05:30.319490433,52691.01,ZAR,0
ACC200145,CUST102053,Fixed Deposit,2025-12-21 05:37:09.246959448,35641.01,ZAR,1
ACC200146,CUST102026,Credit Card,2016-02-20 06:57:05.246561766,71143.46,ZAR,1
ACC200147,CUST102294,Fixed Deposit,2016-01-14 13:41:26.079822779,,ZAR ,1
ACC200148,CUST102804,Credit Card,2025-05-31 03:42:24.968461514,-765.4,ZAR,1
ACC200149,CUST101395,Business,2020-12-06 04:34:40.926389694,8878.29,zar,1
ACC200150,CUST102968,Savings,2020-06-09 17:41:50.712654352,84340.65,ZAR,1
ACC200151,CUST102263,Current,2021-08-11 10:30:33.973048687,43647.94,ZAR,1
ACC200152,CUST104623,Savings,2020-05-26 21:05:14.306051493,52277.23,ZAR,1
ACC200153,CUST101622,Savings,2022-02-11 08:30:03.574558496,17836.2,ZAR,1
ACC200154,CUST104608,Current,2025-12-28 13:30:32.756459475,57672.3,ZAR,1
ACC200155,CUST104810,Current,2022-01-07 07:22:20.652978420,-37080.49,ZAR,1
ACC200156,CUST101548,Business,2018-09-18 17:02:08.534906626,8643.67,ZAR,0
ACC200157,CUST102037,Savings,2017-06-21 14:44:23.938697577,16304.62,ZAR,1
ACC200158,CUST103495,Fixed Deposit,2026-03-10 16:05:02.658039570,6027.14,ZAR,1
ACC200159,CUST102292,Savings,2021-09-16 20:38:12.987020254,12149.28,ZAR,1
ACC200160,CUST103563,Current,2021-07-25 00:06:47.782271624,46874.27,ZAR,0
ACC200161,CUST101295,Savings,2015-05-21 23:41:51.669871092,34534.4,ZAR,1
ACC200162,CUST104785,Business,2025-08-20 18:39:52.197721004,72747.12,ZAR,0
ACC200163,CUST103490,Current,2020-06-09 10:05:30.329205036,-58451.16,ZAR,1
ACC200164,CUST100419,Savings,2026-07-30 22:37:26.597031116,84529.94,ZAR,1
ACC200165,CUST101215,Fixed Deposit,2016-12-11 01:41:12.244843245,-988.78,ZAR,1
ACC200166,CUST103085,Savings,2018-10-11 20:20:31.201844215,77639.1,ZAR,1
ACC200167,CUST101465,Fixed Deposit,2017-06-07 14:51:17.821564913,8298.34,ZAR,1
ACC200168,CUST102036,Savings,2019-05-22 21:09:06.409902096,39780.92,ZAR,1
ACC200169,CUST103232,Savings,2026-04-24 03:55:40.724809408,-18072.48,ZAR,1
ACC200170,CUST101736,Savings,2019-10-21 12:15:11.508710623,-23645.36,ZAR,1
ACC200171,CUST104520,Current,2024-07-30 15:14:49.612316608,48245.19,ZAR,1
ACC200172,CUST103087,Credit Card,2023-09-30 18:49:56.442419052,-81562.18,ZAR,1
ACC200173,CUST102097,Current,2018-06-14 07:48:19.071729183,-23606.97,ZAR,1
ACC200174,CUST101397,Savings,2021-09-18 23:51:29.175984383,55667.4,ZAR,0
ACC200175,CUST101478,Current,2024-11-11 17:25:22.527204036,8425.04,zar,1
ACC200176,CUST100179,Current,2022-01-29 22:06:47.544581652,-10287.99,ZAR,1
ACC200177,CUST100430,Savings,2018-01-25 15:40:29.858442783,85911.91,ZAR,1
ACC200178,CUST103888,Current,2024-12-30 05:03:39.525152921,99975.16,ZAR,1
ACC200179,CUST103843,Current,2021-06-10 13:54:01.910035610,25016.71,ZAR,1
ACC200180,CUST100433,Current,2026-05-08 10:29:32.946624756,75949.5,ZAR,1
ACC200181,CUST102762,Current,2022-08-05 07:07:40.879460812,85681.46,ZAR,1
ACC200182,CUST101640,Savings,2020-03-13 15:35:07.643673897,24347.39,ZAR,1
ACC200183,CUST103487,Fixed Deposit,2020-01-18 21:09:01.809248686,4511.46,ZAR,1
ACC200184,CUST102974,Credit Card,2025-03-11 20:19:28.789658070,28548.75,ZAR,1
ACC200185,CUST103997,Credit Card,2026-05-10 21:52:58.829986095,-33180.04,ZAR,1
ACC200186,CUST103118,Credit Card,2019-10-02 19:02:35.795452356,47717.84,ZAR,1
ACC200187,CUST100999,Current,2016-11-20 13:41:14.661171675,11822.17,ZAR,1
ACC200188,CUST103331,Business,2015-06-18 06:07:13.556763172,27259.32,ZAR,1
ACC200189,CUST104174,Savings,2018-09-25 15:14:25.229314566,26680.35,zar,1
ACC200190,CUST104972,Current,2018-12-17 13:41:24.892876148,-8900.92,ZAR,1
ACC200191,CUST103518,Credit Card,2019-12-07 09:37:29.559461594,23567.22,ZAR,1
ACC200192,CUST102006,Fixed Deposit,2016-09-05 11:01:14.666903734,-29375.76,ZAR,1
ACC200193,CUST102545,Current,2020-09-14 23:00:48.177998066,5705.52,ZAR,1
ACC200194,CUST100687,Credit Card,2025-12-04 10:25:33.146582127,-19532.81,ZAR,1
ACC200195,CUST103184,Current,2017-09-10 10:48:38.439676762,-10065.51,ZAR,1
ACC200196,CUST100689,Savings,2022-12-06 12:30:08.348428965,-65303.44,ZAR,1
ACC200197,CUST101301,Fixed Deposit,2015-06-10 15:58:39.490368128,7829.81,ZAR,1
ACC200198,CUST102551,Current,2022-06-16 07:33:55.811398745,44421.66,ZAR,1
ACC200199,CUST102392,Credit Card,2025-11-09 16:51:35.210049152,32111.76,ZAR,1
ACC200200,CUST101918,Credit Card,2018-04-09 07:35:48.703560829,68356.1,ZAR,1
ACC200201,CUST103236,Savings,2024-06-14 16:12:23.755397320,-13108.1,ZAR,1
ACC200202,CUST104565,Fixed Deposit,2015-12-15 18:13:02.621134520,5852.18,ZAR,1
ACC200203,CUST104614,Savings,2019-02-24 08:04:53.723896980,61685.64,ZAR,1
ACC200204,CUST102554,Credit Card,2015-01-29 08:22:40.327537298,21536.34,ZAR,1
ACC200205,CUST102758,Credit Card,2019-02-11 02:42:42.161178112,32400.0,ZAR,1
ACC200206,CUST102259,Credit Card,2018-08-03 14:56:55.156274319,109567.21,ZAR,1
ACC200207,CUST104485,Fixed Deposit,2023-01-09 08:33:07.313704967,14831.77,ZAR,1
ACC200208,CUST104311,Current,2018-05-30 18:41:21.968525171,5634.37,ZAR,1
ACC200209,CUST100271,Savings,2024-07-13 16:34:34.802453279,-14718.97,ZAR,1
ACC200210,CUST103980,Current,2018-05-17 20:40:25.535650253,13431.48,zar,1
ACC200211,CUST100149,Current,2017-08-02 15:23:53.546009541,65870.75,ZAR,1
ACC200212,CUST103569,Savings,2020-09-22 20:20:41.691646099,47943.12,ZAR,1
ACC200213,CUST101693,Savings,2022-08-08 19:36:52.984696627,82302.95,ZAR,1
ACC200214,CUST102636,Current,2025-04-17 07:35:40.179283142,39433.7,ZAR,1
ACC200215,CUST103914,Fixed Deposit,2024-06-03 03:25:33.516198634,-64633.34,ZAR ,1
ACC200216,CUST101173,Current,2021-01-27 15:38:19.991294146,50163.37,ZAR,1
ACC200217,CUST100664,Fixed Deposit,2026-05-01 04:08:04.664199352,29170.21,ZAR,1
ACC200218,CUST102837,Current,2018-06-08 06:20:26.659932852,25068.43,ZAR ,1
ACC200219,CUST104189,Fixed Deposit,2026-07-29 17:30:18.135350943,73729.2,ZAR,1
ACC200220,CUST100578,Credit Card,2019-06-18 07:57:37.726455688,14025.48,ZAR,1
ACC200221,CUST101938,Savings,2018-01-14 23:40:55.510128260,48186.79,ZAR,1
ACC200222,CUST102684,Current,2019-06-08 05:37:25.531141281,-18069.72,ZAR ,1
ACC200223,CUST101136,Business,2021-10-14 00:12:26.422729969,-35730.66,ZAR,1
ACC200224,CUST104257,Business,2020-06-27 17:55:25.835262775,1047.84,ZAR,1
ACC200225,CUST102992,Current,2015-08-01 07:02:26.270395994,12452.81,ZAR,1
ACC200226,CUST102575,Credit Card,2019-02-14 21:48:30.200329781,46921.27,ZAR,1
ACC200227,CUST100693,Fixed Deposit,2020-09-11 09:34:02.661094666,-18898.08,ZAR,1
ACC200228,CUST100342,Savings,2022-09-06 17:33:24.897243977,85278.43,ZAR,1
ACC200229,CUST100827,Current,2026-01-14 09:38:37.182258606,-13623.91,ZAR,1
ACC200230,CUST100156,Credit Card,2026-01-26 11:21:43.252825022,21474.77,ZAR,1
ACC200231,CUST102673,Savings,2020-12-14 08:39:40.118574142,25465.21,ZAR,1
ACC200232,CUST104302,Credit Card,2021-08-04 06:07:12.386990070,36970.08,ZAR,1
ACC200233,CUST103790,Savings,2023-01-31 16:19:55.663073063,43031.48,ZAR,1
ACC200234,CUST101121,Current,2024-09-03 10:23:06.946883917,115483.31,ZAR,1
ACC200235,CUST100980,Savings,2023-08-19 07:28:09.257444859,894.61,ZAR,1
ACC200236,CUST102628,Credit Card,2023-05-06 18:20:26.262328386,37509.51,ZAR,1
ACC200237,CUST103887,Savings,2020-03-06 23:20:18.389459372,21658.01,ZAR,1
ACC200238,CUST103883,Current,2025-01-23 15:46:40.527537583,64316.65,ZAR,1
ACC200239,CUST102609,Savings,2022-09-03 13:46:57.234838486,42954.94,ZAR,0
ACC200240,CUST101266,Savings,2016-11-04 09:48:47.508312702,33790.5,ZAR,1
ACC200241,CUST102415,Credit Card,2021-12-06 03:11:52.205676556,-34752.68,ZAR,1
ACC200242,CUST103687,Savings,2018-08-06 15:57:01.933292150,6874.96,ZAR,1
ACC200243,CUST104398,Savings,2017-05-08 23:20:22.592638969,-14063.14,ZAR,1
ACC200244,CUST100376,Savings,2022-07-07 15:10:36.718106985,7112.8,ZAR,1
ACC200245,CUST103871,Current,2022-06-09 17:13:28.435271025,-8035.69,zar,1
ACC200246,CUST103743,Savings,2026-01-21 10:54:47.921014071,4272.69,ZAR,1
ACC200247,CUST101066,Current,2026-04-22 09:58:35.008626938,8560.29,ZAR,1
ACC200248,CUST100319,Credit Card,2019-09-26 04:09:33.583804607,9258.3,ZAR,1
ACC200249,CUST101544,Savings,2017-01-25 03:14:02.254318476,13230.15,ZAR,1
ACC200250,CUST101385,Savings,2016-08-17 03:19:04.228272438,-12121.97,ZAR,1
ACC200251,CUST100566,Savings,2026-04-14 02:42:43.070965767,26481.22,ZAR,1
ACC200252,CUST101283,Fixed Deposit,2019-08-02 14:29:16.734953165,-11075.42,ZAR,1
ACC200253,CUST100977,Savings,2018-12-20 23:19:18.828257322,1045.82,ZAR,1
ACC200254,CUST104457,Credit Card,2022-03-12 10:47:45.619346857,22992.47,ZAR,1
ACC200255,CUST100429,Business,2015-08-31 10:29:58.403879642,-78263.36,ZAR,1
ACC200256,CUST102672,Savings,2022-06-28 18:48:29.917978764,124662.24,ZAR,1
ACC200257,CUST101632,Savings,2025-02-21 10:12:27.024612427,45990.52,ZAR,1
ACC200258,CUST104215,Credit Card,2023-05-22 15:49:43.288679600,37793.32,ZAR,1
ACC200259,CUST102372,Fixed Deposit,2019-11-01 19:50:05.140536547,4126.4,zar,1
ACC200260,CUST102911,Savings,2016-05-06 06:43:17.114160061,28758.87,ZAR,1
ACC200261,CUST101979,Current,2017-10-17 10:57:32.411651134,-23395.28,ZAR,1
ACC200262,CUST104034,Credit Card,2018-01-27 17:55:41.163727760,44609.11,ZAR,0
ACC200263,CUST103339,Current,2019-06-17 05:21:31.707297802,-42351.52,ZAR,1
ACC200264,CUST102756,Current,2016-07-18 01:22:48.973699570,-25755.55,ZAR,1
ACC200265,CUST101982,Current,2021-09-01 00:23:12.780747652,-3397.23,ZAR,1
ACC200266,CUST102249,Fixed Deposit,2019-03-30 11:55:50.777245998,85396.16,ZAR,1
ACC200267,CUST101263,Current,2020-09-30 15:34:00.750164270,-19074.77,ZAR,1
ACC200268,CUST103289,Current,2018-04-21 03:03:07.579251528,38347.28,ZAR,1
ACC200269,CUST101475,Current,2020-04-03 20:12:30.351369619,-57511.94,ZAR,1
ACC200270,CUST101432,Savings,2023-04-03 12:12:56.780562878,25992.35,ZAR,1
ACC200271,CUST102332,Current,2016-01-09 04:27:59.938740730,94407.05,ZAR,1
ACC200272,CUST104593,Savings,2020-11-27 16:45:59.756403446,45010.11,ZAR,0
ACC200273,CUST102197,Current,2022-02-28 12:41:38.116715908,-57923.52,ZAR ,0
ACC200274,CUST104540,Current,2022-09-25 06:28:40.294883966,26740.37,ZAR,0
ACC200275,CUST102633,Credit Card,2025-09-08 09:52:24.842184544,6439.35,ZAR,1
ACC200276,CUST100363,Credit Card,2024-01-18 03:27:48.572575331,74055.06,ZAR,1
ACC200277,CUST102919,Current,2023-07-23 22:44:42.309446573,20993.15,ZAR,1
ACC200278,CUST104583,Current,2025-01-19 15:20:51.722103596,-32605.05,ZAR,1
ACC200279,CUST104410,Savings,2025-08-04 00:16:26.743525028,19546.53,ZAR,0
ACC200280,CUST100909,Savings,2024-09-20 10:43:42.254173278,-2847.47,ZAR,1
ACC200281,CUST101339,Savings,2022-02-10 04:45:45.877108335,-61408.54,ZAR,1
ACC200282,CUST103406,Savings,2024-10-06 07:14:13.659091949,18030.16,ZAR,0
ACC200283,CUST102184,Credit Card,2018-10-12 17:21:16.731921196,25178.3,ZAR,1
ACC200284,CUST104115,Business,2026-01-09 20:41:42.029547215,40253.15,ZAR,1
ACC200285,CUST102602,Current,2017-01-03 17:52:25.748981237,65700.31,ZAR,1
ACC200286,CUST101206,Savings,2017-08-27 13:53:16.028128862,13770.09,ZAR,1
ACC200287,CUST101658,Savings,2016-11-01 13:30:47.375674009,-35050.84,ZAR ,1
ACC200288,CUST100563,Savings,2023-12-31 18:24:47.204920053,-8467.51,ZAR,1
ACC200289,CUST101430,Fixed Deposit,2020-01-12 21:55:34.458853006,24255.34,ZAR,1
ACC200290,CUST103780,Current,2023-07-19 20:50:44.266200541,73608.87,ZAR,1
ACC200291,CUST101110,Fixed Deposit,2020-11-27 13:47:32.213450193,25158.11,ZAR,1
ACC200292,CUST102212,Savings,2019-09-02 20:31:34.124046087,19712.05,ZAR,1
ACC200293,CUST100899,Current,2025-05-19 16:09:59.853116989,15543.78,ZAR,1
ACC200294,CUST102433,Current,2020-01-02 23:18:24.933122158,24672.46,ZAR,1
ACC200295,CUST104828,Savings,2022-02-28 19:56:32.042124510,101417.84,ZAR,1
ACC200296,CUST103809,Current,2024-12-10 20:51:31.252678393,21625.03,ZAR,1
ACC200297,CUST999317,Credit Card,2017-06-18 06:45:18.614267826,,ZAR,1
ACC200298,CUST101268,Savings,2019-08-31 12:32:35.095140934,26530.57,ZAR,1
ACC200299,CUST101536,Savings,2016-09-04 22:47:01.064818859,-2053.76,ZAR,1
ACC200300,CUST100485,Current,2021-04-14 13:43:34.036276579,-37451.66,ZAR,1
ACC200301,CUST104605,Business,2024-02-22 20:56:09.375540018,-44600.12,zar,1
ACC200302,CUST104788,Business,2015-08-21 18:51:58.160314798,-4071.28,ZAR ,1
ACC200303,CUST101694,Savings,2015-09-13 04:47:10.832228661,72249.16,ZAR,1
ACC200304,CUST103498,Credit Card,2023-08-02 05:47:00.627122402,71683.67,ZAR,0
ACC200305,CUST101055,Credit Card,2023-03-21 13:45:17.748987198,-19639.37,ZAR,1
ACC200306,CUST103260,Fixed Deposit,2019-08-29 06:48:09.264652728,18673.61,ZAR,1
ACC200307,CUST100475,Savings,2019-03-06 17:33:43.829601526,30261.19,ZAR,1
ACC200308,CUST101664,Business,2018-04-08 00:00:50.110830545,-3997.18,ZAR,1
ACC200309,CUST101966,Credit Card,2015-09-19 05:58:36.208752871,77347.43,ZAR,1
ACC200310,CUST104978,Current,2020-12-12 07:31:28.597378254,55481.16,ZAR,1
ACC200311,CUST102336,Savings,2022-02-18 23:57:34.762784481,39434.34,ZAR,1
ACC200312,CUST101112,Savings,2025-01-08 11:44:47.385842323,27740.55,ZAR,1
ACC200313,CUST100235,Savings,2021-04-11 01:45:44.909579277,-37520.91,ZAR,1
ACC200314,CUST100890,Fixed Deposit,2016-10-04 18:36:37.920413256,79278.74,ZAR ,1
ACC200315,CUST101211,Credit Card,2018-07-27 14:14:35.525879383,48220.54,ZAR ,1
ACC200316,CUST101591,Fixed Deposit,2024-02-03 15:36:12.372813702,41370.39,ZAR,1
ACC200317,CUST100681,Current,2022-02-27 22:39:39.096029282,-4518.05,ZAR,0
ACC200318,CUST103694,Fixed Deposit,2023-12-06 19:14:06.932641506,-1048.55,ZAR,1
ACC200319,CUST101934,Fixed Deposit,2019-10-16 01:07:19.162585974,44782.16,ZAR,1
ACC200320,CUST101185,Savings,2015-10-13 14:20:58.669655561,69089.58,ZAR,1
ACC200321,CUST102628,Savings,2025-05-01 16:46:30.336282015,93993.67,ZAR,1
ACC200322,CUST101563,Credit Card,2019-01-17 04:29:17.024264812,-4414.62,ZAR,1
ACC200323,CUST103419,Current,2015-12-19 17:08:44.219999790,18644.96,ZAR,1
ACC200324,CUST102648,Savings,2021-10-18 12:51:33.485971451,-58773.29,ZAR,1
ACC200325,CUST104661,Credit Card,2023-08-13 23:00:11.313496113,-73444.96,ZAR,1
ACC200326,CUST103249,Savings,2020-07-14 22:56:05.639184952,45975.53,ZAR,1
ACC200327,CUST101834,Current,2022-02-09 15:15:12.360492229,-9132.13,ZAR,1
ACC200328,CUST100746,Fixed Deposit,2019-11-01 00:02:51.122416496,-53929.11,zar,1
ACC200329,CUST100508,Savings,2024-06-03 20:54:23.818676472,-21518.49,ZAR,1
ACC200330,CUST103273,Savings,2024-01-29 02:51:30.159680843,38713.01,ZAR,1
ACC200331,CUST100164,Current,2023-05-04 11:28:11.781528950,40356.37,ZAR,0
ACC200332,CUST101905,Credit Card,2015-03-26 02:05:15.421577454,-40490.19,ZAR,1
ACC200333,CUST100102,Savings,2020-12-24 04:22:10.815390587,74456.77,ZAR,1
ACC200334,CUST101730,Current,2024-02-05 00:21:06.000519514,-2827.95,ZAR,1
ACC200335,CUST104417,Current,2017-11-01 19:29:12.224358320,35996.39,ZAR,1
ACC200336,CUST100395,Credit Card,2018-01-01 10:06:27.257705212,26505.09,ZAR,1
ACC200337,CUST104872,Current,2025-06-21 23:14:53.097570658,24537.68,ZAR,0
ACC200338,CUST104869,Savings,2024-09-30 10:58:37.032169819,-12477.53,ZAR,1
ACC200339,CUST104318,Savings,2026-06-11 19:21:17.721059799,24027.3,ZAR,1
ACC200340,CUST103465,Savings,2020-10-05 02:14:32.086280823,35774.78,ZAR,1
ACC200341,CUST100892,Savings,2016-06-09 12:26:05.283154964,17027.36,ZAR,1
ACC200342,CUST100499,Savings,2015-02-04 21:53:05.675060987,29036.97,zar,1
ACC200343,CUST104595,Credit Card,2023-03-06 22:38:20.219124556,69072.67,ZAR,1
ACC200344,CUST101831,Credit Card,2024-06-16 12:35:47.871214151,6149.77,zar,1
ACC200345,CUST102248,Savings,2019-12-17 15:37:45.502958774,51134.32,ZAR,0
ACC200346,CUST100400,Fixed Deposit,2019-12-07 02:54:23.122955322,16583.55,ZAR,1
ACC200347,CUST100299,Current,2024-09-24 08:16:32.007176399,81981.7,ZAR,1
ACC200348,CUST102707,Credit Card,2017-02-25 23:37:27.190310001,-31239.12,ZAR,1
ACC200349,CUST102027,Fixed Deposit,2015-09-26 08:35:00.654906988,77152.16,ZAR,1
ACC200350,CUST103500,Savings,2026-03-08 21:19:41.343971968,3734.19,ZAR,0
ACC200351,CUST104170,Current,2021-04-13 07:59:49.511052370,109471.44,ZAR,1
ACC200352,CUST100282,Savings,2023-12-12 03:35:26.312186241,42411.14,zar,1
ACC200353,CUST104851,Fixed Deposit,2026-01-21 13:30:36.733943701,59009.94,ZAR ,1
ACC200354,CUST104610,Savings,2024-05-21 01:50:13.178496838,18563.29,zar,1
ACC200355,CUST102866,Current,2020-05-31 23:38:40.084133625,52228.72,ZAR,0
ACC200356,CUST101870,Savings,2022-07-04 13:03:08.847634792,52212.43,ZAR,1
ACC200357,CUST100833,Savings,2022-04-28 09:35:18.633805037,19303.41,ZAR ,1
ACC200358,CUST101173,Savings,2025-09-19 23:46:00.544102192,55571.85,ZAR,1
ACC200359,CUST103505,Credit Card,2016-08-19 18:17:42.684176207,-109435.05,ZAR,1
ACC200360,CUST999969,Savings,2023-01-21 20:49:59.544454098,-765.66,ZAR,1
ACC200361,CUST104827,Savings,2024-12-28 17:44:45.541064739,25856.08,ZAR,1
ACC200362,CUST100728,Savings,2019-02-27 22:02:12.728057146,45075.72,ZAR,1
ACC200363,CUST103773,Savings,2023-03-16 02:21:07.994404316,63880.57,ZAR,1
ACC200364,CUST104248,Savings,2017-11-22 20:23:19.787078857,14892.14,ZAR,0
ACC200365,CUST101478,Current,2016-01-08 09:04:38.351103544,9382.1,ZAR,1
ACC200366,CUST102400,Current,2015-04-18 11:10:33.468462706,59860.92,ZAR,1
ACC200367,CUST102884,Business,2021-02-19 14:21:51.685854197,71061.89,zar,1
ACC200368,CUST103992,Current,2015-08-07 13:20:04.722736359,54594.5,ZAR,1
ACC200369,CUST100255,Savings,2021-11-10 23:13:46.879685879,18878.41,ZAR,1
ACC200370,CUST101135,Credit Card,2019-05-08 11:14:54.461964369,126942.72,ZAR,1
ACC200371,CUST100749,Savings,2015-01-30 01:16:49.327720165,28174.14,ZAR ,1
ACC200372,CUST101589,Credit Card,2017-08-15 23:54:30.528389931,33657.29,ZAR,1
ACC200373,CUST103364,Current,2023-07-21 11:08:01.499357462,90317.6,ZAR,1
ACC200374,CUST102063,Savings,2019-05-22 07:22:08.356059313,86122.16,ZAR ,1
ACC200375,CUST102460,Business,2023-05-28 02:21:14.757259369,53300.49,ZAR ,1
ACC200376,CUST102272,Current,2024-06-09 08:04:08.018295288,-11066.89,ZAR,1
ACC200377,CUST100026,Fixed Deposit,2024-03-25 01:43:05.379597664,29506.44,ZAR,1
ACC200378,CUST100488,Current,2022-10-07 15:45:39.940716743,45697.58,ZAR,1
ACC200379,CUST101135,Current,2023-08-25 01:42:47.897960186,103082.58,ZAR,1
ACC200380,CUST100225,Savings,2021-08-07 05:38:34.881139040,142990.15,ZAR,1
ACC200381,CUST104111,Savings,2020-05-19 22:25:55.548277855,,ZAR,1
ACC200382,CUST104979,Credit Card,2015-09-19 00:50:01.082107782,59106.48,ZAR,0
ACC200383,CUST102423,Savings,2026-04-17 16:40:12.871759415,-7599.53,ZAR,1
ACC200384,CUST103332,Current,2024-09-24 05:32:46.954999447,20005.3,ZAR,1
ACC200385,CUST100281,Savings,2022-10-13 05:52:17.434001684,-9700.0,ZAR,1
ACC200386,CUST100273,Current,2022-06-17 12:29:40.623935699,91769.36,ZAR,1
ACC200387,CUST103024,Savings,2021-09-05 21:40:12.300436974,34513.32,ZAR,1
ACC200388,CUST103862,Savings,2016-02-04 09:31:36.998450518,36737.68,ZAR,1
ACC200389,CUST104646,Current,2018-09-13 01:53:47.203311205,26970.35,ZAR,1
ACC200390,CUST101805,Credit Card,2018-12-07 14:01:45.311927557,40051.94,ZAR,1
ACC200391,CUST102092,Fixed Deposit,2024-03-11 08:43:59.534748793,41418.74,ZAR,1
ACC200392,CUST103982,Savings,2022-01-02 23:28:02.447088718,-2407.89,ZAR,1
ACC200393,CUST100703,Current,2019-08-12 03:51:58.209826469,-42512.55,ZAR,0
ACC200394,CUST104749,Savings,2018-10-19 19:33:45.698781252,-28096.77,ZAR,1
ACC200395,CUST101488,Current,2024-11-20 21:33:56.418762684,-39428.12,zar,1
ACC200396,CUST100132,Savings,2024-02-06 05:40:37.298301220,32796.48,ZAR,1
ACC200397,CUST103951,Savings,2024-06-01 09:45:36.367022991,-7659.13,ZAR,1
ACC200398,CUST104821,Current,2019-07-31 14:02:52.249517441,,ZAR,1
ACC200399,CUST102408,Savings,2020-07-20 04:36:38.929848194,34626.51,ZAR,1
ACC200400,CUST100828,Savings,2021-08-21 23:08:18.626734018,-48416.84,ZAR,1
ACC200401,CUST100757,Fixed Deposit,2017-03-22 09:00:18.318862915,8580.71,ZAR,1
ACC200402,CUST101486,Fixed Deposit,2019-03-13 10:41:05.153856277,-59913.89,ZAR,1
ACC200403,CUST102668,Current,2020-09-08 11:05:20.842170715,-20768.16,ZAR,1
ACC200404,CUST103134,Savings,2022-10-06 16:29:41.398455381,5389.25,ZAR,1
ACC200405,CUST103491,Savings,2020-03-16 09:13:12.522078514,-12814.61,ZAR,1
ACC200406,CUST103579,Savings,2016-10-15 23:26:16.374769449,100396.66,ZAR,1
ACC200407,CUST101204,Credit Card,2019-12-04 04:51:46.497103691,54951.82,ZAR,1
ACC200408,CUST100851,Credit Card,2021-02-25 16:36:44.671439886,11887.1,ZAR,1
ACC200409,CUST104756,Savings,2022-07-15 18:36:13.358837366,82075.35,zar,1
ACC200410,CUST100684,Current,2024-11-20 14:23:16.421055555,-13978.69,ZAR,1
ACC200411,CUST102548,Savings,2017-09-10 11:07:25.816339731,11712.75,ZAR,1
ACC200412,CUST101432,Credit Card,2021-06-25 15:36:00.979528189,59156.2,ZAR,1
ACC200413,CUST103656,Savings,2019-11-01 11:52:00.219207764,-19625.02,ZAR,1
ACC200414,CUST101627,Credit Card,2022-12-15 19:08:19.068743229,52401.39,ZAR ,1
ACC200415,CUST100502,Credit Card,2025-02-15 03:46:52.565463781,36711.34,ZAR ,1
ACC200416,CUST101591,Savings,2020-07-11 02:25:01.791093826,48523.06,ZAR,1
ACC200417,CUST100502,Fixed Deposit,2024-10-10 20:30:38.177401781,96896.17,ZAR,1
ACC200418,CUST100856,Credit Card,2015-01-09 13:12:54.168026209,43221.42,ZAR,1
ACC200419,CUST102364,Current,2025-07-25 16:59:56.151984692,30041.61,ZAR,1
ACC200420,CUST104854,Savings,2024-02-18 07:27:01.181512356,-34894.21,ZAR,1
ACC200421,CUST101016,Savings,2016-07-20 03:12:22.386619806,33411.41,ZAR ,1
ACC200422,CUST103990,Savings,2022-10-27 12:42:55.292043924,5802.2,ZAR,1
ACC200423,CUST102602,Current,2020-12-15 04:42:41.362713814,20074.88,ZAR,1
ACC200424,CUST104900,Savings,2026-03-30 01:36:38.235873222,6062.68,ZAR,1
ACC200425,CUST102602,Credit Card,2018-07-11 09:22:53.773448944,44660.51,ZAR,0
ACC200426,CUST100518,Current,2022-01-20 02:23:18.718106270,-14624.72,zar,1
ACC200427,CUST102051,Current,2021-01-20 16:36:32.938879490,33482.03,zar,1
ACC200428,CUST100377,Fixed Deposit,2017-07-24 08:54:42.882027388,-16662.95,ZAR,1
ACC200429,CUST101109,Current,2024-06-03 19:52:44.517954826,-46949.46,ZAR,1
ACC200430,CUST102679,Savings,2023-08-09 23:37:47.837111712,11330.63,ZAR ,1
ACC200431,CUST104500,Business,2021-04-20 16:27:54.943375826,43555.71,ZAR ,1
ACC200432,CUST103072,Current,2025-12-07 07:50:57.237916946,-6079.81,ZAR,1
ACC200433,CUST101823,Current,2025-09-24 18:58:15.759346962,30463.63,ZAR,1
ACC200434,CUST103175,Savings,2024-06-22 02:22:34.407483101,10480.79,ZAR,1
ACC200435,CUST101221,Current,2016-10-06 13:44:14.148795843,-16416.87,ZAR,1
ACC200436,CUST100466,Credit Card,2025-05-10 06:29:40.268905401,47291.85,ZAR,1
ACC200437,CUST103668,Current,2018-07-17 13:55:01.392013311,-1053.03,ZAR,1
ACC200438,CUST104218,Savings,2021-08-08 10:19:00.549468517,39984.89,ZAR,1
ACC200439,CUST103061,Fixed Deposit,2026-04-16 04:12:42.324667454,-33407.46,ZAR,1
ACC200440,CUST102448,Current,2017-09-03 22:59:58.196870804,30472.41,ZAR,1
ACC200441,CUST102289,Credit Card,2017-04-24 22:54:00.282713890,49954.39,ZAR,1
ACC200442,CUST101840,Savings,2024-11-12 16:15:27.552608728,39070.9,ZAR,1
ACC200443,CUST104849,Current,2015-02-25 05:42:58.011379004,60701.64,ZAR,1
ACC200444,CUST102522,Fixed Deposit,2017-01-06 23:59:13.838263273,50819.76,ZAR,1
ACC200445,CUST104359,Current,2018-10-16 14:16:47.316996574,36968.66,ZAR,1
ACC200446,CUST999665,Savings,2023-07-20 22:32:16.663265228,58840.45,ZAR,1
ACC200447,CUST101762,Credit Card,2020-07-25 08:47:21.954639196,10049.69,ZAR,1
ACC200448,CUST101075,Savings,2019-07-22 18:42:58.846558332,45851.13,ZAR,1
ACC200449,CUST100582,Savings,2025-08-22 06:55:04.730147362,25871.21,ZAR,1
ACC200450,CUST104992,Savings,2023-10-03 12:02:37.097293377,99024.59,ZAR ,1
ACC200451,CUST100260,Savings,2022-04-30 20:59:08.304879904,35939.81,ZAR ,1
ACC200452,CUST102762,Savings,2018-12-09 08:07:02.884642363,-26418.41,ZAR,1
ACC200453,CUST101087,Current,2024-12-12 01:53:46.165754795,35121.33,ZAR,1
ACC200454,CUST100392,Credit Card,2017-12-06 13:41:28.092325687,-13048.71,ZAR,1
ACC200455,CUST104912,Savings,2025-12-15 05:39:05.196693420,54139.57,zar,1
ACC200456,CUST101464,Current,2018-01-06 18:47:01.631143808,54859.84,ZAR,1
ACC200457,CUST101757,Current,2024-06-30 23:04:10.772136688,637.18,ZAR,1
ACC200458,CUST100923,Business,2025-08-03 02:44:59.476145983,-16513.32,ZAR,1
ACC200459,CUST103431,Credit Card,2017-08-16 03:25:56.916577578,30310.61,zar,1
ACC200460,CUST104623,Fixed Deposit,2017-08-28 11:50:24.974983692,-11158.51,ZAR,1
ACC200461,CUST101696,Credit Card,2015-11-29 11:19:16.408716202,-8538.08,ZAR,1
ACC200462,CUST104031,Current,2018-12-14 20:01:12.754362106,4757.49,ZAR,1
ACC200463,CUST102045,Savings,2020-10-17 02:10:38.163012505,49972.44,ZAR,1
ACC200464,CUST102734,Fixed Deposit,2015-12-30 14:29:10.598580599,-34357.47,ZAR,1
ACC200465,CUST104001,Credit Card,2016-09-10 23:28:30.509288073,-5179.36,ZAR,1
ACC200466,CUST104758,Savings,2019-11-21 17:19:19.380196095,120949.49,ZAR,1
ACC200467,CUST103044,Savings,2017-01-31 23:34:08.129130363,103152.16,ZAR,1
ACC200468,CUST101864,Current,2023-12-16 20:58:16.308016777,73391.95,ZAR,1
ACC200469,CUST102344,Savings,2018-09-25 23:20:11.669112682,26751.62,ZAR,1
ACC200470,CUST104324,Business,2015-07-16 00:23:13.944963694,55079.77,ZAR,1
ACC200471,CUST101766,Savings,2016-10-15 15:11:26.331226826,9611.4,ZAR,1
ACC200472,CUST102337,Savings,2018-07-23 15:02:19.637433767,-83190.19,ZAR,1
ACC200473,CUST103876,Savings,2016-09-08 16:44:08.480690241,2191.49,ZAR,0
ACC200474,CUST104243,Current,2017-06-30 18:45:31.788415194,6040.8,ZAR,1
ACC200475,CUST102233,Credit Card,2017-05-23 21:30:57.093734264,26129.13,ZAR,1
ACC200476,CUST104503,Current,2019-11-07 00:50:30.222654819,44318.92,ZAR ,1
ACC200477,CUST104311,Savings,2021-01-25 20:29:29.625855207,91037.08,ZAR,1
ACC200478,CUST102314,Fixed Deposit,2022-03-18 11:38:53.732202768,26271.2,ZAR,1
ACC200479,CUST101386,Savings,2025-07-13 16:38:07.568249226,-15140.85,ZAR,1
ACC200480,CUST100890,Savings,2022-12-20 12:54:00.915559053,17162.9,ZAR,0
ACC200481,CUST100603,Savings,2017-04-20 00:35:02.380333900,50764.23,ZAR,1
ACC200482,CUST100961,Current,2020-03-15 01:48:45.202811718,20511.32,ZAR,1
ACC200483,CUST100343,Current,2023-06-13 19:51:50.677331924,-7140.78,ZAR,1
ACC200484,CUST101444,Current,2021-06-06 04:48:24.647236824,45982.94,ZAR,1
ACC200485,CUST104957,Savings,2016-12-17 08:48:41.333261251,-20711.92,ZAR,1
ACC200486,CUST101114,Fixed Deposit,2024-02-14 03:22:14.623782158,-10142.89,ZAR,1
ACC200487,CUST101923,Savings,2017-04-11 19:33:31.841332912,41643.7,ZAR ,1
ACC200488,CUST101941,Savings,2018-12-27 10:29:52.101379395,-6408.47,ZAR,1
ACC200489,CUST102598,Current,2023-07-01 09:14:53.928131104,10897.99,ZAR,0
ACC200490,CUST102533,Current,2026-03-24 08:57:11.918937683,25636.24,ZAR ,1
ACC200491,CUST102905,Business,2025-04-24 06:56:11.484639645,23323.23,ZAR,1
ACC200492,CUST100435,Current,2026-03-26 07:34:26.847743034,-13707.16,ZAR,1
ACC200493,CUST101605,Savings,2019-08-06 05:35:11.809984207,38155.24,ZAR,1
ACC200494,CUST104548,Business,2020-01-18 15:16:12.059843063,-11702.21,ZAR,1
ACC200495,CUST104880,Current,2016-11-19 22:38:03.647608995,91025.85,ZAR,1
ACC200496,CUST100012,Current,2020-06-22 04:19:38.031370877,8944.16,ZAR,1
ACC200497,CUST103151,Savings,2024-01-15 05:28:22.480151653,49315.77,ZAR,1
ACC200498,CUST100691,Savings,2015-10-19 13:11:51.281243801,54325.79,ZAR,1
ACC200499,CUST102678,Business,2018-09-11 10:14:43.308007717,10805.07,ZAR,0
ACC200500,CUST100042,Business,2025-09-20 03:43:58.276032448,-13683.3,ZAR,1
ACC200501,CUST103780,Business,2017-02-11 05:19:36.500975609,54186.42,ZAR,1
ACC200502,CUST104932,Credit Card,2018-06-10 20:09:24.554617405,-31903.89,ZAR,1
ACC200503,CUST100615,Current,2025-10-30 07:12:28.635143042,-25791.46,ZAR,1
ACC200504,CUST102053,Current,2018-12-29 11:45:30.294269085,49279.29,zar,1
ACC200505,CUST100970,Savings,2024-08-15 18:18:23.271198273,16968.72,ZAR,1
ACC200506,CUST100980,Credit Card,2018-04-29 10:15:54.619702339,-3275.67,ZAR,1
ACC200507,CUST103964,Credit Card,2017-12-23 03:49:24.565927029,-664226.1987335058,ZAR,1
ACC200508,CUST100593,Credit Card,2017-03-02 09:25:48.306796551,-6819.8,ZAR,1
ACC200509,CUST100620,Savings,2015-09-23 01:58:31.200346231,112245.77,ZAR,1
ACC200510,CUST101852,Savings,2019-10-23 23:20:24.159515381,65735.64,ZAR,1
ACC200511,CUST101544,Credit Card,2023-04-06 17:59:16.740997791,-7972.58,ZAR,1
ACC200512,CUST104879,Business,2020-11-07 14:30:56.053812742,12494.05,zar,1
ACC200513,CUST101972,Current,2019-09-20 00:17:15.572129965,48872.64,ZAR,1
ACC200514,CUST102743,Savings,2017-05-14 18:23:43.371139050,-14032.21,zar,1
ACC200515,CUST100515,Fixed Deposit,2022-12-01 05:39:13.847385883,2651.03,ZAR,1
ACC200516,CUST101771,Current,2017-12-05 13:57:45.008275986,13075.28,ZAR,1
ACC200517,CUST101030,Current,2015-05-16 16:42:20.072230816,-10255.3,ZAR ,0
ACC200518,CUST101822,Fixed Deposit,2026-03-04 00:07:27.734795332,68856.19,ZAR,1
ACC200519,CUST101518,Current,2025-11-30 17:37:41.766287327,-3574.39,ZAR,1
ACC200520,CUST100586,Current,2017-06-26 03:53:37.582004786,20342.57,ZAR,1
ACC200521,CUST102773,Credit Card,2017-10-06 05:30:21.306544781,29667.18,ZAR,1
ACC200522,CUST102585,Current,2021-09-19 20:03:56.835687160,88445.79,ZAR,1
ACC200523,CUST102593,Savings,2019-12-13 23:19:56.787067890,21548.06,zar,1
ACC200524,CUST102120,Savings,2025-04-13 08:20:08.873672962,110478.19,ZAR,1
ACC200525,CUST102624,Credit Card,2019-12-11 19:49:37.197072029,10492.26,ZAR,1
ACC200526,CUST103644,Savings,2016-07-28 13:26:56.137732983,16168.53,ZAR,1
ACC200527,CUST101307,Fixed Deposit,2021-05-01 08:26:58.279296398,62478.69,ZAR,1
ACC200528,CUST100959,Current,2016-04-24 01:16:19.359368086,101803.08,ZAR,1
ACC200529,CUST103388,Current,2020-03-06 16:45:42.979300976,14419.93,ZAR,1
ACC200530,CUST100686,Savings,2021-09-07 21:22:24.838861942,74446.32,ZAR,1
ACC200531,CUST101757,Current,2025-12-12 19:02:55.745846033,58896.74,ZAR,1
ACC200532,CUST102907,Savings,2018-05-25 21:33:21.495578527,-5431.1,ZAR,1
ACC200533,CUST102922,Credit Card,2022-07-10 01:36:35.354116440,24276.1,ZAR,1
ACC200534,CUST103710,Savings,2015-01-01 18:08:05.286669254,23372.84,ZAR,1
ACC200535,CUST102358,Current,2025-02-03 05:05:08.129825591,,ZAR,1
ACC200536,CUST102487,Fixed Deposit,2018-09-03 07:38:04.494109631,31567.23,ZAR,1
ACC200537,CUST100221,Current,2017-10-15 16:17:53.015005350,28200.48,ZAR,1
ACC200538,CUST103950,Credit Card,2016-03-09 13:51:32.583961964,39989.26,ZAR,1
ACC200539,CUST101184,Credit Card,2024-02-04 14:28:24.797966957,27793.51,ZAR,1
ACC200540,CUST104205,Current,2015-08-28 07:04:59.994525433,-1690.68,ZAR,1
ACC200541,CUST103222,Savings,2022-02-26 14:34:49.442182779,122846.48,ZAR,1
ACC200542,CUST104583,Savings,2018-08-27 16:48:44.098755836,33678.32,ZAR,1
ACC200543,CUST104375,Savings,2023-03-28 03:00:12.213060617,76996.02,ZAR,0
ACC200544,CUST101890,Savings,2026-03-09 08:28:53.880022049,42522.77,ZAR,1
ACC200545,CUST101969,Current,2018-03-08 16:24:12.869316578,85279.35,ZAR,0
ACC200546,CUST104521,Fixed Deposit,2022-03-06 09:25:25.446111679,-6041.02,ZAR,1
ACC200547,CUST104416,Current,2019-04-17 08:50:09.811848402,21443.5,ZAR,1
ACC200548,CUST103545,Savings,2020-11-24 21:36:14.250869989,7077.23,ZAR,1
ACC200549,CUST104617,Credit Card,2015-12-19 07:48:27.414459229,,ZAR,1
ACC200550,CUST103124,Current,2017-05-14 10:51:23.487180710,35700.57,ZAR,1
ACC200551,CUST100123,Savings,2024-03-13 14:49:06.284714937,15151.38,ZAR,1
ACC200552,CUST102768,Savings,2018-12-30 02:01:55.279016495,-32086.21,ZAR,1
ACC200553,CUST101850,Credit Card,2015-01-05 06:28:04.264293909,12890.97,ZAR,1
ACC200554,CUST100098,Current,2018-09-19 04:46:48.341143131,9560.04,ZAR,1
ACC200555,CUST102779,Current,2022-10-03 18:06:34.750247478,60229.49,ZAR,1
ACC200556,CUST102801,Credit Card,2026-04-02 19:39:21.483495474,-32877.01,ZAR,1
ACC200557,CUST103659,Current,2024-11-21 22:04:26.098712683,4484.09,ZAR,1
ACC200558,CUST103894,Savings,2023-10-07 13:00:11.014041185,-5015.68,ZAR,1
ACC200559,CUST101612,Current,2025-10-06 00:10:53.255884171,54798.33,zar,1
ACC200560,CUST104941,Savings,2022-08-21 09:14:56.309788227,3181.8,ZAR,1
ACC200561,CUST102208,Savings,2021-01-05 02:48:14.620182991,66842.44,ZAR,1
ACC200562,CUST102165,Current,2021-04-01 11:32:05.986800909,23116.74,ZAR,1
ACC200563,CUST100903,Savings,2025-12-08 02:48:26.077747822,44590.96,ZAR,1
ACC200564,CUST104950,Credit Card,2015-01-10 00:51:50.255774259,69228.09,ZAR,1
ACC200565,CUST101970,Savings,2020-12-21 06:03:55.861593962,-23085.51,ZAR,1
ACC200566,CUST100855,Savings,2023-11-28 04:50:52.398072243,15112.91,ZAR,1
ACC200567,CUST104232,Current,2015-06-11 04:50:54.953435183,41843.94,ZAR,1
ACC200568,CUST104790,Current,2024-07-14 01:14:54.374417305,32915.29,ZAR,1
ACC200569,CUST101070,Savings,2024-10-10 00:13:23.189047575,-26879.84,ZAR,1
ACC200570,CUST102948,Credit Card,2021-01-23 19:03:00.057907581,52860.6,ZAR,1
ACC200571,CUST104525,Current,2024-08-06 17:49:38.346055746,26908.93,ZAR,1
ACC200572,CUST103312,Savings,2016-08-26 08:16:43.316936731,30129.11,ZAR,1
ACC200573,CUST102183,Savings,2025-12-03 03:52:04.772195101,16145.84,ZAR,1
ACC200574,CUST102868,Fixed Deposit,2015-07-26 14:40:16.416025162,-102271.66,ZAR,1
ACC200575,CUST100508,Current,2015-06-07 13:45:48.357661963,46818.31,ZAR,1
ACC200576,CUST104914,Savings,2021-01-25 14:40:02.655313253,48520.93,ZAR,1
ACC200577,CUST102565,Savings,2023-07-08 01:52:15.484987736,8142.55,ZAR,1
ACC200578,CUST100221,Current,2023-02-09 05:37:58.844440937,-34380.83,ZAR,1
ACC200579,CUST101689,Savings,2021-05-16 09:28:36.061979771,3583.43,ZAR,1
ACC200580,CUST102052,Savings,2024-01-28 17:09:13.162194729,64799.78,ZAR,1
ACC200581,CUST104972,Credit Card,2022-01-14 15:25:05.422155857,8686.13,ZAR,0
ACC200582,CUST104376,Fixed Deposit,2024-11-05 08:21:50.811938763,25900.8,ZAR,1
ACC200583,CUST101519,Savings,2016-05-04 19:02:24.093198299,11657.37,ZAR,1
ACC200584,CUST100835,Savings,2026-05-14 10:13:14.163564205,37615.33,ZAR,1
ACC200585,CUST100213,Savings,2025-03-14 11:18:54.621999741,-27673.85,ZAR,1
ACC200586,CUST102847,Fixed Deposit,2025-05-14 23:55:58.280915022,16909.96,ZAR,1
ACC200587,CUST102227,Current,2019-03-19 01:30:26.113484621,68851.12,ZAR,1
ACC200588,CUST102617,Savings,2025-12-19 05:48:03.858901501,-11682.83,ZAR,1
ACC200589,CUST101363,Current,2016-08-21 13:18:34.365435839,14007.71,ZAR,1
ACC200590,CUST104037,Current,2015-11-26 11:13:21.044107676,67117.12,ZAR,1
ACC200591,CUST102582,Savings,2019-08-14 13:44:00.075005770,54868.06,ZAR,1
ACC200592,CUST104591,Business,2025-10-21 22:38:41.514795303,43095.51,ZAR,1
ACC200593,CUST101198,Savings,2026-03-18 01:45:07.515171289,40554.08,ZAR ,1
ACC200594,CUST101294,Current,2020-09-18 14:52:11.710006952,39920.8,ZAR,1
ACC200595,CUST102930,Current,2023-09-16 14:59:19.502418041,15781.33,ZAR,1
ACC200596,CUST103465,Current,2021-03-26 17:54:09.356321335,69084.95,ZAR,1
ACC200597,CUST101475,Savings,2016-04-24 21:59:56.880036831,6258.87,ZAR,1
ACC200598,CUST102738,Current,2022-07-25 18:25:31.337436914,-14771.55,ZAR,1
ACC200599,CUST102554,Credit Card,2016-09-13 05:50:56.834959745,-30356.47,ZAR,1
ACC200600,CUST103313,Credit Card,2022-08-07 17:39:54.474525213,334.57,ZAR,1
ACC200601,CUST103181,Savings,2017-10-14 01:43:32.917726278,-175.04,ZAR,0
ACC200602,CUST101001,Savings,2018-01-18 21:15:30.313922644,-3455.55,ZAR,1
ACC200603,CUST100568,Fixed Deposit,2022-10-25 22:43:09.715790272,-22024.39,ZAR,1
ACC200604,CUST101363,Current,2020-05-20 16:44:23.725686312,39961.05,ZAR,1
ACC200605,CUST100631,Current,2024-08-12 21:42:40.631385565,-12859.3,ZAR,1
ACC200606,CUST102749,Credit Card,2022-11-17 13:31:43.959858418,46938.2,ZAR,1
ACC200607,CUST102560,Savings,2018-06-01 20:22:26.921045780,53840.19,ZAR,1
ACC200608,CUST100014,Business,2024-01-01 04:52:43.518090010,127920.05,zar,1
ACC200609,CUST104123,Current,2015-10-01 14:02:32.965562820,6815.97,ZAR,1
ACC200610,CUST103582,Fixed Deposit,2023-07-06 07:47:06.091279984,18612.93,ZAR,1
ACC200611,CUST102332,Current,2019-06-19 04:52:25.870022297,-4853.23,ZAR,1
ACC200612,CUST100807,Credit Card,2018-07-01 22:20:06.008303164,-21862.2,ZAR,1
ACC200613,CUST100804,Savings,2021-01-19 20:34:29.097989559,8190.06,ZAR,1
ACC200614,CUST104656,Savings,2025-07-04 02:44:31.166221142,-6040.17,ZAR,1
ACC200615,CUST101180,Savings,2017-12-22 01:15:07.204688072,-22361.28,ZAR,1
ACC200616,CUST104303,Fixed Deposit,2026-07-29 09:41:50.141730785,34466.82,ZAR,1
ACC200617,CUST103317,Current,2021-10-26 22:54:41.479125500,-17880.86,ZAR,1
ACC200618,CUST103116,Current,2017-12-02 10:25:01.691457033,47635.35,ZAR,1
ACC200619,CUST104179,Savings,2023-01-02 08:51:55.689361572,59233.26,ZAR,1
ACC200620,CUST104455,Current,2023-07-08 16:57:52.408247232,-9588.9,zar,1
ACC200621,CUST101352,Current,2021-02-26 07:42:45.824167013,80940.55,ZAR,1
ACC200622,CUST104936,Current,2016-07-06 09:02:19.534434319,41047.55,ZAR,1
ACC200623,CUST100640,Credit Card,2024-06-09 21:40:25.062864779,22084.65,ZAR,1
ACC200624,CUST103874,Savings,2024-05-20 07:45:43.182323933,-46145.49,ZAR,1
ACC200625,CUST101930,Current,2023-11-11 22:10:17.091061831,-43527.58,ZAR,1
ACC200626,CUST103133,Savings,2023-10-02 15:21:30.880515337,87906.59,ZAR,1
ACC200627,CUST104175,Savings,2019-06-02 00:12:28.532860518,77785.55,ZAR,1
ACC200628,CUST102246,Savings,2020-09-15 05:48:51.966780663,88985.06,ZAR,1
ACC200629,CUST100407,Credit Card,2022-08-29 23:30:11.619644642,99291.35,ZAR,1
ACC200630,CUST104067,Savings,2016-12-01 21:24:56.490457773,79988.41,ZAR,1
ACC200631,CUST100657,Savings,2021-12-30 21:00:22.724374771,34535.22,ZAR,1
ACC200632,CUST103522,Current,2016-04-11 03:19:51.434445381,47392.3,ZAR,1
ACC200633,CUST102200,Current,2024-10-26 07:22:35.506149292,-2373.1,ZAR ,1
ACC200634,CUST102363,Credit Card,2016-05-21 20:50:27.248497963,34543.94,ZAR,1
ACC200635,CUST101311,Credit Card,2023-12-12 07:32:29.561541557,54824.32,ZAR,1
ACC200636,CUST102500,Current,2017-07-28 01:20:44.735447407,55593.14,zar,0
ACC200637,CUST100935,Savings,2025-10-01 23:45:24.631106138,19981.97,ZAR,1
ACC200638,CUST101144,Savings,2022-08-15 04:23:00.164006710,-56184.73,ZAR,1
ACC200639,CUST102366,Savings,2019-12-29 17:47:06.580841541,-35529.84,ZAR,1
ACC200640,CUST103942,Current,2015-07-04 13:50:11.492099047,44040.1,ZAR,1
ACC200641,CUST102568,Savings,2022-01-12 07:59:57.490936995,4785.52,ZAR,1
ACC200642,CUST104391,Credit Card,2019-05-19 02:18:37.961946487,51608.75,ZAR,1
ACC200643,CUST101371,Business,2024-03-30 19:02:47.740919113,-23689.2,ZAR,1
ACC200644,CUST100082,Credit Card,2024-03-07 04:56:08.512494564,79463.44,ZAR,1
ACC200645,CUST101540,Current,2022-12-16 03:36:18.630950451,-12504.83,ZAR,1
ACC200646,CUST100559,Credit Card,2018-02-06 21:18:40.879303932,84060.8,ZAR ,1
ACC200647,CUST102615,Savings,2017-01-01 14:33:39.822389364,-37060.12,ZAR,1
ACC200648,CUST104956,Business,2020-10-03 13:27:05.070030212,49133.75,ZAR,1
ACC200649,CUST102443,Savings,2020-03-28 10:50:24.930097342,-12258.84,ZAR,1
ACC200650,CUST100890,Current,2022-10-17 13:21:43.066055536,24645.35,ZAR,1
ACC200651,CUST102918,Savings,2021-03-03 19:17:47.183916807,68053.62,ZAR,1
ACC200652,CUST103682,Current,2020-09-24 13:34:43.504159688,61070.77,ZAR,1
ACC200653,CUST104352,Savings,2020-07-26 18:17:44.074493647,-7924.0,ZAR,1
ACC200654,CUST102404,Savings,2020-11-02 22:56:14.538413286,497.3,ZAR,1
ACC200655,CUST102121,Current,2025-02-06 05:54:03.040227652,-37910.91,ZAR,1
ACC200656,CUST102606,Savings,2016-12-23 18:38:15.515688657,-46679.39,ZAR,1
ACC200657,CUST101069,Savings,2015-03-21 08:45:53.783665895,-8354.35,ZAR ,1
ACC200658,CUST100541,Fixed Deposit,2017-07-27 10:22:00.492384434,-9189.08,ZAR,1
ACC200659,CUST103858,Savings,2018-08-05 12:03:58.608825207,-35251.83,ZAR,0
ACC200660,CUST100689,Current,2022-02-03 12:40:33.115360260,16788.05,ZAR,1
ACC200661,CUST103445,Savings,2024-10-04 07:58:13.601174593,23703.66,ZAR,1
ACC200662,CUST102889,Credit Card,2023-04-05 05:25:41.996266365,24468.67,ZAR,1
ACC200663,CUST102357,Business,2026-07-24 18:50:28.977503300,-6959.07,ZAR,1
ACC200664,CUST101888,Current,2015-01-03 23:57:39.251474857,1837.28,ZAR,1
ACC200665,CUST104919,Business,2017-03-15 04:57:36.521805763,12327.54,ZAR ,1
ACC200666,CUST103987,Current,2016-01-04 09:48:22.387227774,57681.94,ZAR,1
ACC200667,CUST100818,Current,2022-09-07 23:42:39.300356627,-2071.19,ZAR,1
ACC200668,CUST104859,Savings,2019-12-12 01:34:58.545680285,-42148.1,ZAR,1
ACC200669,CUST100648,Business,2018-08-09 19:00:14.113990068,12153.41,ZAR,1
ACC200670,CUST104061,Fixed Deposit,2018-08-15 12:52:16.170006990,7552.17,ZAR,1
ACC200671,CUST102133,Savings,2025-05-05 07:01:38.675714016,-39602.64,ZAR,1
ACC200672,CUST102029,Savings,2015-11-16 09:38:24.969808340,9028.51,ZAR,1
ACC200673,CUST102521,Savings,2018-08-18 16:26:28.701678753,-10396.38,ZAR ,1
ACC200674,CUST102410,Savings,2020-10-15 12:51:24.078547955,21884.02,ZAR,0
ACC200675,CUST100630,Savings,2019-10-08 00:12:40.850931168,41792.19,ZAR,1
ACC200676,CUST100783,Business,2022-12-18 05:28:43.542217016,3537.32,ZAR ,1
ACC200677,CUST103678,Fixed Deposit,2022-01-13 16:11:44.127326250,45442.46,ZAR,1
ACC200678,CUST103478,Current,2024-04-08 23:52:59.468624592,12755.94,ZAR,1
ACC200679,CUST101964,Savings,2024-10-10 19:40:02.453858376,14419.13,ZAR,1
ACC200680,CUST102236,Current,2019-08-19 17:51:47.752423525,12634.31,ZAR,1
ACC200681,CUST101916,Fixed Deposit,2025-01-11 11:36:15.359216213,17242.83,ZAR,1
ACC200682,CUST104286,Credit Card,2022-04-28 01:37:33.123073578,-30060.06,ZAR,1
ACC200683,CUST100346,Fixed Deposit,2024-12-18 09:22:12.552516222,-48162.19,ZAR,1
ACC200684,CUST103260,Credit Card,2020-05-22 12:35:12.387255192,,ZAR,1
ACC200685,CUST101540,Current,2015-04-19 03:34:58.207383871,33462.41,ZAR,1
ACC200686,CUST100852,Savings,2022-08-15 05:28:38.290385485,3294.91,ZAR,1
ACC200687,CUST100785,Credit Card,2026-03-10 05:00:20.509744406,67530.36,ZAR,1
ACC200688,CUST102054,Current,2025-10-10 02:34:44.696930170,139576.11,ZAR,1
ACC200689,CUST100725,Credit Card,2016-10-05 03:05:11.807189465,-35002.28,ZAR,1
ACC200690,CUST103384,Credit Card,2020-09-01 19:14:23.703723907,23441.92,ZAR,1
ACC200691,CUST101639,Savings,2025-02-08 23:19:11.767491341,51685.55,ZAR,1
ACC200692,CUST104289,Savings,2019-10-28 22:15:24.199006081,-40206.76,ZAR,1
ACC200693,CUST100729,Fixed Deposit,2020-12-31 19:55:47.533033133,-36063.96,zar,1
ACC200694,CUST101754,Current,2026-07-21 20:13:24.980098963,63111.7,ZAR,1
ACC200695,CUST101912,Savings,2020-08-03 13:54:51.912437916,22831.43,ZAR,1
ACC200696,CUST103347,Current,2017-03-14 19:41:49.861919403,-2747.38,ZAR,1
ACC200697,CUST101480,Savings,2015-06-13 14:07:38.559516668,-40627.75,ZAR,1
ACC200698,CUST100867,Current,2020-05-05 13:55:45.981203318,38051.64,ZAR ,1
ACC200699,CUST102028,Current,2020-12-16 18:37:33.417191744,-31060.3,ZAR,1
ACC200700,CUST104523,Current,2025-08-27 07:39:23.471554279,-15757.87,ZAR,1
ACC200701,CUST104071,Business,2024-03-04 02:35:30.077274084,-13229.35,ZAR,1
ACC200702,CUST102875,Savings,2015-09-23 22:06:59.607656240,,ZAR,0
ACC200703,CUST104978,Business,2024-06-17 02:57:46.450666428,-19044.07,ZAR,1
ACC200704,CUST103843,Credit Card,2015-10-22 02:57:50.943290472,-12995.72,ZAR,1
ACC200705,CUST103827,Fixed Deposit,2015-03-01 10:17:00.747087240,62799.37,ZAR,1
ACC200706,CUST101984,Credit Card,2021-05-02 15:24:12.211073160,31715.38,ZAR,1
ACC200707,CUST102478,Savings,2021-02-19 00:27:50.233891010,25615.12,ZAR,1
ACC200708,CUST104702,Current,2018-08-31 13:23:41.434897184,42447.93,ZAR,1
ACC200709,CUST104630,Savings,2020-05-02 03:40:02.656521797,-17360.3,ZAR,1
ACC200710,CUST103600,Current,2025-08-29 04:10:12.380700111,39538.82,ZAR,1
ACC200711,CUST100486,Savings,2022-11-01 02:56:21.034583807,42072.58,ZAR,1
ACC200712,CUST100768,Savings,2018-12-19 09:38:00.877775908,-15946.9,ZAR,1
ACC200713,CUST102284,Fixed Deposit,2025-10-25 14:46:19.605063438,48867.85,ZAR,1
ACC200714,CUST102750,Fixed Deposit,2016-11-20 09:00:54.535400391,34427.47,ZAR,1
ACC200715,CUST103117,Current,2017-01-11 00:46:18.559865475,35492.98,ZAR,1
ACC200716,CUST101358,Current,2017-09-12 14:35:33.781167746,91649.48,ZAR,1
ACC200717,CUST103900,Credit Card,2017-09-10 10:29:12.911096334,29894.36,ZAR,1
ACC200718,CUST104166,Business,2015-10-28 07:05:58.006791353,-11936.49,ZAR,0
ACC200719,CUST101042,Savings,2018-08-02 20:45:55.479723215,30212.15,ZAR,1
ACC200720,CUST103914,Savings,2021-05-09 19:13:10.338459015,25530.9,ZAR,0
ACC200721,CUST100753,Fixed Deposit,2017-07-31 08:49:45.999052286,-19349.43,ZAR,1
ACC200722,CUST102472,Savings,2016-03-27 22:22:34.889752626,-55958.94,ZAR,1
ACC200723,CUST104389,Credit Card,2022-07-14 11:27:11.797689915,22394.01,ZAR,1
ACC200724,CUST101509,Current,2019-11-12 13:12:14.021174192,62724.57,ZAR,1
ACC200725,CUST103425,Current,2022-07-26 15:04:11.467718124,63101.3,ZAR,1
ACC200726,CUST104263,Savings,2017-11-15 04:49:18.398834467,36300.65,ZAR,1
ACC200727,CUST102454,Credit Card,2023-10-04 06:04:18.698001385,87801.81,ZAR,1
ACC200728,CUST104252,Current,2026-04-07 20:00:29.678871393,31980.18,ZAR,1
ACC200729,CUST103188,Fixed Deposit,2018-01-10 00:34:39.123336792,17112.0,ZAR,1
ACC200730,CUST102526,Current,2022-05-28 12:35:25.869697571,33162.99,ZAR,1
ACC200731,CUST100591,Fixed Deposit,2023-11-11 04:44:21.808363914,-4321.2,ZAR,1
ACC200732,CUST103586,Savings,2021-04-17 01:19:05.719571590,-25691.19,ZAR,1
ACC200733,CUST101554,Savings,2018-05-16 12:14:21.160157919,-14148.77,ZAR,1
ACC200734,CUST101427,Fixed Deposit,2017-06-26 00:36:54.654475927,5825.34,ZAR,1
ACC200735,CUST104597,Savings,2022-06-28 02:04:20.476326227,59646.78,ZAR,1
ACC200736,CUST101744,Savings,2020-07-22 22:44:33.464668036,-32882.43,ZAR,1
ACC200737,CUST101798,Savings,2024-09-11 17:27:05.811594725,-13962.93,ZAR,1
ACC200738,CUST104720,Credit Card,2016-01-13 23:12:35.345005751,57211.74,ZAR,1
ACC200739,CUST101447,Credit Card,2015-05-19 10:02:40.876170158,10726.51,ZAR,0
ACC200740,CUST103681,Fixed Deposit,2019-04-18 16:42:59.209645748,17026.76,ZAR,1
ACC200741,CUST102600,Savings,2020-06-29 13:13:35.617461205,,ZAR,1
ACC200742,CUST100360,Savings,2022-05-29 08:54:19.721517801,102304.31,ZAR,0
ACC200743,CUST102908,Savings,2016-04-27 10:17:45.560093164,47411.83,ZAR,1
ACC200744,CUST102288,Business,2021-10-20 05:55:25.883924723,35078.18,ZAR,1
ACC200745,CUST103628,Current,2024-06-01 03:18:40.501983643,32898.02,ZAR,1
ACC200746,CUST101978,Savings,2025-07-14 09:28:01.304981470,41379.06,ZAR,1
ACC200747,CUST101201,Savings,2025-06-02 23:40:22.177218914,98928.42,ZAR,1
ACC200748,CUST101154,Savings,2021-01-02 03:06:52.406144619,10042.78,ZAR,1
ACC200749,CUST102640,Credit Card,2025-05-31 19:33:34.939185619,31748.51,ZAR,1
ACC200750,CUST104974,Current,2021-03-24 02:12:20.520692110,26165.24,ZAR,1
ACC200751,CUST102253,Current,2015-11-07 07:20:50.137464046,61136.65,zar,1
ACC200752,CUST100678,Current,2026-04-11 15:10:20.499628305,93194.96,ZAR,1
ACC200753,CUST104111,Savings,2015-01-12 00:28:18.133241176,1469.83,ZAR,1
ACC200754,CUST101571,Current,2018-04-23 21:42:56.226691484,43124.79,ZAR,1
ACC200755,CUST102122,Credit Card,2015-07-16 04:30:53.668987513,32048.64,ZAR,1
ACC200756,CUST104243,Savings,2021-04-18 17:10:01.654617786,-30709.1,ZAR,1
ACC200757,CUST100554,Current,2021-07-28 05:42:31.603039742,63806.32,ZAR,1
ACC200758,CUST100661,Fixed Deposit,2022-05-22 10:43:26.827346802,87536.27,ZAR,0
ACC200759,CUST101007,Current,2016-08-16 17:21:32.174481630,57788.27,ZAR,1
ACC200760,CUST101880,Current,2015-03-15 16:49:21.367835760,-283.86,ZAR,1
ACC200761,CUST104288,Credit Card,2018-01-28 20:02:29.480851650,-29269.67,ZAR,1
ACC200762,CUST103170,Savings,2015-08-06 19:52:20.193221331,50643.83,ZAR,1
ACC200763,CUST103877,Savings,2015-05-30 06:06:09.876272202,-18177.26,ZAR,1
ACC200764,CUST101684,Current,2018-01-21 12:09:33.037593842,-14192.08,ZAR,1
ACC200765,CUST102062,Savings,2026-07-27 01:44:39.539507627,33373.29,zar,1
ACC200766,CUST102044,Current,2024-04-21 08:10:34.801259756,54433.53,ZAR,1
ACC200767,CUST100567,Credit Card,2019-03-11 04:54:39.704868317,11554.15,ZAR,1
ACC200768,CUST102750,Savings,2019-05-10 21:06:18.224629879,16733.76,ZAR,1
ACC200769,CUST101661,Business,2025-10-08 06:04:28.281307220,20523.81,ZAR,1
ACC200770,CUST104763,Fixed Deposit,2022-09-01 04:05:02.046927452,-11642.39,ZAR,1
ACC200771,CUST103456,Savings,2024-09-10 09:00:45.611190557,9795.25,ZAR,1
ACC200772,CUST104354,Current,2025-01-04 15:16:34.816658735,-39699.18,ZAR,1
ACC200773,CUST100975,Savings,2016-12-17 02:24:49.279350519,54417.93,ZAR,1
ACC200774,CUST100559,Business,2015-03-10 03:16:35.976856232,136530.07,ZAR,1
ACC200775,CUST102183,Current,2018-02-08 17:22:03.701647758,27403.29,ZAR,1
ACC200776,CUST102847,Credit Card,2021-11-19 08:32:36.974171162,72642.37,ZAR,1
ACC200777,CUST102799,Business,2025-07-10 03:13:41.890315533,14534.24,ZAR,1
ACC200778,CUST103266,Current,2018-07-29 10:27:50.534918785,-28857.86,ZAR,1
ACC200779,CUST104161,Fixed Deposit,2024-11-05 01:02:54.917075634,115047.63,ZAR,1
ACC200780,CUST101628,Savings,2022-09-02 01:22:05.191649914,-8826.2,ZAR,1
ACC200781,CUST101457,Savings,2022-07-31 14:10:19.471005917,62883.01,ZAR,1
ACC200782,CUST101320,Current,2023-04-18 21:17:27.061315298,33642.34,ZAR,1
ACC200783,CUST101815,Fixed Deposit,2020-12-03 18:51:01.182310104,72487.03,ZAR,1
ACC200784,CUST102988,Savings,2022-10-20 07:24:12.061147451,22316.78,ZAR,1
ACC200785,CUST104014,Current,2024-03-09 13:26:16.581146240,-21553.74,ZAR,1
ACC200786,CUST102074,Credit Card,2021-10-29 02:23:12.288833857,-1587.96,ZAR,1
ACC200787,CUST102090,Savings,2015-06-15 21:42:23.478068590,119089.23,ZAR,1
ACC200788,CUST104525,Current,2020-11-29 19:40:16.096329212,37787.15,ZAR ,1
ACC200789,CUST101715,Savings,2021-11-30 05:01:34.234683990,112096.49,ZAR,1
ACC200790,CUST100817,Savings,2025-02-19 18:06:20.043651104,10297.43,ZAR,0
ACC200791,CUST101723,Savings,2015-01-23 02:41:47.060535431,53552.84,ZAR,1
ACC200792,CUST100205,Credit Card,2015-07-25 11:02:25.911758184,-26356.48,zar,1
ACC200793,CUST101829,Savings,2019-04-06 09:14:00.321941137,26190.96,ZAR,1
ACC200794,CUST104498,Savings,2024-04-19 13:14:20.012282848,113923.97,zar,0
ACC200795,CUST104050,Credit Card,2020-08-10 16:26:55.289882183,-6352.62,ZAR,1
ACC200796,CUST104480,Savings,2018-07-15 05:25:47.624912024,-2615.06,ZAR,1
ACC200797,CUST101500,Current,2023-01-11 11:17:25.131432772,58103.73,zar,1
ACC200798,CUST102083,Current,2020-11-03 10:52:02.991095781,29584.51,ZAR,1
ACC200799,CUST104242,Fixed Deposit,2021-08-23 19:48:01.137862206,100845.13,ZAR,1
ACC200800,CUST103769,Fixed Deposit,2019-12-17 20:22:29.650742531,15362.47,ZAR,1
ACC200801,CUST100925,Savings,2023-05-25 23:24:26.378075838,27751.65,ZAR ,1
ACC200802,CUST104228,Current,2015-03-07 22:07:08.648602486,37674.1,ZAR,1
ACC200803,CUST100514,Current,2015-01-08 02:34:26.992300034,-18030.57,ZAR,1
ACC200804,CUST101274,Savings,2022-11-28 08:54:18.506529570,-26944.61,ZAR,1
ACC200805,CUST102664,Current,2015-04-23 18:20:21.766106129,-30590.63,ZAR,1
ACC200806,CUST103272,Fixed Deposit,2018-11-27 07:22:38.327287197,-107314.03,ZAR,1
ACC200807,CUST103990,Credit Card,2019-03-30 13:49:10.889031887,21598.75,ZAR,1
ACC200808,CUST103685,Current,2022-02-09 10:00:56.705516100,-27028.09,ZAR,1
ACC200809,CUST101421,Savings,2023-12-12 09:01:33.154226780,3439.58,ZAR,1
ACC200810,CUST101787,Current,2024-07-08 07:26:53.997720480,65803.12,ZAR,1
ACC200811,CUST103609,Current,2018-03-31 01:17:56.223817825,-12835.67,ZAR,1
ACC200812,CUST104729,Current,2016-11-17 13:17:01.452102184,52592.5,ZAR,1
ACC200813,CUST104338,Fixed Deposit,2026-05-11 18:50:14.265681981,-38207.98,ZAR,0
ACC200814,CUST104835,Business,2015-07-05 01:05:16.880881548,-2400.14,ZAR,1
ACC200815,CUST103376,Business,2024-06-04 10:27:18.764125824,94642.56,ZAR,0
ACC200816,CUST102433,Credit Card,2015-03-27 03:12:43.610932589,7886.99,ZAR,1
ACC200817,CUST103833,Current,2020-08-14 01:03:49.467388868,76512.44,ZAR,1
ACC200818,CUST100379,Savings,2022-06-06 12:21:10.193745375,119216.38,ZAR,1
ACC200819,CUST104681,Fixed Deposit,2020-07-13 17:44:12.493428469,8245.89,ZAR,1
ACC200820,CUST104594,Current,2021-07-16 16:56:40.813251019,-1629.21,ZAR ,1
ACC200821,CUST102523,Savings,2015-04-18 07:07:15.680264235,-61410.22,ZAR,1
ACC200822,CUST102614,Savings,2016-10-14 08:44:50.835950136,36672.13,ZAR,1
ACC200823,CUST102648,Credit Card,2021-05-29 10:44:07.554125786,40170.47,ZAR,1
ACC200824,CUST100694,Savings,2024-08-02 05:01:07.300417423,55829.33,zar,1
ACC200825,CUST101028,Credit Card,2021-05-08 20:02:39.328225613,80654.01,ZAR,1
ACC200826,CUST103660,Current,2020-10-13 19:29:06.954687119,-16036.56,ZAR,1
ACC200827,CUST100163,Savings,2026-06-12 00:13:50.667145967,99844.18,ZAR,1
ACC200828,CUST103435,Fixed Deposit,2019-07-07 22:55:23.844655037,13728.93,ZAR ,1
ACC200829,CUST101525,Credit Card,2019-06-19 13:54:15.681138754,39546.76,ZAR,1
ACC200830,CUST100699,Savings,2015-11-10 02:32:14.887077808,22303.9,ZAR,1
ACC200831,CUST102981,Savings,2024-01-26 20:27:54.674183130,-5854.23,ZAR,1
ACC200832,CUST101374,Current,2015-10-14 10:52:08.764512062,-22953.18,ZAR,1
ACC200833,CUST102236,Savings,2016-07-29 22:30:58.058310509,33412.18,ZAR,1
ACC200834,CUST104321,Savings,2015-08-29 02:02:10.806859732,-13566.77,ZAR,1
ACC200835,CUST103489,Fixed Deposit,2017-03-24 18:51:27.176340818,16183.42,ZAR,1
ACC200836,CUST104847,Savings,2020-01-31 12:17:39.794876337,8514.03,ZAR,1
ACC200837,CUST101985,Current,2015-06-27 15:39:51.993492603,10509.75,ZAR,1
ACC200838,CUST102026,Savings,2019-10-07 09:34:19.064621925,-46972.72,ZAR ,1
ACC200839,CUST103435,Savings,2020-07-27 20:36:16.748707294,-101684.35,ZAR,1
ACC200840,CUST100672,Savings,2016-04-13 16:11:49.451143742,58561.84,ZAR,1
ACC200841,CUST104285,Savings,2015-08-22 05:24:54.966101885,70019.79,ZAR,1
ACC200842,CUST101759,Credit Card,2018-08-22 21:16:27.871155262,-77467.54,ZAR,1
ACC200843,CUST102349,Credit Card,2022-07-14 18:13:38.951200008,41727.49,ZAR,1
ACC200844,CUST102538,Current,2022-01-12 05:08:57.057456732,33689.55,zar,1
ACC200845,CUST100333,Fixed Deposit,2016-06-19 13:36:07.644227505,,ZAR,1
ACC200846,CUST101502,Savings,2016-01-24 18:54:58.072969913,60914.34,ZAR,1
ACC200847,CUST100698,Current,2017-03-01 12:50:56.717681885,70527.76,zar,1
ACC200848,CUST103056,Credit Card,2025-02-15 12:50:59.670532465,67374.88,ZAR,1
ACC200849,CUST103532,Current,2025-10-15 22:17:59.242499352,94793.48,ZAR,1
ACC200850,CUST100039,Business,2021-01-15 09:41:23.684526682,65003.73,ZAR,0
ACC200851,CUST100040,Current,2025-06-13 14:41:56.593688965,-8258.41,ZAR,1
ACC200852,CUST104082,Business,2016-07-09 19:44:56.667467356,25694.88,ZAR,1
ACC200853,CUST101673,Savings,2022-08-12 02:11:59.586000204,40417.53,ZAR,1
ACC200854,CUST104223,Savings,2022-07-07 05:52:53.929358959,85758.42,ZAR,1
ACC200855,CUST103291,Savings,2020-03-15 15:52:19.201590061,14955.91,ZAR,1
ACC200856,CUST103917,Credit Card,2023-07-18 20:41:30.829387426,-292.81,ZAR,1
ACC200857,CUST101921,Savings,2020-07-02 05:11:57.704174042,-41157.77,ZAR,1
ACC200858,CUST101517,Savings,2024-12-01 20:47:39.150005579,59923.87,ZAR,1
ACC200859,CUST103612,Business,2016-07-28 15:36:10.907413006,33366.66,ZAR,1
ACC200860,CUST103161,Current,2015-03-15 06:00:49.768521786,-9661.2,ZAR,1
ACC200861,CUST102850,Savings,2019-05-19 10:43:26.752429724,55821.46,ZAR ,0
ACC200862,CUST101826,Savings,2016-06-28 00:32:15.058296442,11393.49,ZAR,1
ACC200863,CUST103068,Credit Card,2017-01-27 17:17:40.947466850,-27989.59,ZAR,1
ACC200864,CUST101946,Fixed Deposit,2015-07-21 23:56:25.854073763,78232.39,ZAR,1
ACC200865,CUST104451,Credit Card,2019-12-27 10:53:46.376508951,-57523.85,ZAR,1
ACC200866,CUST103545,Savings,2023-07-16 12:00:50.363397121,30751.88,ZAR,1
ACC200867,CUST101985,Current,2021-06-12 17:12:15.834573030,20567.19,ZAR,1
ACC200868,CUST104217,Current,2019-02-17 18:37:46.341791391,-40550.25,ZAR,1
ACC200869,CUST100355,Fixed Deposit,2015-02-19 12:39:54.322234154,38016.64,ZAR,1
ACC200870,CUST104154,Credit Card,2020-11-23 08:09:33.699635506,-2738.56,ZAR,1
ACC200871,CUST102074,Credit Card,2018-10-18 04:42:30.156219244,92343.32,ZAR,1
ACC200872,CUST101155,Current,2017-10-07 10:27:58.344492197,65161.06,ZAR,1
ACC200873,CUST104151,Savings,2020-03-25 00:53:25.954178810,33846.21,ZAR,1
ACC200874,CUST103290,Credit Card,2016-12-20 09:13:28.806989670,-74667.91,ZAR,1
ACC200875,CUST100370,Current,2018-09-22 10:32:33.866485357,2772.82,ZAR,1
ACC200876,CUST101335,Savings,2025-09-22 17:22:00.399437428,-310.29,ZAR,1
ACC200877,CUST102255,Credit Card,2022-01-27 21:49:01.473907709,73414.53,ZAR,1
ACC200878,CUST103142,Savings,2026-06-18 15:43:50.421604633,32118.89,ZAR,1
ACC200879,CUST104032,Credit Card,2022-04-09 22:26:47.842842102,37675.89,ZAR,1
ACC200880,CUST101836,Credit Card,2016-02-15 05:04:22.918396473,65694.77,ZAR,1
ACC200881,CUST104043,Savings,2022-09-17 09:42:17.372113943,90227.0,zar,1
ACC200882,CUST103949,Credit Card,2025-01-10 15:19:15.037546635,83352.88,ZAR,0
ACC200883,CUST101890,Current,2025-07-27 17:58:25.718264818,46847.91,ZAR,1
ACC200884,CUST104687,Current,2021-06-03 15:20:57.926451206,14126.75,ZAR,1
ACC200885,CUST104720,Business,2016-05-23 03:25:09.431361198,42397.51,ZAR,1
ACC200886,CUST101449,Fixed Deposit,2022-06-13 04:08:50.957778215,23680.35,ZAR,1
ACC200887,CUST102782,Savings,2016-08-27 18:49:12.160289049,56440.07,ZAR ,1
ACC200888,CUST104344,Credit Card,2015-08-26 00:48:44.158644438,2288.87,ZAR,1
ACC200889,CUST102694,Current,2017-06-14 14:11:26.075908184,61138.47,ZAR,1
ACC200890,CUST103700,Credit Card,2016-02-15 10:48:40.393878460,26860.56,ZAR,1
ACC200891,CUST103996,Savings,2020-02-28 01:11:14.159991026,40441.88,ZAR,1
ACC200892,CUST102830,Current,2025-12-06 18:07:41.777027607,-22850.83,ZAR,1
ACC200893,CUST101798,Savings,2022-08-25 11:22:49.288020849,14055.29,ZAR,1
ACC200894,CUST102624,Fixed Deposit,2023-01-16 15:11:56.139483213,42861.07,ZAR,1
ACC200895,CUST104161,Fixed Deposit,2024-04-22 05:59:03.727778912,17708.25,ZAR,0
ACC200896,CUST101596,Savings,2017-10-08 22:57:19.834532499,-68871.83,ZAR,0
ACC200897,CUST104221,Current,2021-08-18 07:40:15.839620590,-24361.58,ZAR ,1
ACC200898,CUST101016,Savings,2023-04-04 17:13:58.895651817,38672.61,ZAR,1
ACC200899,CUST102310,Savings,2018-07-10 03:56:38.849081755,85171.24,ZAR,1
ACC200900,CUST100416,Savings,2019-06-28 09:54:39.301572084,15696.45,ZAR,1
ACC200901,CUST104270,Credit Card,2023-02-14 15:59:40.295113802,5442.73,ZAR,1
ACC200902,CUST103562,Savings,2024-05-12 19:04:01.534655094,67090.27,ZAR,1
ACC200903,CUST100591,Current,2019-03-10 17:03:01.230397463,25435.83,ZAR,0
ACC200904,CUST101112,Fixed Deposit,2022-03-31 15:56:19.655951977,54723.48,ZAR,1
ACC200905,CUST102638,Savings,2022-09-11 00:35:10.782236814,13171.28,ZAR,1
ACC200906,CUST102476,Current,2025-10-04 03:20:50.088763475,8752.17,ZAR,1
ACC200907,CUST100562,Business,2024-02-13 23:12:50.638970137,57878.33,ZAR,1
ACC200908,CUST104449,Credit Card,2017-04-02 20:20:32.732653856,51899.76,ZAR ,1
ACC200909,CUST102304,Savings,2022-03-31 11:49:56.200752735,12167.15,ZAR,1
ACC200910,CUST103355,Savings,2026-02-03 05:10:32.341534615,-19968.69,ZAR,1
ACC200911,CUST103762,Credit Card,2019-05-20 01:38:21.628788471,-41767.27,ZAR,0
ACC200912,CUST999679,Savings,2023-11-12 04:02:35.686345100,-36498.35,ZAR,1
ACC200913,CUST101667,Current,2021-03-30 20:27:21.264788628,-329.43,ZAR,1
ACC200914,CUST103672,Savings,2020-01-26 22:22:22.165849447,37663.75,ZAR,1
ACC200915,CUST103868,Credit Card,2021-08-09 05:12:07.620980024,-41625.51,ZAR,1
ACC200916,CUST101074,Savings,2019-12-04 07:04:27.206282616,-39015.08,ZAR ,1
ACC200917,CUST101598,Current,2018-09-07 06:14:19.156298637,40102.44,zar,1
ACC200918,CUST103899,Credit Card,2023-10-25 12:44:51.468899727,87749.14,ZAR ,1
ACC200919,CUST101719,Savings,2021-03-03 06:04:16.789351940,68551.35,ZAR,1
ACC200920,CUST100388,Current,2025-10-29 11:55:34.765083790,-48665.41,ZAR,1
ACC200921,CUST102489,Business,2015-02-06 23:23:00.416364431,40669.33,ZAR,1
ACC200922,CUST100708,Current,2023-11-29 08:28:09.846498251,63231.92,ZAR,1
ACC200923,CUST102969,Savings,2016-10-27 12:55:37.751319885,5189.63,ZAR ,1
ACC200924,CUST104670,Fixed Deposit,2023-10-25 22:21:14.655251980,15525.06,ZAR,1
ACC200925,CUST100504,Savings,2025-01-29 01:53:19.497582674,38340.27,ZAR,1
ACC200926,CUST101401,Savings,2024-01-30 13:41:56.504224062,44512.25,ZAR,1
ACC200927,CUST102831,Savings,2021-11-16 22:51:08.809319973,40084.93,ZAR,1
ACC200928,CUST100753,Credit Card,2016-06-03 01:24:11.239999294,53971.23,ZAR,1
ACC200929,CUST102674,Savings,2026-02-14 10:59:32.933407307,33626.16,ZAR,1
ACC200930,CUST101074,Savings,2018-10-12 11:00:47.579175949,-32.67,ZAR,0
ACC200931,CUST103179,Current,2015-04-30 09:54:30.393892765,7149.54,ZAR,1
ACC200932,CUST101805,Savings,2015-01-08 22:45:22.621872902,-6166.85,ZAR,0
ACC200933,CUST104627,Credit Card,2023-07-22 09:01:40.408113003,6557.62,ZAR,0
ACC200934,CUST104188,Current,2024-08-24 15:53:30.460477591,47468.98,ZAR,1
ACC200935,CUST104967,Current,2024-04-19 20:26:39.604542017,-5910.57,ZAR,1
ACC200936,CUST100762,Savings,2021-06-22 17:35:55.535575390,67798.29,ZAR,1
ACC200937,CUST104740,Fixed Deposit,2022-04-26 20:47:32.374191999,-14532.78,ZAR,1
ACC200938,CUST100078,Savings,2025-07-02 19:25:23.566755772,33129.63,ZAR,1
ACC200939,CUST101095,Savings,2022-09-08 03:23:16.897517920,58432.92,ZAR,1
ACC200940,CUST104324,Savings,2019-01-25 12:44:49.828160048,42952.01,ZAR,1
ACC200941,CUST104311,Business,2026-01-03 04:51:28.386553764,-48899.16,ZAR ,1
ACC200942,CUST101498,Current,2026-03-08 09:54:55.519864321,30330.29,ZAR ,1
ACC200943,CUST104208,Savings,2022-04-09 23:35:19.802153111,-4511.82,ZAR,1
ACC200944,CUST100384,Savings,2021-07-22 14:29:00.908793211,-27889.1,ZAR,1
ACC200945,CUST101680,Current,2025-11-06 21:32:59.509703875,33915.22,ZAR,1
ACC200946,CUST100138,Savings,2024-01-05 06:03:47.056792736,-24957.08,ZAR,1
ACC200947,CUST102586,Current,2016-05-17 04:06:48.395847082,34792.39,ZAR,1
ACC200948,CUST104497,Savings,2026-02-05 01:18:48.271129847,83239.01,ZAR,1
ACC200949,CUST103067,Savings,2023-05-23 01:41:26.611596584,37089.56,ZAR,1
ACC200950,CUST102615,Credit Card,2023-07-24 00:34:53.381648779,15687.58,ZAR,1
ACC200951,CUST100990,Current,2019-08-23 22:42:32.368556261,18571.84,ZAR,1
ACC200952,CUST103052,Savings,2015-02-05 17:28:54.853993416,61559.44,ZAR,1
ACC200953,CUST101621,Savings,2018-02-23 10:13:04.837631226,12776.17,ZAR,1
ACC200954,CUST103080,Fixed Deposit,2018-11-01 14:30:38.853292465,6385.57,ZAR,0
ACC200955,CUST100652,Credit Card,2020-04-12 09:42:15.303382158,-12252.6,ZAR,1
ACC200956,CUST102610,Credit Card,2023-02-14 15:20:42.503638744,-10762.84,ZAR,1
ACC200957,CUST102487,Credit Card,2020-03-21 01:40:37.441351414,60729.73,ZAR,1
ACC200958,CUST103846,Savings,2019-04-24 02:32:22.542757034,5561.05,ZAR,1
ACC200959,CUST999036,Savings,2017-11-15 13:28:02.508599758,,ZAR,1
ACC200960,CUST104530,Savings,2023-11-25 18:03:03.125160933,50440.09,ZAR,1
ACC200961,CUST101708,Savings,2024-02-14 03:22:58.343566179,-13240.78,ZAR,1
ACC200962,CUST103205,Credit Card,2019-03-17 09:05:22.743397713,-6803.25,ZAR,1
ACC200963,CUST103266,Savings,2017-07-09 06:51:45.658763409,48090.57,ZAR,1
ACC200964,CUST104219,Current,2017-07-19 19:10:59.681441069,30618.37,ZAR,1
ACC200965,CUST104035,Savings,2022-09-04 17:02:15.424624681,17846.39,ZAR,1
ACC200966,CUST100048,Credit Card,2023-12-12 23:58:06.400649548,43468.79,ZAR,1
ACC200967,CUST104004,Credit Card,2024-02-03 11:36:24.118729115,65497.87,ZAR,1
ACC200968,CUST102400,Credit Card,2025-01-30 21:55:50.928250790,23442.69,ZAR ,1
ACC200969,CUST104752,Savings,2023-09-27 09:48:17.043450117,2244.89,ZAR,1
ACC200970,CUST103020,Fixed Deposit,2020-08-17 11:57:53.149107456,29689.6,ZAR,1
ACC200971,CUST101934,Fixed Deposit,2018-02-04 22:41:54.903220892,-7188.51,ZAR,1
ACC200972,CUST101006,Current,2019-05-01 02:27:19.004456520,30709.16,ZAR,1
ACC200973,CUST104746,Current,2018-04-15 04:21:39.069151878,25076.58,ZAR,1
ACC200974,CUST100801,Savings,2016-02-25 20:17:56.251073360,-7634.32,ZAR,1
ACC200975,CUST100450,Credit Card,2016-08-31 16:52:14.944204807,8809.34,ZAR,1
ACC200976,CUST100681,Fixed Deposit,2015-02-23 16:46:10.171956539,12030.92,ZAR,1
ACC200977,CUST102757,Savings,2017-04-12 04:57:37.652444363,54327.35,zar,1
ACC200978,CUST101424,Savings,2024-09-02 22:25:47.507571220,-10004.8,ZAR,1
ACC200979,CUST102904,Savings,2021-03-22 01:09:37.145873785,-7377.59,ZAR,1
ACC200980,CUST104117,Business,2019-07-06 08:07:24.498902321,10055.8,ZAR,1
ACC200981,CUST101455,Current,2017-10-01 03:27:54.860105515,47558.25,ZAR,1
ACC200982,CUST100138,Business,2021-10-31 03:19:48.823629379,54092.69,ZAR,1
ACC200983,CUST101795,Current,2026-04-10 10:45:12.925693989,35475.09,ZAR,1
ACC200984,CUST103012,Savings,2019-01-11 21:43:20.129308939,53593.5,ZAR,1
ACC200985,CUST103641,Current,2024-10-24 23:11:32.971098661,71489.48,ZAR,1
ACC200986,CUST100340,Savings,2025-11-16 17:00:57.225976944,31300.31,ZAR,1
ACC200987,CUST104392,Current,2024-02-11 17:12:22.848366499,-7065.33,ZAR,1
ACC200988,CUST102965,Current,2021-11-06 18:35:19.871139050,21903.39,ZAR,1
ACC200989,CUST102408,Current,2018-07-01 14:31:15.845788479,-29467.89,ZAR,1
ACC200990,CUST101261,Savings,2015-05-22 05:14:28.667792559,40788.87,ZAR,0
ACC200991,CUST104793,Current,2023-07-13 18:29:04.709615946,5333.42,ZAR,1
ACC200992,CUST100786,Fixed Deposit,2026-01-26 17:43:29.501466035,29482.92,ZAR,1
ACC200993,CUST102244,Savings,2022-12-25 07:17:26.980573654,21602.77,ZAR,1
ACC200994,CUST102329,Fixed Deposit,2015-06-03 05:17:29.203454256,9679.59,ZAR,1
ACC200995,CUST102734,Current,2016-08-12 20:33:08.936150551,34015.64,ZAR,1
ACC200996,CUST101155,Current,2019-07-21 04:48:11.441647053,20007.44,ZAR,1
ACC200997,CUST104717,Savings,2026-06-16 16:35:39.289182901,-219.26,ZAR,1
ACC200998,CUST101891,Savings,2015-12-26 02:37:39.331595421,-18916.66,zar,1
ACC200999,CUST103561,Credit Card,2018-09-06 15:32:10.484842062,39238.32,ZAR,1
ACC201000,CUST103165,Fixed Deposit,2021-05-23 10:57:43.231647730,-23255.11,ZAR,1
ACC201001,CUST101014,Current,2016-04-18 13:58:53.400299072,96792.52,ZAR,0
ACC201002,CUST104681,Savings,2016-05-12 11:19:00.435274839,76486.12,ZAR,1
ACC201003,CUST102300,Credit Card,2015-10-18 14:04:46.192274094,-38593.38,ZAR,1
ACC201004,CUST103089,Fixed Deposit,2020-10-27 18:20:28.749521732,50100.31,ZAR,0
ACC201005,CUST103229,Current,2018-04-26 23:26:48.508617878,70532.69,ZAR,1
ACC201006,CUST102535,Savings,2015-06-17 02:13:39.115494728,1555.9,ZAR,1
ACC201007,CUST103190,Current,2020-10-23 17:12:04.087164879,39044.38,ZAR,1
ACC201008,CUST102785,Fixed Deposit,2023-06-17 19:19:45.928751230,19992.86,ZAR,1
ACC201009,CUST103702,Savings,2022-09-30 04:43:49.253911972,52273.92,ZAR,1
ACC201010,CUST102360,Savings,2022-12-04 14:48:04.394323587,7145.32,ZAR,1
ACC201011,CUST104062,Credit Card,2021-05-18 04:11:31.375105619,65558.46,ZAR,1
ACC201012,CUST102814,Current,2024-01-18 15:09:16.315788746,19263.95,ZAR,1
ACC201013,CUST104992,Savings,2015-09-21 20:53:50.413713932,12316.84,ZAR,1
ACC201014,CUST102850,Current,2017-03-17 17:14:09.464083195,50938.88,ZAR,1
ACC201015,CUST102950,Fixed Deposit,2023-02-22 23:25:01.339767933,61028.57,ZAR,1
ACC201016,CUST102460,Fixed Deposit,2018-11-21 04:40:42.351947546,-68452.72,ZAR,1
ACC201017,CUST101986,Savings,2017-10-07 07:44:22.175418139,-91162.41,ZAR,1
ACC201018,CUST103941,Fixed Deposit,2015-04-25 09:45:13.814058781,38666.91,ZAR,1
ACC201019,CUST103172,Current,2025-01-21 15:54:12.121910095,,ZAR,0
ACC201020,CUST101953,Savings,2024-09-14 15:11:08.901201248,-27840.71,ZAR,1
ACC201021,CUST104034,Savings,2015-09-13 19:07:04.949043512,10041.44,ZAR,0
ACC201022,CUST100542,Business,2018-07-11 13:42:58.927830458,141444.75,ZAR,1
ACC201023,CUST100311,Savings,2017-06-26 13:27:17.133753061,-28202.98,ZAR,1
ACC201024,CUST103215,Savings,2017-05-24 16:47:28.273363590,60426.11,ZAR,1
ACC201025,CUST102290,Current,2017-12-27 16:17:00.135325193,-5456.52,ZAR,1
ACC201026,CUST103980,Credit Card,2018-06-10 11:16:14.168862820,-33087.46,ZAR,1
ACC201027,CUST103320,Savings,2023-03-08 14:24:56.567062140,521.93,ZAR,1
ACC201028,CUST103900,Credit Card,2026-03-26 11:19:12.745531559,-31855.35,zar,1
ACC201029,CUST101327,Credit Card,2015-07-12 04:53:35.566017151,-37722.39,ZAR,1
ACC201030,CUST101260,Credit Card,2018-09-27 19:56:13.661098719,-3996.35,ZAR,1
ACC201031,CUST101256,Credit Card,2022-09-24 04:23:37.419694424,-18609.91,ZAR,1
ACC201032,CUST103235,Savings,2018-07-18 01:34:45.753490686,19158.4,ZAR,1
ACC201033,CUST103371,Fixed Deposit,2017-03-19 11:02:42.574218512,31743.97,ZAR,1
ACC201034,CUST104992,Current,2016-12-10 21:34:58.004725695,-6562.06,ZAR,1
ACC201035,CUST101084,Current,2021-12-04 07:19:49.232333183,50182.62,ZAR,1
ACC201036,CUST100522,Savings,2016-09-30 23:06:13.827974081,-1566.13,ZAR,1
ACC201037,CUST104790,Current,2016-02-13 09:29:02.044511557,18857.73,ZAR,1
ACC201038,CUST102613,Savings,2023-09-07 04:53:54.451136112,-61770.28,ZAR,1
ACC201039,CUST101833,Current,2018-12-25 02:36:48.179438114,28284.62,ZAR,0
ACC201040,CUST101526,Savings,2025-05-11 21:27:38.067027806,115082.75,ZAR,1
ACC201041,CUST104417,Current,2020-09-30 17:48:50.000468731,56799.25,ZAR,1
ACC201042,CUST103956,Savings,2016-07-11 10:46:24.122948647,18097.65,ZAR,1
ACC201043,CUST100874,Current,2017-03-26 09:12:39.826977491,-21323.12,ZAR,1
ACC201044,CUST101623,Current,2025-03-17 14:46:20.363692522,90283.93,ZAR,1
ACC201045,CUST104351,Savings,2016-06-15 03:11:52.802628040,18560.17,ZAR,1
ACC201046,CUST103667,Fixed Deposit,2018-08-27 16:22:12.669719219,-1937.94,ZAR,1
ACC201047,CUST104075,Current,2018-07-07 11:15:09.441046476,-935.43,ZAR,1
ACC201048,CUST100802,Credit Card,2026-06-10 01:51:54.988622904,107919.55,ZAR,1
ACC201049,CUST102896,Current,2026-04-14 20:13:22.596700191,20273.27,ZAR,1
ACC201050,CUST100334,Credit Card,2023-01-06 10:50:59.416042328,43022.82,ZAR,1
ACC201051,CUST102252,Fixed Deposit,2017-09-23 05:14:35.902079344,16875.4,ZAR,1
ACC201052,CUST100520,Current,2017-01-28 08:33:43.508477688,22391.26,ZAR,1
ACC201053,CUST101341,Business,2015-09-12 04:51:08.418672562,8003.81,ZAR,1
ACC201054,CUST101301,Savings,2015-09-17 07:18:47.904776096,81892.94,ZAR,1
ACC201055,CUST100942,Credit Card,2025-11-23 15:08:22.291020870,26762.15,ZAR,1
ACC201056,CUST104247,Current,2021-12-27 20:56:26.399163723,-31313.31,ZAR,1
ACC201057,CUST101855,Savings,2017-04-18 19:59:38.866737127,40764.82,ZAR,1
ACC201058,CUST100752,Current,2024-01-18 23:49:12.790494919,20409.71,ZAR,1
ACC201059,CUST104941,Savings,2015-11-20 05:51:23.445444584,40245.04,ZAR,1
ACC201060,CUST100166,Fixed Deposit,2021-01-18 16:58:26.234142065,11736.35,ZAR,1
ACC201061,CUST100741,Credit Card,2017-04-08 03:42:50.348103046,3357.58,ZAR,1
ACC201062,CUST104267,Current,2020-03-12 16:37:35.128172159,60765.91,ZAR,1
ACC201063,CUST102256,Savings,2017-08-26 23:04:48.560660124,99365.52,ZAR,1
ACC201064,CUST101874,Business,2016-07-31 09:34:21.853489399,-49355.53,ZAR,1
ACC201065,CUST101525,Fixed Deposit,2025-09-25 14:14:36.737043142,28281.57,ZAR,1
ACC201066,CUST102943,Credit Card,2025-08-27 06:58:12.473158836,3393.92,ZAR,1
ACC201067,CUST101794,Savings,2020-09-17 14:55:37.744705439,-11475.25,ZAR,1
ACC201068,CUST100418,Current,2024-02-08 14:36:34.552732229,-61260.82,ZAR,1
ACC201069,CUST104819,Savings,2017-05-03 10:03:00.462893009,39431.56,ZAR,1
ACC201070,CUST104536,Credit Card,2019-08-07 03:48:29.044287205,5661.83,ZAR,1
ACC201071,CUST100880,Savings,2017-08-12 01:05:03.411526918,3279.79,ZAR,1
ACC201072,CUST102522,Savings,2015-12-21 07:47:25.001033782,73108.1,ZAR,1
ACC201073,CUST102267,Savings,2019-11-28 23:46:03.360448122,7423.59,zar,1
ACC201074,CUST100447,Current,2023-08-17 22:42:48.767916679,5727.12,ZAR,1
ACC201075,CUST101993,Current,2023-08-17 12:43:35.217085600,-28439.19,ZAR,1
ACC201076,CUST103169,Credit Card,2020-02-19 12:42:47.894964457,-11315.0,ZAR,1
ACC201077,CUST100520,Fixed Deposit,2020-03-02 22:28:50.894605875,83656.74,ZAR,1
ACC201078,CUST101827,Savings,2021-12-25 06:34:00.099424601,49463.42,ZAR,1
ACC201079,CUST101256,Savings,2025-10-22 01:41:38.363547564,76504.54,ZAR,1
ACC201080,CUST101767,Savings,2016-09-26 18:12:08.446590900,-8623.24,ZAR,1
ACC201081,CUST103149,Credit Card,2019-09-09 18:45:00.748473406,39447.09,ZAR ,1
ACC201082,CUST102041,Fixed Deposit,2025-06-28 00:43:37.190884113,66912.85,ZAR,1
ACC201083,CUST103839,Savings,2021-05-10 00:38:13.537975073,48172.65,ZAR,1
ACC201084,CUST102540,Savings,2024-03-07 23:12:21.935564995,88213.0,ZAR,1
ACC201085,CUST103459,Fixed Deposit,2020-05-10 22:15:54.861750603,41080.57,ZAR,0
ACC201086,CUST103096,Current,2025-09-01 01:10:25.020808697,24926.67,ZAR ,1
ACC201087,CUST104084,Current,2025-04-23 19:42:43.916799784,-69175.72,ZAR ,1
ACC201088,CUST100732,Savings,2020-03-01 08:51:43.188059807,41672.07,ZAR,0
ACC201089,CUST104954,Savings,2015-01-22 04:40:14.466787338,48905.58,ZAR,1
ACC201090,CUST103771,Savings,2021-07-22 20:36:47.216101646,70902.04,ZAR,0
ACC201091,CUST100990,Current,2017-05-12 13:57:21.964535236,-6782.74,ZAR,1
ACC201092,CUST100135,Credit Card,2017-10-14 13:11:25.955690145,23656.85,ZAR,1
ACC201093,CUST100127,Savings,2019-12-23 19:07:25.008094548,-38600.19,ZAR,1
ACC201094,CUST103495,Current,2020-03-18 10:53:26.233697414,-39527.89,ZAR,1
ACC201095,CUST102114,Savings,2024-12-19 14:08:28.070727348,45518.6,ZAR,1
ACC201096,CUST100916,Savings,2015-05-13 08:26:05.329600096,75661.3,ZAR,1
ACC201097,CUST101588,Savings,2018-06-02 04:30:08.938126087,77064.17,ZAR,1
ACC201098,CUST102234,Savings,2022-04-28 16:57:14.362441778,42538.66,ZAR,1
ACC201099,CUST100206,Business,2022-03-15 23:30:11.923240185,106838.63,ZAR,0
ACC201100,CUST102807,Savings,2018-09-06 03:41:10.176514387,9299.75,ZAR,1
ACC201101,CUST100181,Savings,2017-01-22 16:55:17.299891710,60929.83,ZAR,1
ACC201102,CUST103236,Credit Card,2018-03-17 18:40:22.768194199,-27714.46,ZAR,1
ACC201103,CUST100305,Savings,2025-05-02 13:51:06.484442711,-100739.28,ZAR,1
ACC201104,CUST103955,Savings,2018-01-16 21:47:41.572678089,5745.49,zar,1
ACC201105,CUST101265,Savings,2020-09-11 02:41:22.768230677,20174.37,ZAR,1
ACC201106,CUST102580,Savings,2025-11-29 23:43:06.009523630,34382.35,ZAR,1
ACC201107,CUST101929,Savings,2016-05-15 21:48:23.278814793,17553.55,ZAR,1
ACC201108,CUST104400,Current,2025-01-31 05:01:39.865376234,39454.86,ZAR,1
ACC201109,CUST103971,Current,2023-08-11 11:30:26.223336697,94612.21,ZAR,1
ACC201110,CUST104775,Savings,2020-08-15 08:02:05.708117723,54515.0,ZAR,1
ACC201111,CUST103577,Credit Card,2025-12-28 00:48:38.188128948,-5625.21,ZAR,1
ACC201112,CUST104880,Savings,2015-11-11 18:15:54.008565426,-75502.83,ZAR,1
ACC201113,CUST101126,Current,2024-11-23 22:12:58.310568094,-18012.32,ZAR,1
ACC201114,CUST101597,Savings,2017-04-16 04:42:19.509873629,78720.24,ZAR,1
ACC201115,CUST104047,Savings,2019-02-07 06:21:36.429773092,4856.65,ZAR,1
ACC201116,CUST100160,Current,2016-06-01 13:16:48.586996078,52146.19,ZAR,1
ACC201117,CUST100894,Savings,2020-09-26 01:45:30.281532049,50611.97,zar,1
ACC201118,CUST103578,Savings,2016-12-16 05:51:10.490689516,22772.88,zar,1
ACC201119,CUST101999,Current,2017-12-15 02:14:25.809352398,21528.19,ZAR,1
ACC201120,CUST101259,Credit Card,2015-09-10 05:06:48.948163271,-1572.38,ZAR,1
ACC201121,CUST101517,Current,2018-07-14 13:36:10.741677761,114088.3,ZAR,1
ACC201122,CUST103838,Savings,2016-11-24 02:38:41.309629679,-13238.87,ZAR,1
ACC201123,CUST102400,Savings,2022-12-09 00:25:52.176642418,69838.01,ZAR,1
ACC201124,CUST100025,Current,2022-05-23 11:45:31.589875460,58231.32,ZAR,0
ACC201125,CUST102582,Savings,2022-09-15 21:38:02.900954962,49605.21,ZAR,1
ACC201126,CUST103885,Savings,2022-10-30 12:51:01.012469769,20204.91,ZAR,1
ACC201127,CUST100832,Current,2016-03-12 08:55:49.444720030,-34191.44,ZAR,1
ACC201128,CUST100350,Fixed Deposit,2017-06-23 11:57:11.927438736,-20922.16,ZAR,1
ACC201129,CUST103138,Credit Card,2023-07-17 12:20:44.128480672,-5990.95,ZAR,1
ACC201130,CUST104396,Savings,2020-08-01 15:28:59.932891846,39790.24,ZAR,1
ACC201131,CUST100353,Credit Card,2022-04-19 07:35:35.858599424,,ZAR,1
ACC201132,CUST103256,Savings,2015-08-28 10:22:16.652041197,37560.23,ZAR,1
ACC201133,CUST103893,Credit Card,2019-06-23 02:19:07.313504934,35388.38,ZAR,1
ACC201134,CUST100808,Current,2020-01-27 18:13:08.934678078,66697.86,ZAR,1
ACC201135,CUST101301,Current,2023-01-07 15:29:20.698101759,-58598.12,ZAR,1
ACC201136,CUST102539,Savings,2025-07-25 00:27:08.568381310,-63276.98,ZAR,1
ACC201137,CUST103054,Credit Card,2021-08-27 06:45:44.360614777,-36908.25,zar,1
ACC201138,CUST102526,Current,2023-10-25 12:08:12.731258392,62021.64,ZAR,1
ACC201139,CUST100918,Current,2022-06-14 23:48:29.267577648,-55373.89,ZAR,1
ACC201140,CUST104395,Current,2025-07-15 21:35:06.209078550,24606.03,ZAR,1
ACC201141,CUST102104,Savings,2024-05-22 14:56:57.570885181,-11415.47,ZAR,1
ACC201142,CUST102661,Current,2017-11-12 02:32:50.833711863,31207.52,ZAR,1
ACC201143,CUST102678,Savings,2017-07-29 08:13:55.624209881,19333.54,ZAR,1
ACC201144,CUST102752,Savings,2025-07-24 07:29:08.695266724,35013.09,ZAR,1
ACC201145,CUST101449,Current,2021-12-02 04:59:30.250012398,9033.41,ZAR,1
ACC201146,CUST101594,Current,2020-03-16 21:08:41.319037199,53295.37,ZAR,1
ACC201147,CUST100694,Savings,2023-02-09 14:11:31.317136526,83539.29,ZAR,1
ACC201148,CUST103642,Savings,2018-04-06 15:49:42.186959505,75589.17,ZAR,1
ACC201149,CUST101568,Current,2024-05-13 08:35:15.822619438,10503.93,ZAR,1
ACC201150,CUST100251,Business,2021-02-10 08:24:00.482982397,-9601.98,ZAR ,1
ACC201151,CUST100232,Current,2025-02-01 06:02:15.889102459,32824.36,ZAR,1
ACC201152,CUST104839,Credit Card,2022-06-15 20:21:14.779669046,104015.8,ZAR,1
ACC201153,CUST102139,Current,2018-01-05 17:20:37.319453239,22872.64,ZAR,1
ACC201154,CUST103031,Savings,2026-03-07 21:24:21.377377510,58549.65,ZAR,1
ACC201155,CUST102670,Savings,2019-08-30 06:47:23.648932219,56351.3,ZAR,1
ACC201156,CUST104228,Savings,2023-11-14 21:31:37.274238110,55881.6,ZAR,1
ACC201157,CUST104439,Fixed Deposit,2017-12-16 21:45:36.813045263,75913.91,ZAR,1
ACC201158,CUST103905,Savings,2019-10-31 05:48:22.602560043,-27672.54,ZAR,1
ACC201159,CUST104910,Savings,2023-07-20 22:39:30.550275803,-13529.13,ZAR,1
ACC201160,CUST101090,Current,2023-01-24 04:13:53.349871874,26902.17,ZAR,1
ACC201161,CUST102246,Credit Card,2025-11-15 22:38:01.574634552,74214.43,ZAR,1
ACC201162,CUST101445,Current,2024-03-28 18:53:35.899566412,74122.56,ZAR,0
ACC201163,CUST104164,Savings,2018-10-03 07:07:37.821708202,23159.46,ZAR,1
ACC201164,CUST101390,Fixed Deposit,2024-12-30 17:35:38.291665792,64926.89,ZAR,1
ACC201165,CUST103971,Savings,2025-09-01 02:57:20.994477749,8136.79,ZAR,1
ACC201166,CUST101127,Savings,2026-01-18 19:53:35.470733881,-8056.75,ZAR,1
ACC201167,CUST103464,Credit Card,2025-06-05 22:40:35.513261317,-28159.97,ZAR,1
ACC201168,CUST100079,Fixed Deposit,2023-01-20 09:43:37.019970417,19509.91,ZAR,1
ACC201169,CUST103943,Business,2024-03-20 07:08:27.773710012,11135.98,ZAR,1
ACC201170,CUST104134,Current,2022-07-03 10:00:33.733792305,65136.47,ZAR,1
ACC201171,CUST102815,Fixed Deposit,2018-09-14 09:25:13.827244043,47512.2,ZAR,1
ACC201172,CUST102689,Savings,2024-06-14 02:02:02.150545835,27169.22,ZAR,1
ACC201173,CUST102296,Fixed Deposit,2017-08-20 14:43:43.299326181,27331.11,ZAR,1
ACC201174,CUST102955,Credit Card,2019-12-30 09:56:12.424376488,8233.8,ZAR,1
ACC201175,CUST102827,Savings,2018-12-24 00:14:39.489160776,-46165.95,ZAR,1
ACC201176,CUST102458,Savings,2016-12-29 04:30:48.982792139,-22296.26,ZAR,1
ACC201177,CUST102603,Credit Card,2024-04-02 09:15:12.802054167,56467.25,ZAR,1
ACC201178,CUST100621,Current,2020-06-19 05:59:03.539733648,19461.26,ZAR,1
ACC201179,CUST102329,Business,2021-02-07 03:45:44.912756205,-27474.55,ZAR,1
ACC201180,CUST102180,Fixed Deposit,2020-10-24 15:07:07.407458782,79682.71,ZAR,1
ACC201181,CUST104476,Credit Card,2022-12-26 00:40:09.813405275,92927.09,ZAR,1
ACC201182,CUST101468,Savings,2017-01-14 00:59:20.446939468,73180.47,ZAR,1
ACC201183,CUST104840,Credit Card,2020-10-19 09:58:01.504967928,41959.57,ZAR,1
ACC201184,CUST104460,Credit Card,2018-01-05 20:31:30.977595806,36448.06,ZAR,1
ACC201185,CUST103915,Current,2026-04-03 02:36:54.393126011,24016.5,ZAR,1
ACC201186,CUST103506,Savings,2015-09-12 13:08:26.474419594,31537.52,ZAR,1
ACC201187,CUST101584,Credit Card,2025-10-02 03:17:35.251878738,50148.49,ZAR,1
ACC201188,CUST100813,Savings,2015-09-11 10:37:36.743107080,53297.19,ZAR,1
ACC201189,CUST103949,Savings,2016-04-07 04:44:46.175983906,43164.73,ZAR,1
ACC201190,CUST103509,Savings,2025-06-30 11:58:12.304644585,-106079.46,ZAR,1
ACC201191,CUST104157,Savings,2022-07-03 09:56:59.071895599,71047.46,ZAR,1
ACC201192,CUST102741,Current,2018-10-04 06:37:28.309096098,32979.77,ZAR ,1
ACC201193,CUST104491,Savings,2021-10-24 18:42:42.442835569,-29298.23,ZAR,1
ACC201194,CUST100408,Current,2016-12-03 19:48:54.884142876,32921.33,ZAR,1
ACC201195,CUST100548,Fixed Deposit,2015-10-02 09:18:47.253885746,37099.87,ZAR,1
ACC201196,CUST100347,Current,2015-07-28 05:41:21.284253359,-37832.47,ZAR,1
ACC201197,CUST101607,Current,2018-02-16 04:43:01.453730106,-702.88,ZAR,1
ACC201198,CUST100737,Savings,2017-01-28 20:38:56.676038504,-19235.54,ZAR,1
ACC201199,CUST100203,Current,2019-09-03 01:00:30.901848555,,ZAR,1
ACC201200,CUST104052,Current,2025-02-25 07:14:32.205338478,47814.86,ZAR,1
ACC201201,CUST100780,Fixed Deposit,2019-05-21 06:53:33.243686199,112.5,ZAR,1
ACC201202,CUST104149,Fixed Deposit,2019-08-13 22:14:35.929977179,28731.17,ZAR,1
ACC201203,CUST103213,Current,2016-05-25 20:52:30.028609753,54504.74,ZAR,1
ACC201204,CUST103040,Savings,2026-06-14 05:07:26.553978443,7644.33,ZAR,1
ACC201205,CUST100584,Credit Card,2016-09-06 09:22:19.925260067,56101.21,ZAR,1
ACC201206,CUST100078,Business,2018-12-02 01:02:22.584928513,79205.26,ZAR,1
ACC201207,CUST100697,Business,2025-12-14 11:43:32.729676723,58848.89,ZAR,0
ACC201208,CUST101585,Business,2020-04-08 07:59:43.534893990,48996.03,ZAR,1
ACC201209,CUST104782,Savings,2018-12-01 04:04:32.649098873,59178.51,ZAR,1
ACC201210,CUST102004,Credit Card,2023-04-14 03:15:06.210048199,40798.03,ZAR,1
ACC201211,CUST101166,Savings,2015-05-20 16:59:17.650926113,58954.05,ZAR,1
ACC201212,CUST101421,Savings,2018-09-20 15:55:15.771586180,-21949.8,ZAR,1
ACC201213,CUST101674,Current,2021-09-20 09:08:57.446170807,22019.99,ZAR,1
ACC201214,CUST102905,Savings,2026-06-23 23:14:18.562014818,40685.48,zar,1
ACC201215,CUST104031,Savings,2026-03-16 17:14:35.392266273,22002.09,ZAR,0
ACC201216,CUST100311,Savings,2022-04-02 18:32:21.074018717,125095.47,ZAR,1
ACC201217,CUST103873,Savings,2018-12-09 16:14:23.680770397,17342.97,ZAR,1
ACC201218,CUST100099,Savings,2021-05-15 17:22:51.762095690,-46300.61,ZAR,0
ACC201219,CUST101608,Current,2025-10-25 06:24:32.374148607,27204.58,ZAR,1
ACC201220,CUST102939,Savings,2022-09-23 03:22:28.894281626,58132.39,ZAR,1
ACC201221,CUST100524,Current,2016-09-23 03:16:19.496058464,-9914.63,ZAR,1
ACC201222,CUST101322,Current,2026-04-02 15:08:52.084230185,23532.09,ZAR,1
ACC201223,CUST103192,Savings,2025-06-13 07:55:33.108462334,22071.78,zar,1
ACC201224,CUST103432,Credit Card,2017-07-05 23:16:28.879270077,22616.22,ZAR,0
ACC201225,CUST100414,Savings,2022-08-10 10:57:52.602772236,1070.39,ZAR,1
ACC201226,CUST103887,Fixed Deposit,2025-03-03 21:31:49.959322214,68877.58,ZAR,1
ACC201227,CUST102040,Business,2017-07-21 19:11:46.364124298,111696.98,ZAR,1
ACC201228,CUST103055,Fixed Deposit,2025-09-12 00:08:35.490028381,-8580.54,ZAR,1
ACC201229,CUST101063,Current,2017-01-31 14:39:00.753342628,-27277.27,ZAR,1
ACC201230,CUST104948,Credit Card,2019-02-19 19:52:03.243401051,7499.63,ZAR,1
ACC201231,CUST103805,Savings,2025-12-03 09:56:30.829969406,81280.8,ZAR,1
ACC201232,CUST103214,Fixed Deposit,2025-12-18 09:33:53.868506908,14679.35,ZAR,1
ACC201233,CUST100929,Savings,2015-04-09 11:47:58.147652149,39649.8,zar,1
ACC201234,CUST103863,Current,2025-01-12 20:15:56.333606243,-11492.89,ZAR,1
ACC201235,CUST101887,Current,2023-01-13 10:47:03.847937107,96352.32,ZAR,1
ACC201236,CUST103205,Credit Card,2025-02-04 09:04:32.266936779,13184.3,ZAR,1
ACC201237,CUST103250,Credit Card,2020-05-07 21:38:48.783978224,34976.35,ZAR,1
ACC201238,CUST104027,Savings,2026-05-14 18:38:50.319427490,-6838.56,ZAR,1
ACC201239,CUST104180,Savings,2023-09-01 00:29:15.556029797,-10687.27,ZAR,1
ACC201240,CUST101953,Credit Card,2023-10-18 02:08:12.626580477,24855.12,ZAR,1
ACC201241,CUST100405,Business,2019-12-11 22:49:13.580472231,29162.9,ZAR,1
ACC201242,CUST102171,Savings,2019-07-18 12:29:51.394438028,59511.07,ZAR,1
ACC201243,CUST102000,Credit Card,2017-05-19 12:13:45.830995083,-42509.33,ZAR,1
ACC201244,CUST101675,Current,2015-09-04 08:50:40.690815210,-13038.32,ZAR,1
ACC201245,CUST102443,Savings,2025-06-10 04:31:33.497748375,-2489.49,ZAR,1
ACC201246,CUST102882,Savings,2021-11-03 15:08:46.544695616,29804.13,ZAR,1
ACC201247,CUST103116,Credit Card,2021-06-18 19:53:46.436709642,-20181.88,ZAR,0
ACC201248,CUST101873,Savings,2018-11-30 20:28:13.509409903,21182.72,ZAR ,1
ACC201249,CUST103082,Fixed Deposit,2023-07-26 22:17:50.466449738,-747.85,ZAR,1
ACC201250,CUST104939,Savings,2019-09-18 02:34:23.902845144,19577.61,ZAR,1
ACC201251,CUST103253,Current,2024-05-16 10:21:14.376846313,-5986.54,ZAR,1
ACC201252,CUST103015,Savings,2015-12-04 15:43:02.815761328,-15462.8,ZAR,1
ACC201253,CUST101428,Credit Card,2017-11-12 15:15:01.363655329,36403.02,ZAR,1
ACC201254,CUST101678,Savings,2018-04-13 19:44:16.287187576,69519.26,ZAR,1
ACC201255,CUST100258,Savings,2015-04-09 16:28:51.970591784,57537.1,ZAR,1
ACC201256,CUST102540,Current,2022-09-07 08:34:24.010675192,69507.86,ZAR,1
ACC201257,CUST100372,Current,2023-02-15 20:23:56.768273354,74201.29,ZAR,1
ACC201258,CUST103903,Current,2019-10-15 15:33:27.542976618,18577.45,ZAR,1
ACC201259,CUST104785,Savings,2024-03-18 18:24:42.638687611,99836.65,zar,1
ACC201260,CUST104030,Savings,2026-01-17 06:42:13.609630108,55244.93,ZAR,1
ACC201261,CUST100783,Savings,2023-07-14 05:59:46.145241737,-12994.66,ZAR,1
ACC201262,CUST103185,Savings,2022-10-18 22:42:59.015640735,-1746.66,ZAR,1
ACC201263,CUST102152,Savings,2020-03-16 21:31:30.874365568,31035.72,ZAR,1
ACC201264,CUST100011,Savings,2021-05-30 05:26:14.243987083,60221.39,ZAR,0
ACC201265,CUST103582,Current,2018-05-03 17:05:06.917044163,15845.87,ZAR,1
ACC201266,CUST104343,Savings,2017-10-29 14:08:40.324728727,-13843.2,ZAR,1
ACC201267,CUST102308,Current,2015-04-21 20:54:30.002443314,56619.28,ZAR,1
ACC201268,CUST104549,Credit Card,2020-07-27 01:35:15.604285479,-19675.24,ZAR,1
ACC201269,CUST100277,Credit Card,2017-08-10 01:57:54.626244307,37155.43,ZAR,1
ACC201270,CUST104358,Current,2020-05-30 22:44:29.802772284,26725.93,ZAR,1
ACC201271,CUST103405,Savings,2024-05-29 06:26:25.073737860,-28698.14,ZAR,1
ACC201272,CUST103355,Current,2019-04-02 23:19:53.333400726,96091.81,ZAR,1
ACC201273,CUST102515,Savings,2018-09-23 14:58:31.693421841,,ZAR,1
ACC201274,CUST100135,Current,2020-03-05 02:31:14.435492992,-22438.86,ZAR,1
ACC201275,CUST102261,Fixed Deposit,2020-09-26 22:31:01.229449034,26941.98,ZAR,1
ACC201276,CUST104753,Current,2018-02-27 09:20:06.302113533,-44204.85,ZAR,1
ACC201277,CUST102312,Fixed Deposit,2021-12-12 15:55:25.894277573,39443.61,ZAR,1
ACC201278,CUST100339,Savings,2015-05-03 15:35:49.263932467,59443.72,ZAR,1
ACC201279,CUST102470,Savings,2020-08-18 07:11:14.543782473,133075.37,ZAR,1
ACC201280,CUST100747,Savings,2022-07-08 08:47:05.391176462,28914.34,ZAR,1
ACC201281,CUST102106,Savings,2020-05-26 07:11:16.440462589,-1357.04,ZAR,1
ACC201282,CUST103139,Savings,2026-05-01 01:12:57.117394686,33268.38,ZAR,1
ACC201283,CUST100334,Fixed Deposit,2016-10-17 19:08:30.103668690,82613.96,ZAR,1
ACC201284,CUST102309,Current,2020-03-31 09:53:31.323686361,45036.23,ZAR,1
ACC201285,CUST102528,Fixed Deposit,2018-05-19 07:08:32.309486389,58307.17,ZAR,1
ACC201286,CUST103773,Fixed Deposit,2025-06-17 15:16:15.198498726,55402.22,ZAR,0
ACC201287,CUST100339,Credit Card,2017-01-29 17:34:19.250205994,45253.26,ZAR,0
ACC201288,CUST103165,Fixed Deposit,2021-01-14 15:10:01.294963360,-31073.66,zar,1
ACC201289,CUST103108,Savings,2019-11-30 20:59:08.000078201,-33252.27,ZAR,0
ACC201290,CUST100020,Fixed Deposit,2025-08-15 20:46:19.955930471,-38172.5,ZAR,1
ACC201291,CUST100597,Current,2021-06-16 15:56:02.668025255,-22899.65,ZAR,1
ACC201292,CUST103214,Current,2020-05-23 17:40:12.293139458,-18294.61,ZAR,1
ACC201293,CUST104300,Current,2021-10-17 05:05:04.364808321,99388.97,ZAR,1
ACC201294,CUST104291,Fixed Deposit,2023-03-29 07:11:10.742462873,-3274.17,ZAR,1
ACC201295,CUST103843,Fixed Deposit,2015-05-16 07:11:57.214740038,28994.41,ZAR,0
ACC201296,CUST104260,Savings,2017-11-09 19:24:35.667895794,15244.3,ZAR,1
ACC201297,CUST103033,Savings,2017-09-24 02:50:07.271744013,32740.11,zar,1
ACC201298,CUST100787,Savings,2019-10-24 21:38:45.868450165,27802.56,ZAR ,1
ACC201299,CUST102657,Credit Card,2021-09-04 01:05:48.233574867,-25238.97,ZAR,1
ACC201300,CUST101736,Savings,2025-08-10 05:05:35.158015490,48909.68,ZAR,1
ACC201301,CUST101275,Current,2021-07-21 04:58:48.618967772,-2193.07,ZAR,1
ACC201302,CUST100597,Savings,2017-02-06 13:17:52.284182072,-3534.9,ZAR,1
ACC201303,CUST100099,Fixed Deposit,2021-02-02 08:56:55.463377476,12741.33,ZAR,0
ACC201304,CUST103757,Credit Card,2019-12-18 20:51:03.419474363,57358.62,ZAR,1
ACC201305,CUST100851,Current,2022-06-24 11:01:39.965061426,17.6,ZAR,1
ACC201306,CUST103137,Savings,2022-05-17 18:36:59.976059198,28671.25,ZAR,1
ACC201307,CUST101512,Credit Card,2022-08-24 09:52:03.729820490,41113.88,zar,1
ACC201308,CUST102422,Savings,2026-07-20 13:03:07.826907158,35273.21,ZAR,1
ACC201309,CUST101987,Current,2015-04-27 18:29:46.015314579,33082.99,ZAR,1
ACC201310,CUST101498,Fixed Deposit,2023-10-30 06:28:07.252422810,-31142.92,ZAR,1
ACC201311,CUST102403,Current,2024-11-24 23:54:08.488176346,30074.77,ZAR,1
ACC201312,CUST103935,Fixed Deposit,2017-11-02 22:39:02.569248676,-11588.8,zar,1
ACC201313,CUST102520,Current,2023-10-09 18:33:53.033308983,-45398.96,ZAR,1
ACC201314,CUST103957,Current,2016-03-20 01:51:20.404840231,6494.0,ZAR ,1
ACC201315,CUST104553,Fixed Deposit,2021-04-13 21:55:56.134533882,4246.11,ZAR,1
ACC201316,CUST102455,Credit Card,2018-09-25 17:33:10.529372931,143407.75,ZAR,1
ACC201317,CUST104013,Fixed Deposit,2017-08-22 10:33:14.640050650,64047.99,ZAR,1
ACC201318,CUST100622,Credit Card,2022-06-30 12:32:00.128609419,56372.08,ZAR,1
ACC201319,CUST102829,Savings,2019-08-31 02:24:16.706809044,8690.84,ZAR,1
ACC201320,CUST102326,Savings,2016-12-03 10:28:05.065509081,17589.45,ZAR,1
ACC201321,CUST100028,Credit Card,2022-01-09 21:38:32.507791996,127862.72,ZAR,1
ACC201322,CUST104480,Fixed Deposit,2020-11-13 19:28:52.605526686,-437.19,ZAR,1
ACC201323,CUST103707,Credit Card,2015-06-28 16:21:43.330399036,35196.97,ZAR,1
ACC201324,CUST102920,Savings,2024-07-03 19:27:17.407018661,98652.17,ZAR,1
ACC201325,CUST103478,Current,2026-06-05 22:50:03.063370228,-3947.62,ZAR,1
ACC201326,CUST103770,Current,2018-12-18 18:08:34.067967892,30991.61,ZAR,1
ACC201327,CUST103888,Current,2026-06-08 06:28:03.767269611,24274.12,ZAR,1
ACC201328,CUST101473,Current,2026-07-14 07:45:17.774353743,-10551.31,ZAR,1
ACC201329,CUST102089,Business,2020-05-18 06:47:50.067387819,55998.1,ZAR,1
ACC201330,CUST101715,Current,2025-08-30 10:55:35.538758993,-19612.8,ZAR,1
ACC201331,CUST104555,Savings,2024-01-23 01:30:50.623609543,56034.5,ZAR,1
ACC201332,CUST100585,Current,2024-08-30 20:59:06.488183022,42181.92,ZAR,1
ACC201333,CUST104536,Savings,2016-06-02 04:59:11.920465231,60917.58,ZAR,1
ACC201334,CUST101714,Current,2024-01-14 18:10:23.406691551,17231.89,ZAR,1
ACC201335,CUST103892,Fixed Deposit,2017-09-27 13:32:04.738881826,40578.11,ZAR,0
ACC201336,CUST100848,Current,2023-08-28 20:09:39.344640970,66047.21,ZAR,1
ACC201337,CUST104217,Fixed Deposit,2017-09-24 20:22:12.295562506,-31356.18,ZAR,1
ACC201338,CUST102694,Credit Card,2024-01-29 23:47:30.570862293,-23338.18,ZAR,1
ACC201339,CUST104924,Current,2025-05-08 14:28:30.960397243,48270.16,ZAR,1
ACC201340,CUST101969,Current,2020-10-23 08:46:24.297583818,57919.36,ZAR,1
ACC201341,CUST104972,Current,2020-01-07 13:34:35.275568485,30420.19,ZAR,1
ACC201342,CUST104178,Savings,2016-09-08 06:43:55.406397581,61798.23,ZAR,1
ACC201343,CUST100040,Savings,2017-09-25 05:03:17.745301962,10511.93,ZAR,1
ACC201344,CUST101913,Credit Card,2026-06-29 01:42:31.113093853,75685.6,ZAR,1
ACC201345,CUST102028,Savings,2023-06-19 07:27:02.799295425,22095.13,ZAR,1
ACC201346,CUST101061,Savings,2023-11-28 06:15:09.608997822,-6149.35,ZAR,1
ACC201347,CUST104390,Current,2024-06-05 06:05:13.232580900,81994.78,ZAR,1
ACC201348,CUST100421,Business,2021-10-04 19:12:33.724107981,58074.73,ZAR,1
ACC201349,CUST101293,Savings,2020-02-09 21:55:17.163753510,,ZAR,1
ACC201350,CUST101262,Credit Card,2019-01-12 09:51:28.953406096,7789.08,ZAR,1
ACC201351,CUST102092,Current,2015-04-26 07:54:07.921339035,49035.08,ZAR,1
ACC201352,CUST103486,Savings,2024-05-18 02:48:45.598048210,-15021.96,ZAR,1
ACC201353,CUST100034,Savings,2025-01-06 10:56:15.287825346,37821.15,ZAR,1
ACC201354,CUST103131,Savings,2018-12-21 15:48:17.530267238,18251.03,ZAR,1
ACC201355,CUST102024,Current,2020-12-18 12:55:15.613601685,33590.45,ZAR,1
ACC201356,CUST103099,Current,2021-09-11 00:49:45.732122421,-55852.76,ZAR,0
ACC201357,CUST100308,Current,2022-08-13 01:45:22.549757004,,ZAR,1
ACC201358,CUST104290,Savings,2022-07-12 00:28:05.648236275,35146.79,ZAR,1
ACC201359,CUST102886,Savings,2017-04-12 03:11:39.761465788,67104.64,ZAR,1
ACC201360,CUST101264,Savings,2022-12-14 14:33:59.050525188,19753.88,ZAR,1
ACC201361,CUST103947,Fixed Deposit,2023-09-19 05:27:07.642784119,53902.21,ZAR,1
ACC201362,CUST102353,Savings,2015-03-15 00:55:02.887672186,-34262.73,ZAR,1
ACC201363,CUST101951,Current,2022-02-26 15:34:30.416217089,7056.22,ZAR,1
ACC201364,CUST100840,Credit Card,2019-10-29 17:10:50.825042963,36194.24,ZAR,1
ACC201365,CUST102452,Savings,2025-04-02 02:16:29.852611065,22505.37,ZAR,1
ACC201366,CUST101093,Savings,2025-12-05 23:42:23.744023800,55504.7,ZAR,1
ACC201367,CUST103668,Current,2021-10-05 06:04:47.981823921,14725.14,ZAR,1
ACC201368,CUST101854,Fixed Deposit,2019-08-18 08:21:47.323865175,15115.18,ZAR,1
ACC201369,CUST100592,Fixed Deposit,2025-11-12 00:46:10.174430847,51145.12,ZAR,0
ACC201370,CUST103535,Savings,2018-02-15 06:02:53.832008600,3504.31,ZAR,1
ACC201371,CUST104225,Savings,2020-09-14 11:48:10.521219254,-11306.45,zar,1
ACC201372,CUST104168,Savings,2019-02-02 17:03:27.117656708,43594.12,ZAR,1
ACC201373,CUST102424,Savings,2016-10-11 20:32:07.212321997,-13548.2,ZAR,1
ACC201374,CUST101536,Business,2025-05-10 21:05:24.001118422,81741.6,ZAR,1
ACC201375,CUST101107,Savings,2017-11-25 13:22:42.994078159,-48683.63,ZAR,1
ACC201376,CUST101988,Savings,2024-03-18 07:01:09.391864061,13069.92,ZAR,1
ACC201377,CUST100507,Savings,2023-09-21 23:53:41.152476311,90065.08,ZAR,1
ACC201378,CUST104438,Fixed Deposit,2022-09-21 17:21:20.528835772,104033.54,ZAR,1
ACC201379,CUST101245,Current,2016-04-06 00:25:15.080433369,21350.1,ZAR,1
ACC201380,CUST103901,Savings,2019-08-22 17:12:47.900920391,69158.92,ZAR,1
ACC201381,CUST101925,Savings,2025-09-25 15:10:54.004527569,56004.63,ZAR,1
ACC201382,CUST103451,Savings,2019-03-28 19:55:14.676620245,5338.42,ZAR,0
ACC201383,CUST104553,Savings,2015-03-27 22:49:51.802525759,43688.27,ZAR,1
ACC201384,CUST102035,Fixed Deposit,2023-05-28 03:18:02.623685837,-9463.45,ZAR,1
ACC201385,CUST104824,Current,2022-12-18 12:37:11.403025150,-37480.85,ZAR,1
ACC201386,CUST101705,Current,2021-09-20 00:45:47.217519283,45170.66,ZAR,1
ACC201387,CUST101272,Current,2019-03-15 22:06:49.807166338,-872200.105670216,ZAR,1
ACC201388,CUST103617,Current,2018-09-27 11:34:06.268724680,-22418.95,ZAR,1
ACC201389,CUST100703,Credit Card,2017-08-28 22:52:05.568543196,19290.65,ZAR,0
ACC201390,CUST100466,Savings,2021-11-08 02:15:11.668244839,-22444.48,ZAR,1
ACC201391,CUST101840,Current,2026-07-15 16:31:26.391343117,6547.31,ZAR,0
ACC201392,CUST102717,Current,2024-01-27 21:22:19.941543341,7541.16,ZAR,1
ACC201393,CUST102340,Savings,2022-08-01 23:22:07.655013561,54634.46,ZAR ,1
ACC201394,CUST100304,Savings,2021-08-05 23:54:56.254471779,4996.37,ZAR,1
ACC201395,CUST102741,Fixed Deposit,2023-03-03 12:59:19.982256889,-25471.65,ZAR,1
ACC201396,CUST103116,Fixed Deposit,2020-10-24 02:27:46.744065046,,ZAR,1
ACC201397,CUST101423,Savings,2024-10-24 14:51:40.172138691,44796.32,ZAR,1
ACC201398,CUST102842,Savings,2021-09-27 07:47:08.723431349,60841.06,ZAR,1
ACC201399,CUST101774,Current,2017-11-12 17:28:52.833162308,49327.65,ZAR,0
ACC201400,CUST100298,Credit Card,2021-07-10 18:17:21.444923401,62641.89,ZAR,1
ACC201401,CUST103720,Current,2017-11-04 01:49:25.096847057,42461.87,ZAR,1
ACC201402,CUST102099,Fixed Deposit,2021-03-15 21:04:56.982058048,43605.08,ZAR,1
ACC201403,CUST104918,Fixed Deposit,2024-04-26 11:10:10.855123758,30092.94,ZAR,1
ACC201404,CUST100962,Savings,2023-06-05 13:48:35.607630253,7435.88,ZAR,1
ACC201405,CUST100037,Savings,2018-02-17 14:25:23.034859896,60466.84,ZAR,1
ACC201406,CUST103990,Savings,2023-06-12 21:53:45.780328512,14415.87,ZAR,1
ACC201407,CUST104311,Fixed Deposit,2016-06-07 14:58:27.324529171,29709.4,ZAR,1
ACC201408,CUST104566,Current,2022-06-22 19:32:50.824702024,39803.24,ZAR,1
ACC201409,CUST104947,Fixed Deposit,2018-08-24 21:43:08.889865160,43181.8,ZAR,1
ACC201410,CUST101573,Credit Card,2022-02-23 12:47:17.983477592,-15573.79,ZAR,0
ACC201411,CUST103394,Credit Card,2024-12-26 18:44:10.872819662,33047.91,ZAR,1
ACC201412,CUST100146,Savings,2016-07-19 19:46:56.953333139,-15831.84,ZAR,1
ACC201413,CUST102087,Savings,2023-01-25 02:26:38.484008551,32143.48,ZAR,1
ACC201414,CUST104488,Fixed Deposit,2022-11-30 10:43:15.114753723,56191.18,ZAR,1
ACC201415,CUST103171,Current,2023-10-07 19:00:41.098801136,96994.5,ZAR,1
ACC201416,CUST104222,Business,2026-03-24 03:06:37.303062916,48107.66,ZAR,1
ACC201417,CUST104730,Savings,2020-08-04 22:00:18.604082584,59558.25,ZAR,1
ACC201418,CUST103984,Current,2016-07-30 14:00:08.059922457,-18510.16,ZAR,1
ACC201419,CUST103436,Current,2023-01-22 20:30:33.915832043,46526.9,ZAR,1
ACC201420,CUST101781,Savings,2021-04-25 15:31:39.466162682,-19617.5,ZAR,1
ACC201421,CUST102657,Current,2024-05-27 08:12:27.429437876,73097.76,ZAR,1
ACC201422,CUST100398,Fixed Deposit,2024-03-08 07:54:27.662017345,-17649.08,ZAR,1
ACC201423,CUST102885,Current,2023-06-29 02:24:29.804838419,-14085.49,ZAR,1
ACC201424,CUST104874,Current,2019-08-07 11:57:07.973844051,55189.31,ZAR,0
ACC201425,CUST100739,Credit Card,2020-07-05 04:24:16.062721968,92190.84,ZAR ,1
ACC201426,CUST102467,Credit Card,2025-08-10 21:23:27.605099916,67314.03,ZAR,1
ACC201427,CUST104497,Credit Card,2020-01-19 03:51:00.044296265,10840.79,ZAR,1
ACC201428,CUST101783,Current,2021-10-17 07:46:33.931922913,-14573.96,ZAR,1
ACC201429,CUST102945,Current,2022-12-01 06:25:07.563605547,7886.28,ZAR,0
ACC201430,CUST103886,Current,2016-05-04 13:30:59.921226978,30028.87,ZAR,1
ACC201431,CUST103940,Business,2023-11-29 14:58:35.031764984,21904.12,ZAR ,1
ACC201432,CUST103353,Fixed Deposit,2015-03-05 05:47:33.500581980,-16154.92,zar,1
ACC201433,CUST100313,Current,2026-05-17 04:11:09.234754562,76446.6,ZAR,1
ACC201434,CUST100209,Savings,2021-08-01 07:59:40.115082502,77316.99,ZAR,1
ACC201435,CUST103773,Fixed Deposit,2016-12-11 21:16:51.624839783,100398.02,ZAR,1
ACC201436,CUST104791,Savings,2024-01-31 03:05:20.031009197,-41419.15,ZAR,0
ACC201437,CUST101338,Savings,2024-10-12 08:06:54.590851784,-7345.15,ZAR,1
ACC201438,CUST102780,Current,2017-05-16 04:15:32.703469515,35033.91,ZAR,1
ACC201439,CUST100356,Current,2015-06-24 12:13:18.540982485,25193.46,ZAR,1
ACC201440,CUST100941,Savings,2021-01-27 14:44:24.435531616,7017.71,zar,1
ACC201441,CUST102422,Savings,2022-06-02 14:18:52.972497940,-9247.73,zar,1
ACC201442,CUST100079,Credit Card,2016-12-12 18:03:36.257284163,-14908.99,ZAR,1
ACC201443,CUST102943,Current,2021-07-03 14:15:18.657872438,106046.08,ZAR,0
ACC201444,CUST102761,Savings,2021-02-04 15:12:21.770863295,,ZAR,1
ACC201445,CUST100463,Savings,2025-01-01 00:33:31.841985941,-37300.41,ZAR ,0
ACC201446,CUST102970,Credit Card,2024-06-12 23:07:46.364793539,-22527.58,ZAR,1
ACC201447,CUST102277,Savings,2016-07-12 04:14:43.108484507,32688.28,ZAR,1
ACC201448,CUST100498,Savings,2023-03-10 16:34:32.901020527,14078.63,ZAR,1
ACC201449,CUST101093,Business,2020-10-28 03:05:07.545480490,41545.16,ZAR,1
ACC201450,CUST102724,Current,2020-05-26 06:31:43.561937571,-3267.03,ZAR,1
ACC201451,CUST104054,Current,2016-11-17 16:19:12.903516531,28523.03,ZAR,1
ACC201452,CUST102158,Current,2023-08-29 12:49:46.565361977,28390.47,ZAR,1
ACC201453,CUST103160,Current,2025-01-21 04:29:32.191596270,87991.14,zar,1
ACC201454,CUST102188,Current,2017-05-19 07:14:19.834931612,96160.29,ZAR,0
ACC201455,CUST104307,Current,2015-05-05 09:17:33.296608448,18962.19,ZAR,1
ACC201456,CUST104876,Credit Card,2022-01-20 16:53:24.269453526,59197.38,ZAR,1
ACC201457,CUST102112,Savings,2026-05-13 19:46:20.890162945,31494.72,ZAR,1
ACC201458,CUST101479,Current,2022-11-11 09:14:16.039516449,55830.28,ZAR,1
ACC201459,CUST102879,Savings,2017-12-04 22:34:29.634639502,40394.35,ZAR,1
ACC201460,CUST104420,Credit Card,2025-02-08 15:49:13.255492926,54437.06,ZAR,1
ACC201461,CUST102997,Credit Card,2021-03-26 00:07:58.533560991,59122.88,ZAR ,1
ACC201462,CUST101722,Credit Card,2020-11-26 06:43:08.673103333,41983.04,ZAR,1
ACC201463,CUST103881,Current,2015-08-31 06:58:53.067096233,30471.13,ZAR,1
ACC201464,CUST100897,Current,2015-09-14 15:15:34.599586248,66712.81,ZAR,1
ACC201465,CUST101364,Credit Card,2021-09-16 10:38:32.275821209,19614.09,ZAR,1
ACC201466,CUST100761,Savings,2024-05-05 07:37:44.968699217,1956.1,ZAR,1
ACC201467,CUST104564,Business,2023-09-21 21:40:58.419508457,-37168.0,ZAR,1
ACC201468,CUST104703,Savings,2025-11-23 10:27:01.022516966,42012.02,ZAR,1
ACC201469,CUST104792,Current,2020-10-27 16:22:44.445723057,52692.09,ZAR,1
ACC201470,CUST100116,Credit Card,2022-03-10 15:44:51.458253384,-43956.36,ZAR,1
ACC201471,CUST104496,Credit Card,2022-04-07 00:15:22.868438721,448.91,ZAR,1
ACC201472,CUST101095,Current,2019-05-28 05:30:13.615468025,55040.31,ZAR,1
ACC201473,CUST104762,Current,2015-01-13 00:09:36.852506161,19252.98,ZAR,1
ACC201474,CUST101702,Current,2024-09-18 13:09:44.909895897,27209.98,ZAR,1
ACC201475,CUST101530,Current,2015-10-11 19:09:57.105502129,61505.7,ZAR,1
ACC201476,CUST103283,Current,2026-02-09 16:30:04.844360352,20674.96,ZAR,1
ACC201477,CUST103950,Credit Card,2024-10-09 12:02:54.929255962,40372.09,ZAR,1
ACC201478,CUST101879,Savings,2016-03-15 00:08:53.573196411,-18236.44,ZAR,1
ACC201479,CUST104121,Current,2016-05-31 04:20:10.772313595,39061.94,ZAR,1
ACC201480,CUST100102,Savings,2023-07-16 00:13:23.525597334,-28553.61,ZAR,1
ACC201481,CUST104492,Credit Card,2021-04-18 17:01:57.342997074,-26870.26,ZAR,1
ACC201482,CUST102584,Savings,2022-07-07 21:33:11.987378120,4862.68,ZAR,1
ACC201483,CUST102683,Current,2018-05-11 12:07:48.175164461,46953.16,ZAR,1
ACC201484,CUST104422,Savings,2025-03-27 00:21:47.611145496,27099.23,ZAR,1
ACC201485,CUST100274,Savings,2021-04-15 18:31:46.756948948,-6570.7,ZAR,1
ACC201486,CUST104432,Current,2021-07-19 22:25:46.945952177,60099.32,zar,1
ACC201487,CUST101015,Current,2026-06-22 03:59:04.980959415,37750.03,ZAR,1
ACC201488,CUST104957,Current,2023-12-08 15:30:03.613534927,66802.21,ZAR,1
ACC201489,CUST103595,Business,2022-12-23 15:43:39.619908810,-10629.61,zar,1
ACC201490,CUST101711,Savings,2025-01-13 22:05:52.872159481,,ZAR ,1
ACC201491,CUST100331,Savings,2026-06-23 17:01:45.772526264,88276.81,ZAR,1
ACC201492,CUST100612,Current,2024-05-30 00:32:00.778035164,61465.22,ZAR,0
ACC201493,CUST100609,Credit Card,2024-05-04 00:34:31.348053455,44514.81,ZAR,1
ACC201494,CUST100347,Savings,2017-03-20 08:53:17.117214441,44857.43,ZAR,0
ACC201495,CUST103079,Savings,2025-02-11 05:55:33.657269955,38226.65,ZAR ,1
ACC201496,CUST104335,Credit Card,2025-03-16 12:45:07.811840057,-29926.37,ZAR,1
ACC201497,CUST103998,Current,2021-11-30 12:46:22.839133501,1053.73,ZAR,1
ACC201498,CUST103741,Fixed Deposit,2022-07-15 03:43:33.895431995,20838.66,ZAR,1
ACC201499,CUST104902,Savings,2022-03-23 13:21:33.283668756,-16215.27,ZAR,1
ACC201500,CUST103137,Savings,2021-04-24 03:13:17.257323026,82394.64,ZAR,1
ACC201501,CUST100474,Current,2017-02-14 17:01:53.721908808,45014.08,ZAR,1
ACC201502,CUST102483,Savings,2022-08-14 01:57:44.523846626,96293.93,ZAR,1
ACC201503,CUST103790,Current,2019-05-24 21:18:31.965150595,,ZAR,1
ACC201504,CUST102286,Savings,2021-03-19 09:43:58.602741003,-30868.49,ZAR,1
ACC201505,CUST101535,Current,2025-06-08 16:52:55.827669382,77279.05,ZAR,1
ACC201506,CUST102469,Fixed Deposit,2016-04-06 19:33:10.610965729,6973.86,ZAR,1
ACC201507,CUST103905,Fixed Deposit,2026-01-24 13:47:30.442874432,79581.3,ZAR,1
ACC201508,CUST101819,Savings,2021-07-31 11:02:00.963366985,85323.45,ZAR,1
ACC201509,CUST101765,Savings,2025-12-31 17:55:45.448101521,79067.63,ZAR,1
ACC201510,CUST102373,Fixed Deposit,2017-04-28 17:50:11.048290253,67935.85,ZAR,1
ACC201511,CUST102096,Current,2015-08-18 15:21:23.765377760,42335.4,ZAR,1
ACC201512,CUST101051,Current,2022-03-11 21:00:14.988788605,24587.08,ZAR,1
ACC201513,CUST101399,Credit Card,2021-02-06 15:05:33.323458195,100403.96,ZAR,1
ACC201514,CUST100588,Savings,2023-07-06 13:42:40.587879658,35895.23,ZAR,1
ACC201515,CUST103757,Current,2021-12-19 03:15:02.798508406,9588.8,ZAR ,1
ACC201516,CUST101056,Fixed Deposit,2020-12-15 10:24:12.512998104,42676.57,ZAR,1
ACC201517,CUST104892,Current,2025-06-14 18:23:20.623237133,70953.28,ZAR,1
ACC201518,CUST104854,Credit Card,2018-09-30 00:24:43.950790405,69480.44,ZAR,1
ACC201519,CUST103361,Fixed Deposit,2018-02-22 15:17:03.594872713,-18444.0,ZAR,1
ACC201520,CUST104953,Savings,2024-04-23 21:15:46.984679699,68212.31,ZAR,1
ACC201521,CUST104318,Fixed Deposit,2019-01-27 10:10:05.629849434,52573.51,ZAR,0
ACC201522,CUST103757,Savings,2021-07-09 19:29:00.415732861,11181.23,zar,1
ACC201523,CUST101778,Fixed Deposit,2022-02-10 10:11:46.600826979,,ZAR,1
ACC201524,CUST104185,Savings,2018-05-30 14:04:39.735288620,82203.47,ZAR,1
ACC201525,CUST101704,Savings,2019-02-13 19:27:13.251554728,86153.43,ZAR,1
ACC201526,CUST100517,Credit Card,2015-06-22 03:51:53.115537643,87790.86,ZAR,1
ACC201527,CUST102828,Fixed Deposit,2018-03-28 10:31:03.165479898,-27316.83,ZAR,1
ACC201528,CUST100615,Credit Card,2018-10-11 08:53:20.519356251,16615.35,ZAR,1
ACC201529,CUST100461,Credit Card,2015-03-13 02:12:27.306899071,27278.39,ZAR,1
ACC201530,CUST100463,Business,2024-07-13 23:39:59.260651112,85099.14,ZAR,0
ACC201531,CUST104557,Current,2025-04-03 00:39:22.207249403,57303.51,ZAR,1
ACC201532,CUST100315,Fixed Deposit,2017-01-19 21:24:24.846786261,16046.33,ZAR,1
ACC201533,CUST101972,Savings,2022-01-05 00:15:12.381771326,31479.69,ZAR,1
ACC201534,CUST103736,Savings,2020-02-13 12:25:14.411566257,53551.8,ZAR,1
ACC201535,CUST104010,Savings,2016-06-24 16:01:05.674176693,54907.36,ZAR,1
ACC201536,CUST100282,Fixed Deposit,2015-04-16 14:17:22.990612507,92220.74,ZAR,1
ACC201537,CUST104469,Savings,2022-09-07 19:36:14.074196577,83260.93,ZAR,0
ACC201538,CUST104745,Savings,2015-12-04 02:02:22.597620726,74882.71,ZAR,1
ACC201539,CUST104849,Savings,2025-04-27 00:35:34.329212666,-5568.15,ZAR,1
ACC201540,CUST103270,Savings,2024-02-23 06:02:27.904238224,-3115.34,ZAR,1
ACC201541,CUST102561,Current,2023-05-22 18:02:14.648966074,-14629.93,ZAR,0
ACC201542,CUST100854,Savings,2024-10-04 21:09:47.763966322,41926.28,ZAR,1
ACC201543,CUST100617,Fixed Deposit,2016-03-26 23:52:44.517922401,6217.23,ZAR,1
ACC201544,CUST104087,Fixed Deposit,2022-04-05 19:08:07.150729895,48827.33,ZAR,1
ACC201545,CUST104251,Current,2017-05-23 01:02:18.490086555,54601.63,zar,1
ACC201546,CUST104118,Savings,2021-01-07 14:07:58.844867945,34857.81,ZAR,1
ACC201547,CUST103091,Fixed Deposit,2019-02-25 16:03:02.887632132,61282.07,ZAR,1
ACC201548,CUST102819,Current,2016-06-01 16:59:49.837111712,372.13,ZAR ,1
ACC201549,CUST100967,Savings,2023-07-05 01:58:22.354466915,-32924.8,ZAR,1
ACC201550,CUST100454,Savings,2018-06-30 21:56:02.479212284,-2035.89,ZAR,1
ACC201551,CUST101004,Savings,2016-06-03 21:12:22.995150328,59716.0,ZAR,1
ACC201552,CUST102003,Current,2025-03-08 22:12:41.548907518,99828.57,ZAR,1
ACC201553,CUST101506,Current,2016-07-23 12:05:11.862111568,85424.42,ZAR,1
ACC201554,CUST102742,Credit Card,2017-05-18 21:53:07.755475283,18318.39,ZAR,1
ACC201555,CUST103908,Current,2015-04-11 07:27:57.134813309,64774.47,ZAR,1
ACC201556,CUST103718,Savings,2021-01-02 13:33:29.551874161,-29094.16,ZAR,1
ACC201557,CUST104140,Current,2024-07-23 01:38:16.073966265,88375.39,ZAR,1
ACC201558,CUST101492,Credit Card,2024-11-09 16:28:13.057031631,47536.32,ZAR,1
ACC201559,CUST104678,Savings,2023-08-13 04:43:20.281092882,58205.89,ZAR,1
ACC201560,CUST104365,Savings,2020-06-16 19:05:50.947930813,-49868.44,ZAR,1
ACC201561,CUST101744,Credit Card,2025-04-20 09:11:51.257571459,45193.5,ZAR,1
ACC201562,CUST101253,Current,2023-11-19 23:15:28.183316231,100523.01,ZAR,1
ACC201563,CUST104439,Savings,2025-04-19 11:39:31.200441122,38635.51,ZAR ,1
ACC201564,CUST104990,Current,2017-10-09 22:38:50.967400551,23211.95,ZAR,1
ACC201565,CUST102325,Current,2021-12-18 10:33:20.079885244,16673.96,ZAR ,1
ACC201566,CUST100575,Savings,2015-04-02 06:49:19.351106644,-1905.95,zar,1
ACC201567,CUST103032,Credit Card,2021-01-14 21:18:54.928964615,30534.71,ZAR,1
ACC201568,CUST104164,Current,2025-02-26 05:23:39.096412659,-21702.36,ZAR,1
ACC201569,CUST102344,Savings,2023-07-21 17:14:57.404420137,44987.76,ZAR,1
ACC201570,CUST100661,Fixed Deposit,2023-12-28 04:51:19.897971392,71383.48,ZAR,1
ACC201571,CUST103677,Current,2018-09-03 06:58:42.478720665,9805.22,ZAR,1
ACC201572,CUST103796,Business,2019-08-12 04:36:15.172415018,42343.05,ZAR,1
ACC201573,CUST104374,Savings,2026-06-03 20:52:23.050102949,24443.75,ZAR,1
ACC201574,CUST104311,Current,2018-02-04 13:49:08.449219942,42796.59,ZAR,1
ACC201575,CUST102389,Current,2015-12-31 19:03:28.304800749,63414.08,ZAR,0
ACC201576,CUST101564,Fixed Deposit,2019-07-04 12:48:48.983622789,43585.81,zar,1
ACC201577,CUST100827,Credit Card,2023-11-20 09:55:42.438093185,61415.95,ZAR,1
ACC201578,CUST100506,Current,2021-01-23 21:05:33.828517914,47871.52,ZAR,1
ACC201579,CUST104134,Credit Card,2015-07-04 21:29:36.898453474,61530.08,ZAR,1
ACC201580,CUST104999,Savings,2022-09-12 18:48:47.645622969,39651.8,ZAR,1
ACC201581,CUST103216,Credit Card,2023-07-09 14:43:17.910394430,40252.49,ZAR ,0
ACC201582,CUST104855,Current,2021-12-24 17:47:59.967670918,54668.45,ZAR,1
ACC201583,CUST101537,Savings,2016-12-25 18:18:11.288594246,24105.1,ZAR,1
ACC201584,CUST103784,Savings,2017-03-19 03:53:10.408199072,44996.03,ZAR,1
ACC201585,CUST101984,Savings,2019-09-20 00:47:36.363234758,-8654.98,ZAR,1
ACC201586,CUST101932,Savings,2019-02-24 05:09:55.913208961,-45505.42,ZAR,1
ACC201587,CUST103200,Savings,2016-03-06 22:59:22.170090675,30676.96,ZAR,1
ACC201588,CUST100672,Savings,2024-12-14 00:16:57.373009205,-4975.81,ZAR,1
ACC201589,CUST102061,Current,2025-09-16 03:17:44.501114368,104180.81,ZAR,1
ACC201590,CUST102090,Current,2016-08-31 08:28:56.490458965,-5091.92,ZAR ,1
ACC201591,CUST102152,Savings,2021-07-06 17:09:21.516153573,57456.92,ZAR,1
ACC201592,CUST103601,Current,2019-12-23 23:17:18.364950895,-1589.83,ZAR,1
ACC201593,CUST101390,Savings,2019-09-27 02:26:40.295395374,25854.38,ZAR,1
ACC201594,CUST100761,Current,2021-09-20 19:01:18.004774809,-17896.48,ZAR,1
ACC201595,CUST103054,Fixed Deposit,2020-04-08 07:01:47.947614193,-21615.21,ZAR,0
ACC201596,CUST100084,Credit Card,2020-03-24 20:38:02.582277536,38192.89,ZAR,1
ACC201597,CUST104940,Current,2016-08-30 13:30:18.847177029,10873.1,ZAR,1
ACC201598,CUST104520,Current,2023-03-25 23:54:45.326101542,56450.76,ZAR,1
ACC201599,CUST101914,Savings,2021-09-19 02:24:39.570503473,76659.39,ZAR,1
ACC201600,CUST103499,Current,2015-08-25 21:25:29.627722502,-37026.59,ZAR,1
ACC201601,CUST102594,Savings,2019-05-08 02:05:04.026833534,68709.72,ZAR,1
ACC201602,CUST103469,Current,2017-07-10 05:04:15.617082119,-13452.36,ZAR,0
ACC201603,CUST101096,Business,2019-07-08 13:09:24.577942133,11677.53,ZAR,1
ACC201604,CUST104735,Credit Card,2016-05-17 18:31:31.476341724,-31074.89,ZAR,1
ACC201605,CUST104407,Current,2022-01-26 14:34:59.131381512,-29879.76,ZAR,1
ACC201606,CUST102603,Credit Card,2021-09-25 20:17:56.451562405,-52807.75,ZAR,1
ACC201607,CUST104387,Credit Card,2021-11-12 10:30:46.391066313,8820.65,ZAR,1
ACC201608,CUST101590,Current,2019-03-29 15:05:17.400203228,27449.18,ZAR,1
ACC201609,CUST103928,Fixed Deposit,2023-05-13 05:42:46.188961744,10140.91,ZAR,1
ACC201610,CUST104547,Current,2024-10-04 09:27:55.489113331,-46625.59,ZAR,1
ACC201611,CUST103480,Credit Card,2019-10-28 03:25:28.268752337,-53278.32,ZAR,1
ACC201612,CUST104929,Savings,2020-01-06 19:27:56.252995968,25404.62,ZAR,1
ACC201613,CUST101070,Current,2025-05-28 10:15:35.253628254,56561.12,ZAR,1
ACC201614,CUST100102,Savings,2022-01-03 20:36:42.786808014,34911.52,ZAR,1
ACC201615,CUST102633,Savings,2020-11-25 22:49:13.703846455,99716.25,ZAR,1
ACC201616,CUST101653,Current,2023-07-16 02:58:11.374230385,23475.28,ZAR,1
ACC201617,CUST103196,Fixed Deposit,2018-08-04 21:45:02.859038115,37617.28,ZAR,1
ACC201618,CUST101812,Credit Card,2015-05-19 13:33:31.214365959,24159.53,ZAR,0
ACC201619,CUST104343,Savings,2023-02-17 03:04:59.641853809,-6261.12,ZAR ,1
ACC201620,CUST100556,Savings,2022-06-25 20:34:39.527187824,18430.41,ZAR,1
ACC201621,CUST104818,Savings,2019-12-18 17:26:50.668903828,58540.25,ZAR,1
ACC201622,CUST101107,Savings,2015-07-13 22:21:14.408466816,60102.74,ZAR,1
ACC201623,CUST101634,Savings,2025-11-20 11:48:56.025453091,39302.58,ZAR,1
ACC201624,CUST100122,Savings,2023-06-19 03:39:19.238624334,88290.74,ZAR,1
ACC201625,CUST103393,Savings,2019-06-19 20:35:54.732622147,43299.48,ZAR,1
ACC201626,CUST103482,Savings,2017-04-30 10:57:13.285002708,38070.17,ZAR,0
ACC201627,CUST104647,Savings,2021-06-07 02:30:21.969041348,85088.02,ZAR,1
ACC201628,CUST100534,Fixed Deposit,2015-03-31 22:24:46.007994413,-3601.21,ZAR,1
ACC201629,CUST102412,Business,2020-04-17 23:24:30.115675211,82121.26,ZAR,1
ACC201630,CUST104438,Credit Card,2026-06-12 21:37:10.785539627,-13957.83,zar,1
ACC201631,CUST100150,Savings,2023-07-24 19:27:01.824614048,14359.12,ZAR,1
ACC201632,CUST102919,Savings,2026-05-29 06:08:32.446394205,-48456.59,zar,1
ACC201633,CUST101149,Current,2019-08-03 03:21:31.763511181,35049.67,ZAR,1
ACC201634,CUST101780,Credit Card,2016-01-04 13:01:37.652073860,78024.31,ZAR,1
ACC201635,CUST103778,Current,2026-03-06 10:00:15.732315779,-12512.33,ZAR,1
ACC201636,CUST104044,Credit Card,2025-01-07 23:57:12.833074093,13687.39,ZAR,1
ACC201637,CUST100028,Current,2021-07-07 12:48:01.944369078,16133.99,ZAR,1
ACC201638,CUST103253,Business,2017-08-30 05:38:29.721593142,16396.47,ZAR,1
ACC201639,CUST101971,Credit Card,2023-07-22 21:38:47.506544352,-16914.22,ZAR,1
ACC201640,CUST103765,Savings,2015-03-23 08:23:30.071132660,26500.18,ZAR,1
ACC201641,CUST104207,Savings,2025-08-04 00:59:09.129635572,87800.34,ZAR,1
ACC201642,CUST104388,Current,2023-01-28 01:53:48.190002441,4964.36,ZAR,1
ACC201643,CUST100511,Savings,2017-01-13 14:22:47.050796509,34208.74,ZAR,1
ACC201644,CUST104038,Current,2016-11-26 23:48:11.816309690,33888.33,ZAR,0
ACC201645,CUST104822,Current,2015-09-03 05:50:24.690147638,9174.06,ZAR,1
ACC201646,CUST103895,Current,2023-12-04 04:02:07.858823538,36130.57,zar,1
ACC201647,CUST101884,Fixed Deposit,2016-06-24 19:39:14.363586903,,ZAR,1
ACC201648,CUST103649,Savings,2021-01-08 21:32:50.345328331,41705.22,ZAR ,1
ACC201649,CUST100338,Fixed Deposit,2019-02-24 03:11:55.059049606,22179.79,ZAR,1
ACC201650,CUST101887,Savings,2021-05-11 14:14:39.140192747,,ZAR,1
ACC201651,CUST104121,Fixed Deposit,2023-01-18 01:02:09.565021753,-46962.16,ZAR,1
ACC201652,CUST103259,Savings,2017-06-07 03:16:35.634335518,-60518.07,ZAR,0
ACC201653,CUST101325,Current,2017-04-28 02:22:16.129318475,8593.87,ZAR,1
ACC201654,CUST102828,Fixed Deposit,2018-11-29 01:08:34.081375360,58227.32,ZAR,0
ACC201655,CUST100008,Savings,2025-10-30 20:24:29.010573387,-4202.52,zar,1
ACC201656,CUST104817,Credit Card,2020-02-22 06:01:05.904764652,15123.76,ZAR,0
ACC201657,CUST102753,Current,2017-12-22 22:19:50.886157751,-1153.31,ZAR,1
ACC201658,CUST102504,Current,2021-01-06 16:49:22.425642967,-8398.94,ZAR,1
ACC201659,CUST101666,Current,2017-02-01 23:20:17.529138803,113104.07,ZAR,1
ACC201660,CUST101109,Savings,2023-11-11 18:14:41.098278999,-6922.68,ZAR,0
ACC201661,CUST101643,Current,2018-09-12 12:30:20.218049288,-29089.21,ZAR,1
ACC201662,CUST102288,Savings,2026-05-19 13:25:12.484272480,-10797.91,ZAR ,1
ACC201663,CUST102128,Credit Card,2022-04-18 10:43:22.870678186,27990.31,ZAR,1
ACC201664,CUST102073,Current,2022-01-30 22:04:18.411027908,2061.26,ZAR,1
ACC201665,CUST102540,Savings,2018-05-13 21:47:18.810951233,36437.05,ZAR,1
ACC201666,CUST102342,Savings,2017-01-24 15:46:37.586590528,-4211.76,ZAR,0
ACC201667,CUST101549,Current,2015-11-25 22:31:24.824707985,1481.08,zar,1
ACC201668,CUST102905,Savings,2024-11-28 11:47:24.333183289,-3294.16,ZAR,1
ACC201669,CUST101231,Current,2026-05-06 19:13:55.877050400,21343.98,ZAR,1
ACC201670,CUST104740,Business,2017-06-29 12:58:24.020662308,53541.93,ZAR,1
ACC201671,CUST103335,Savings,2026-07-04 04:43:55.417609930,57767.49,ZAR,1
ACC201672,CUST101405,Current,2022-02-18 07:35:52.160408497,81301.27,ZAR,1
ACC201673,CUST103463,Fixed Deposit,2024-02-10 18:26:39.485404015,-27500.88,ZAR,1
ACC201674,CUST104845,Fixed Deposit,2026-06-12 17:25:27.108217955,-16594.27,ZAR,1
ACC201675,CUST103824,Savings,2026-04-18 09:15:37.275015593,-11745.21,ZAR,1
ACC201676,CUST103897,Credit Card,2021-07-30 18:57:06.642062187,24866.31,ZAR,1
ACC201677,CUST101090,Savings,2021-02-07 12:16:22.022741795,-18085.46,ZAR,1
ACC201678,CUST100914,Credit Card,2022-10-29 10:35:57.958214283,-2562.52,ZAR,1
ACC201679,CUST102807,Savings,2017-07-18 15:41:46.945524454,52378.28,ZAR,1
ACC201680,CUST101402,Savings,2019-07-03 15:33:10.481645107,67803.18,ZAR,1
ACC201681,CUST100601,Current,2024-08-01 16:20:52.808616161,52720.83,ZAR,1
ACC201682,CUST104546,Savings,2016-04-09 10:25:04.805953503,37820.81,ZAR,0
ACC201683,CUST101726,Current,2020-04-25 18:59:31.431877613,-1504.42,ZAR,1
ACC201684,CUST104006,Savings,2018-08-28 09:00:57.973709345,25850.65,ZAR,1
ACC201685,CUST103658,Business,2021-09-29 23:25:01.058534145,70628.08,ZAR,1
ACC201686,CUST100716,Current,2017-03-12 03:30:37.750844479,51462.23,ZAR,1
ACC201687,CUST100938,Current,2025-09-30 16:28:46.695446968,60385.9,ZAR,1
ACC201688,CUST102922,Savings,2024-03-02 20:16:11.658034325,63026.11,ZAR,1
ACC201689,CUST103119,Business,2015-12-10 18:03:18.778198004,11881.25,ZAR,1
ACC201690,CUST101384,Current,2018-10-10 09:18:55.480056524,,ZAR,1
ACC201691,CUST100766,Savings,2015-07-02 16:55:46.669802189,9809.39,ZAR,1
ACC201692,CUST103148,Current,2016-06-05 02:32:47.345145702,48806.7,ZAR ,1
ACC201693,CUST101180,Savings,2019-11-28 00:09:13.936490774,,ZAR,1
ACC201694,CUST100867,Savings,2018-10-25 14:29:37.488428831,87153.08,ZAR,1
ACC201695,CUST101892,Savings,2021-01-11 05:08:31.147254467,48788.12,ZAR ,1
ACC201696,CUST101759,Current,2018-05-15 11:38:34.990258217,40756.43,ZAR,1
ACC201697,CUST102011,Savings,2018-11-06 02:53:05.404717684,80509.8,ZAR,0
ACC201698,CUST101942,Credit Card,2026-02-05 02:08:41.100403786,-9582.74,ZAR,1
ACC201699,CUST102828,Savings,2025-02-17 20:24:47.362208843,82833.42,ZAR,1
ACC201700,CUST102688,Savings,2015-02-26 13:58:37.392804861,30228.34,zar,1
ACC201701,CUST100186,Savings,2021-12-22 15:03:56.671875238,30520.53,ZAR,1
ACC201702,CUST101196,Current,2016-08-24 08:11:12.695752144,6963.67,ZAR,1
ACC201703,CUST102522,Savings,2024-02-22 07:25:41.439908028,-21928.37,ZAR,1
ACC201704,CUST103638,Savings,2024-09-06 01:49:40.542322159,83863.16,ZAR,1
ACC201705,CUST100151,Savings,2022-08-25 09:32:28.126034260,41160.35,zar,1
ACC201706,CUST104046,Business,2022-10-18 11:50:03.318079710,10232.99,ZAR,1
ACC201707,CUST100471,Savings,2024-11-10 14:25:07.630561829,39000.18,ZAR,1
ACC201708,CUST103199,Savings,2016-03-06 18:27:53.155622482,11533.34,ZAR,1
ACC201709,CUST101093,Current,2023-03-13 10:28:42.313673973,-43191.85,ZAR,1
ACC201710,CUST104515,Current,2016-05-22 07:38:42.850920677,17876.45,ZAR,1
ACC201711,CUST103465,Savings,2015-06-28 23:00:10.867748022,-31278.53,ZAR,1
ACC201712,CUST103952,Fixed Deposit,2022-05-25 06:47:38.891769886,34513.6,zar,1
ACC201713,CUST104057,Current,2018-02-24 22:02:28.924950361,88435.97,ZAR,1
ACC201714,CUST100220,Current,2015-07-14 01:42:30.817264318,-653.69,ZAR,1
ACC201715,CUST104234,Current,2015-09-25 00:44:28.540813684,56637.01,ZAR,1
ACC201716,CUST100423,Credit Card,2026-05-07 02:22:29.377223969,-596.37,ZAR,1
ACC201717,CUST102713,Savings,2017-08-01 16:35:33.157575846,24183.09,ZAR,1
ACC201718,CUST103299,Fixed Deposit,2019-09-22 03:18:13.270651340,-10118.4,ZAR,1
ACC201719,CUST104499,Savings,2018-02-01 09:59:29.330338478,49772.94,ZAR,1
ACC201720,CUST103609,Current,2025-10-31 10:40:37.535493612,78858.99,ZAR,1
ACC201721,CUST103559,Savings,2015-11-09 06:22:19.415217876,32697.83,ZAR,1
ACC201722,CUST104839,Current,2021-04-16 18:22:28.819389343,46421.55,zar,1
ACC201723,CUST100081,Credit Card,2020-07-14 01:21:35.388272285,46346.86,ZAR,1
ACC201724,CUST100016,Current,2023-01-06 14:53:36.346038342,15056.65,ZAR,1
ACC201725,CUST100951,Savings,2025-05-27 21:08:44.826366901,77295.36,ZAR,1
ACC201726,CUST101184,Credit Card,2015-01-02 16:22:52.366948843,4292.83,ZAR,1
ACC201727,CUST102499,Fixed Deposit,2015-03-12 01:08:36.660411835,-37895.49,ZAR,1
ACC201728,CUST104158,Savings,2019-05-15 21:41:21.315802336,-11855.71,ZAR ,1
ACC201729,CUST101963,Savings,2019-08-26 20:19:33.793231726,49629.58,ZAR ,1
ACC201730,CUST104457,Current,2025-04-24 17:16:32.528369903,9522.47,ZAR,1
ACC201731,CUST103204,Credit Card,2018-03-25 14:27:46.558373928,28712.32,ZAR,1
ACC201732,CUST102322,Savings,2024-10-28 10:57:59.223714828,15458.15,ZAR,0
ACC201733,CUST103965,Savings,2016-01-13 14:38:20.724710941,32235.6,ZAR,1
ACC201734,CUST102418,Current,2015-11-24 09:59:44.671660423,68734.09,ZAR,1
ACC201735,CUST100213,Credit Card,2023-08-18 20:37:08.111331224,86021.42,ZAR,1
ACC201736,CUST104268,Savings,2023-10-31 23:36:56.440881252,-13773.35,ZAR,1
ACC201737,CUST100663,Current,2016-02-04 16:15:33.098058462,62281.12,ZAR,1
ACC201738,CUST102299,Credit Card,2026-07-02 14:55:01.923976660,32868.69,ZAR,1
ACC201739,CUST100779,Savings,2015-12-07 08:35:40.328571558,-23927.89,ZAR,1
ACC201740,CUST103937,Savings,2025-03-29 02:17:52.195984602,44769.71,ZAR ,1
ACC201741,CUST103186,Savings,2017-03-31 06:54:09.019637585,98939.1,ZAR,1
ACC201742,CUST104743,Credit Card,2015-04-03 23:41:21.505898237,-4522.95,ZAR,1
ACC201743,CUST104332,Current,2024-11-24 18:33:32.828446865,15851.49,ZAR,1
ACC201744,CUST101309,Credit Card,2017-02-18 17:31:40.212772608,-39236.43,ZAR,0
ACC201745,CUST101262,Current,2021-02-17 10:28:01.828537226,20329.27,ZAR,1
ACC201746,CUST101371,Savings,2024-07-29 09:00:54.612577438,31407.55,ZAR,1
ACC201747,CUST100768,Current,2016-10-16 10:59:49.605321884,103952.69,ZAR,1
ACC201748,CUST104693,Savings,2023-08-01 16:01:51.544765949,-12372.1,zar,1
ACC201749,CUST100413,Current,2021-02-26 10:04:39.879086018,63556.86,ZAR,0
ACC201750,CUST102121,Business,2017-12-18 07:32:45.301852226,37026.88,ZAR,1
ACC201751,CUST101408,Current,2015-06-25 18:47:53.464733362,114363.24,ZAR,1
ACC201752,CUST100078,Current,2018-01-17 05:01:00.354661226,32008.87,ZAR,1
ACC201753,CUST104153,Savings,2019-12-02 17:43:00.859637022,22942.59,ZAR,1
ACC201754,CUST102512,Current,2019-04-06 07:57:30.858993053,58864.46,ZAR,1
ACC201755,CUST104388,Credit Card,2023-04-21 11:29:13.512432813,44555.45,ZAR,1
ACC201756,CUST103083,Credit Card,2019-09-30 13:32:38.686550140,62427.23,ZAR,1
ACC201757,CUST102479,Business,2019-05-28 20:14:37.785193443,47450.13,ZAR,1
ACC201758,CUST101223,Business,2024-05-28 19:31:51.826990604,-34018.71,ZAR,1
ACC201759,CUST102955,Current,2020-05-16 09:57:02.360193968,45885.16,ZAR,1
ACC201760,CUST103637,Fixed Deposit,2026-05-31 14:59:10.373981714,44954.58,ZAR,1
ACC201761,CUST100139,Credit Card,2021-08-26 23:21:34.223406315,-4586.96,ZAR,1
ACC201762,CUST101164,Current,2025-11-08 09:26:40.803271770,36583.14,ZAR,1
ACC201763,CUST101808,Savings,2025-03-20 16:32:34.217593908,-48434.84,ZAR,1
ACC201764,CUST100598,Business,2019-10-18 08:51:36.370596886,35212.12,ZAR,1
ACC201765,CUST100421,Business,2022-02-04 13:56:18.570185423,52390.39,ZAR,1
ACC201766,CUST101246,Current,2016-08-18 14:08:10.096757650,63380.12,ZAR,1
ACC201767,CUST101704,Savings,2021-02-07 07:02:01.793038368,53030.1,ZAR ,1
ACC201768,CUST102669,Savings,2019-11-29 10:10:16.195454597,-10449.43,ZAR,1
ACC201769,CUST104068,Savings,2020-08-08 06:15:23.488942623,-33615.22,ZAR,1
ACC201770,CUST104278,Credit Card,2017-02-18 11:30:22.046042442,62647.83,ZAR,1
ACC201771,CUST101907,Current,2025-01-12 02:47:56.819574356,41196.61,ZAR,1
ACC201772,CUST102646,Current,2015-12-05 06:36:21.208974123,44726.96,ZAR ,0
ACC201773,CUST100070,Savings,2024-01-18 11:29:10.699573040,92250.87,ZAR,1
ACC201774,CUST104244,Current,2025-12-07 15:26:40.561312199,-39289.07,ZAR ,1
ACC201775,CUST101173,Credit Card,2016-03-25 19:19:09.698660612,97122.76,ZAR,1
ACC201776,CUST100320,Fixed Deposit,2020-01-09 11:39:31.550818205,2513.28,ZAR,1
ACC201777,CUST103012,Current,2021-10-10 08:07:34.279205084,57997.25,ZAR,1
ACC201778,CUST101862,Savings,2026-06-25 08:17:50.488262653,24473.56,ZAR,1
ACC201779,CUST102055,Savings,2025-01-08 13:40:40.865261793,11173.35,ZAR,1
ACC201780,CUST102175,Fixed Deposit,2019-10-19 04:31:00.733784437,-35356.7,ZAR,1
ACC201781,CUST103140,Fixed Deposit,2026-03-18 06:56:28.709193707,-1896.72,ZAR,1
ACC201782,CUST104008,Savings,2018-11-02 06:06:04.781634331,43680.78,ZAR,1
ACC201783,CUST102858,Savings,2018-12-09 03:54:11.101427555,39201.43,zar,1
ACC201784,CUST103053,Current,2020-11-11 11:22:52.104319096,63080.91,ZAR,0
ACC201785,CUST104043,Credit Card,2024-01-11 14:31:39.063939571,-2664.8,ZAR,1
ACC201786,CUST103925,Credit Card,2017-03-23 20:54:21.246114016,54871.49,ZAR,1
ACC201787,CUST100862,Savings,2023-08-07 15:12:22.456240416,,ZAR,1
ACC201788,CUST101692,Business,2015-01-12 10:07:06.402309656,50312.21,ZAR,1
ACC201789,CUST102468,Current,2018-01-15 06:56:33.173797607,45526.93,ZAR,1
ACC201790,CUST104670,Current,2026-04-15 00:03:52.393712282,6140.02,ZAR,1
ACC201791,CUST103034,Savings,2022-08-08 20:26:55.743347883,35087.97,ZAR ,0
ACC201792,CUST104068,Savings,2020-05-10 15:08:52.288681746,43436.25,ZAR,1
ACC201793,CUST103974,Savings,2023-06-23 08:34:46.159043312,56459.33,ZAR,1
ACC201794,CUST104577,Savings,2020-01-16 03:13:00.621241093,85205.94,ZAR,1
ACC201795,CUST102591,Fixed Deposit,2016-03-27 07:01:07.333171129,-375.5,ZAR,1
ACC201796,CUST101313,Credit Card,2020-10-05 17:14:47.161844254,-21655.41,zar,1
ACC201797,CUST102056,Business,2026-01-24 08:24:16.814852953,76466.25,ZAR,1
ACC201798,CUST100032,Current,2018-02-27 02:32:01.691767216,-26454.07,ZAR,1
ACC201799,CUST103418,Savings,2015-08-12 15:51:34.075123072,66343.38,ZAR,1
ACC201800,CUST103077,Current,2023-08-02 21:29:20.792015553,-11367.26,ZAR,1
ACC201801,CUST100825,Current,2020-04-06 03:10:29.969817162,-185.67,ZAR,1
ACC201802,CUST102462,Fixed Deposit,2018-11-16 19:14:25.668724537,21837.06,ZAR,1
ACC201803,CUST103580,Current,2020-08-24 06:58:05.563201666,-33055.07,ZAR,1
ACC201804,CUST103894,Savings,2025-10-08 21:33:06.548315763,-13800.87,ZAR ,1
ACC201805,CUST103879,Credit Card,2017-11-24 13:18:18.549836397,-41928.39,ZAR,0
ACC201806,CUST100487,Credit Card,2017-04-28 04:47:26.989563942,51768.78,ZAR,1
ACC201807,CUST101868,Current,2021-03-08 10:41:39.312532425,24536.27,zar,0
ACC201808,CUST102977,Savings,2020-05-13 19:03:44.547422647,25576.97,ZAR,1
ACC201809,CUST100526,Current,2016-09-25 15:27:13.303869486,22556.32,ZAR,1
ACC201810,CUST100994,Credit Card,2021-09-22 04:19:51.134630680,24292.88,ZAR,1
ACC201811,CUST104714,Savings,2021-08-27 02:15:47.378748178,5718.91,ZAR,1
ACC201812,CUST102572,Credit Card,2022-01-04 23:20:15.700230598,63254.44,ZAR,1
ACC201813,CUST102891,Savings,2019-10-16 08:09:08.729518175,-45526.41,ZAR,1
ACC201814,CUST100791,Savings,2018-05-11 21:44:48.454770088,-32705.36,ZAR,1
ACC201815,CUST103169,Savings,2018-10-20 19:54:20.351723671,79329.07,ZAR,1
ACC201816,CUST104561,Savings,2024-08-30 07:56:11.164544106,35683.09,ZAR,1
ACC201817,CUST104799,Savings,2022-03-29 03:49:31.762912750,-55986.67,ZAR,1
ACC201818,CUST100916,Credit Card,2019-08-11 15:21:31.307129622,37776.54,ZAR,1
ACC201819,CUST101109,Current,2022-02-07 02:51:35.458267212,-38581.36,ZAR,1
ACC201820,CUST102875,Savings,2019-01-18 20:48:22.756579876,77015.79,ZAR,1
ACC201821,CUST104433,Credit Card,2024-12-28 00:00:55.850621939,61802.72,ZAR,1
ACC201822,CUST100028,Current,2023-06-05 21:12:09.982156038,108890.14,ZAR ,1
ACC201823,CUST101125,Current,2016-03-03 00:18:27.503208160,13040.89,ZAR,1
ACC201824,CUST100782,Credit Card,2015-08-26 14:22:46.420975924,-23679.47,zar,1
ACC201825,CUST103947,Savings,2015-05-22 08:32:06.922720671,3377.67,ZAR ,1
ACC201826,CUST102496,Current,2015-04-27 11:11:39.947717428,4292.77,ZAR,1
ACC201827,CUST103572,Savings,2020-10-02 22:18:04.792553186,40421.71,ZAR,1
ACC201828,CUST100204,Savings,2017-02-03 23:03:42.350742340,-48262.26,ZAR,1
ACC201829,CUST100661,Savings,2022-10-24 06:34:30.892053127,24786.09,ZAR,1
ACC201830,CUST102713,Fixed Deposit,2020-08-04 02:01:48.456130266,-15577.68,ZAR,1
ACC201831,CUST102099,Savings,2016-01-31 09:46:25.282185555,4481.21,ZAR,1
ACC201832,CUST100921,Credit Card,2015-01-25 16:02:54.333844662,80319.5,ZAR,1
ACC201833,CUST101304,Credit Card,2015-06-05 08:17:46.317651510,65107.7,ZAR,1
ACC201834,CUST103632,Savings,2021-03-06 00:20:48.762887001,,ZAR,1
ACC201835,CUST100068,Savings,2021-10-17 08:04:09.925718069,50457.96,ZAR,1
ACC201836,CUST104341,Savings,2019-02-02 06:01:21.691693068,14421.91,ZAR,1
ACC201837,CUST100797,Savings,2015-11-30 17:58:38.845172882,23060.15,ZAR,1
ACC201838,CUST103792,Fixed Deposit,2025-10-28 17:36:46.387100458,-37903.01,ZAR,0
ACC201839,CUST103148,Savings,2019-09-13 04:02:57.886935472,-24354.55,ZAR,1
ACC201840,CUST100316,Current,2019-12-21 23:24:33.288665056,30068.71,ZAR,1
ACC201841,CUST103822,Savings,2019-06-02 13:34:50.690593719,-19792.31,ZAR,1
ACC201842,CUST102481,Current,2015-09-09 13:07:39.030114889,52590.16,ZAR,1
ACC201843,CUST101505,Savings,2023-03-25 04:37:42.725920677,23012.04,ZAR ,1
ACC201844,CUST100555,Savings,2022-09-13 03:31:37.375058413,13097.64,ZAR,1
ACC201845,CUST100577,Savings,2016-11-26 16:26:15.595515490,725.79,ZAR,1
ACC201846,CUST102045,Fixed Deposit,2018-02-10 02:28:34.515577316,43030.76,ZAR,1
ACC201847,CUST101472,Current,2021-05-02 11:18:04.262433529,52112.8,ZAR,0
ACC201848,CUST104197,Savings,2019-05-13 17:18:30.635452747,-10209.91,ZAR,1
ACC201849,CUST102714,Credit Card,2026-07-23 05:46:19.760152340,4024.78,ZAR,1
ACC201850,CUST100205,Credit Card,2020-10-01 02:24:31.775918722,17471.18,ZAR,1
ACC201851,CUST104384,Current,2025-03-20 19:55:30.408998966,37839.19,ZAR,1
ACC201852,CUST101258,Business,2017-05-15 12:17:18.691059589,37331.27,ZAR ,1
ACC201853,CUST103032,Savings,2021-06-10 19:33:26.494484425,20911.13,ZAR,1
ACC201854,CUST104132,Credit Card,2018-09-23 04:40:11.555432558,53327.92,ZAR,1
ACC201855,CUST103339,Credit Card,2025-10-27 22:36:28.933609247,19569.35,ZAR,1
ACC201856,CUST102029,Current,2021-05-20 11:50:47.558935165,-30866.56,ZAR,1
ACC201857,CUST100037,Current,2022-07-29 04:36:01.687386990,78487.99,ZAR,1
ACC201858,CUST101176,Savings,2015-11-18 13:37:48.419241905,64198.32,ZAR,1
ACC201859,CUST102847,Savings,2020-08-24 22:00:07.210005760,-30083.33,ZAR ,1
ACC201860,CUST104747,Current,2021-09-17 04:06:16.527696132,32140.57,zar,1
ACC201861,CUST100179,Fixed Deposit,2018-05-13 09:42:07.872083426,77022.89,ZAR,1
ACC201862,CUST100778,Savings,2023-07-10 07:01:49.934166431,12830.66,ZAR,1
ACC201863,CUST101791,Current,2020-05-27 15:12:04.578710079,55865.43,ZAR,1
ACC201864,CUST103943,Savings,2021-07-02 08:13:55.074602842,69422.1,ZAR,1
ACC201865,CUST104750,Savings,2019-03-07 17:38:49.904091120,35727.71,ZAR,1
ACC201866,CUST100890,Savings,2022-11-01 14:48:59.853321075,110721.8,ZAR,1
ACC201867,CUST102902,Business,2016-03-12 09:58:10.403408289,50994.32,ZAR,1
ACC201868,CUST104815,Savings,2020-11-11 08:12:37.334354877,29082.5,ZAR,1
ACC201869,CUST104992,Savings,2025-05-16 13:25:00.815586567,18317.92,ZAR,1
ACC201870,CUST103930,Savings,2017-09-21 19:51:57.071204424,23110.21,ZAR,1
ACC201871,CUST103893,Current,2025-01-21 12:50:38.652014971,2421.74,ZAR,1
ACC201872,CUST101382,Current,2025-04-01 18:26:22.334865332,-19539.46,ZAR,1
ACC201873,CUST101547,Savings,2017-09-01 17:26:05.568313837,-10966.21,ZAR,1
ACC201874,CUST104918,Savings,2015-12-08 11:09:41.958510637,19300.14,ZAR,1
ACC201875,CUST103113,Savings,2023-11-08 11:45:21.450689316,57132.32,ZAR,1
ACC201876,CUST100572,Savings,2026-02-06 19:14:52.733615398,38061.07,ZAR,1
ACC201877,CUST100345,Credit Card,2017-12-17 16:21:15.229489565,31761.44,ZAR,1
ACC201878,CUST104297,Credit Card,2025-07-29 00:09:36.850574493,109814.27,ZAR,1
ACC201879,CUST100648,Savings,2017-05-30 13:09:20.974378824,92314.29,ZAR,1
ACC201880,CUST103497,Current,2019-02-28 20:36:30.898857832,-11501.36,ZAR,1
ACC201881,CUST101608,Savings,2025-04-05 09:10:37.819752216,53176.73,ZAR ,1
ACC201882,CUST100869,Savings,2018-07-10 04:13:04.391139269,-22490.95,ZAR,1
ACC201883,CUST100570,Current,2023-10-02 14:13:23.807554483,35710.92,ZAR,1
ACC201884,CUST102731,Credit Card,2016-09-13 16:13:31.392500401,-29923.46,ZAR,1
ACC201885,CUST104018,Savings,2019-05-22 04:20:57.792698383,721.23,zar,1
ACC201886,CUST100059,Savings,2025-11-23 07:40:45.052792072,49955.56,ZAR,1
ACC201887,CUST103519,Savings,2017-08-15 04:11:11.331323147,6821.68,ZAR,0
ACC201888,CUST102865,Savings,2023-02-16 04:45:09.288776636,-18155.4,ZAR,1
ACC201889,CUST103971,Current,2025-08-25 17:06:11.683998585,-2501.52,ZAR,1
ACC201890,CUST102911,Credit Card,2024-02-03 08:36:19.194319248,-12750.64,ZAR,1
ACC201891,CUST100630,Savings,2025-12-23 23:50:43.728765726,41497.0,ZAR,1
ACC201892,CUST102042,Credit Card,2025-12-06 01:20:07.358372927,,ZAR,1
ACC201893,CUST104935,Business,2016-04-25 16:21:22.207832098,,ZAR,1
ACC201894,CUST104122,Savings,2021-12-20 00:47:59.461342335,66180.33,ZAR,1
ACC201895,CUST101757,Current,2019-12-11 18:22:51.705395699,2069.48,ZAR,1
ACC201896,CUST104653,Savings,2022-11-27 23:35:07.821659565,20954.07,ZAR,1
ACC201897,CUST100036,Current,2023-08-07 23:35:29.726480722,96356.8,ZAR,1
ACC201898,CUST102668,Fixed Deposit,2017-11-03 08:30:15.929427147,17886.1,ZAR,1
ACC201899,CUST103869,Fixed Deposit,2024-04-06 10:34:47.729228497,67798.3,ZAR,1
ACC201900,CUST103369,Current,2019-09-27 22:15:25.067706823,-3802.34,ZAR,1
ACC201901,CUST100894,Credit Card,2022-08-10 00:05:29.575000525,24194.29,ZAR,1
ACC201902,CUST100729,Current,2019-12-15 04:44:21.554991961,-9327.62,ZAR,1
ACC201903,CUST103717,Credit Card,2019-01-04 01:41:19.460541487,27658.85,ZAR,1
ACC201904,CUST104990,Fixed Deposit,2023-01-14 04:24:52.093550682,34578.5,ZAR,1
ACC201905,CUST103820,Credit Card,2021-04-11 06:23:59.981282711,55265.97,zar,1
ACC201906,CUST104289,Savings,2024-11-16 20:50:43.955332279,1833.52,ZAR,1
ACC201907,CUST104552,Savings,2024-02-07 19:36:48.139897585,18310.61,ZAR,1
ACC201908,CUST104745,Credit Card,2025-01-21 01:09:56.369734049,72547.15,ZAR,1
ACC201909,CUST103949,Savings,2023-11-14 05:09:04.595016479,-23358.55,ZAR,1
ACC201910,CUST103890,Current,2025-08-14 05:42:57.864735126,-74007.28,ZAR,1
ACC201911,CUST103948,Current,2016-10-24 16:49:03.699844837,-1138.31,ZAR,1
ACC201912,CUST101614,Credit Card,2022-06-02 05:41:26.811795235,49405.65,ZAR,1
ACC201913,CUST102702,Credit Card,2015-12-15 14:08:32.533796787,28315.58,zar,1
ACC201914,CUST101108,Savings,2020-10-14 12:11:40.408212662,-13247.72,ZAR,1
ACC201915,CUST102654,Current,2024-12-22 11:47:01.012322903,27856.32,ZAR,1
ACC201916,CUST102555,Credit Card,2023-05-28 06:40:02.375203133,10333.0,zar,1
ACC201917,CUST100342,Savings,2021-10-01 18:54:52.998208046,-37622.69,ZAR,1
ACC201918,CUST100412,Current,2023-01-14 13:26:56.185468912,11386.21,ZAR,1
ACC201919,CUST104753,Current,2017-01-03 00:18:24.244983912,54787.58,ZAR,1
ACC201920,CUST102759,Savings,2025-10-12 07:03:12.789637566,13884.29,ZAR,1
ACC201921,CUST100163,Savings,2017-06-17 18:11:07.522136210,-35519.43,ZAR,1
ACC201922,CUST101849,Savings,2016-12-07 06:54:48.588499069,94032.81,ZAR,1
ACC201923,CUST104456,Credit Card,2016-08-15 05:07:40.420052528,-14728.75,ZAR,1
ACC201924,CUST103639,Savings,2025-11-04 04:54:46.778009415,39914.48,ZAR,1
ACC201925,CUST104117,Current,2020-05-03 10:10:45.108344555,58404.98,ZAR,1
ACC201926,CUST103128,Current,2021-03-04 20:46:51.091750383,41869.14,ZAR,1
ACC201927,CUST103501,Savings,2019-05-23 06:37:12.848287821,15704.47,ZAR,1
ACC201928,CUST101232,Current,2015-04-26 09:19:50.567545414,-47654.45,ZAR,1
ACC201929,CUST104209,Savings,2015-10-09 23:34:59.581676722,71894.94,ZAR,1
ACC201930,CUST103667,Savings,2015-03-08 15:55:42.393863916,-21663.22,ZAR,1
ACC201931,CUST101196,Savings,2021-03-29 22:53:59.240250349,63884.59,ZAR,1
ACC201932,CUST101555,Current,2017-03-29 10:27:32.239592552,69435.62,ZAR,1
ACC201933,CUST103835,Current,2019-08-28 23:19:26.427501440,-23852.59,ZAR,0
ACC201934,CUST101242,Savings,2020-05-01 04:09:37.878917694,-24457.42,ZAR,1
ACC201935,CUST103345,Savings,2021-03-02 19:19:59.859095097,9275.07,ZAR,1
ACC201936,CUST102092,Savings,2025-05-04 13:38:49.861846209,61785.06,ZAR,1
ACC201937,CUST101435,Savings,2015-07-02 21:07:27.945294619,1092.87,ZAR,1
ACC201938,CUST100789,Savings,2020-09-21 14:07:35.551517725,28755.18,ZAR,1
ACC201939,CUST103608,Savings,2016-07-11 18:50:57.742776394,4916.94,ZAR,1
ACC201940,CUST101625,Current,2025-09-24 04:09:49.101960182,56427.28,ZAR,1
ACC201941,CUST102780,Fixed Deposit,2025-08-16 20:12:24.860629797,-396.34,ZAR,1
ACC201942,CUST101299,Savings,2016-08-14 22:30:25.313812494,-3831.21,ZAR,1
ACC201943,CUST100736,Credit Card,2016-05-11 10:18:30.105761766,-16298.23,ZAR,0
ACC201944,CUST100108,Savings,2016-04-09 17:58:03.166932344,-17532.34,ZAR,1
ACC201945,CUST104697,Savings,2016-02-19 21:26:18.974250793,67561.16,ZAR,1
ACC201946,CUST101504,Current,2016-10-30 18:01:50.887675762,10687.55,ZAR,1
ACC201947,CUST102880,Savings,2016-10-20 13:32:11.224674940,-13039.56,ZAR,0
ACC201948,CUST102334,Current,2016-11-22 14:37:19.362076283,-41841.88,ZAR,1
ACC201949,CUST101849,Savings,2016-09-20 11:25:39.632356405,14181.25,ZAR,1
ACC201950,CUST104148,Credit Card,2019-05-18 13:51:37.795229912,-7833.68,ZAR,1
ACC201951,CUST104554,Current,2017-12-09 23:26:00.799579620,-15424.09,ZAR,1
ACC201952,CUST100902,Credit Card,2019-10-31 05:50:28.606457710,-5964.91,ZAR,1
ACC201953,CUST100155,Savings,2025-05-08 12:55:36.520060539,29871.19,ZAR ,0
ACC201954,CUST101636,Savings,2019-01-28 19:33:26.827713013,-21437.84,ZAR,1
ACC201955,CUST100515,Credit Card,2018-04-26 18:49:01.436469078,12752.91,ZAR,1
ACC201956,CUST100146,Current,2025-08-03 17:15:47.246099710,60423.87,ZAR ,1
ACC201957,CUST104025,Current,2018-09-22 09:36:22.292049408,2863.41,ZAR,1
ACC201958,CUST100375,Current,2016-05-31 01:59:45.813248634,-17563.83,ZAR,1
ACC201959,CUST100351,Current,2022-03-03 07:21:35.407548428,67210.34,ZAR,0
ACC201960,CUST101780,Current,2018-04-06 23:48:33.937224150,21475.63,ZAR,1
ACC201961,CUST102839,Savings,2021-01-08 10:14:29.172247887,18014.49,ZAR ,1
ACC201962,CUST102499,Fixed Deposit,2023-11-23 14:01:34.761897564,45843.21,ZAR,1
ACC201963,CUST103728,Credit Card,2021-07-20 08:34:59.993781567,21542.83,ZAR,1
ACC201964,CUST103741,Savings,2024-05-14 02:02:07.522803068,27795.6,ZAR,1
ACC201965,CUST100082,Savings,2018-12-29 02:07:50.159949780,-37839.32,ZAR,1
ACC201966,CUST103815,Credit Card,2016-12-14 12:06:56.346950769,-8579.2,ZAR,1
ACC201967,CUST100213,Current,2019-07-28 10:36:40.797943592,99497.72,ZAR,0
ACC201968,CUST104569,Fixed Deposit,2019-10-09 10:54:48.030309200,-16610.66,ZAR,1
ACC201969,CUST101529,Current,2023-04-17 13:05:52.344341755,27746.55,ZAR,1
ACC201970,CUST104538,Savings,2022-12-15 07:55:17.135754108,94677.63,ZAR,0
ACC201971,CUST104996,Savings,2018-08-01 15:18:07.102317810,52471.72,ZAR,1
ACC201972,CUST100507,Current,2025-10-06 01:08:02.596622944,36616.43,ZAR,1
ACC201973,CUST101904,Current,2018-03-11 17:44:14.164672852,-7064.94,ZAR,1
ACC201974,CUST100560,Fixed Deposit,2026-07-17 01:00:28.411795855,67.6,ZAR,1
ACC201975,CUST104842,Credit Card,2015-05-19 07:48:32.256092787,12633.22,ZAR,1
ACC201976,CUST102483,Fixed Deposit,2022-10-20 22:08:51.200547695,38485.01,ZAR,1
ACC201977,CUST104187,Credit Card,2022-03-08 11:49:39.522805690,75902.7,ZAR,1
ACC201978,CUST102947,Current,2021-10-10 06:00:11.674011946,29702.24,zar,1
ACC201979,CUST104238,Current,2024-01-09 18:06:19.865527391,2165.57,ZAR,1
ACC201980,CUST102989,Current,2021-11-04 09:44:41.568314314,21134.77,ZAR,1
ACC201981,CUST100242,Current,2022-01-23 22:48:49.976577520,45826.33,ZAR,1
ACC201982,CUST102431,Credit Card,2025-02-28 05:24:22.562395096,,ZAR,0
ACC201983,CUST103274,Savings,2017-02-28 22:08:57.143625736,15050.25,ZAR,1
ACC201984,CUST104905,Fixed Deposit,2021-02-24 19:06:54.568391562,-19811.1,zar,1
ACC201985,CUST104164,Current,2023-04-01 04:30:29.677088022,68081.11,ZAR,0
ACC201986,CUST102544,Current,2018-07-26 07:42:16.732765198,14526.46,ZAR,1
ACC201987,CUST104029,Savings,2017-07-17 10:04:44.524585247,34814.58,ZAR,1
ACC201988,CUST104676,Savings,2016-06-29 06:06:16.466017485,-2066.62,ZAR,1
ACC201989,CUST104379,Current,2018-01-16 04:07:19.682312250,-3090.19,ZAR,1
ACC201990,CUST104940,Savings,2022-09-18 12:13:13.926125526,44894.88,ZAR,1
ACC201991,CUST101796,Savings,2022-02-14 07:17:29.265635729,-25656.78,ZAR,1
ACC201992,CUST102220,Savings,2016-12-27 12:18:55.794362307,-21540.05,ZAR,1
ACC201993,CUST100071,Savings,2020-09-08 13:55:37.390334845,85348.4,ZAR,1
ACC201994,CUST100668,Fixed Deposit,2017-06-23 05:54:12.145388603,58046.88,ZAR,1
ACC201995,CUST104082,Current,2025-11-03 03:57:14.894896030,41671.28,ZAR,1
ACC201996,CUST101629,Current,2023-05-22 02:06:39.251695871,-17900.14,ZAR,1
ACC201997,CUST102194,Business,2017-01-03 04:19:37.520245074,33825.33,ZAR,1
ACC201998,CUST101792,Savings,2018-05-10 11:35:30.277608395,22052.96,ZAR,1
ACC201999,CUST104633,Business,2024-11-17 12:37:09.159451962,7308.55,ZAR,1
ACC202000,CUST104441,Fixed Deposit,2021-06-14 15:02:05.446719408,21414.72,ZAR,1
ACC202001,CUST103697,Current,2019-02-14 16:33:41.862364292,-32236.2,ZAR,1
ACC202002,CUST104808,Current,2021-12-06 07:41:03.421538830,-57774.28,ZAR,1
ACC202003,CUST102733,Credit Card,2019-07-06 12:16:07.189737558,36878.21,ZAR,1
ACC202004,CUST100848,Savings,2025-07-22 08:11:46.283346176,31463.64,ZAR,1
ACC202005,CUST103173,Savings,2025-02-12 01:51:42.144805193,35075.06,ZAR,1
ACC202006,CUST100100,Savings,2016-11-09 10:25:54.331991196,55783.76,ZAR ,1
ACC202007,CUST102098,Savings,2022-11-05 14:34:36.188285828,45462.27,ZAR,1
ACC202008,CUST104153,Savings,2024-09-12 23:55:21.518606900,84391.08,ZAR,1
ACC202009,CUST100901,Fixed Deposit,2017-06-12 13:28:04.140229940,72177.54,ZAR,1
ACC202010,CUST102793,Savings,2025-02-03 11:40:50.938570499,27338.6,ZAR,1
ACC202011,CUST103886,Current,2019-11-10 17:28:10.770108223,31328.69,ZAR,1
ACC202012,CUST103755,Savings,2018-07-25 16:27:17.944564819,33982.8,ZAR,1
ACC202013,CUST102959,Savings,2026-05-25 13:54:16.046977282,-36352.54,ZAR,1
ACC202014,CUST101658,Credit Card,2022-12-20 06:15:40.114020348,61800.05,ZAR,1
ACC202015,CUST101210,Credit Card,2018-05-13 20:19:21.653746367,48413.7,ZAR,1
ACC202016,CUST100792,Current,2021-02-18 14:09:09.428076267,-41301.58,zar,1
ACC202017,CUST103683,Current,2022-06-14 20:35:27.472604752,86982.21,ZAR,0
ACC202018,CUST101323,Credit Card,2023-03-31 11:58:02.825690985,7874.8,ZAR,1
ACC202019,CUST103249,Savings,2017-06-04 17:20:37.176330090,20030.71,ZAR,1
ACC202020,CUST100242,Current,2022-02-21 05:12:06.150032043,19264.42,zar,1
ACC202021,CUST101458,Savings,2024-10-23 22:02:29.391343355,18125.08,ZAR,1
ACC202022,CUST101929,Savings,2024-04-22 11:32:01.860046387,120787.4,ZAR,1
ACC202023,CUST103864,Fixed Deposit,2018-05-29 18:42:23.394594431,14554.62,ZAR,1
ACC202024,CUST100496,Credit Card,2026-03-27 21:57:35.289066315,12022.31,ZAR,1
ACC202025,CUST102351,Current,2015-02-23 06:00:55.008152962,25778.94,ZAR,1
ACC202026,CUST102318,Savings,2024-01-09 05:40:43.247997761,-8935.39,ZAR,1
ACC202027,CUST101607,Credit Card,2018-09-03 09:10:21.615130663,36673.78,ZAR,0
ACC202028,CUST103996,Fixed Deposit,2025-11-25 07:09:52.877902269,-7846.57,ZAR,1
ACC202029,CUST104901,Fixed Deposit,2024-12-21 06:28:03.246423244,45031.64,ZAR,0
ACC202030,CUST100238,Credit Card,2025-03-16 07:26:47.477977276,-16718.22,ZAR,1
ACC202031,CUST104661,Current,2017-12-01 09:35:37.222993851,1512.51,ZAR,1
ACC202032,CUST104483,Savings,2024-03-22 20:06:10.283817291,-15197.23,ZAR,1
ACC202033,CUST104211,Savings,2018-11-08 02:56:51.570141554,3717.76,ZAR ,1
ACC202034,CUST100615,Savings,2020-03-06 16:35:51.831948042,-46464.58,ZAR,1
ACC202035,CUST101939,Current,2025-06-22 08:07:30.507222890,-72809.13,ZAR,1
ACC202036,CUST103279,Fixed Deposit,2023-05-06 12:25:45.901594877,12117.12,ZAR,1
ACC202037,CUST101020,Fixed Deposit,2022-06-02 14:19:47.117140055,-36439.8,ZAR,1
ACC202038,CUST101202,Savings,2016-06-29 13:22:44.334475994,94353.33,ZAR,1
ACC202039,CUST102815,Savings,2021-03-26 22:30:51.561552763,10640.16,ZAR,1
ACC202040,CUST104224,Savings,2016-06-06 11:11:28.270209312,53343.4,ZAR,1
ACC202041,CUST100813,Current,2015-11-14 08:24:52.947894096,37364.17,ZAR,1
ACC202042,CUST100051,Credit Card,2025-12-18 00:51:08.488321304,-17507.19,ZAR,1
ACC202043,CUST104979,Credit Card,2021-11-10 20:18:54.993897676,8174.27,ZAR,1
ACC202044,CUST102106,Fixed Deposit,2015-01-26 23:57:22.066007376,54626.91,ZAR,1
ACC202045,CUST100380,Current,2020-06-06 23:47:59.098494530,52020.54,ZAR,1
ACC202046,CUST104809,Current,2018-04-27 22:15:03.217021465,59654.97,ZAR,1
ACC202047,CUST101366,Business,2016-10-13 00:54:34.782021999,-1258.14,ZAR ,1
ACC202048,CUST100564,Current,2024-06-26 21:12:07.631936073,48365.26,ZAR,1
ACC202049,CUST103342,Savings,2016-10-11 18:22:56.451091051,804.8,ZAR,0
ACC202050,CUST103803,Savings,2016-12-04 15:51:17.395499945,65435.32,zar,0
ACC202051,CUST100632,Savings,2017-09-10 22:16:03.188526392,64200.02,ZAR,1
ACC202052,CUST103633,Savings,2023-04-02 15:08:54.634315491,-29961.74,ZAR,1
ACC202053,CUST101889,Current,2017-03-17 19:03:37.422628641,36038.32,ZAR,1
ACC202054,CUST101595,Credit Card,2018-09-21 08:27:31.600392580,-18815.41,ZAR,1
ACC202055,CUST103334,Savings,2025-06-13 22:11:30.274331570,58114.57,ZAR,1
ACC202056,CUST100302,Savings,2021-07-18 13:10:04.878529310,-20129.84,ZAR,1
ACC202057,CUST100840,Savings,2017-01-01 19:50:07.770608664,37903.12,ZAR,1
ACC202058,CUST104165,Credit Card,2024-12-16 09:21:03.202400446,54549.24,ZAR,1
ACC202059,CUST104928,Savings,2020-12-06 10:43:35.187475681,27690.45,ZAR,1
ACC202060,CUST104524,Savings,2024-08-29 18:48:19.190444469,59465.27,ZAR,1
ACC202061,CUST103916,Current,2015-11-30 02:12:13.142529249,36728.58,ZAR,1
ACC202062,CUST100639,Current,2016-11-15 12:08:07.565256596,87665.02,ZAR ,1
ACC202063,CUST101544,Savings,2016-01-24 09:00:31.574626684,-19065.98,ZAR,1
ACC202064,CUST104239,Credit Card,2020-07-28 15:04:11.020609379,9641.8,ZAR,1
ACC202065,CUST103565,Current,2019-06-27 14:43:01.974838734,-51785.94,ZAR,0
ACC202066,CUST104166,Current,2019-10-26 17:16:16.074783087,13136.21,ZAR,1
ACC202067,CUST102053,Current,2019-03-31 11:04:33.244349003,-22479.98,ZAR,1
ACC202068,CUST102885,Savings,2019-11-30 03:37:39.988816261,-30474.2,ZAR,1
ACC202069,CUST103684,Savings,2019-06-01 14:50:54.320205688,-37217.5,ZAR,1
ACC202070,CUST103917,Current,2016-11-06 08:45:54.522823095,6076.54,ZAR,0
ACC202071,CUST103628,Savings,2021-08-04 05:17:51.023810863,35155.2,ZAR,1
ACC202072,CUST100197,Savings,2025-01-24 13:55:23.925965309,44121.42,ZAR,1
ACC202073,CUST101012,Savings,2026-07-06 23:10:24.843716383,65077.46,ZAR,1
ACC202074,CUST102480,Current,2016-05-11 05:08:16.271542072,62768.38,ZAR,1
ACC202075,CUST103495,Credit Card,2019-10-06 12:31:30.538718224,-20146.67,ZAR,1
ACC202076,CUST104834,Current,2017-10-16 19:35:30.316493988,-4703.78,ZAR,1
ACC202077,CUST101504,Fixed Deposit,2021-07-25 23:43:32.573177814,32712.41,ZAR,1
ACC202078,CUST103876,Current,2019-03-05 08:17:44.136689186,33340.89,ZAR,1
ACC202079,CUST103320,Current,2025-03-01 21:35:10.664074421,80203.65,ZAR,1
ACC202080,CUST101340,Savings,2025-10-30 21:56:09.093462467,13482.4,ZAR,1
ACC202081,CUST100865,Savings,2018-10-07 02:51:17.511879206,55705.01,ZAR,1
ACC202082,CUST103117,Savings,2019-02-16 15:30:31.740055799,19285.28,ZAR,1
ACC202083,CUST101640,Savings,2021-03-12 21:26:13.315877914,39309.72,ZAR,1
ACC202084,CUST101062,Credit Card,2022-05-12 06:09:50.935720682,40533.49,ZAR,1
ACC202085,CUST101093,Savings,2023-09-18 21:38:08.824190378,,ZAR,1
ACC202086,CUST101110,Savings,2016-02-28 07:13:56.090933561,-14040.28,ZAR,1
ACC202087,CUST100456,Credit Card,2015-08-05 02:55:26.649260521,,ZAR,1
ACC202088,CUST100946,Savings,2022-11-08 21:42:22.978108644,50727.99,ZAR,1
ACC202089,CUST104878,Fixed Deposit,2020-07-17 20:20:10.554563761,29280.07,ZAR,1
ACC202090,CUST100949,Credit Card,2022-10-16 17:47:58.396233320,-85513.84,ZAR,1
ACC202091,CUST102044,Savings,2018-06-29 19:08:20.666973352,17935.95,zar,1
ACC202092,CUST102496,Savings,2016-12-29 06:56:44.704665661,52141.21,ZAR,1
ACC202093,CUST103510,Business,2016-04-15 14:15:04.283983946,-14192.06,ZAR,1
ACC202094,CUST101548,Credit Card,2024-02-09 04:34:03.167508125,67641.05,ZAR,1
ACC202095,CUST104134,Fixed Deposit,2019-09-01 19:33:16.801621437,491.2,ZAR,1
ACC202096,CUST103889,Savings,2015-12-17 13:26:01.767357826,12210.17,ZAR,1
ACC202097,CUST102542,Current,2017-11-09 19:43:05.914184570,33246.7,ZAR,1
ACC202098,CUST104470,Savings,2024-12-23 05:23:21.434518337,-11851.8,ZAR,1
ACC202099,CUST101741,Savings,2020-07-29 21:55:36.849918842,61474.76,ZAR,1
ACC202100,CUST102437,Savings,2024-11-18 15:18:53.196262836,75572.41,zar,1
ACC202101,CUST102991,Credit Card,2025-12-12 18:25:43.686303616,-19004.01,ZAR,1
ACC202102,CUST100956,Current,2015-10-11 05:30:14.949947119,17579.39,ZAR,0
ACC202103,CUST100409,Credit Card,2025-12-03 19:59:42.588725328,100732.18,ZAR,1
ACC202104,CUST104989,Savings,2019-04-19 14:35:56.994149923,68976.41,ZAR,1
ACC202105,CUST100242,Business,2023-02-01 16:33:48.655184746,-39540.21,ZAR,1
ACC202106,CUST100235,Savings,2019-09-02 05:33:13.167348385,71681.29,ZAR,1
ACC202107,CUST100507,Business,2022-02-12 19:57:38.329496622,-111840.88,ZAR,1
ACC202108,CUST102748,Current,2022-10-04 02:38:20.326906919,49585.35,ZAR,1
ACC202109,CUST101341,Savings,2016-07-16 12:38:40.457026720,-9271.43,ZAR,1
ACC202110,CUST101098,Credit Card,2019-12-29 15:41:12.096925259,43397.67,ZAR,1
ACC202111,CUST104301,Current,2017-05-23 21:10:10.925539494,34874.54,ZAR,1
ACC202112,CUST104688,Savings,2016-05-19 15:57:58.559285641,30354.16,ZAR,1
ACC202113,CUST104379,Savings,2021-11-08 22:06:50.860316753,48427.26,ZAR,1
ACC202114,CUST101624,Business,2022-11-17 12:18:26.157935143,5161.0,ZAR ,1
ACC202115,CUST100426,Business,2017-12-25 12:17:15.442734718,1044.36,ZAR,1
ACC202116,CUST104790,Current,2015-01-31 23:40:11.012531519,62222.15,ZAR,1
ACC202117,CUST102728,Savings,2026-03-30 07:31:01.878599882,25228.33,ZAR,1
ACC202118,CUST104864,Savings,2020-07-01 14:42:24.279676676,2216.92,ZAR,0
ACC202119,CUST100836,Savings,2022-07-20 05:18:23.624294996,17876.91,ZAR,1
ACC202120,CUST104714,Current,2015-11-15 04:36:53.357522964,14409.84,ZAR,1
ACC202121,CUST101548,Current,2022-03-08 12:29:23.901643753,11165.83,ZAR,1
ACC202122,CUST103963,Savings,2023-10-31 19:12:01.611771584,42724.68,ZAR,1
ACC202123,CUST100550,Credit Card,2015-07-20 10:49:10.604610205,-9810.38,ZAR,1
ACC202124,CUST103706,Business,2021-01-23 17:02:54.605708361,85830.09,ZAR,1
ACC202125,CUST102367,Savings,2016-08-23 17:09:44.207007647,33953.65,ZAR,1
ACC202126,CUST104763,Current,2016-09-13 11:16:44.200552940,-48446.0,ZAR,1
ACC202127,CUST100738,Current,2022-02-13 14:40:13.660238028,36002.38,ZAR,1
ACC202128,CUST101118,Savings,2022-03-04 11:04:36.853419304,-12213.16,ZAR,1
ACC202129,CUST103181,Current,2021-05-31 10:44:04.035389900,23899.26,ZAR,0
ACC202130,CUST104049,Savings,2020-11-28 00:20:44.550932646,18901.05,ZAR,1
ACC202131,CUST104441,Savings,2020-06-11 01:14:26.769140482,52111.25,ZAR,1
ACC202132,CUST100567,Credit Card,2020-07-28 13:35:00.884461403,51655.39,ZAR,1
ACC202133,CUST100034,Savings,2018-11-15 18:21:22.365292311,33854.76,ZAR,0
ACC202134,CUST101809,Credit Card,2017-12-24 12:07:26.465466261,101383.98,ZAR,1
ACC202135,CUST100487,Savings,2018-01-28 16:18:01.742640972,-3992.0,zar,1
ACC202136,CUST102009,Current,2025-07-08 06:17:54.487031937,,ZAR,1
ACC202137,CUST102383,Current,2018-02-02 04:10:59.739553213,80736.02,ZAR,1
ACC202138,CUST104976,Credit Card,2019-05-04 04:40:58.127959013,38493.53,ZAR,1
ACC202139,CUST100166,Savings,2020-11-02 06:36:55.638151407,43350.79,ZAR,1
ACC202140,CUST101604,Current,2023-08-08 14:13:36.923439264,63028.79,ZAR,1
ACC202141,CUST101692,Fixed Deposit,2024-01-01 02:54:44.286206007,12368.5,ZAR ,1
ACC202142,CUST102773,Savings,2023-05-11 16:47:37.960381269,4754.68,ZAR,1
ACC202143,CUST101601,Savings,2018-07-05 19:43:20.839895248,6838.24,ZAR,0
ACC202144,CUST103167,Savings,2016-11-20 21:08:05.210890055,36697.03,ZAR,1
ACC202145,CUST104245,Business,2024-06-18 00:31:51.657885790,6236.4,ZAR,1
ACC202146,CUST103389,Savings,2025-02-16 01:53:06.777407885,-3888.23,ZAR,1
ACC202147,CUST103302,Savings,2025-07-28 16:12:55.598172426,-16432.86,ZAR,1
ACC202148,CUST100600,Business,2024-12-09 18:57:16.396849155,-14353.14,ZAR,1
ACC202149,CUST104435,Savings,2019-03-09 14:57:48.341491222,-588.16,ZAR,1
ACC202150,CUST102795,Savings,2016-10-11 07:55:35.369635582,323.48,ZAR,1
ACC202151,CUST100824,Current,2022-10-06 21:51:20.780314207,29291.11,ZAR,1
ACC202152,CUST103173,Savings,2022-07-10 00:51:46.402182341,-6049.56,ZAR,1
ACC202153,CUST102434,Current,2017-11-14 14:41:22.485491991,44667.24,ZAR,1
ACC202154,CUST104516,Savings,2022-03-08 12:48:14.208335161,103711.23,ZAR,1
ACC202155,CUST103238,Current,2026-07-24 13:36:44.278249741,74981.52,ZAR,1
ACC202156,CUST104786,Current,2016-12-13 21:34:00.099557638,-17441.12,ZAR,1
ACC202157,CUST104874,Savings,2019-05-21 09:15:14.637654066,13033.92,ZAR,1
ACC202158,CUST101175,Current,2019-07-13 03:22:30.053003788,-25826.64,ZAR,1
ACC202159,CUST101460,Fixed Deposit,2017-06-22 05:44:59.466910839,32802.84,ZAR,1
ACC202160,CUST101052,Savings,2024-02-16 12:50:20.762708902,35120.1,ZAR,1
ACC202161,CUST101153,Business,2023-03-11 21:23:15.227663040,31958.54,ZAR,1
ACC202162,CUST103418,Business,2017-07-06 18:44:42.170099735,-16975.28,ZAR,1
ACC202163,CUST104745,Savings,2024-12-07 11:25:22.775873184,-980.57,ZAR,1
ACC202164,CUST102447,Current,2019-12-07 03:14:07.640068531,63231.56,ZAR ,1
ACC202165,CUST104042,Credit Card,2021-05-19 08:12:52.731863737,40874.71,ZAR,1
ACC202166,CUST103717,Credit Card,2022-12-07 02:19:51.673684835,-9723.33,ZAR,1
ACC202167,CUST101304,Credit Card,2025-02-14 16:31:44.902518749,-26357.62,ZAR,1
ACC202168,CUST104242,Savings,2017-08-17 12:17:30.938009977,,ZAR,1
ACC202169,CUST102394,Fixed Deposit,2021-11-10 14:54:40.764013767,20097.58,ZAR,1
ACC202170,CUST100053,Savings,2022-10-11 18:21:43.828670263,-26449.54,ZAR ,1
ACC202171,CUST103577,Current,2025-04-07 09:23:11.909909248,12669.26,ZAR,1
ACC202172,CUST104393,Fixed Deposit,2023-12-11 19:12:53.903788090,5616.03,ZAR,1
ACC202173,CUST101226,Savings,2025-08-04 01:24:26.631218433,1506.36,ZAR,1
ACC202174,CUST101327,Current,2015-11-15 05:36:58.671766281,7881.08,ZAR,1
ACC202175,CUST103661,Current,2019-12-05 16:20:57.643357515,35972.56,ZAR,0
ACC202176,CUST104846,Fixed Deposit,2018-07-19 18:29:00.933152199,,ZAR ,1
ACC202177,CUST101300,Current,2020-10-04 02:03:02.362674713,75208.79,ZAR,1
ACC202178,CUST102151,Current,2024-05-22 17:29:35.339102983,32912.7,ZAR,1
ACC202179,CUST103395,Savings,2020-09-14 12:45:57.292697668,57192.49,ZAR,1
ACC202180,CUST104262,Savings,2015-05-29 16:35:22.383579254,-27941.26,ZAR ,1
ACC202181,CUST100168,Savings,2022-10-08 13:35:30.941064835,31072.51,zar,1
ACC202182,CUST100999,Current,2015-02-13 12:57:54.963439703,10103.44,ZAR,1
ACC202183,CUST104470,Current,2016-02-18 11:49:18.027905941,53955.68,ZAR,1
ACC202184,CUST102625,Savings,2023-06-06 06:58:35.664584875,35164.21,ZAR,1
ACC202185,CUST103790,Savings,2024-08-16 03:09:28.875383615,88003.97,ZAR,1
ACC202186,CUST100316,Savings,2018-09-07 14:58:58.329658985,-12274.03,ZAR,1
ACC202187,CUST100454,Fixed Deposit,2021-08-03 21:30:56.952952862,-3452.14,ZAR,1
ACC202188,CUST103674,Savings,2021-05-03 14:10:37.200408220,38648.91,ZAR,1
ACC202189,CUST101879,Current,2015-08-24 04:19:17.990369797,19809.26,ZAR,1
ACC202190,CUST104710,Credit Card,2021-04-23 16:54:56.705257177,-12742.09,ZAR,0
ACC202191,CUST102154,Fixed Deposit,2015-02-16 09:42:27.941927433,39930.6,ZAR,1
ACC202192,CUST104215,Current,2024-06-30 11:25:49.547620535,5189.24,ZAR,1
ACC202193,CUST102717,Savings,2023-08-31 14:36:02.960714340,43021.59,ZAR,1
ACC202194,CUST103401,Savings,2018-04-15 02:23:48.761059284,-42995.63,ZAR ,1
ACC202195,CUST103268,Savings,2018-01-14 15:47:05.985102892,13264.17,ZAR ,1
ACC202196,CUST100594,Credit Card,2017-03-15 05:16:01.700573921,31276.76,ZAR ,1
ACC202197,CUST103972,Savings,2026-01-13 04:28:06.550480366,31772.42,zar,1
ACC202198,CUST104919,Savings,2024-10-17 16:22:27.996582270,52961.19,ZAR,1
ACC202199,CUST101934,Savings,2024-09-13 15:00:30.030281782,15221.22,ZAR,1
ACC202200,CUST101719,Current,2020-05-26 01:59:00.122467279,42905.68,ZAR,1
ACC202201,CUST102986,Savings,2024-05-25 17:39:30.527364254,22221.6,ZAR,1
ACC202202,CUST103163,Savings,2021-11-07 07:29:21.359074593,54331.72,ZAR,1
ACC202203,CUST101916,Savings,2018-06-20 17:22:34.987018585,-36509.65,ZAR,0
ACC202204,CUST101364,Current,2019-12-26 17:48:22.049554348,-79172.51,ZAR,1
ACC202205,CUST104856,Savings,2019-09-27 10:44:19.972670078,75146.56,ZAR,1
ACC202206,CUST104136,Current,2019-01-28 05:14:54.606832266,2258.36,zar,1
ACC202207,CUST102859,Current,2017-10-21 21:57:32.301543236,-43134.93,ZAR,1
ACC202208,CUST101892,Current,2019-08-12 13:51:14.441396475,18569.31,ZAR,1
ACC202209,CUST101760,Savings,2021-12-10 00:07:23.335016012,4256.54,ZAR,1
ACC202210,CUST101953,Current,2017-04-09 20:54:35.151507854,39762.94,ZAR,1
ACC202211,CUST102964,Current,2016-08-23 00:13:53.814731121,44689.82,ZAR,1
ACC202212,CUST100022,Savings,2022-12-29 15:55:35.618631124,8302.12,ZAR,1
ACC202213,CUST103285,Savings,2021-02-04 09:52:26.268449783,62158.82,ZAR,1
ACC202214,CUST102876,Business,2019-01-29 16:11:06.304305315,-23437.04,ZAR,1
ACC202215,CUST100722,Savings,2025-07-07 10:12:32.236485720,-69020.43,ZAR,1
ACC202216,CUST101253,Current,2020-05-05 09:14:36.742259741,30904.53,ZAR,1
ACC202217,CUST101385,Savings,2018-11-04 05:53:33.949716330,14681.8,ZAR,1
ACC202218,CUST104609,Current,2017-07-03 18:18:24.903504133,-50781.25,ZAR,1
ACC202219,CUST104673,Savings,2018-09-29 00:23:12.723962069,49372.95,ZAR,1
ACC202220,CUST103915,Credit Card,2018-03-03 22:49:28.796117544,-42934.32,ZAR,1
ACC202221,CUST103408,Savings,2025-01-14 14:28:23.023645163,20501.31,ZAR,1
ACC202222,CUST104760,Savings,2025-05-01 02:37:38.884127617,55677.62,ZAR,1
ACC202223,CUST103672,Credit Card,2019-10-12 05:09:33.330263138,35272.05,ZAR,1
ACC202224,CUST101948,Savings,2018-01-08 19:52:49.534988165,33018.51,ZAR,1
ACC202225,CUST101792,Savings,2016-07-05 08:55:12.330627680,6031.83,ZAR,1
ACC202226,CUST103308,Credit Card,2023-04-18 05:37:28.144109011,31739.86,ZAR,1
ACC202227,CUST102043,Business,2025-03-07 12:54:31.191926479,45341.78,ZAR,1
ACC202228,CUST102259,Savings,2019-10-06 00:36:40.420393944,-783.69,zar,1
ACC202229,CUST104861,Current,2025-02-17 19:41:32.059660673,-20233.87,ZAR,1
ACC202230,CUST104546,Savings,2017-11-12 23:32:13.479692459,56531.98,ZAR ,0
ACC202231,CUST103032,Current,2022-01-18 20:35:19.107201576,99068.23,ZAR,1
ACC202232,CUST101621,Credit Card,2015-12-10 00:28:19.454916954,84788.76,ZAR,1
ACC202233,CUST102211,Current,2021-07-10 00:23:22.946282625,-80056.22,ZAR,1
ACC202234,CUST101642,Savings,2022-05-25 14:54:34.555963278,75055.61,zar,1
ACC202235,CUST102095,Savings,2022-06-18 17:25:32.629824877,-372.4,ZAR,0
ACC202236,CUST101829,Current,2024-01-08 06:15:32.356032372,97026.44,ZAR,0
ACC202237,CUST102225,Current,2016-02-05 18:32:22.991617203,-16541.73,ZAR,1
ACC202238,CUST102488,Current,2018-03-24 07:29:37.679179430,-20131.01,ZAR,0
ACC202239,CUST103213,Savings,2023-01-10 15:52:40.788290262,22997.65,ZAR,1
ACC202240,CUST104438,Savings,2021-11-09 11:28:26.905040741,8932.1,ZAR,1
ACC202241,CUST102643,Credit Card,2025-12-30 04:25:02.038053274,10918.27,ZAR,1
ACC202242,CUST101037,Savings,2024-01-31 01:53:03.869669914,62724.66,zar,1
ACC202243,CUST100926,Fixed Deposit,2020-06-15 05:52:42.467472076,74463.74,ZAR,1
ACC202244,CUST103256,Current,2021-03-07 18:02:27.254507064,-12754.85,ZAR,1
ACC202245,CUST104990,Credit Card,2022-08-22 12:38:02.925128937,90612.76,ZAR,1
ACC202246,CUST101529,Savings,2015-02-13 06:22:23.905201197,-24225.09,ZAR,1
ACC202247,CUST100441,Savings,2019-03-21 14:51:45.829297066,823.63,ZAR,1
ACC202248,CUST100413,Business,2016-05-30 15:29:54.610773087,126337.52,ZAR,1
ACC202249,CUST101370,Current,2017-10-09 19:58:41.338783741,39787.58,ZAR,1
ACC202250,CUST104768,Savings,2024-08-09 19:33:39.313209057,-1281.81,ZAR,1
ACC202251,CUST103903,Business,2021-05-09 00:51:11.673443794,35557.2,ZAR,1
ACC202252,CUST103928,Savings,2024-12-18 17:55:30.990001678,,zar,0
ACC202253,CUST101664,Credit Card,2025-04-17 16:48:19.227565050,38494.22,ZAR,1
ACC202254,CUST104760,Savings,2024-05-02 03:56:36.031611919,76217.28,zar,1
ACC202255,CUST102038,Fixed Deposit,2023-10-29 13:53:10.777165174,-9608.61,ZAR,1
ACC202256,CUST102001,Business,2016-12-03 14:23:04.699083090,-1152.84,ZAR,0
ACC202257,CUST104689,Savings,2018-02-13 02:35:27.574444771,-10607.61,ZAR,1
ACC202258,CUST103784,Savings,2023-02-26 05:58:40.795095444,-8226.59,ZAR,1
ACC202259,CUST101444,Current,2018-06-27 10:27:07.298858881,26697.25,ZAR,0
ACC202260,CUST103255,Savings,2019-05-06 21:11:14.533934115,-17549.6,ZAR,1
ACC202261,CUST101751,Current,2025-11-04 18:25:37.002964973,36625.9,ZAR,1
ACC202262,CUST103095,Current,2023-03-05 19:46:27.169795513,50309.99,ZAR,1
ACC202263,CUST100685,Savings,2016-03-27 01:35:02.803771973,-23904.59,ZAR,1
ACC202264,CUST100201,Fixed Deposit,2023-05-09 16:26:00.641028643,-201.37,ZAR,1
ACC202265,CUST104818,Credit Card,2024-03-11 17:17:44.776247025,4581.7,ZAR,1
ACC202266,CUST100358,Savings,2025-07-30 07:32:25.037980080,16227.79,ZAR,1
ACC202267,CUST102006,Current,2022-12-08 01:46:18.911991835,18414.89,ZAR,1
ACC202268,CUST100976,Credit Card,2016-02-09 20:16:10.637445450,61213.61,ZAR,1
ACC202269,CUST100074,Current,2023-11-12 02:50:30.165125370,64188.64,ZAR,1
ACC202270,CUST103748,Business,2022-08-08 03:30:56.342093706,-7336.96,ZAR,1
ACC202271,CUST101415,Savings,2020-04-13 10:38:38.621133566,52667.41,ZAR,1
ACC202272,CUST103991,Savings,2023-10-23 01:49:45.527813435,79997.17,ZAR,1
ACC202273,CUST102748,Current,2021-01-30 05:59:50.735293865,73381.5,ZAR,1
ACC202274,CUST103236,Savings,2025-10-18 14:09:25.901191235,33194.82,ZAR,1
ACC202275,CUST103343,Savings,2025-10-15 15:37:42.235012770,22826.31,ZAR,1
ACC202276,CUST100960,Current,2017-08-11 15:36:55.110992670,-31144.73,ZAR,1
ACC202277,CUST102279,Savings,2020-02-07 15:54:14.476424694,8476.06,ZAR ,1
ACC202278,CUST103888,Savings,2017-04-19 17:45:50.961275816,-34758.72,ZAR,1
ACC202279,CUST101171,Savings,2018-10-30 22:28:35.112667322,70604.73,ZAR,1
ACC202280,CUST100567,Savings,2017-08-01 16:25:10.195100546,14450.02,ZAR,1
ACC202281,CUST102072,Savings,2020-12-05 09:57:57.754961491,21542.95,ZAR,1
ACC202282,CUST104470,Savings,2015-01-03 17:21:57.095177889,301.9,ZAR,0
ACC202283,CUST101609,Business,2024-03-01 15:05:37.641311407,-31411.68,ZAR,1
ACC202284,CUST101923,Savings,2016-11-03 07:36:35.479229212,53501.38,ZAR,1
ACC202285,CUST100631,Savings,2018-03-05 12:55:58.510105610,45080.68,ZAR,1
ACC202286,CUST103635,Business,2017-01-09 20:54:30.060723782,62343.58,ZAR,1
ACC202287,CUST101687,Credit Card,2019-02-06 05:20:08.800366163,-45088.95,ZAR,1
ACC202288,CUST100847,Savings,2015-11-22 20:18:51.518190622,77751.06,ZAR,1
ACC202289,CUST100510,Fixed Deposit,2024-12-12 04:16:09.492449045,19975.28,ZAR,1
ACC202290,CUST101571,Fixed Deposit,2019-10-22 05:34:41.346076965,56094.0,zar,1
ACC202291,CUST101017,Credit Card,2025-09-14 10:48:32.573468208,-80422.84,ZAR ,1
ACC202292,CUST102476,Current,2015-07-18 15:32:21.053792715,41408.35,ZAR,1
ACC202293,CUST102132,Current,2016-12-31 01:55:28.262169361,22059.54,ZAR,0
ACC202294,CUST102481,Business,2024-09-05 13:07:07.092979431,16173.33,ZAR,1
ACC202295,CUST101834,Current,2020-05-15 22:04:25.767312527,21068.75,ZAR,1
ACC202296,CUST100485,Credit Card,2015-09-09 10:40:00.313702345,1155.81,ZAR,1
ACC202297,CUST103886,Savings,2015-07-17 10:54:41.503412724,-31491.28,ZAR,1
ACC202298,CUST102741,Credit Card,2025-05-13 05:30:08.786016226,-25573.89,ZAR,1
ACC202299,CUST100921,Business,2018-01-12 00:30:34.318527699,26072.78,ZAR ,1
ACC202300,CUST100375,Savings,2019-10-05 00:51:57.264512539,77456.32,ZAR,1
ACC202301,CUST104698,Savings,2025-05-22 08:20:56.636655331,69274.31,ZAR ,0
ACC202302,CUST104618,Credit Card,2022-09-25 02:29:07.676477909,34213.14,ZAR,1
ACC202303,CUST100943,Credit Card,2023-12-03 23:53:46.090178490,5451.39,ZAR,1
ACC202304,CUST102108,Credit Card,2020-06-17 10:44:29.070734501,107522.46,ZAR,1
ACC202305,CUST102911,Business,2023-01-19 21:43:52.074207067,52235.9,ZAR,1
ACC202306,CUST102195,Savings,2021-10-07 16:06:00.676717043,48785.71,ZAR,1
ACC202307,CUST104181,Current,2016-12-21 07:43:15.166301966,-28298.64,ZAR,1
ACC202308,CUST102884,Current,2021-08-19 11:09:19.820450783,35221.37,ZAR,1
ACC202309,CUST101327,Savings,2025-09-20 05:13:38.278955936,-24513.57,ZAR,1
ACC202310,CUST103908,Savings,2018-12-31 08:02:27.516483545,108265.94,ZAR,1
ACC202311,CUST104374,Current,2020-09-20 02:33:32.735258102,-8639.52,ZAR,1
ACC202312,CUST100347,Current,2019-10-27 00:55:04.664926291,728.74,ZAR,1
ACC202313,CUST104256,Current,2022-12-22 21:33:08.420333385,-970.89,ZAR,1
ACC202314,CUST103514,Current,2022-04-06 06:49:15.139472485,10193.4,ZAR,1
ACC202315,CUST104589,Current,2020-07-10 22:48:35.577834368,51816.27,zar,1
ACC202316,CUST104552,Savings,2015-07-19 23:52:44.409429789,25121.21,ZAR,1
ACC202317,CUST100247,Savings,2018-01-23 23:43:37.827946424,26693.28,ZAR ,1
ACC202318,CUST102195,Current,2018-08-23 10:49:14.045181513,53764.37,ZAR,1
ACC202319,CUST100357,Current,2023-06-26 10:30:19.521207094,-35694.73,ZAR,0
ACC202320,CUST100066,Credit Card,2019-08-04 07:06:41.533045291,54925.75,ZAR,1
ACC202321,CUST104586,Current,2019-05-20 05:31:09.809746027,30386.1,ZAR,1
ACC202322,CUST101236,Credit Card,2020-03-01 00:04:14.877933502,-3111.26,ZAR,1
ACC202323,CUST100303,Fixed Deposit,2020-01-02 07:00:37.164905548,30270.74,ZAR,1
ACC202324,CUST104705,Current,2023-04-24 17:57:17.776705027,29532.28,ZAR,1
ACC202325,CUST102038,Current,2022-10-06 09:43:20.121184587,-79955.39,ZAR,0
ACC202326,CUST100590,Fixed Deposit,2023-11-01 22:21:00.445129395,79992.18,ZAR,0
ACC202327,CUST101274,Savings,2017-05-27 08:30:50.775943518,73349.71,ZAR,1
ACC202328,CUST100068,Credit Card,2023-08-03 07:59:38.241944551,-27243.03,ZAR,1
ACC202329,CUST103385,Current,2018-06-06 22:01:02.365384340,-5232.32,ZAR,1
ACC202330,CUST104679,Current,2015-01-01 06:18:27.996956110,79144.57,ZAR,1
ACC202331,CUST101955,Fixed Deposit,2022-05-29 10:35:44.504201651,51578.79,ZAR,1
ACC202332,CUST104315,Savings,2015-02-19 21:37:09.894041061,40553.05,ZAR ,1
ACC202333,CUST101715,Savings,2016-02-19 12:21:59.748345375,42434.95,zar,1
ACC202334,CUST102301,Savings,2015-06-23 23:41:57.100044727,39959.22,ZAR,1
ACC202335,CUST101069,Fixed Deposit,2022-01-08 22:00:18.934866428,-17592.92,ZAR,1
ACC202336,CUST100026,Savings,2017-05-29 08:44:16.294852018,2414.45,ZAR,1
ACC202337,CUST100815,Current,2024-05-15 18:29:47.619004250,64895.45,zar,1
ACC202338,CUST102918,Savings,2019-02-16 04:18:25.363144636,51250.23,ZAR,1
ACC202339,CUST100496,Current,2018-11-18 19:18:40.790548086,36360.02,ZAR,1
ACC202340,CUST104083,Current,2020-12-17 13:45:19.575952291,-917.73,ZAR,1
ACC202341,CUST104586,Savings,2023-12-23 10:04:56.584656715,64569.03,ZAR,1
ACC202342,CUST101430,Savings,2023-01-24 18:14:00.720904827,-13664.94,ZAR,1
ACC202343,CUST101352,Savings,2017-05-23 16:19:48.591984510,84233.71,ZAR ,1
ACC202344,CUST100863,Savings,2023-11-04 15:17:35.772639036,-4014.39,ZAR,1
ACC202345,CUST102049,Current,2020-11-13 19:15:46.216257811,-9861.76,ZAR,1
ACC202346,CUST104523,Current,2026-06-08 17:22:49.612473249,26207.46,ZAR,1
ACC202347,CUST101951,Savings,2020-12-26 02:29:37.247204065,33504.77,ZAR,1
ACC202348,CUST103839,Savings,2018-04-25 13:04:34.955887079,28882.13,ZAR ,1
ACC202349,CUST101608,Current,2023-10-25 15:07:26.747809887,-27912.02,ZAR,1
ACC202350,CUST102240,Fixed Deposit,2015-05-04 21:35:31.183682442,41861.89,ZAR,1
ACC202351,CUST102467,Current,2023-05-24 04:38:11.771073818,64174.06,ZAR,1
ACC202352,CUST104525,Fixed Deposit,2021-04-16 15:36:30.714719296,21756.63,ZAR,1
ACC202353,CUST102493,Current,2017-01-12 23:51:10.789776325,-36846.21,ZAR ,1
ACC202354,CUST103040,Credit Card,2015-04-12 22:58:37.325393915,16547.7,ZAR,1
ACC202355,CUST104271,Savings,2015-07-17 00:53:00.308846474,-20314.79,ZAR,1
ACC202356,CUST104720,Current,2015-12-12 23:01:17.755089998,-52267.86,ZAR,0
ACC202357,CUST104474,Savings,2020-08-25 01:41:48.957369328,3071.52,ZAR,1
ACC202358,CUST100515,Credit Card,2023-03-13 02:10:47.117111206,89965.27,ZAR,1
ACC202359,CUST100560,Fixed Deposit,2016-07-19 23:38:00.424701929,21698.3,ZAR,1
ACC202360,CUST102182,Credit Card,2016-11-03 10:35:17.480579138,14078.02,ZAR,1
ACC202361,CUST101756,Savings,2024-06-05 07:51:09.381772518,53400.61,ZAR,1
ACC202362,CUST103396,Current,2017-08-22 02:46:49.663378477,49444.2,zar,1
ACC202363,CUST102160,Credit Card,2024-08-03 00:44:09.531136990,-33632.69,ZAR,1
ACC202364,CUST102039,Savings,2016-02-07 00:57:17.572275162,99762.96,ZAR,1
ACC202365,CUST100451,Savings,2024-09-10 04:53:55.689409494,32911.06,ZAR,1
ACC202366,CUST101748,Current,2023-06-26 19:53:03.646626472,61267.1,ZAR,1
ACC202367,CUST102857,Savings,2016-09-16 15:11:03.907970428,1198.83,ZAR,1
ACC202368,CUST103477,Savings,2018-11-30 11:59:49.560988426,-53207.84,ZAR,1
ACC202369,CUST100844,Fixed Deposit,2018-11-10 01:33:39.581532001,20324.81,ZAR,1
ACC202370,CUST103028,Business,2016-07-20 03:47:51.006320715,-19092.18,ZAR,1
ACC202371,CUST102864,Savings,2019-05-15 05:03:33.016446829,71845.47,ZAR,0
ACC202372,CUST101412,Business,2022-11-07 05:49:45.183436394,-31679.9,ZAR,1
ACC202373,CUST104448,Fixed Deposit,2023-06-18 05:20:23.987700224,26062.49,ZAR,1
ACC202374,CUST102220,Current,2017-05-08 06:48:45.393710375,48975.79,ZAR,1
ACC202375,CUST101319,Credit Card,2023-05-12 03:35:44.814829350,42006.33,ZAR,1
ACC202376,CUST103534,Fixed Deposit,2018-02-01 23:23:30.316297531,4961.65,ZAR,1
ACC202377,CUST100943,Credit Card,2015-06-29 18:58:48.309297800,-46203.36,ZAR,1
ACC202378,CUST103134,Savings,2017-04-03 07:15:15.215901613,-35280.13,ZAR,1
ACC202379,CUST103410,Savings,2018-12-18 15:55:12.540715933,-5289.49,ZAR,1
ACC202380,CUST102265,Current,2015-06-01 21:21:15.164587498,-31405.38,ZAR,1
ACC202381,CUST101019,Savings,2016-02-08 03:03:52.393965960,21981.74,ZAR,0
ACC202382,CUST101300,Savings,2019-02-15 22:13:59.026949883,-5500.95,ZAR,1
ACC202383,CUST101108,Current,2025-09-16 00:05:14.211320400,-26711.71,ZAR,1
ACC202384,CUST100572,Savings,2022-05-13 10:38:53.754789591,-31906.96,ZAR,1
ACC202385,CUST104989,Savings,2025-10-27 10:03:47.449452639,-38677.77,ZAR,1
ACC202386,CUST104200,Fixed Deposit,2015-06-07 12:14:07.375181198,22743.06,ZAR,1
ACC202387,CUST102609,Savings,2025-01-20 01:10:59.410499334,-4355.62,ZAR,1
ACC202388,CUST104101,Current,2016-07-27 23:57:42.670996189,26029.51,ZAR,1
ACC202389,CUST103286,Current,2017-09-29 06:35:44.910957336,21904.91,ZAR,0
ACC202390,CUST103066,Business,2016-02-29 08:00:59.085686207,16867.56,ZAR ,1
ACC202391,CUST103586,Savings,2019-10-06 08:43:32.254053116,50891.65,ZAR ,1
ACC202392,CUST102856,Savings,2017-05-06 08:53:13.973303556,-33932.68,ZAR,1
ACC202393,CUST102801,Current,2023-07-25 11:03:43.175666094,51107.52,ZAR,1
ACC202394,CUST100681,Current,2023-09-29 08:03:31.105797291,40702.32,zar,1
ACC202395,CUST103051,Credit Card,2018-05-13 18:17:30.879364967,17088.93,ZAR,0
ACC202396,CUST102233,Savings,2024-04-06 02:37:02.145462036,-7319.1,ZAR,1
ACC202397,CUST101230,Savings,2016-11-23 06:09:19.460215092,26580.96,ZAR,1
ACC202398,CUST102419,Savings,2015-06-20 06:31:12.338353157,42944.17,ZAR,1
ACC202399,CUST104166,Credit Card,2016-11-29 02:55:59.181625605,-31003.35,ZAR,1
ACC202400,CUST102307,Savings,2017-11-05 15:14:10.748252392,49393.44,ZAR,0
ACC202401,CUST102382,Savings,2015-08-01 21:16:37.643695831,94552.82,zar,0
ACC202402,CUST101210,Current,2016-04-09 09:30:35.588529110,22400.84,ZAR,1
ACC202403,CUST104029,Savings,2018-07-04 10:22:40.704034328,77129.47,ZAR,1
ACC202404,CUST100619,Savings,2024-11-14 20:22:19.878437042,43998.15,ZAR,1
ACC202405,CUST104186,Savings,2024-11-27 15:32:18.303804159,35539.58,ZAR,1
ACC202406,CUST104656,Credit Card,2026-07-04 19:47:31.423994780,-3028.73,ZAR,1
ACC202407,CUST100886,Current,2016-02-19 13:42:44.376588821,11358.35,ZAR,1
ACC202408,CUST102781,Current,2015-01-08 18:56:54.810389042,-14232.78,ZAR,1
ACC202409,CUST102929,Current,2021-07-20 12:52:09.548589706,62729.86,ZAR,1
ACC202410,CUST104312,Business,2021-12-26 17:28:51.370685577,-4781.72,ZAR,0
ACC202411,CUST101630,Savings,2017-09-26 00:29:15.029032230,95480.89,ZAR,1
ACC202412,CUST103359,Savings,2024-03-25 11:40:29.907777548,42533.8,ZAR,1
ACC202413,CUST100496,Fixed Deposit,2026-01-26 16:18:30.439321518,40761.9,ZAR,1
ACC202414,CUST104101,Current,2018-11-04 00:52:05.506764412,-27941.33,ZAR,1
ACC202415,CUST103789,Business,2025-12-14 21:13:35.578218937,51619.42,ZAR,1
ACC202416,CUST101079,Current,2016-03-17 01:53:00.224052906,16186.96,ZAR,1
ACC202417,CUST100625,Credit Card,2020-07-04 23:02:14.199786186,2436.46,ZAR,1
ACC202418,CUST100530,Current,2017-04-14 00:33:01.211994886,-1236.78,ZAR,1
ACC202419,CUST104146,Savings,2021-10-08 03:31:09.591419220,-24648.23,ZAR,1
ACC202420,CUST103069,Fixed Deposit,2015-10-28 21:07:55.676782846,25395.7,ZAR,1
ACC202421,CUST101855,Current,2020-11-03 10:55:22.833652258,18321.07,ZAR,1
ACC202422,CUST102746,Savings,2017-01-02 12:23:13.440601349,-27544.12,ZAR,1
ACC202423,CUST102792,Savings,2019-11-01 19:36:22.276316643,45590.44,ZAR ,1
ACC202424,CUST100482,Savings,2022-12-20 11:03:33.947992325,110139.32,ZAR,1
ACC202425,CUST102197,Savings,2018-11-12 21:52:47.150118351,-31960.73,ZAR,1
ACC202426,CUST103056,Savings,2021-04-05 02:10:36.692102909,20470.48,zar,1
ACC202427,CUST103036,Savings,2026-04-02 10:07:22.456118107,91332.65,ZAR,1
ACC202428,CUST100909,Fixed Deposit,2025-02-19 14:09:57.293562174,-6094.96,ZAR,1
ACC202429,CUST104640,Current,2026-07-19 04:03:47.319135904,42587.07,ZAR,1
ACC202430,CUST100540,Savings,2017-01-18 21:13:45.605294228,40700.19,ZAR,1
ACC202431,CUST104310,Savings,2020-09-21 04:21:56.358919621,51330.14,ZAR,1
ACC202432,CUST104926,Credit Card,2024-01-31 08:06:27.526902675,98305.53,ZAR,1
ACC202433,CUST103754,Credit Card,2025-10-04 16:23:16.943713427,-46593.95,ZAR,0
ACC202434,CUST102778,Savings,2017-10-15 23:19:07.498295784,32635.15,ZAR,1
ACC202435,CUST100963,Business,2026-06-10 05:07:30.339193344,4960.54,ZAR,1
ACC202436,CUST101648,Savings,2020-02-10 21:52:32.098966360,23409.09,zar,1
ACC202437,CUST102744,Savings,2023-12-11 00:07:56.560819149,26801.5,ZAR,1
ACC202438,CUST100490,Savings,2021-01-01 18:21:54.839442253,13234.44,ZAR,1
ACC202439,CUST103538,Business,2018-06-12 20:36:07.889334440,-18491.51,zar,1
ACC202440,CUST104583,Credit Card,2016-04-05 15:34:14.629212379,-15767.01,ZAR,0
ACC202441,CUST103712,Current,2016-11-15 15:02:37.637569904,110024.47,zar,1
ACC202442,CUST104712,Current,2022-07-01 11:36:17.715609550,-30262.9,ZAR,1
ACC202443,CUST102371,Savings,2021-05-31 20:38:28.289280653,74065.73,ZAR,0
ACC202444,CUST101284,Savings,2020-01-05 13:29:11.901058197,-16401.43,ZAR,1
ACC202445,CUST100083,Savings,2022-04-02 09:01:25.742850780,28815.34,ZAR,1
ACC202446,CUST102175,Fixed Deposit,2020-11-16 06:16:11.234332085,103727.16,ZAR,1
ACC202447,CUST100576,Current,2016-08-20 18:35:32.120331764,56793.38,ZAR,1
ACC202448,CUST103227,Current,2018-01-11 08:28:59.246032715,-32524.6,ZAR,1
ACC202449,CUST104011,Business,2020-01-01 11:28:10.088732481,11518.93,ZAR,1
ACC202450,CUST100555,Savings,2019-08-10 19:49:24.317882538,23965.27,ZAR,1
ACC202451,CUST102582,Savings,2025-06-14 16:24:17.312958717,66222.8,ZAR,1
ACC202452,CUST102684,Savings,2025-11-28 07:12:26.630331516,26890.4,ZAR,1
ACC202453,CUST101555,Business,2021-03-09 01:09:23.010450125,18645.25,ZAR,1
ACC202454,CUST101093,Savings,2018-01-28 16:48:45.323003531,93798.8,ZAR,1
ACC202455,CUST103568,Savings,2024-04-02 05:24:59.409008503,88213.43,ZAR,1
ACC202456,CUST101126,Savings,2017-02-08 03:55:00.263777971,52946.56,zar,1
ACC202457,CUST100159,Business,2020-09-12 20:46:28.749426365,-44.57,ZAR,1
ACC202458,CUST103015,Savings,2026-07-07 15:45:52.842397213,-81050.53,ZAR,1
ACC202459,CUST100337,Current,2025-02-17 06:20:47.862236738,-26162.58,ZAR,1
ACC202460,CUST101550,Fixed Deposit,2025-10-07 03:23:33.161029339,-36752.23,ZAR,1
ACC202461,CUST100437,Current,2016-02-19 00:29:59.923326492,22552.56,ZAR,1
ACC202462,CUST102751,Savings,2020-05-08 21:08:51.822177649,62516.69,ZAR,1
ACC202463,CUST101088,Savings,2023-11-28 07:23:44.649037600,104032.8,ZAR,1
ACC202464,CUST101311,Savings,2016-10-21 22:31:56.030948162,75944.39,ZAR,1
ACC202465,CUST101997,Credit Card,2023-11-27 17:12:33.382619619,-3388.2,ZAR,1
ACC202466,CUST102438,Credit Card,2018-12-16 18:10:55.861540318,35158.49,zar,1
ACC202467,CUST103595,Savings,2025-04-10 21:43:56.935404301,41092.76,ZAR ,1
ACC202468,CUST104661,Savings,2019-11-02 11:00:21.665153503,-37378.82,ZAR,1
ACC202469,CUST103015,Savings,2017-11-24 15:09:26.850976944,-9945.32,ZAR ,1
ACC202470,CUST102423,Current,2025-08-14 08:04:07.634826899,7770.33,ZAR,1
ACC202471,CUST102919,Savings,2023-04-04 02:38:37.653238535,110197.73,ZAR,1
ACC202472,CUST102506,Business,2020-05-12 08:56:38.705279112,40458.17,ZAR,1
ACC202473,CUST100027,Savings,2026-02-17 03:39:01.462022305,-27583.74,ZAR,1
ACC202474,CUST102464,Savings,2021-12-23 02:19:44.856477976,8006.51,ZAR,1
ACC202475,CUST103719,Current,2021-10-19 04:37:48.996903181,42952.05,ZAR,1
ACC202476,CUST104282,Fixed Deposit,2019-03-08 23:52:14.990890026,14954.81,ZAR,0
ACC202477,CUST100459,Savings,2024-08-31 20:18:25.337997675,10753.66,ZAR,1
ACC202478,CUST103408,Credit Card,2021-10-11 17:50:09.777792454,54279.77,zar,0
ACC202479,CUST100551,Current,2022-03-14 13:41:00.776702881,81059.09,ZAR,1
ACC202480,CUST100153,Current,2025-11-04 04:07:35.643584013,73646.35,ZAR,1
ACC202481,CUST100229,Current,2018-02-15 18:49:44.947771549,12990.3,ZAR,0
ACC202482,CUST100589,Fixed Deposit,2024-02-28 13:21:49.373252869,18397.47,ZAR,1
ACC202483,CUST100420,Current,2024-05-22 13:06:12.528879642,12634.87,ZAR,1
ACC202484,CUST102889,Savings,2015-09-26 02:49:26.197716475,67239.68,ZAR,1
ACC202485,CUST104602,Credit Card,2023-05-14 11:23:31.857794046,9443.58,ZAR,1
ACC202486,CUST103800,Savings,2024-08-13 12:17:35.450562000,-51937.65,zar,1
ACC202487,CUST103655,Savings,2021-03-18 19:52:01.431468964,44299.8,ZAR,0
ACC202488,CUST100585,Savings,2016-04-15 07:17:26.243989706,46172.41,ZAR,1
ACC202489,CUST104691,Current,2015-11-30 20:49:42.153263807,8787.29,ZAR,1
ACC202490,CUST102513,Credit Card,2015-04-10 14:58:56.140103102,99126.79,ZAR,0
ACC202491,CUST100156,Current,2019-03-29 15:19:14.514865875,3310.29,ZAR,1
ACC202492,CUST103212,Current,2022-03-12 17:44:43.018810034,81707.68,ZAR,1
ACC202493,CUST103523,Savings,2021-08-08 14:53:11.094298363,-28560.83,ZAR ,1
ACC202494,CUST102004,Business,2020-11-26 08:26:47.187416553,36054.96,ZAR,1
ACC202495,CUST103576,Savings,2019-10-31 23:22:08.137151718,-7346.31,ZAR,1
ACC202496,CUST103467,Savings,2022-11-20 01:53:51.869472504,22077.06,ZAR ,1
ACC202497,CUST102904,Credit Card,2025-03-25 02:38:59.411180973,55461.64,ZAR,1
ACC202498,CUST101713,Fixed Deposit,2024-07-28 00:38:39.909966946,2211.18,ZAR,1
ACC202499,CUST104993,Savings,2023-04-13 14:49:32.419596195,-2916.1,ZAR,1
ACC202500,CUST103115,Current,2018-05-21 13:04:53.156833172,16096.6,ZAR,1
ACC202501,CUST102310,Credit Card,2025-11-22 02:37:31.489158869,175384.59,ZAR,1
ACC202502,CUST103828,Savings,2024-12-21 23:21:22.731599569,33090.58,zar,1
ACC202503,CUST101213,Business,2025-12-23 02:01:44.593194962,30724.04,ZAR,1
ACC202504,CUST104779,Savings,2022-03-03 14:36:57.163195848,42394.73,ZAR,1
ACC202505,CUST103679,Current,2018-11-09 11:41:18.699748278,-43642.64,ZAR,1
ACC202506,CUST103194,Savings,2020-03-27 14:48:01.577707529,61834.93,ZAR,1
ACC202507,CUST101331,Savings,2018-10-16 18:11:19.140819550,53454.0,ZAR,1
ACC202508,CUST101757,Savings,2019-01-24 10:31:22.922831297,-46354.91,ZAR ,1
ACC202509,CUST104747,Savings,2019-12-06 04:16:44.420334101,121176.48,ZAR ,1
ACC202510,CUST103606,Fixed Deposit,2025-10-30 01:40:03.789083004,25121.52,ZAR,1
ACC202511,CUST100555,Current,2020-10-05 07:12:02.285369873,-19671.0,ZAR,1
ACC202512,CUST104022,Savings,2019-09-07 11:56:46.796199322,37544.76,ZAR,1
ACC202513,CUST100593,Current,2022-05-28 13:08:49.675282478,-11353.96,ZAR,1
ACC202514,CUST102073,Savings,2018-04-26 05:40:35.729102373,-39415.24,ZAR,1
ACC202515,CUST102085,Current,2015-02-07 06:01:20.382347345,14097.99,ZAR,1
ACC202516,CUST101812,Current,2023-06-15 10:52:11.170861006,15898.1,ZAR,1
ACC202517,CUST102476,Savings,2018-11-07 06:37:39.441835880,-37982.36,ZAR,0
ACC202518,CUST100762,Current,2017-10-01 13:18:53.532400131,-6211.54,zar,1
ACC202519,CUST103306,Savings,2021-03-13 03:57:19.541053295,-16322.39,ZAR,1
ACC202520,CUST103384,Credit Card,2016-11-12 10:45:28.194108963,10705.97,ZAR ,1
ACC202521,CUST104258,Current,2018-03-21 19:43:40.568418980,50907.49,ZAR,1
ACC202522,CUST102224,Savings,2020-12-07 00:36:39.739187479,30654.42,ZAR,1
ACC202523,CUST102653,Savings,2026-04-14 15:59:28.451214552,23692.77,ZAR,0
ACC202524,CUST100664,Savings,2017-10-28 18:47:48.323482275,-48005.12,ZAR,1
ACC202525,CUST101736,Fixed Deposit,2020-05-29 13:26:16.780512571,23876.62,ZAR,1
ACC202526,CUST102807,Credit Card,2021-02-11 12:13:55.091989756,-18516.3,ZAR,1
ACC202527,CUST102082,Business,2023-04-04 14:28:05.321357250,-43714.59,ZAR,1
ACC202528,CUST104949,Credit Card,2021-01-17 01:39:15.777144909,60103.92,ZAR ,1
ACC202529,CUST101386,Fixed Deposit,2023-06-30 07:02:13.752611637,-28238.78,ZAR,1
ACC202530,CUST100256,Savings,2025-01-03 14:37:01.675899982,28764.35,zar,1
ACC202531,CUST104337,Current,2018-04-11 04:20:26.613782883,5512.6,ZAR,1
ACC202532,CUST102577,Savings,2024-09-04 20:18:18.755632401,-13141.27,ZAR,1
ACC202533,CUST100355,Fixed Deposit,2018-01-16 08:20:05.220298529,73794.9,zar,0
ACC202534,CUST104679,Business,2024-05-16 13:09:23.926821709,981.7,ZAR,1
ACC202535,CUST101037,Credit Card,2022-05-17 01:08:40.337489605,3698.76,ZAR,1
ACC202536,CUST104795,Credit Card,2021-08-01 21:35:13.233714581,-4400.35,ZAR,1
ACC202537,CUST101721,Fixed Deposit,2020-05-16 10:25:05.847942591,32035.6,ZAR,1
ACC202538,CUST101708,Savings,2021-04-26 03:34:20.512784480,18619.48,ZAR,1
ACC202539,CUST101058,Current,2017-09-19 06:27:55.536902189,-3072.05,ZAR,1
ACC202540,CUST100858,Credit Card,2020-10-07 19:41:15.129734993,-11904.98,zar,1
ACC202541,CUST104001,Current,2022-01-17 23:32:56.670060873,23346.47,ZAR,1
ACC202542,CUST102103,Current,2019-06-03 00:36:37.228966713,-1016.17,ZAR,1
ACC202543,CUST102781,Savings,2019-06-04 04:05:35.459999323,93980.48,ZAR,1
ACC202544,CUST101592,Savings,2019-01-09 14:06:24.680919409,3984.69,ZAR,1
ACC202545,CUST102118,Fixed Deposit,2024-06-21 17:23:47.563984871,38367.16,ZAR,1
ACC202546,CUST102412,Credit Card,2019-06-15 04:32:44.926031590,21361.44,ZAR,1
ACC202547,CUST101551,Current,2021-09-20 18:44:03.185029268,13436.19,ZAR,1
ACC202548,CUST102979,Savings,2026-04-05 10:58:29.460098028,60972.63,ZAR,1
ACC202549,CUST102326,Savings,2015-05-08 07:10:58.653657198,48207.58,ZAR,1
ACC202550,CUST103841,Current,2017-07-19 04:33:14.173571110,47438.5,ZAR,1
ACC202551,CUST103887,Savings,2025-09-18 16:54:43.237954855,46995.99,ZAR,1
ACC202552,CUST103170,Savings,2023-04-20 15:56:23.375413895,-39575.0,ZAR,1
ACC202553,CUST100517,Savings,2019-05-12 10:04:45.576360464,42627.2,ZAR,1
ACC202554,CUST104460,Savings,2016-01-15 17:23:49.834309816,15103.59,ZAR,1
ACC202555,CUST103477,Savings,2020-12-13 22:37:44.962730408,4483.93,ZAR,0
ACC202556,CUST103678,Credit Card,2024-01-29 18:30:06.185111523,163413.02,ZAR,1
ACC202557,CUST103246,Current,2019-11-24 19:47:04.563236475,-33945.59,ZAR,1
ACC202558,CUST102593,Current,2024-10-10 00:56:03.057471037,21377.57,ZAR,1
ACC202559,CUST102818,Business,2018-05-13 18:20:53.943072557,18148.91,ZAR,1
ACC202560,CUST100596,Current,2020-09-25 12:43:12.944636345,21724.97,ZAR,1
ACC202561,CUST104594,Fixed Deposit,2016-01-17 11:27:03.438629389,-15560.22,ZAR,1
ACC202562,CUST104018,Savings,2021-02-01 03:56:15.768847466,34000.84,ZAR,1
ACC202563,CUST104547,Savings,2024-12-21 06:24:12.998928308,-19949.98,ZAR,1
ACC202564,CUST103570,Savings,2016-10-05 19:35:02.560567617,36341.14,ZAR,1
ACC202565,CUST101324,Business,2022-01-22 11:15:28.385605097,31265.01,ZAR,1
ACC202566,CUST101680,Fixed Deposit,2018-08-22 07:31:31.382651329,15233.15,ZAR,1
ACC202567,CUST104333,Current,2019-02-03 22:42:55.416785240,22093.5,ZAR,1
ACC202568,CUST101159,Credit Card,2015-02-06 07:16:32.970817327,88365.33,ZAR,1
ACC202569,CUST103073,Savings,2021-03-04 13:19:44.032176971,48125.65,ZAR,0
ACC202570,CUST103290,Current,2026-05-30 22:35:50.243462801,31920.07,ZAR ,1
ACC202571,CUST100915,Savings,2016-09-13 05:33:58.949657440,41982.08,ZAR,1
ACC202572,CUST100421,Current,2017-09-17 21:29:57.144174099,26608.67,ZAR,0
ACC202573,CUST100168,Savings,2017-08-15 06:01:01.612957239,47086.47,ZAR,1
ACC202574,CUST103936,Current,2021-07-05 19:33:41.580464125,764.49,ZAR,1
ACC202575,CUST101454,Current,2017-03-14 07:28:27.127498864,113427.45,ZAR,1
ACC202576,CUST101134,Current,2026-01-08 11:57:48.949060678,32515.22,ZAR,1
ACC202577,CUST104545,Savings,2023-01-24 10:46:33.920295954,138053.23,ZAR,1
ACC202578,CUST102967,Current,2022-03-30 00:04:00.302652359,113671.12,ZAR,1
ACC202579,CUST100122,Savings,2015-01-17 19:15:48.934169769,4847.97,ZAR,1
ACC202580,CUST101517,Savings,2020-06-13 13:25:52.804333448,34580.82,ZAR,1
ACC202581,CUST102376,Current,2024-05-16 21:51:25.011299372,39622.96,ZAR,1
ACC202582,CUST102386,Savings,2020-11-14 14:01:31.208907366,62350.26,zar,1
ACC202583,CUST103918,Current,2023-07-20 22:02:18.503247499,30250.3,ZAR,1
ACC202584,CUST104003,Savings,2022-11-25 02:29:57.273155928,73276.04,ZAR ,1
ACC202585,CUST100158,Current,2025-10-06 15:35:22.980782986,-45365.06,ZAR,1
ACC202586,CUST101435,Current,2019-03-31 21:47:25.755384922,600.8,ZAR,1
ACC202587,CUST103002,Savings,2024-07-23 07:14:37.750359535,17364.17,ZAR,1
ACC202588,CUST100165,Savings,2018-01-06 14:57:01.297677279,-1665.65,zar,1
ACC202589,CUST102853,Current,2021-06-16 08:37:51.754185915,-44278.22,ZAR,1
ACC202590,CUST100386,Credit Card,2022-02-26 21:40:22.713362217,60354.48,ZAR,0
ACC202591,CUST102865,Savings,2020-02-16 16:43:16.766370296,-19279.03,ZAR,1
ACC202592,CUST100372,Savings,2016-03-09 00:08:33.885364056,-1972.63,ZAR,1
ACC202593,CUST103693,Credit Card,2020-01-11 16:14:11.139000893,55194.13,ZAR,1
ACC202594,CUST102295,Savings,2017-04-13 05:58:19.617729664,73975.1,ZAR,1
ACC202595,CUST104756,Savings,2020-08-23 08:07:55.106642723,2378.84,ZAR,1
ACC202596,CUST100416,Savings,2015-03-29 05:43:39.633185625,-16469.34,ZAR,1
ACC202597,CUST104348,Business,2020-08-06 20:23:13.634475708,-7531.02,ZAR,1
ACC202598,CUST102063,Current,2019-05-16 02:25:27.373811245,69587.56,ZAR,1
ACC202599,CUST102438,Savings,2015-02-27 03:24:19.928768396,71852.09,ZAR,1
ACC202600,CUST103489,Current,2022-03-19 06:28:31.121305227,38460.2,ZAR,1
ACC202601,CUST103110,Savings,2018-08-17 00:07:22.675405741,34880.97,ZAR,1
ACC202602,CUST104399,Savings,2021-09-29 10:35:34.737127781,-27748.14,ZAR,1
ACC202603,CUST104157,Business,2025-04-05 10:25:03.155211449,43603.39,ZAR,1
ACC202604,CUST101107,Current,2025-01-04 10:52:30.504606485,56428.8,ZAR,1
ACC202605,CUST101373,Current,2020-10-31 02:23:04.397721052,31617.86,ZAR,1
ACC202606,CUST104383,Fixed Deposit,2020-06-16 10:16:01.152255774,33075.01,ZAR,0
ACC202607,CUST104050,Savings,2021-03-05 21:22:40.656178713,-16269.67,ZAR,1
ACC202608,CUST104890,Savings,2019-07-10 01:29:19.917803049,71737.96,ZAR,1
ACC202609,CUST104579,Savings,2018-06-02 06:08:28.667918444,-29368.39,ZAR,0
ACC202610,CUST103128,Credit Card,2016-10-28 19:02:25.782695770,24336.33,ZAR,1
ACC202611,CUST104812,Savings,2025-08-06 19:56:43.522149086,43301.28,ZAR,1
ACC202612,CUST103686,Current,2015-09-18 17:55:07.504561186,70640.07,zar,1
ACC202613,CUST104437,Savings,2018-12-30 19:59:32.649282455,67146.27,ZAR,1
ACC202614,CUST102415,Savings,2016-12-05 01:00:50.548770666,70567.83,ZAR,1
ACC202615,CUST104826,Current,2015-09-14 01:25:16.126740216,12915.02,ZAR,1
ACC202616,CUST100374,Savings,2016-12-31 17:39:55.271126747,117957.08,ZAR ,1
ACC202617,CUST104538,Credit Card,2020-04-12 17:36:35.583582401,68512.71,ZAR,1
ACC202618,CUST104799,Business,2021-06-22 08:19:46.708593607,10886.74,ZAR,1
ACC202619,CUST103945,Fixed Deposit,2025-05-11 03:52:35.446485281,13464.78,ZAR,1
ACC202620,CUST104726,Current,2022-12-02 15:18:04.907497168,55416.83,ZAR,1
ACC202621,CUST102103,Savings,2024-04-15 07:18:15.583310604,6303.01,ZAR,1
ACC202622,CUST101613,Current,2021-05-29 11:18:11.208054066,-26097.49,zar,1
ACC202623,CUST100669,Savings,2017-05-01 08:33:04.448583126,28302.49,ZAR,1
ACC202624,CUST100978,Fixed Deposit,2024-11-03 21:17:53.377971172,-65894.38,ZAR,1
ACC202625,CUST104332,Current,2020-06-30 04:48:44.978849649,39333.76,ZAR,1
ACC202626,CUST100327,Savings,2023-12-07 09:13:27.484775066,50518.55,ZAR,1
ACC202627,CUST101000,Credit Card,2015-01-27 20:45:41.066123723,14359.35,ZAR,1
ACC202628,CUST102489,Savings,2020-02-29 01:13:41.472989321,70998.74,ZAR,0
ACC202629,CUST101798,Credit Card,2018-12-04 11:13:49.069339275,59081.58,ZAR,1
ACC202630,CUST104623,Current,2018-06-11 03:59:39.418532610,-15757.08,ZAR ,1
ACC202631,CUST100148,Fixed Deposit,2022-10-25 14:21:13.971286774,26769.68,ZAR,1
ACC202632,CUST100204,Business,2024-07-19 19:38:16.479244709,4224.91,ZAR,1
ACC202633,CUST101360,Savings,2025-01-02 12:52:51.269548178,12076.19,ZAR,1
ACC202634,CUST103057,Current,2024-04-10 02:11:10.497257233,70852.04,ZAR,1
ACC202635,CUST101779,Savings,2024-05-26 08:03:15.046136379,50016.64,ZAR,1
ACC202636,CUST104177,Credit Card,2024-09-02 09:40:00.436982632,-3701.94,ZAR,1
ACC202637,CUST100479,Current,2023-01-12 18:53:07.475634098,33967.37,ZAR,1
ACC202638,CUST101898,Business,2023-10-20 10:16:55.659763098,-5228.03,ZAR,0
ACC202639,CUST103245,Fixed Deposit,2017-07-24 12:09:12.623162746,5610.06,ZAR,1
ACC202640,CUST103059,Savings,2026-02-01 03:49:45.301570415,86567.27,ZAR,1
ACC202641,CUST102588,Savings,2020-10-29 07:11:08.316910505,126876.06,ZAR,1
ACC202642,CUST102219,Current,2018-01-16 11:11:40.695019484,96160.75,ZAR,1
ACC202643,CUST100470,Savings,2020-04-06 17:26:33.863983631,36095.63,ZAR,1
ACC202644,CUST100326,Savings,2024-07-14 09:53:44.961233377,32358.34,ZAR,1
ACC202645,CUST100273,Current,2023-01-08 05:24:51.171588898,65775.7,ZAR,1
ACC202646,CUST102522,Current,2016-10-07 12:25:53.574104786,,ZAR,1
ACC202647,CUST104424,Current,2020-01-30 11:26:44.454171658,-32034.32,ZAR,1
ACC202648,CUST100445,Savings,2023-09-30 05:00:57.362239361,97757.87,ZAR,1
ACC202649,CUST100326,Savings,2023-01-14 12:25:16.194555998,-22510.2,ZAR,1
ACC202650,CUST103424,Savings,2017-03-12 21:28:52.231391668,73313.39,ZAR,1
ACC202651,CUST102502,Credit Card,2023-08-09 07:53:33.172520161,55392.16,ZAR,1
ACC202652,CUST101550,Current,2022-10-25 14:03:16.090563774,99392.24,ZAR,1
ACC202653,CUST100089,Current,2017-10-30 16:59:06.875755072,59500.9,ZAR ,1
ACC202654,CUST104012,Business,2018-07-25 01:12:07.895998240,1486.22,ZAR,1
ACC202655,CUST103296,Fixed Deposit,2019-11-10 01:56:43.104438782,68413.41,ZAR,1
ACC202656,CUST102935,Savings,2022-10-20 20:50:37.962417841,10465.93,ZAR,0
ACC202657,CUST101170,Credit Card,2026-01-07 14:17:34.108806610,-14099.11,ZAR,1
ACC202658,CUST104675,Savings,2026-07-09 18:16:44.186234236,-48260.08,ZAR,1
ACC202659,CUST100314,Credit Card,2022-12-25 12:02:55.389579296,20053.65,ZAR,1
ACC202660,CUST103688,Savings,2019-10-11 14:50:37.671305180,-42545.02,ZAR,1
ACC202661,CUST103638,Savings,2015-10-17 13:45:28.816402435,82462.55,ZAR,1
ACC202662,CUST103624,Fixed Deposit,2021-11-13 08:02:44.538352251,-37836.57,ZAR ,1
ACC202663,CUST103009,Current,2020-07-30 16:59:05.754444599,9797.34,ZAR,1
ACC202664,CUST101523,Savings,2022-10-08 03:28:47.349673033,11507.95,ZAR,1
ACC202665,CUST102278,Fixed Deposit,2026-03-03 16:52:54.550074100,31868.37,ZAR ,1
ACC202666,CUST102209,Savings,2016-12-06 14:08:09.763627291,-9692.08,ZAR,1
ACC202667,CUST104331,Savings,2019-04-17 17:19:20.277494907,70390.6,ZAR,1
ACC202668,CUST103727,Savings,2021-09-03 02:49:27.546997786,31523.69,ZAR,1
ACC202669,CUST102381,Credit Card,2019-01-23 12:26:49.127959490,24292.76,ZAR,1
ACC202670,CUST103610,Current,2017-01-14 16:33:29.375746727,-1011.22,ZAR ,1
ACC202671,CUST104847,Current,2021-12-06 20:29:07.056951523,46986.59,ZAR,1
ACC202672,CUST103461,Current,2015-06-16 13:58:27.389553070,80891.56,ZAR ,0
ACC202673,CUST101781,Current,2019-05-14 21:25:25.313146591,132798.96,ZAR,1
ACC202674,CUST100039,Savings,2026-04-07 12:07:39.244164944,-12644.82,ZAR,1
ACC202675,CUST104391,Savings,2020-07-15 19:37:30.357321024,19540.26,ZAR,1
ACC202676,CUST100086,Savings,2016-03-05 17:18:45.777327299,-51283.06,ZAR,1
ACC202677,CUST102545,Credit Card,2024-08-30 01:01:03.526951313,52193.4,ZAR,1
ACC202678,CUST100337,Credit Card,2017-01-27 08:01:15.623576880,-29610.19,ZAR,1
ACC202679,CUST104397,Savings,2017-11-27 00:25:14.707132339,36017.83,ZAR,1
ACC202680,CUST100157,Savings,2026-02-23 02:39:11.986398697,74395.23,ZAR,1
ACC202681,CUST103417,Current,2023-12-23 16:23:02.392071486,8521.46,ZAR,1
ACC202682,CUST103864,Savings,2018-09-23 16:05:42.201449633,-12285.47,ZAR,1
ACC202683,CUST103662,Current,2022-06-30 22:47:30.879490614,77724.42,zar,1
ACC202684,CUST102734,Current,2020-08-25 06:04:13.947920322,53427.68,ZAR,1
ACC202685,CUST102954,Current,2025-05-03 06:16:59.945699215,-20191.49,ZAR,1
ACC202686,CUST102524,Savings,2021-06-28 01:00:46.544016123,30589.21,ZAR,1
ACC202687,CUST103785,Fixed Deposit,2022-08-27 05:36:15.682210684,-9148.38,ZAR,1
ACC202688,CUST100427,Savings,2016-09-22 20:28:16.762699127,67422.67,ZAR,1
ACC202689,CUST104450,Savings,2017-11-22 22:10:38.387760401,29918.08,ZAR,1
ACC202690,CUST103873,Savings,2015-04-23 06:36:27.385490656,86107.66,ZAR,1
ACC202691,CUST104843,Credit Card,2021-10-24 06:34:14.633325577,-12262.29,ZAR,1
ACC202692,CUST100464,Credit Card,2021-07-07 10:49:44.994879484,34083.73,ZAR ,1
ACC202693,CUST101045,Current,2018-07-26 01:25:06.547160149,24510.04,ZAR,1
ACC202694,CUST101109,Current,2017-09-08 22:09:47.859537840,35187.88,ZAR,1
ACC202695,CUST102062,Current,2020-03-31 07:55:19.118606806,2346.94,ZAR,1
ACC202696,CUST104094,Savings,2016-03-14 23:59:46.224339724,-65039.97,ZAR,1
ACC202697,CUST103933,Savings,2024-11-16 23:56:27.108218431,52162.92,ZAR,1
ACC202698,CUST103462,Savings,2024-08-19 20:34:20.408945560,27144.77,ZAR,1
ACC202699,CUST101980,Current,2021-11-26 16:43:14.338068247,-8251.31,ZAR,1
ACC202700,CUST100463,Current,2025-06-10 16:22:00.274636507,4927.68,ZAR,1
ACC202701,CUST103472,Business,2022-02-08 01:07:17.245024443,-21771.01,zar,1
ACC202702,CUST100369,Current,2020-09-07 13:39:22.267376899,-49333.37,ZAR,1
ACC202703,CUST101020,Current,2021-12-12 21:58:08.679892540,66548.82,ZAR,1
ACC202704,CUST102032,Business,2015-12-28 09:32:55.079708338,,ZAR,1
ACC202705,CUST103882,Savings,2017-07-08 23:31:40.460277557,-29052.48,ZAR,1
ACC202706,CUST103016,Current,2021-06-19 16:36:04.568325520,125989.12,ZAR,1
ACC202707,CUST100518,Credit Card,2016-04-19 19:09:08.913058519,-20072.55,ZAR,1
ACC202708,CUST101233,Current,2024-05-17 13:51:55.440164804,53583.21,ZAR,1
ACC202709,CUST104246,Fixed Deposit,2016-12-21 01:10:04.529414415,25149.55,ZAR,1
ACC202710,CUST102925,Current,2019-11-06 01:03:03.062430620,-25518.31,ZAR,1
ACC202711,CUST103287,Fixed Deposit,2020-08-11 17:13:52.563789606,38987.12,ZAR,1
ACC202712,CUST101797,Savings,2016-10-30 01:04:50.471040487,,ZAR,1
ACC202713,CUST104075,Credit Card,2017-10-21 08:39:15.840415955,-478.8,ZAR,1
ACC202714,CUST102943,Savings,2020-08-10 23:23:48.766700983,77766.04,zar,1
ACC202715,CUST100405,Savings,2016-03-27 17:07:25.477597952,49955.64,ZAR,1
ACC202716,CUST103627,Savings,2017-03-02 17:13:34.271728992,53768.11,ZAR,1
ACC202717,CUST101442,Current,2015-04-09 02:30:07.876085043,16389.19,ZAR,1
ACC202718,CUST104215,Savings,2020-11-12 06:44:02.892233372,39086.03,ZAR,1
ACC202719,CUST103191,Savings,2024-07-10 06:00:42.658345222,23924.85,ZAR,1
ACC202720,CUST100979,Current,2024-05-22 17:42:58.486155987,44968.37,ZAR,1
ACC202721,CUST100146,Current,2019-02-10 05:05:28.587978601,-13861.26,ZAR,1
ACC202722,CUST100425,Savings,2022-12-17 21:11:03.127588033,-69966.91,ZAR,1
ACC202723,CUST101231,Current,2026-06-19 07:28:40.810469866,79245.34,ZAR ,1
ACC202724,CUST100591,Fixed Deposit,2019-11-27 00:09:21.073921204,24409.99,ZAR,0
ACC202725,CUST103292,Credit Card,2025-08-01 11:56:56.057718039,47869.2,ZAR,1
ACC202726,CUST100826,Current,2024-01-07 05:56:23.899948120,-2378.04,ZAR,1
ACC202727,CUST102232,Credit Card,2017-01-18 00:25:02.924623489,16049.76,ZAR,1
ACC202728,CUST101621,Fixed Deposit,2020-02-23 02:35:52.175037146,85812.44,ZAR,1
ACC202729,CUST103288,Savings,2025-10-12 06:22:38.760210037,39554.57,ZAR,1
ACC202730,CUST100143,Savings,2016-12-09 18:13:11.397913218,113188.32,ZAR,1
ACC202731,CUST102011,Savings,2015-09-01 19:09:59.390115976,60663.51,ZAR,1
ACC202732,CUST104162,Current,2018-02-04 12:43:43.972917795,-1726.01,ZAR,1
ACC202733,CUST101231,Fixed Deposit,2015-01-21 12:54:28.770798445,42665.24,ZAR,1
ACC202734,CUST104245,Savings,2016-06-21 15:08:31.390645027,92292.25,ZAR,1
ACC202735,CUST100859,Current,2019-12-09 02:59:00.810744047,33810.88,ZAR,1
ACC202736,CUST103565,Savings,2023-11-08 13:33:58.574463129,50816.7,ZAR,1
ACC202737,CUST101410,Current,2017-06-23 00:57:31.096281052,81511.08,ZAR ,1
ACC202738,CUST101782,Fixed Deposit,2024-11-03 01:12:56.002968788,-68817.65,ZAR,1
ACC202739,CUST102610,Credit Card,2026-06-10 19:23:41.326788902,53051.77,ZAR,1
ACC202740,CUST103533,Business,2020-05-17 11:28:35.888335466,78872.52,ZAR,1
ACC202741,CUST102633,Current,2026-06-28 17:27:34.955950260,-5701.78,ZAR,1
ACC202742,CUST102873,Current,2021-09-10 03:36:09.530864239,66811.66,ZAR,1
ACC202743,CUST101446,Fixed Deposit,2015-09-12 18:07:52.593478918,24792.2,ZAR,1
ACC202744,CUST103311,Current,2016-04-12 16:55:43.711763859,,ZAR,1
ACC202745,CUST100354,Business,2020-12-09 17:29:37.898982048,56624.69,ZAR,1
ACC202746,CUST100439,Savings,2025-09-04 06:36:31.770897388,24617.94,zar,1
ACC202747,CUST100797,Savings,2016-02-21 13:46:13.908944130,22025.72,ZAR,1
ACC202748,CUST104373,Savings,2021-08-15 08:31:47.168163300,50844.48,ZAR,1
ACC202749,CUST103065,Fixed Deposit,2024-05-23 12:53:51.730708122,-12967.55,ZAR,1
ACC202750,CUST101743,Savings,2026-05-21 11:42:11.875145435,55872.25,ZAR,1
ACC202751,CUST103126,Credit Card,2025-07-07 20:18:58.934826374,-11490.34,ZAR,1
ACC202752,CUST101346,Current,2016-03-24 13:34:30.004186152,85515.39,ZAR,1
ACC202753,CUST103663,Current,2015-11-21 20:54:58.648024559,70561.81,ZAR,1
ACC202754,CUST101954,Credit Card,2017-05-18 06:18:41.481173038,86511.58,ZAR,1
ACC202755,CUST103093,Current,2018-03-29 22:19:02.842170715,43569.78,ZAR,1
ACC202756,CUST101236,Savings,2025-01-10 08:30:17.001885176,8051.52,ZAR,1
ACC202757,CUST100176,Current,2022-06-22 05:56:18.383865833,-3834.73,ZAR,1
ACC202758,CUST104970,Business,2025-11-29 14:36:08.144108534,-6223.16,ZAR,1
ACC202759,CUST103266,Savings,2019-11-07 17:26:18.953390121,18096.26,ZAR,1
ACC202760,CUST103231,Savings,2019-10-01 20:01:53.505735397,-2452.67,ZAR,1
ACC202761,CUST103016,Fixed Deposit,2018-03-28 18:27:37.894216061,37994.37,ZAR,1
ACC202762,CUST104482,Savings,2020-01-25 16:49:34.346981049,-7215.24,ZAR,1
ACC202763,CUST100093,Savings,2024-02-28 13:56:26.539635658,112.68,ZAR,1
ACC202764,CUST104755,Fixed Deposit,2023-01-26 00:52:07.020872355,9764.56,ZAR ,0
ACC202765,CUST102295,Credit Card,2024-02-23 13:34:00.157334089,-6046.58,ZAR,1
ACC202766,CUST102906,Savings,2024-08-14 20:11:46.317312717,11312.06,ZAR,1
ACC202767,CUST104689,Business,2015-01-19 03:36:28.272067308,48353.33,ZAR,1
ACC202768,CUST104002,Credit Card,2017-09-30 17:17:21.588913441,-10356.1,ZAR,1
ACC202769,CUST101750,Savings,2022-07-30 11:44:52.800611734,-23150.41,zar,1
ACC202770,CUST104526,Current,2020-03-02 12:03:50.656862736,17870.98,zar,1
ACC202771,CUST100416,Fixed Deposit,2016-05-11 19:46:41.196290970,-20567.69,ZAR,1
ACC202772,CUST100750,Current,2015-10-02 01:33:15.360994577,78464.36,ZAR,1
ACC202773,CUST101136,Current,2025-12-04 08:53:49.344058037,-2946.45,ZAR,1
ACC202774,CUST101345,Current,2024-10-28 22:38:20.855189800,26923.75,ZAR,1
ACC202775,CUST103366,Savings,2018-09-11 13:35:00.438709259,43159.55,ZAR,0
ACC202776,CUST102008,Current,2022-05-28 05:02:23.678966045,-25484.28,ZAR,1
ACC202777,CUST104251,Savings,2016-09-12 18:43:50.970545530,-8788.63,ZAR,1
ACC202778,CUST103114,Credit Card,2016-07-24 22:25:38.508862734,-200.48,ZAR,1
ACC202779,CUST103026,Savings,2018-11-12 06:56:39.409010887,56299.47,ZAR,1
ACC202780,CUST103841,Savings,2018-04-04 15:22:46.060509443,98261.76,zar,1
ACC202781,CUST102051,Savings,2026-05-05 19:05:29.319346189,99237.3,ZAR,1
ACC202782,CUST101725,Credit Card,2015-04-14 00:46:28.798385143,75932.29,ZAR,1
ACC202783,CUST100540,Current,2021-05-04 01:01:42.044667244,-24600.1,ZAR,1
ACC202784,CUST104213,Savings,2024-11-21 22:32:20.021853447,-10057.55,ZAR,1
ACC202785,CUST101164,Current,2015-04-20 14:00:34.627478600,80498.52,ZAR ,1
ACC202786,CUST103271,Current,2021-05-31 06:22:19.711162806,86022.14,ZAR,1
ACC202787,CUST103952,Fixed Deposit,2019-05-27 08:57:29.227781773,56828.61,ZAR,1
ACC202788,CUST101860,Savings,2017-07-02 05:45:25.477079868,57231.94,ZAR,1
ACC202789,CUST100817,Savings,2017-09-22 14:29:19.359192133,7837.51,ZAR,1
ACC202790,CUST103403,Fixed Deposit,2024-06-07 02:25:52.339114904,93645.5,ZAR,1
ACC202791,CUST101626,Current,2020-05-18 15:17:28.197921753,-4241.72,ZAR,0
ACC202792,CUST104260,Current,2015-07-14 01:55:47.648970604,-39421.38,zar,1
ACC202793,CUST102227,Savings,2019-09-26 08:08:50.954352379,57051.83,ZAR,1
ACC202794,CUST101679,Fixed Deposit,2024-06-16 17:49:01.757972240,1688.79,ZAR,1
ACC202795,CUST103635,Fixed Deposit,2022-12-25 03:09:12.729761839,-26942.64,ZAR,1
ACC202796,CUST101934,Current,2026-01-22 10:52:38.945629597,60120.16,ZAR,1
ACC202797,CUST103984,Savings,2023-12-15 04:00:36.737251759,-48131.24,zar,1
ACC202798,CUST103459,Savings,2016-12-24 02:40:44.964746714,43173.08,ZAR,0
ACC202799,CUST104422,Savings,2015-10-10 16:19:57.816551924,7135.26,ZAR,1
ACC202800,CUST102149,Current,2020-05-10 14:46:22.802902460,89054.49,ZAR,1
ACC202801,CUST100434,Current,2020-02-25 13:09:45.409661055,43291.74,ZAR,0
ACC202802,CUST100888,Current,2021-05-05 18:28:39.653181553,67953.51,ZAR,0
ACC202803,CUST100025,Savings,2022-10-12 02:02:59.674480915,-18375.1,ZAR ,1
ACC202804,CUST104270,Savings,2017-12-11 18:44:47.416319132,-42762.61,ZAR,1
ACC202805,CUST101216,Business,2026-06-12 14:06:23.873603582,10508.43,ZAR,1
ACC202806,CUST101007,Savings,2020-09-23 20:24:44.017990828,49468.94,ZAR,1
ACC202807,CUST103030,Fixed Deposit,2023-04-13 07:32:56.350798607,27851.27,ZAR,1
ACC202808,CUST101231,Current,2019-09-24 12:45:35.691455841,71030.68,ZAR,1
ACC202809,CUST104895,Savings,2022-12-05 02:32:04.928374052,46856.99,ZAR,1
ACC202810,CUST104339,Current,2026-05-22 18:24:10.455786228,-16977.11,ZAR ,1
ACC202811,CUST102254,Business,2016-10-11 16:08:56.944282055,43585.76,zar,1
ACC202812,CUST103209,Credit Card,2020-01-18 23:09:42.369790077,31877.64,ZAR ,1
ACC202813,CUST101934,Savings,2023-01-27 10:00:22.434681416,75832.96,ZAR,0
ACC202814,CUST102158,Savings,2024-12-03 11:55:32.523327351,-12041.22,ZAR,1
ACC202815,CUST102402,Current,2022-05-19 07:17:33.039860725,-1529.82,ZAR,0
ACC202816,CUST101909,Savings,2017-09-05 08:00:32.094935656,40876.25,ZAR,0
ACC202817,CUST102182,Savings,2022-06-22 00:15:09.146157503,81551.46,ZAR,1
ACC202818,CUST100916,Fixed Deposit,2022-03-19 03:57:58.423129559,17026.37,ZAR,1
ACC202819,CUST103258,Current,2015-07-04 14:48:59.758296967,48861.25,ZAR,1
ACC202820,CUST100339,Credit Card,2022-01-11 03:52:27.710767031,26408.9,ZAR,1
ACC202821,CUST104546,Current,2021-03-02 20:01:04.159280777,23302.32,ZAR,1
ACC202822,CUST104547,Savings,2018-05-09 10:57:26.626903534,,ZAR,1
ACC202823,CUST101040,Savings,2017-10-07 14:55:00.831727028,29394.46,ZAR,0
ACC202824,CUST100223,Credit Card,2023-11-23 03:51:36.140904903,7297.63,ZAR,1
ACC202825,CUST102397,Current,2015-10-02 14:42:20.565031052,4932.55,ZAR,0
ACC202826,CUST100308,Current,2018-04-18 10:54:42.895883560,12716.55,ZAR,1
ACC202827,CUST102016,Savings,2023-02-13 12:30:25.067361593,-2681.69,ZAR,0
ACC202828,CUST103760,Savings,2017-06-03 22:35:08.597523212,15483.23,ZAR,0
ACC202829,CUST101547,Savings,2016-05-12 11:21:24.007869720,27353.78,ZAR ,1
ACC202830,CUST104468,Savings,2026-05-20 15:29:02.939509869,36469.81,ZAR,1
ACC202831,CUST100072,Fixed Deposit,2021-07-20 14:54:03.721369743,-14408.46,ZAR,1
ACC202832,CUST103548,Credit Card,2018-02-10 21:02:26.090065241,8177.38,ZAR,1
ACC202833,CUST102517,Fixed Deposit,2016-10-13 06:33:44.751085520,10133.86,ZAR,1
ACC202834,CUST101210,Fixed Deposit,2015-01-31 01:25:59.294342995,-5533.68,ZAR,1
ACC202835,CUST102150,Current,2023-09-07 10:49:46.823870182,-697500.8175344536,ZAR,1
ACC202836,CUST101353,Savings,2019-02-21 05:00:10.981585741,61029.27,ZAR,0
ACC202837,CUST103100,Current,2017-04-03 00:02:54.864161253,79559.46,ZAR,1
ACC202838,CUST104806,Savings,2025-06-18 22:28:47.999047756,12479.21,ZAR,1
ACC202839,CUST102505,Credit Card,2023-01-24 11:31:25.177772045,-3440.22,ZAR,1
ACC202840,CUST103500,Credit Card,2024-05-21 00:53:33.569867611,21749.34,ZAR,1
ACC202841,CUST103056,Current,2022-08-05 18:42:12.914832830,28371.79,ZAR,0
ACC202842,CUST104139,Savings,2025-08-13 16:28:15.879782915,52682.96,ZAR,1
ACC202843,CUST102813,Savings,2018-12-28 00:42:44.492965698,9144.91,ZAR,1
ACC202844,CUST102231,Savings,2016-10-23 14:43:54.922213554,3318.87,ZAR,1
ACC202845,CUST100596,Savings,2015-01-29 05:06:58.526860236,123064.08,ZAR,1
ACC202846,CUST103882,Fixed Deposit,2015-05-24 01:04:43.445562840,-26743.17,ZAR,1
ACC202847,CUST104489,Savings,2024-11-20 19:48:10.277318954,61044.91,ZAR,1
ACC202848,CUST104903,Fixed Deposit,2022-02-13 20:23:13.844531536,84588.56,ZAR,0
ACC202849,CUST103649,Current,2015-07-12 17:09:54.788375378,14847.22,ZAR,1
ACC202850,CUST101783,Current,2016-03-27 10:51:29.755484819,42596.97,ZAR,1
ACC202851,CUST103517,Savings,2023-01-25 05:47:00.996623278,-42072.89,ZAR,0
ACC202852,CUST101602,Savings,2019-06-17 01:48:28.092317820,25995.01,ZAR,1
ACC202853,CUST104494,Current,2023-12-20 17:40:01.108742237,71380.13,ZAR,1
ACC202854,CUST100214,Current,2025-11-05 15:18:01.382856131,29819.67,ZAR,1
ACC202855,CUST104491,Current,2023-10-03 21:04:13.889483452,26528.87,ZAR,1
ACC202856,CUST103685,Savings,2017-02-07 01:36:04.883808613,94369.87,ZAR,0
ACC202857,CUST104446,Savings,2022-07-11 02:30:18.174299479,57763.39,ZAR,1
ACC202858,CUST101203,Savings,2021-11-23 07:09:31.111253500,53329.98,ZAR,1
ACC202859,CUST102540,Credit Card,2024-10-26 16:29:08.249804974,-7422.84,ZAR,1
ACC202860,CUST101269,Current,2017-04-27 04:58:45.480028152,-72795.03,ZAR,1
ACC202861,CUST103553,Savings,2023-04-30 00:49:29.751938581,39922.16,ZAR,1
ACC202862,CUST103160,Credit Card,2021-12-12 02:00:08.795992851,25221.5,zar,1
ACC202863,CUST103457,Savings,2020-07-13 02:47:31.726977587,55501.38,ZAR,1
ACC202864,CUST103694,Credit Card,2018-05-16 06:57:33.988598108,29987.08,ZAR,1
ACC202865,CUST100224,Current,2015-04-21 02:46:34.689492464,26775.22,ZAR ,1
ACC202866,CUST102037,Credit Card,2024-04-30 16:35:43.486666679,26226.7,ZAR,1
ACC202867,CUST101263,Savings,2016-03-30 10:14:42.783533573,-19388.1,ZAR,1
ACC202868,CUST104722,Credit Card,2019-05-16 06:37:01.939047813,-48801.29,ZAR,1
ACC202869,CUST102647,Credit Card,2020-09-29 17:38:36.317746162,-10425.06,ZAR,1
ACC202870,CUST100808,Savings,2018-10-26 17:04:18.494123936,-19105.29,ZAR,1
ACC202871,CUST101961,Savings,2022-09-03 04:07:32.131556510,23168.03,ZAR,1
ACC202872,CUST102636,Credit Card,2018-10-21 12:02:54.609738111,-40320.95,ZAR,1
ACC202873,CUST101624,Current,2020-12-24 00:07:19.767763615,5964.18,ZAR,1
ACC202874,CUST103086,Current,2016-02-07 15:58:26.387931824,102178.26,ZAR,1
ACC202875,CUST103846,Savings,2020-01-12 21:57:08.465889692,22017.05,ZAR,1
ACC202876,CUST103086,Savings,2021-10-02 02:12:38.909057856,26922.99,ZAR ,1
ACC202877,CUST102893,Credit Card,2024-12-24 12:30:47.760494709,,ZAR,1
ACC202878,CUST103284,Savings,2017-02-07 03:10:45.770448685,33477.76,ZAR,1
ACC202879,CUST101438,Savings,2018-12-03 10:15:00.939230204,3942.24,zar,0
ACC202880,CUST103169,Savings,2018-01-01 19:16:00.777372122,18394.19,ZAR ,1
ACC202881,CUST100256,Credit Card,2016-10-07 18:34:07.310824156,3320.84,ZAR,0
ACC202882,CUST103958,Savings,2019-06-20 03:52:50.370926619,-34717.21,ZAR,1
ACC202883,CUST101900,Current,2025-07-09 06:23:44.223849773,71919.46,ZAR ,1
ACC202884,CUST104070,Current,2019-04-27 12:42:57.340944767,-10286.56,ZAR,1
ACC202885,CUST101268,Savings,2018-02-25 06:07:08.644104004,89023.98,ZAR,1
ACC202886,CUST104887,Savings,2026-02-04 12:27:07.962691307,-5590.82,ZAR,1
ACC202887,CUST102601,Savings,2023-04-15 10:53:40.305001259,-29342.56,ZAR,0
ACC202888,CUST104698,Savings,2019-04-13 17:22:45.794081926,102435.87,ZAR,1
ACC202889,CUST101462,Fixed Deposit,2023-09-05 14:48:59.148631811,-34185.88,ZAR,1
ACC202890,CUST102599,Credit Card,2022-05-25 01:02:27.357473612,-65584.88,ZAR,1
ACC202891,CUST103569,Credit Card,2024-11-24 23:18:45.976538658,-32855.33,ZAR,1
ACC202892,CUST103529,Credit Card,2016-04-14 13:37:35.640348911,19485.09,ZAR,1
ACC202893,CUST101264,Savings,2021-04-02 14:30:31.890344620,-28510.83,ZAR,1
ACC202894,CUST102012,Credit Card,2023-02-17 23:40:02.103870153,2495.7,ZAR,1
ACC202895,CUST101151,Current,2026-07-22 03:57:50.174872398,-56337.41,ZAR,1
ACC202896,CUST103253,Credit Card,2021-12-20 08:34:45.685132027,68498.78,ZAR,1
ACC202897,CUST102075,Business,2016-08-18 02:46:14.537602186,41794.87,ZAR,1
ACC202898,CUST100037,Savings,2026-04-02 14:40:39.002440214,-25634.19,ZAR,1
ACC202899,CUST101463,Current,2020-04-24 14:25:19.063698769,-67620.87,ZAR,1
ACC202900,CUST101837,Savings,2020-08-27 02:05:53.799006224,-11150.78,ZAR,0
ACC202901,CUST102803,Fixed Deposit,2017-12-06 19:27:10.254311562,51007.14,ZAR,1
ACC202902,CUST104572,Savings,2024-06-03 15:37:21.009130001,68068.75,ZAR,0
ACC202903,CUST104917,Savings,2021-02-16 22:27:02.604574442,15575.93,ZAR,1
ACC202904,CUST103375,Fixed Deposit,2026-04-12 14:30:35.053178787,4942.07,ZAR,1
ACC202905,CUST104522,Savings,2021-01-04 11:45:23.834085941,1856.96,ZAR,1
ACC202906,CUST100086,Current,2017-02-02 18:00:45.646326303,37174.03,ZAR,1
ACC202907,CUST104301,Current,2023-12-03 09:29:11.321397781,60260.75,ZAR,1
ACC202908,CUST102613,Current,2016-09-16 18:36:26.795036316,19274.23,ZAR,1
ACC202909,CUST101863,Savings,2018-04-13 13:31:44.022324562,10045.11,ZAR,1
ACC202910,CUST101829,Savings,2025-11-18 00:38:45.743858099,56229.73,ZAR,1
ACC202911,CUST101746,Current,2026-04-23 00:39:08.371338844,84774.8,zar,1
ACC202912,CUST104043,Current,2023-12-30 06:56:09.368067265,,ZAR,0
ACC202913,CUST102294,Fixed Deposit,2017-05-25 04:10:51.301796436,28396.88,ZAR,1
ACC202914,CUST100574,Credit Card,2023-08-05 07:49:59.831903934,-5057.81,ZAR,1
ACC202915,CUST104505,Current,2021-11-17 20:21:40.887074947,28212.15,ZAR,1
ACC202916,CUST103020,Savings,2020-03-04 16:59:37.805713177,-12061.66,ZAR,1
ACC202917,CUST101954,Fixed Deposit,2020-03-02 03:39:27.807645798,81874.54,ZAR,1
ACC202918,CUST103560,Savings,2020-03-31 09:38:15.047444820,60445.41,ZAR,1
ACC202919,CUST101754,Fixed Deposit,2018-09-25 13:45:44.848561764,94481.01,ZAR,1
ACC202920,CUST102977,Fixed Deposit,2021-03-25 21:09:17.056281090,2599.75,ZAR,1
ACC202921,CUST100039,Business,2015-06-04 13:16:24.939084530,107814.61,zar,1
ACC202922,CUST101372,Savings,2024-10-29 02:51:08.647643328,34782.48,ZAR,1
ACC202923,CUST101710,Savings,2025-05-22 11:37:21.113816500,19648.28,ZAR,1
ACC202924,CUST103965,Current,2019-07-12 03:52:51.381442308,75323.85,ZAR,1
ACC202925,CUST103772,Current,2025-12-26 10:39:14.703329802,-15820.81,ZAR,0
ACC202926,CUST103967,Savings,2023-12-28 02:13:58.973535538,26340.02,ZAR,1
ACC202927,CUST102393,Current,2024-10-26 12:56:48.600421190,18744.52,ZAR,1
ACC202928,CUST101804,Current,2025-04-28 02:36:32.005391598,41702.41,ZAR,1
ACC202929,CUST102641,Savings,2018-12-10 13:07:41.142314911,7252.74,ZAR,1
ACC202930,CUST101333,Savings,2024-05-30 18:46:35.486914635,3423.61,ZAR,1
ACC202931,CUST102643,Current,2016-09-05 21:31:31.672725439,9771.13,ZAR,1
ACC202932,CUST103319,Savings,2026-04-25 20:42:20.389947891,13380.7,zar,1
ACC202933,CUST104846,Current,2021-11-23 00:32:02.081932068,28146.24,ZAR,1
ACC202934,CUST101839,Credit Card,2023-01-15 05:24:04.192114353,76520.14,ZAR,0
ACC202935,CUST100566,Fixed Deposit,2018-07-20 02:20:04.334991693,-61259.71,ZAR,0
ACC202936,CUST101726,Credit Card,2015-05-15 19:00:31.251487732,55656.28,ZAR,1
ACC202937,CUST104132,Current,2016-11-20 21:25:04.151138783,6111.55,ZAR,1
ACC202938,CUST102252,Fixed Deposit,2016-08-23 23:08:57.452388763,17844.02,ZAR,1
ACC202939,CUST102082,Current,2020-02-15 11:44:55.820045948,-18468.71,ZAR,1
ACC202940,CUST102290,Credit Card,2018-05-22 10:18:36.609684229,26846.2,ZAR,1
ACC202941,CUST101264,Savings,2025-12-08 17:46:58.875784159,9344.93,ZAR,1
ACC202942,CUST104148,Credit Card,2024-09-29 15:36:32.431379318,16002.22,ZAR,1
ACC202943,CUST103356,Savings,2021-04-02 13:40:54.052459955,48325.01,ZAR,1
ACC202944,CUST104764,Savings,2024-11-14 13:49:48.248719215,50414.51,ZAR ,1
ACC202945,CUST100490,Current,2021-10-10 21:04:20.550115585,81799.02,ZAR,1
ACC202946,CUST103567,Savings,2025-08-27 16:28:31.475778341,1308.74,ZAR,1
ACC202947,CUST100404,Savings,2023-08-18 23:07:11.868040085,52294.1,ZAR,1
ACC202948,CUST100441,Credit Card,2023-07-07 20:10:06.916704655,50340.08,ZAR,1
ACC202949,CUST104227,Current,2018-03-08 19:34:23.543244362,28510.73,ZAR ,1
ACC202950,CUST101688,Credit Card,2024-03-14 14:03:59.978641748,92417.49,ZAR,1
ACC202951,CUST101579,Credit Card,2023-12-12 02:26:15.430836439,-531.1,ZAR,1
ACC202952,CUST100948,Current,2015-12-09 09:20:18.701266289,31037.36,ZAR,0
ACC202953,CUST100542,Business,2015-09-02 21:17:52.890923262,37197.84,ZAR,1
ACC202954,CUST103316,Savings,2025-03-16 16:34:37.165308475,-22914.87,ZAR,1
ACC202955,CUST102616,Savings,2026-05-03 13:23:29.135788918,75597.75,ZAR,1
ACC202956,CUST102990,Savings,2022-01-01 14:40:15.381158829,20736.0,ZAR,1
ACC202957,CUST100771,Credit Card,2016-12-23 11:04:54.510632514,42490.72,ZAR,1
ACC202958,CUST104912,Savings,2019-11-17 15:06:44.978496313,88189.37,ZAR,1
ACC202959,CUST100039,Current,2015-03-31 00:53:11.466741323,33600.49,ZAR,0
ACC202960,CUST102238,Current,2024-07-07 21:43:34.907775640,26614.31,ZAR,1
ACC202961,CUST102609,Credit Card,2016-03-12 08:45:34.794095993,27656.4,ZAR,1
ACC202962,CUST100527,Credit Card,2018-11-18 16:29:45.844928265,-15197.15,ZAR,1
ACC202963,CUST102893,Savings,2021-07-08 05:44:15.919101954,9777.0,ZAR,1
ACC202964,CUST102991,Savings,2023-01-31 19:14:15.571617126,18942.58,ZAR,1
ACC202965,CUST102652,Current,2025-07-03 22:20:18.575924158,28927.88,ZAR,1
ACC202966,CUST101834,Fixed Deposit,2019-11-20 06:34:29.032137632,80145.63,ZAR,1
ACC202967,CUST104649,Savings,2017-03-19 01:16:42.601737976,62165.35,ZAR,1
ACC202968,CUST100889,Credit Card,2016-04-05 15:19:34.515880107,1494.81,ZAR,1
ACC202969,CUST103720,Savings,2022-08-17 15:54:37.215872049,24061.01,ZAR,1
ACC202970,CUST101854,Savings,2016-06-28 20:35:33.256982802,81031.03,ZAR,1
ACC202971,CUST101936,Savings,2022-08-16 07:17:05.252851247,-43959.22,ZAR,1
ACC202972,CUST101190,Credit Card,2020-04-13 20:59:03.575487614,15900.56,ZAR,1
ACC202973,CUST103373,Credit Card,2019-10-28 21:39:11.915210247,-27246.18,ZAR,1
ACC202974,CUST100986,Current,2018-01-08 16:14:22.758534670,122737.97,ZAR,1
ACC202975,CUST101863,Credit Card,2025-06-11 10:44:43.940017223,55891.77,ZAR ,1
ACC202976,CUST102418,Current,2023-04-18 11:18:10.538422346,5150.04,ZAR,1
ACC202977,CUST100048,Savings,2021-01-28 09:04:24.662022114,23568.82,ZAR,1
ACC202978,CUST104050,Credit Card,2019-11-28 14:28:56.811244488,-7870.55,ZAR,1
ACC202979,CUST101657,Savings,2019-03-05 16:28:15.808802128,104654.4,ZAR,1
ACC202980,CUST104428,Fixed Deposit,2019-08-16 11:09:14.961920023,-66729.04,ZAR,1
ACC202981,CUST103242,Credit Card,2024-11-19 21:33:36.267535686,38097.96,zar,1
ACC202982,CUST101301,Credit Card,2019-11-18 14:00:14.021062374,22152.99,ZAR,0
ACC202983,CUST103310,Current,2015-01-19 14:47:18.679631710,-16150.4,ZAR,1
ACC202984,CUST102242,Credit Card,2025-09-10 07:52:38.954364061,14948.5,ZAR,1
ACC202985,CUST102432,Savings,2021-11-12 18:45:02.023066521,-39829.03,ZAR,1
ACC202986,CUST104214,Current,2016-12-01 19:37:37.836159706,87792.88,ZAR,1
ACC202987,CUST103205,Savings,2016-06-19 11:02:55.423551321,26024.8,ZAR,1
ACC202988,CUST104943,Current,2019-05-12 22:24:25.297961235,61602.19,ZAR,1
ACC202989,CUST104640,Current,2022-02-02 18:02:58.159513235,5616.28,ZAR,1
ACC202990,CUST104249,Savings,2025-11-16 16:37:21.713333607,78783.48,zar,1
ACC202991,CUST102328,Savings,2015-08-19 08:02:58.515506506,26390.8,ZAR,1
ACC202992,CUST102470,Current,2019-02-01 05:50:49.406268597,67917.02,ZAR,1
ACC202993,CUST104410,Fixed Deposit,2017-12-23 20:04:03.901418686,47697.22,ZAR,1
ACC202994,CUST104350,Current,2019-11-17 15:02:44.502803564,23654.78,ZAR,1
ACC202995,CUST101852,Current,2024-03-04 13:37:23.017436028,64987.34,ZAR,1
ACC202996,CUST103533,Fixed Deposit,2016-11-01 15:47:57.182953596,192415.7,ZAR,1
ACC202997,CUST102996,Credit Card,2025-10-29 22:28:14.159399986,-20246.97,ZAR,1
ACC202998,CUST100567,Credit Card,2017-12-20 17:54:33.043296814,20164.89,ZAR,1
ACC202999,CUST100616,Current,2023-09-19 23:16:23.047750950,-26746.87,ZAR,1
ACC203000,CUST100420,Current,2022-05-28 23:11:26.940829039,41588.54,ZAR,1
ACC203001,CUST101280,Savings,2021-05-06 02:34:55.314897060,34031.04,ZAR,1
ACC203002,CUST104681,Credit Card,2024-10-09 15:00:18.489292622,102706.03,ZAR,1
ACC203003,CUST101585,Savings,2022-01-12 06:15:36.744949579,14735.13,ZAR,1
ACC203004,CUST104622,Credit Card,2024-01-23 19:54:41.584474325,63074.14,ZAR ,1
ACC203005,CUST102202,Fixed Deposit,2021-10-28 02:53:42.691378593,-58186.77,ZAR,1
ACC203006,CUST102291,Current,2023-05-06 13:39:58.321420431,31071.12,ZAR,1
ACC203007,CUST101279,Savings,2015-07-20 21:04:52.823283672,-9792.35,ZAR,0
ACC203008,CUST103309,Savings,2022-06-21 19:25:02.643970966,48690.95,ZAR,1
ACC203009,CUST102946,Current,2025-04-18 10:57:10.144751549,71052.92,ZAR,1
ACC203010,CUST101523,Savings,2022-07-13 22:20:57.391046524,1002.25,ZAR,1
ACC203011,CUST103924,Savings,2024-06-22 16:20:06.981715679,46622.9,ZAR,1
ACC203012,CUST103506,Savings,2026-06-23 19:26:13.033911228,10723.38,ZAR,1
ACC203013,CUST103555,Current,2016-10-22 22:34:04.768131971,26892.38,ZAR,1
ACC203014,CUST102230,Current,2022-12-24 22:37:23.588556290,41453.33,ZAR,1
ACC203015,CUST103236,Savings,2025-05-23 08:05:13.502268791,-15159.43,ZAR,1
ACC203016,CUST101742,Current,2015-05-02 14:19:18.014566660,-14963.08,ZAR,1
ACC203017,CUST104996,Current,2017-01-04 13:36:52.613612890,59690.5,ZAR,1
ACC203018,CUST102203,Current,2017-11-22 00:36:31.296081781,-2094.66,zar,1
ACC203019,CUST101370,Fixed Deposit,2025-03-12 14:08:40.718339205,76187.54,ZAR,1
ACC203020,CUST102277,Savings,2026-04-26 16:34:27.050985098,-46003.23,ZAR,1
ACC203021,CUST104706,Current,2025-07-31 03:13:51.054483414,62413.82,ZAR,1
ACC203022,CUST104713,Savings,2020-06-28 00:53:47.890767574,25329.71,ZAR,1
ACC203023,CUST101778,Savings,2022-09-25 04:24:53.670580864,21257.19,ZAR,1
ACC203024,CUST104424,Current,2016-03-15 17:33:59.305355310,30894.8,ZAR,1
ACC203025,CUST101528,Current,2026-05-04 12:11:39.223540306,-32835.63,ZAR,1
ACC203026,CUST100972,Current,2025-12-07 07:21:29.200011253,69882.92,ZAR,1
ACC203027,CUST101108,Fixed Deposit,2021-11-27 09:57:15.650225639,7788.34,ZAR,1
ACC203028,CUST101392,Credit Card,2016-08-28 10:19:34.659263372,-8370.45,ZAR,1
ACC203029,CUST101463,Savings,2025-12-21 16:09:04.447670460,111581.89,ZAR,1
ACC203030,CUST101496,Current,2025-05-17 04:52:59.673472643,11044.86,ZAR,1
ACC203031,CUST101916,Current,2026-06-22 13:58:29.717446327,-9545.56,ZAR,1
ACC203032,CUST100057,Current,2020-11-18 05:17:44.202980042,57516.55,ZAR,1
ACC203033,CUST101886,Current,2019-01-12 18:40:51.225052357,35539.1,ZAR,1
ACC203034,CUST102652,Fixed Deposit,2019-05-15 09:01:29.302430630,65396.89,ZAR,1
ACC203035,CUST102003,Current,2020-10-03 18:09:24.527299643,28336.6,ZAR,0
ACC203036,CUST102413,Credit Card,2025-07-25 23:33:38.310116291,63205.38,ZAR,1
ACC203037,CUST101125,Current,2016-06-28 08:31:35.559892178,107098.33,ZAR ,1
ACC203038,CUST100623,Credit Card,2022-07-06 06:24:25.854357481,-5314.29,ZAR,0
ACC203039,CUST104501,Savings,2025-08-07 04:46:23.319310665,6644.89,ZAR,1
ACC203040,CUST104951,Savings,2018-03-04 01:20:55.270671368,-39104.76,ZAR,1
ACC203041,CUST102038,Current,2021-01-30 16:00:18.478075981,40199.44,ZAR,1
ACC203042,CUST103806,Current,2024-03-14 13:46:18.229317427,30005.13,ZAR,1
ACC203043,CUST100702,Savings,2020-12-17 09:26:50.284916162,75510.26,ZAR,1
ACC203044,CUST100915,Current,2021-02-09 05:01:31.017032146,23855.54,ZAR,1
ACC203045,CUST102598,Fixed Deposit,2023-11-17 18:57:41.421122074,21631.53,ZAR,1
ACC203046,CUST103526,Fixed Deposit,2016-11-27 16:52:35.157317877,32829.35,ZAR,1
ACC203047,CUST103507,Savings,2023-04-13 02:15:09.562434435,15633.37,ZAR,1
ACC203048,CUST101703,Current,2025-08-01 14:47:10.018201828,39721.47,zar,1
ACC203049,CUST104383,Fixed Deposit,2016-03-07 00:46:06.698380947,34058.08,ZAR ,1
ACC203050,CUST103164,Business,2015-09-12 15:01:26.537711382,46557.85,ZAR,1
ACC203051,CUST101583,Savings,2016-01-06 01:37:47.356907129,15885.17,ZAR,1
ACC203052,CUST102352,Savings,2023-07-08 17:50:58.787061453,47003.1,zar,1
ACC203053,CUST101490,Savings,2019-07-13 20:21:07.742451191,49684.47,ZAR,1
ACC203054,CUST100694,Current,2020-05-18 18:58:18.340635777,-571484.6984442652,ZAR,1
ACC203055,CUST100028,Credit Card,2023-06-08 22:55:47.548017740,21733.16,ZAR,1
ACC203056,CUST102300,Savings,2021-01-21 16:37:25.297432184,17963.45,ZAR,1
ACC203057,CUST100031,Current,2021-12-13 12:50:08.116593361,-24080.62,ZAR,1
ACC203058,CUST104808,Savings,2024-11-07 04:46:37.968678236,5567.94,ZAR,1
ACC203059,CUST104388,Savings,2020-03-23 19:55:27.093341351,55425.29,ZAR,1
ACC203060,CUST103740,Current,2025-02-17 12:00:20.580734015,58846.8,ZAR,1
ACC203061,CUST103751,Current,2021-01-22 02:57:26.464354992,38542.07,ZAR,1
ACC203062,CUST103132,Savings,2019-08-27 21:02:00.431424856,-15529.31,ZAR,1
ACC203063,CUST103662,Savings,2018-01-09 06:11:16.674421549,64149.9,ZAR,1
ACC203064,CUST104217,Savings,2023-06-17 05:09:23.027505159,99080.17,ZAR,1
ACC203065,CUST102563,Fixed Deposit,2022-03-15 19:21:51.945529699,48735.3,ZAR,1
ACC203066,CUST104143,Fixed Deposit,2024-05-11 15:08:28.218199730,24889.01,ZAR,1
ACC203067,CUST101186,Current,2021-05-01 13:21:46.246166706,-9557.15,ZAR,1
ACC203068,CUST104441,Business,2025-01-14 17:53:39.640853405,24441.93,ZAR,0
ACC203069,CUST103532,Current,2018-04-30 21:22:50.118392229,5205.93,ZAR,1
ACC203070,CUST100544,Savings,2023-06-18 00:49:22.277368069,17036.56,ZAR,1
ACC203071,CUST100909,Current,2019-07-22 18:06:58.982125282,76567.93,ZAR,1
ACC203072,CUST100647,Fixed Deposit,2016-04-26 20:48:25.945691824,60325.28,ZAR,1
ACC203073,CUST101212,Current,2021-02-12 18:21:53.202984810,11282.52,ZAR,1
ACC203074,CUST103994,Business,2017-09-05 12:51:16.357825279,28513.92,ZAR,1
ACC203075,CUST104132,Current,2015-09-19 03:51:12.132571219,24806.0,ZAR,1
ACC203076,CUST104976,Fixed Deposit,2019-03-17 09:15:55.379093170,7667.17,ZAR,1
ACC203077,CUST100644,Credit Card,2026-04-27 23:45:04.126755237,-28739.56,ZAR ,1
ACC203078,CUST102812,Credit Card,2025-05-10 01:14:52.377511978,58121.07,ZAR,1
ACC203079,CUST104108,Business,2026-05-07 13:24:41.499218941,72276.15,ZAR,1
ACC203080,CUST104821,Savings,2015-05-01 20:47:38.574156284,703.13,ZAR,1
ACC203081,CUST999352,Current,2016-10-08 14:12:17.319003105,-1124.68,ZAR,1
ACC203082,CUST103314,Savings,2017-09-21 11:21:24.858139515,61311.24,ZAR,1
ACC203083,CUST100399,Fixed Deposit,2023-07-14 10:34:19.510898113,-1637.49,ZAR ,1
ACC203084,CUST100426,Current,2026-04-30 10:09:33.355878830,-30466.99,ZAR,1
ACC203085,CUST104173,Savings,2019-09-15 23:45:05.894566059,7239.09,ZAR,1
ACC203086,CUST104631,Current,2021-10-04 13:37:02.512490988,79239.97,ZAR,1
ACC203087,CUST100926,Savings,2016-01-10 02:52:21.569219828,4064.42,ZAR,1
ACC203088,CUST104196,Current,2022-04-15 14:02:30.872044802,-932.36,ZAR,1
ACC203089,CUST104558,Savings,2025-06-04 00:06:36.013586283,6160.91,ZAR,1
ACC203090,CUST102679,Business,2022-08-20 13:48:56.500570058,-21032.89,zar,1
ACC203091,CUST100857,Current,2022-07-26 13:45:28.641876221,-27702.15,ZAR,1
ACC203092,CUST103719,Business,2020-08-24 00:31:22.198909760,14506.44,ZAR,1
ACC203093,CUST102742,Savings,2020-03-18 09:38:14.420904160,-31110.58,ZAR,1
ACC203094,CUST101757,Savings,2019-04-14 08:25:40.177520990,9062.97,ZAR,1
ACC203095,CUST104326,Fixed Deposit,2024-07-01 10:30:25.053787470,35539.18,ZAR ,1
ACC203096,CUST103078,Current,2022-06-20 04:04:31.886285782,40071.69,ZAR,1
ACC203097,CUST101321,Savings,2018-06-21 09:32:49.632827282,19373.61,ZAR,1
ACC203098,CUST102066,Fixed Deposit,2020-12-30 15:15:05.704894304,-22932.92,zar,1
ACC203099,CUST101545,Savings,2016-05-04 10:12:31.764943361,8546.7,ZAR,1
ACC203100,CUST102635,Savings,2015-07-13 13:58:11.134979725,38809.79,ZAR,1
ACC203101,CUST101355,Credit Card,2016-07-30 09:37:49.626850605,49827.16,ZAR,1
ACC203102,CUST103182,Credit Card,2025-01-17 19:06:27.442205906,14080.76,ZAR,1
ACC203103,CUST102240,Current,2017-12-24 01:17:21.102751493,-3155.86,ZAR,1
ACC203104,CUST100269,Savings,2026-02-25 21:09:28.607859612,28323.62,ZAR,1
ACC203105,CUST100028,Savings,2018-12-01 23:04:30.658743620,10850.92,zar,1
ACC203106,CUST100480,Savings,2019-09-30 01:15:41.366044998,-15737.44,ZAR,1
ACC203107,CUST100803,Current,2024-05-27 22:47:29.658856630,37278.8,ZAR,0
ACC203108,CUST100412,Savings,2017-08-05 06:47:27.514643431,25737.66,ZAR,1
ACC203109,CUST103307,Current,2025-07-13 18:37:27.937092304,-19302.36,ZAR,1
ACC203110,CUST102974,Fixed Deposit,2022-07-27 00:32:14.132157087,-249.61,ZAR,1
ACC203111,CUST100104,Business,2015-09-20 18:56:14.517271280,17412.28,ZAR,1
ACC203112,CUST102064,Credit Card,2026-01-29 11:59:57.604940176,-35960.98,ZAR,1
ACC203113,CUST101468,Savings,2018-05-01 01:11:15.008107424,-4076.84,ZAR ,1
ACC203114,CUST102500,Current,2017-09-08 04:40:03.051354170,50272.05,ZAR ,1
ACC203115,CUST102925,Fixed Deposit,2025-05-27 12:33:09.938985825,5404.5,ZAR,0
ACC203116,CUST102501,Savings,2018-10-08 10:11:22.379646540,-6938.3,ZAR ,1
ACC203117,CUST101993,Savings,2023-05-15 21:04:06.945820808,68308.56,ZAR,1
ACC203118,CUST100202,Savings,2015-05-25 11:39:15.572963715,38980.78,ZAR,1
ACC203119,CUST103962,Current,2025-09-01 00:26:33.733095407,52815.02,ZAR,1
ACC203120,CUST103980,Business,2019-09-27 23:21:14.745026827,-6411.39,ZAR,1
ACC203121,CUST104298,Current,2017-01-25 11:53:20.303729534,13623.69,ZAR,1
ACC203122,CUST103503,Current,2026-05-13 16:00:47.850206375,24568.18,ZAR,1
ACC203123,CUST101636,Current,2023-08-04 16:52:06.945976257,34072.51,ZAR ,1
ACC203124,CUST103439,Fixed Deposit,2024-03-10 08:11:32.084858894,116430.8,ZAR,1
ACC203125,CUST104507,Savings,2020-10-19 11:46:46.111994028,28365.15,ZAR,1
ACC203126,CUST100171,Current,2022-12-22 07:02:20.585262299,68352.69,ZAR,1
ACC203127,CUST102535,Fixed Deposit,2018-05-15 09:59:48.642939091,116532.15,ZAR,1
ACC203128,CUST103258,Fixed Deposit,2020-12-31 12:54:09.074197769,93644.53,ZAR,1
ACC203129,CUST104925,Savings,2019-05-29 23:32:38.090343714,31296.28,ZAR,1
ACC203130,CUST102502,Savings,2019-12-04 06:09:20.218783617,70904.49,ZAR,1
ACC203131,CUST104397,Fixed Deposit,2015-01-19 02:58:16.679377317,30101.97,ZAR,1
ACC203132,CUST103802,Fixed Deposit,2024-05-22 21:22:45.211574793,23441.55,ZAR,1
ACC203133,CUST103949,Savings,2017-07-10 21:58:27.364650965,58642.0,ZAR,1
ACC203134,CUST100484,Savings,2020-06-26 03:57:59.543006659,60344.22,ZAR,1
ACC203135,CUST102520,Savings,2022-08-19 07:43:22.696051359,45284.99,ZAR,1
ACC203136,CUST103733,Current,2015-05-26 16:37:04.341734171,18298.72,ZAR,1
ACC203137,CUST100623,Savings,2018-12-19 11:24:17.009678364,5682.85,ZAR,1
ACC203138,CUST104808,Savings,2018-01-20 23:33:48.666636229,-23271.7,ZAR,1
ACC203139,CUST103421,Credit Card,2016-07-15 23:25:24.598946333,31492.29,ZAR,1
ACC203140,CUST104254,Savings,2024-06-02 18:18:19.150782108,34461.21,ZAR,1
ACC203141,CUST103164,Business,2021-04-10 02:02:43.961717367,58216.84,ZAR,1
ACC203142,CUST104470,Current,2020-04-14 00:08:52.679460526,-33367.26,ZAR,1
ACC203143,CUST104500,Current,2016-07-14 09:42:49.737126112,29165.18,ZAR,0
ACC203144,CUST100379,Fixed Deposit,2020-12-14 15:11:40.922108889,16900.06,ZAR,1
ACC203145,CUST104686,Savings,2018-02-05 01:39:12.196920156,22699.84,ZAR,1
ACC203146,CUST102648,Savings,2016-06-19 11:05:51.764779568,74809.71,ZAR,1
ACC203147,CUST102443,Current,2021-02-06 11:36:31.097466707,76265.19,ZAR,1
ACC203148,CUST101233,Current,2022-11-23 22:51:05.016062259,65626.11,ZAR,1
ACC203149,CUST102021,Current,2015-08-29 03:39:08.688407898,28750.25,ZAR,1
ACC203150,CUST102724,Business,2015-08-26 18:17:32.498414040,17423.77,zar,1
ACC203151,CUST102663,Business,2023-07-22 04:57:57.312012434,73160.03,ZAR,1
ACC203152,CUST103532,Savings,2017-05-24 13:46:52.825484991,93409.72,ZAR,1
ACC203153,CUST103395,Savings,2016-10-11 21:16:55.047734499,88952.42,ZAR,1
ACC203154,CUST103734,Current,2026-02-21 20:26:36.489420176,44567.13,zar,1
ACC203155,CUST102892,Business,2017-01-31 09:18:48.085577726,26598.3,ZAR,1
ACC203156,CUST104957,Savings,2022-12-05 21:16:32.383252859,52667.51,zar,1
ACC203157,CUST104392,Savings,2024-06-09 09:08:44.083209515,55206.63,ZAR,1
ACC203158,CUST104788,Savings,2018-10-22 20:15:46.952592611,8995.83,zar,1
ACC203159,CUST103620,Business,2020-05-12 19:31:39.305762768,17307.26,ZAR,1
ACC203160,CUST101235,Savings,2021-06-02 02:38:50.030840397,146896.14,ZAR,1
ACC203161,CUST104823,Current,2017-04-28 10:34:50.192984104,8983.24,ZAR,1
ACC203162,CUST104578,Savings,2018-06-06 02:16:51.799201488,59077.01,ZAR,1
ACC203163,CUST101483,Current,2026-02-25 20:12:28.167435646,,ZAR,1
ACC203164,CUST104420,Savings,2018-03-03 03:19:01.001331329,20025.91,ZAR,1
ACC203165,CUST102610,Current,2024-05-29 02:31:03.673707485,-11876.02,ZAR,1
ACC203166,CUST103617,Savings,2021-03-13 14:23:54.707484722,-11778.38,ZAR,1
ACC203167,CUST101710,Savings,2022-06-24 10:01:38.082201719,49697.05,ZAR,1
ACC203168,CUST101288,Savings,2020-04-18 04:07:35.160665989,44931.72,ZAR,1
ACC203169,CUST102010,Credit Card,2021-10-24 11:27:34.127660036,98615.83,ZAR,1
ACC203170,CUST100941,Credit Card,2021-04-03 14:54:42.903547049,26041.0,ZAR,1
ACC203171,CUST100706,Savings,2020-07-31 10:56:09.016026735,31220.59,ZAR,1
ACC203172,CUST102178,Savings,2024-04-19 00:26:45.521558523,23284.82,ZAR,1
ACC203173,CUST104738,Current,2025-03-12 07:12:55.484766960,-13908.47,ZAR,1
ACC203174,CUST100195,Savings,2017-12-16 23:45:08.645611286,48573.04,ZAR ,1
ACC203175,CUST101635,Credit Card,2016-07-28 15:59:33.873368979,18232.76,zar,1
ACC203176,CUST101419,Savings,2024-05-24 10:55:59.390505314,-32423.56,ZAR,1
ACC203177,CUST101038,Current,2017-06-15 07:43:38.126377105,69292.66,ZAR,1
ACC203178,CUST100366,Current,2025-01-12 03:20:11.897923470,2020.5,ZAR,1
ACC203179,CUST100878,Fixed Deposit,2016-03-10 00:07:36.529260635,38223.74,ZAR,0
ACC203180,CUST102622,Credit Card,2016-01-20 22:43:49.851464987,39644.6,ZAR ,1
ACC203181,CUST102134,Savings,2017-02-07 08:59:16.970843315,33407.77,ZAR,0
ACC203182,CUST103082,Savings,2015-02-20 02:41:37.236263752,-15173.38,ZAR,1
ACC203183,CUST104281,Current,2023-08-29 11:59:40.259148121,80847.2,ZAR,1
ACC203184,CUST100556,Savings,2019-08-07 22:39:55.807084560,-4146.81,ZAR,1
ACC203185,CUST101651,Savings,2025-12-12 14:31:39.496232510,-73247.39,ZAR,1
ACC203186,CUST104369,Business,2019-03-26 07:07:46.773688793,58941.38,ZAR,1
ACC203187,CUST101179,Savings,2023-02-21 16:18:22.670835495,57631.7,ZAR,1
ACC203188,CUST100483,Credit Card,2022-11-29 14:58:57.428172588,-22793.38,ZAR,1
ACC203189,CUST101197,Savings,2018-10-05 12:39:15.818323135,24775.24,zar,1
ACC203190,CUST101981,Savings,2025-05-03 21:29:16.046982527,68201.33,ZAR,1
ACC203191,CUST101279,Savings,2019-08-11 00:25:40.144111156,81477.41,ZAR,1
ACC203192,CUST102504,Savings,2021-05-21 08:02:32.176167965,49499.31,ZAR,1
ACC203193,CUST101020,Savings,2019-08-12 08:51:05.173835993,58075.8,ZAR,1
ACC203194,CUST102910,Business,2020-01-16 11:54:00.989981174,53674.6,ZAR,1
ACC203195,CUST104328,Current,2015-08-20 08:18:48.438446045,19513.28,ZAR,1
ACC203196,CUST101595,Savings,2018-08-05 03:37:57.854269505,-18559.13,ZAR,1
ACC203197,CUST102711,Savings,2025-12-25 10:46:39.393013239,14551.95,ZAR,1
ACC203198,CUST103565,Business,2024-08-17 23:46:52.690425158,69969.85,ZAR,1
ACC203199,CUST100331,Savings,2025-03-12 03:08:43.591713905,69592.19,ZAR,1
ACC203200,CUST101706,Savings,2023-04-04 07:45:17.805734158,33137.25,ZAR ,1
ACC203201,CUST103171,Credit Card,2022-07-26 05:38:50.277526617,11662.8,zar,1
ACC203202,CUST101263,Current,2025-05-29 00:48:23.244452238,94388.04,zar,1
ACC203203,CUST102059,Savings,2021-03-25 03:47:39.783247948,29960.41,ZAR,1
ACC203204,CUST102265,Current,2025-08-10 12:33:37.400363445,50495.08,ZAR ,1
ACC203205,CUST104682,Savings,2019-10-23 06:21:18.012830019,-23261.44,ZAR,1
ACC203206,CUST100567,Current,2021-12-02 21:51:48.621532202,22758.32,ZAR,1
ACC203207,CUST103170,Savings,2020-06-18 04:29:46.602782488,68448.25,zar,1
ACC203208,CUST104830,Fixed Deposit,2015-03-22 13:41:48.960292578,-29777.86,ZAR,1
ACC203209,CUST104526,Current,2017-04-21 14:18:43.966372252,23452.55,ZAR,1
ACC203210,CUST102750,Savings,2025-09-29 20:24:45.749367714,41357.16,ZAR,1
ACC203211,CUST101940,Current,2021-12-04 23:08:17.097743273,82139.88,ZAR,1
ACC203212,CUST100720,Savings,2015-07-16 23:35:42.259344578,64040.4,ZAR,1
ACC203213,CUST101308,Fixed Deposit,2026-03-15 08:45:25.521352053,92726.08,ZAR,1
ACC203214,CUST103980,Savings,2025-09-30 10:36:09.014764309,58273.08,ZAR,1
ACC203215,CUST100134,Savings,2023-03-31 17:18:37.777248383,60584.91,ZAR,1
ACC203216,CUST103601,Credit Card,2018-04-12 17:17:14.420463800,-13213.27,ZAR,0
ACC203217,CUST104647,Savings,2018-06-01 18:01:03.350173950,-14365.12,ZAR,1
ACC203218,CUST102152,Savings,2025-01-08 00:29:14.538394928,,ZAR,1
ACC203219,CUST104045,Credit Card,2015-09-14 07:53:31.620893240,6860.92,ZAR,1
ACC203220,CUST104918,Credit Card,2017-10-01 00:51:18.526195765,,ZAR,1
ACC203221,CUST103808,Savings,2016-12-04 20:53:28.304691315,-67303.25,ZAR,1
ACC203222,CUST102503,Current,2023-04-19 01:43:38.936563969,67409.2,ZAR,1
ACC203223,CUST102821,Current,2019-06-03 20:04:40.118936062,-19760.97,ZAR,1
ACC203224,CUST101063,Fixed Deposit,2025-08-10 11:05:41.643898726,-7811.67,ZAR,1
ACC203225,CUST100659,Current,2024-04-19 07:44:42.650354385,68772.57,ZAR,1
ACC203226,CUST103956,Current,2026-05-28 02:28:48.154698372,-63350.97,zar,1
ACC203227,CUST102597,Credit Card,2018-06-18 18:22:21.926610947,79349.32,ZAR,1
ACC203228,CUST104643,Savings,2020-07-01 22:23:33.581331491,-8169.7,ZAR,1
ACC203229,CUST103714,Current,2022-08-23 00:13:46.270684481,19123.71,ZAR,1
ACC203230,CUST101311,Current,2026-04-16 03:58:45.213804483,-6033.87,ZAR,1
ACC203231,CUST104813,Current,2018-12-28 20:42:36.786876678,-28196.91,ZAR,1
ACC203232,CUST100033,Current,2018-10-14 13:14:49.405761003,-5355.13,ZAR,1
ACC203233,CUST100478,Savings,2022-04-05 04:30:47.424705505,-8091.56,ZAR,1
ACC203234,CUST103046,Current,2022-09-15 03:02:22.626850843,-24238.98,ZAR,1
ACC203235,CUST103021,Current,2017-03-10 05:55:17.464611053,86699.64,ZAR,1
ACC203236,CUST103663,Fixed Deposit,2020-04-06 10:12:52.809766769,-13781.31,ZAR,1
ACC203237,CUST103235,Savings,2019-05-16 06:18:11.393038511,-50481.96,ZAR,1
ACC203238,CUST101304,Fixed Deposit,2019-11-17 09:03:32.678368092,-57577.64,ZAR,1
ACC203239,CUST100742,Savings,2016-08-17 03:42:59.158930540,42426.0,ZAR,1
ACC203240,CUST104818,Credit Card,2022-07-04 15:40:47.188271761,-44362.43,ZAR,1
ACC203241,CUST101691,Current,2017-03-04 05:24:41.979422092,17872.73,ZAR,0
ACC203242,CUST100838,Current,2015-04-18 12:12:26.911622524,103782.63,ZAR,1
ACC203243,CUST100345,Fixed Deposit,2020-09-29 00:38:02.204505444,32276.55,ZAR,1
ACC203244,CUST104005,Current,2015-06-13 06:34:22.351753950,37963.5,ZAR,0
ACC203245,CUST104223,Savings,2022-09-18 12:37:29.240797520,3813.7,ZAR,1
ACC203246,CUST104381,Current,2021-11-19 03:24:19.285822868,24464.56,ZAR,1
ACC203247,CUST104263,Current,2021-07-25 07:01:08.904993773,16368.32,ZAR,1
ACC203248,CUST100854,Credit Card,2016-02-07 17:46:56.469370842,37348.86,ZAR,1
ACC203249,CUST100071,Savings,2016-06-07 22:58:50.023584127,91285.81,ZAR,1
ACC203250,CUST102506,Savings,2022-09-15 13:32:39.399090290,7918.48,ZAR,1
ACC203251,CUST102538,Savings,2015-05-17 05:39:44.859859228,-6516.18,ZAR,1
ACC203252,CUST100140,Current,2016-05-05 06:52:40.701152563,21978.72,ZAR,1
ACC203253,CUST104382,Current,2023-11-05 17:49:18.263427972,63405.79,ZAR,1
ACC203254,CUST103209,Credit Card,2016-12-07 06:35:35.629603624,11463.45,zar,1
ACC203255,CUST103408,Savings,2020-09-27 23:22:33.358894587,35661.75,ZAR,1
ACC203256,CUST102732,Current,2016-02-21 16:03:38.683577538,45454.26,ZAR,1
ACC203257,CUST104967,Business,2017-09-21 09:11:08.005607128,111104.29,ZAR,1
ACC203258,CUST103891,Savings,2025-03-08 17:17:09.530932902,61900.86,ZAR,1
ACC203259,CUST102891,Current,2023-09-22 01:09:41.362508774,-9908.83,ZAR,1
ACC203260,CUST102506,Business,2017-03-08 10:37:27.305687189,-62648.49,ZAR,1
ACC203261,CUST104173,Savings,2017-06-26 13:59:50.851032495,31015.17,ZAR ,1
ACC203262,CUST101769,Current,2020-06-27 02:07:15.881069660,-3205.89,ZAR,1
ACC203263,CUST104305,Savings,2022-04-28 14:22:26.941014528,5568.54,ZAR,1
ACC203264,CUST100683,Savings,2021-09-29 04:56:37.759654522,-14839.72,ZAR,1
ACC203265,CUST100180,Credit Card,2018-04-19 02:05:13.945700169,4789.47,ZAR,1
ACC203266,CUST100255,Savings,2025-12-18 17:08:49.241555214,3991.0,ZAR,1
ACC203267,CUST101832,Fixed Deposit,2024-09-02 16:29:25.687349319,20372.1,ZAR,1
ACC203268,CUST102644,Current,2022-07-19 07:47:21.653137207,-1910.44,ZAR,1
ACC203269,CUST104481,Savings,2025-07-07 15:34:14.841415167,-3684.8,zar,1
ACC203270,CUST104594,Savings,2018-05-28 16:12:45.111769676,46200.71,ZAR,1
ACC203271,CUST100156,Credit Card,2018-06-22 00:51:31.913600922,24897.95,ZAR,1
ACC203272,CUST103830,Savings,2018-07-31 02:47:36.876749754,25178.87,ZAR,1
ACC203273,CUST101006,Savings,2016-11-09 12:07:49.781507015,23024.47,ZAR ,1
ACC203274,CUST101965,Savings,2016-08-14 22:28:18.722295284,-10801.79,ZAR ,1
ACC203275,CUST104291,Current,2025-07-13 04:24:09.932388783,82472.28,ZAR,1
ACC203276,CUST104918,Savings,2024-12-07 06:05:48.368054390,106292.63,ZAR,1
ACC203277,CUST103968,Fixed Deposit,2021-05-10 20:50:08.774751186,74540.3,ZAR,1
ACC203278,CUST100920,Savings,2022-08-26 09:48:11.635279417,-45568.76,ZAR,1
ACC203279,CUST100189,Savings,2017-10-05 21:09:54.049986601,-1465.17,ZAR,1
ACC203280,CUST104988,Current,2015-04-07 17:05:24.307245970,53319.86,ZAR,1
ACC203281,CUST101177,Savings,2020-02-11 21:51:01.104333639,-5004.39,ZAR,1
ACC203282,CUST101150,Credit Card,2022-10-03 03:43:55.527844191,-3042.38,ZAR ,1
ACC203283,CUST102608,Fixed Deposit,2022-11-15 19:29:57.851809263,-29853.15,ZAR,1
ACC203284,CUST100841,Current,2021-12-31 01:17:37.650547266,10507.49,ZAR,1
ACC203285,CUST103329,Fixed Deposit,2025-09-19 07:48:09.035816908,-7862.22,ZAR,1
ACC203286,CUST104291,Credit Card,2017-06-04 10:45:40.727704525,-70639.71,ZAR,1
ACC203287,CUST101730,Savings,2018-01-20 03:00:20.095272303,71057.83,ZAR ,1
ACC203288,CUST102344,Savings,2015-12-03 19:47:17.723863602,41667.74,ZAR,1
ACC203289,CUST104499,Current,2025-11-05 01:03:39.363872051,-28424.99,ZAR,1
ACC203290,CUST104459,Business,2020-04-07 04:59:38.465995550,59717.09,ZAR,1
ACC203291,CUST100467,Credit Card,2019-08-27 03:04:58.455991030,30075.64,ZAR,1
ACC203292,CUST103740,Current,2026-06-01 06:38:40.030554056,71370.02,ZAR,1
ACC203293,CUST100099,Savings,2019-12-15 08:55:25.652171373,54370.64,ZAR,1
ACC203294,CUST100783,Credit Card,2018-11-17 09:10:50.780314207,-6012.89,ZAR,1
ACC203295,CUST103136,Current,2017-06-01 17:31:03.563538551,51755.8,ZAR,1
ACC203296,CUST100609,Fixed Deposit,2020-02-04 17:43:09.590137959,53448.85,ZAR,1
ACC203297,CUST100920,Credit Card,2022-12-10 07:58:38.857058764,67221.62,ZAR,1
ACC203298,CUST102233,Savings,2025-08-02 14:58:47.820406914,64897.42,ZAR,0
ACC203299,CUST102078,Current,2017-03-20 00:46:48.871596098,108131.85,ZAR,1
ACC203300,CUST102807,Current,2023-01-07 13:17:15.719647646,63104.0,ZAR ,0
ACC203301,CUST104602,Current,2015-01-29 01:12:03.696002007,-6380.83,ZAR,1
ACC203302,CUST102116,Current,2024-04-10 17:44:35.824601412,32092.0,ZAR,0
ACC203303,CUST101531,Fixed Deposit,2018-03-31 00:20:29.583369493,-16962.15,ZAR,0
ACC203304,CUST101059,Credit Card,2015-06-15 21:44:55.050446510,73375.58,ZAR,1
ACC203305,CUST104384,Savings,2019-07-26 15:14:44.932828665,-9251.23,ZAR,1
ACC203306,CUST101087,Savings,2025-05-03 08:35:54.957001686,114245.98,ZAR ,1
ACC203307,CUST100020,Savings,2017-09-11 21:01:22.035861015,13303.13,ZAR,1
ACC203308,CUST102549,Current,2018-04-30 06:50:51.541265965,23242.75,ZAR,1
ACC203309,CUST103658,Current,2016-12-10 15:55:31.892176390,6412.53,ZAR,0
ACC203310,CUST100071,Current,2026-05-15 05:26:22.162931681,-3676.52,ZAR,1
ACC203311,CUST103183,Current,2020-01-05 07:36:26.318528414,3786.16,ZAR,1
ACC203312,CUST102194,Credit Card,2025-12-23 06:46:17.712904692,34266.98,ZAR,1
ACC203313,CUST103882,Savings,2016-01-24 14:26:32.337924480,25705.88,ZAR ,1
ACC203314,CUST100166,Current,2020-03-12 15:55:53.765916586,7920.67,ZAR,1
ACC203315,CUST104485,Credit Card,2020-06-29 07:04:28.804914236,37259.61,ZAR,1
ACC203316,CUST104365,Savings,2017-12-18 12:57:34.999788284,3286.56,ZAR,1
ACC203317,CUST103432,Savings,2020-10-04 16:56:22.562674522,24800.55,ZAR,1
ACC203318,CUST103100,Current,2019-01-22 20:03:33.629499197,95632.49,ZAR,1
ACC203319,CUST103520,Savings,2017-11-08 23:57:56.530998706,2076.84,ZAR,1
ACC203320,CUST100800,Current,2019-03-26 06:50:36.682284832,12864.72,ZAR,1
ACC203321,CUST104484,Fixed Deposit,2022-05-10 19:18:22.868409872,-21193.19,ZAR,1
ACC203322,CUST103842,Savings,2020-06-03 07:20:13.156621933,11466.3,ZAR,0
ACC203323,CUST103776,Fixed Deposit,2019-09-28 05:12:54.935942173,39983.21,ZAR,1
ACC203324,CUST102463,Savings,2024-11-19 13:52:44.958977938,3855.85,zar,1
ACC203325,CUST999142,Current,2022-06-21 00:34:50.863790512,-20367.73,ZAR,1
ACC203326,CUST102553,Savings,2022-05-18 08:55:13.674633026,39459.67,ZAR,1
ACC203327,CUST102724,Credit Card,2017-07-29 09:22:55.718827963,43691.24,ZAR,1
ACC203328,CUST101280,Business,2023-09-08 17:42:47.410752058,49559.26,ZAR,1
ACC203329,CUST104620,Savings,2015-06-06 00:33:04.577127457,-24564.33,ZAR,1
ACC203330,CUST101968,Fixed Deposit,2017-06-22 12:44:19.528009175,79821.57,ZAR,1
ACC203331,CUST104770,Credit Card,2019-10-13 03:56:20.899271011,5484.96,ZAR,1
ACC203332,CUST104390,Business,2025-04-19 04:23:45.905672073,-15307.99,ZAR,1
ACC203333,CUST100373,Current,2015-04-29 14:42:03.014573336,65981.61,ZAR,1
ACC203334,CUST100736,Current,2020-02-25 18:47:49.353502035,78410.96,ZAR,1
ACC203335,CUST101963,Fixed Deposit,2016-05-21 19:49:16.172760487,12386.68,ZAR,1
ACC203336,CUST103118,Credit Card,2017-08-31 02:27:38.948679447,-8308.81,ZAR,1
ACC203337,CUST100567,Credit Card,2019-09-11 16:04:05.626272678,42692.23,ZAR,1
ACC203338,CUST101084,Savings,2016-02-21 13:28:59.400287151,-28298.37,ZAR,1
ACC203339,CUST104281,Savings,2024-08-09 17:42:08.254595518,127063.1,ZAR,1
ACC203340,CUST102224,Current,2015-12-17 18:15:26.655697107,-16284.98,ZAR,0
ACC203341,CUST102779,Savings,2021-10-11 23:48:40.015078545,39246.42,ZAR,1
ACC203342,CUST102665,Current,2016-11-21 15:07:01.064264774,18570.44,ZAR ,1
ACC203343,CUST104845,Fixed Deposit,2016-03-26 14:05:36.913117647,-11790.05,ZAR,1
ACC203344,CUST100608,Current,2020-05-11 07:44:24.834505558,-12431.84,ZAR,1
ACC203345,CUST102606,Fixed Deposit,2019-01-01 02:52:10.698324203,70109.2,ZAR,1
ACC203346,CUST100392,Savings,2015-07-11 06:02:00.563113689,39690.34,ZAR ,1
ACC203347,CUST100232,Savings,2015-10-02 13:20:02.348567009,-2844.47,ZAR,1
ACC203348,CUST102420,Savings,2018-06-19 12:59:15.827273607,2602.8,ZAR,1
ACC203349,CUST104517,Business,2024-01-25 09:21:03.694535494,-7546.0,ZAR,1
ACC203350,CUST102046,Current,2024-11-10 09:27:29.183661461,60241.6,ZAR,1
ACC203351,CUST103585,Fixed Deposit,2015-10-08 16:35:38.537260532,61892.71,ZAR,1
ACC203352,CUST104604,Savings,2016-12-27 09:54:23.527104855,46093.63,ZAR,1
ACC203353,CUST100030,Savings,2018-12-05 08:27:33.763825893,35150.07,ZAR ,1
ACC203354,CUST103489,Credit Card,2022-07-12 20:11:42.285802364,50065.56,ZAR,1
ACC203355,CUST104492,Current,2018-04-21 05:52:19.560847044,-40958.57,ZAR,1
ACC203356,CUST104484,Current,2017-07-27 11:19:56.663022041,36005.91,ZAR,1
ACC203357,CUST103679,Current,2021-10-24 09:24:09.897436380,67737.92,ZAR,1
ACC203358,CUST104641,Current,2022-11-22 11:41:14.804425001,34239.76,ZAR,1
ACC203359,CUST103009,Credit Card,2020-08-24 02:47:49.949069977,27118.59,ZAR,1
ACC203360,CUST100095,Savings,2022-09-28 14:58:35.936275482,-439.81,zar,1
ACC203361,CUST104910,Savings,2015-01-18 08:21:35.585682392,2223.73,ZAR,1
ACC203362,CUST104399,Savings,2018-10-18 20:10:44.232648134,4068.33,ZAR,1
ACC203363,CUST100950,Current,2022-01-22 03:16:36.923787117,33920.6,ZAR,0
ACC203364,CUST104792,Credit Card,2022-07-16 11:57:21.438529730,5596.55,ZAR,1
ACC203365,CUST103258,Current,2017-04-02 12:25:28.701289892,-47936.01,ZAR,1
ACC203366,CUST102263,Business,2018-11-05 14:25:27.602858305,56909.75,ZAR,1
ACC203367,CUST104092,Current,2017-08-15 12:50:23.306619644,45888.62,ZAR,1
ACC203368,CUST103179,Current,2025-05-28 17:43:01.527965784,39210.6,ZAR,1
ACC203369,CUST103944,Current,2018-06-06 07:01:22.435390711,-12473.88,ZAR,1
ACC203370,CUST101729,Fixed Deposit,2025-03-19 20:21:00.021228075,5309.22,ZAR,1
ACC203371,CUST101949,Savings,2025-03-26 18:43:47.062028408,45759.57,ZAR,1
ACC203372,CUST100493,Current,2021-02-01 17:31:48.778667688,26057.34,ZAR ,1
ACC203373,CUST104446,Current,2025-01-31 13:36:45.121472597,-2917.61,ZAR,1
ACC203374,CUST101313,Business,2015-11-21 07:25:42.755767822,76985.61,ZAR,1
ACC203375,CUST100687,Savings,2016-06-17 16:06:20.437920094,-8884.45,ZAR,1
ACC203376,CUST100402,Savings,2019-09-17 09:57:18.190724373,-94402.03,ZAR,1
ACC203377,CUST101930,Current,2023-01-05 06:27:36.149931431,28492.6,zar,1
ACC203378,CUST102433,Current,2026-03-29 10:07:05.163576603,30196.12,zar,1
ACC203379,CUST104172,Savings,2020-05-28 19:45:06.577259302,27319.0,ZAR,1
ACC203380,CUST103267,Current,2015-02-01 05:24:30.011312008,41072.26,ZAR,1
ACC203381,CUST104030,Current,2017-02-06 18:16:17.136003017,2720.78,ZAR,1
ACC203382,CUST100026,Savings,2020-01-27 18:17:35.567703962,66044.48,ZAR,1
ACC203383,CUST100146,Current,2022-12-28 15:05:57.421974182,-29647.18,ZAR,0
ACC203384,CUST101144,Savings,2021-10-17 00:43:05.470980406,24143.38,ZAR,1
ACC203385,CUST101928,Credit Card,2025-02-22 22:20:23.514701128,-32.19,ZAR,1
ACC203386,CUST100368,Savings,2018-01-28 09:54:08.476036072,65270.02,ZAR,1
ACC203387,CUST104338,Current,2021-04-03 04:26:31.437398195,-6780.19,ZAR,1
ACC203388,CUST104828,Current,2016-09-02 04:27:51.624376535,27837.67,ZAR,1
ACC203389,CUST102424,Savings,2022-06-22 08:57:49.071362734,28405.45,ZAR,1
ACC203390,CUST104015,Credit Card,2023-10-30 17:58:39.793313742,32832.77,ZAR ,1
ACC203391,CUST100953,Current,2020-12-11 18:01:28.293983698,-4195.66,ZAR,1
ACC203392,CUST100154,Savings,2020-03-10 12:50:31.662841797,39627.31,ZAR,1
ACC203393,CUST104493,Fixed Deposit,2017-02-25 05:04:29.087865829,26144.46,ZAR ,0
ACC203394,CUST104069,Fixed Deposit,2025-10-26 02:48:46.850244522,38735.98,ZAR,1
ACC203395,CUST103788,Credit Card,2022-01-08 02:20:09.988540649,87976.51,ZAR,1
ACC203396,CUST104136,Current,2024-06-10 03:35:51.500162363,29641.47,ZAR,1
ACC203397,CUST103551,Current,2015-04-13 14:01:35.518359900,-14803.13,ZAR,1
ACC203398,CUST104026,Savings,2017-11-29 00:53:06.048656940,103441.07,ZAR,1
ACC203399,CUST104835,Savings,2020-08-02 12:32:19.511497498,64164.08,ZAR,1
ACC203400,CUST104392,Current,2021-03-18 05:54:52.538709879,51161.15,ZAR,1
ACC203401,CUST104450,Credit Card,2019-09-10 00:46:13.129372597,17694.13,ZAR,1
ACC203402,CUST102342,Current,2018-11-27 17:18:21.899730206,54587.91,ZAR ,1
ACC203403,CUST104092,Fixed Deposit,2020-03-20 01:38:54.058262110,-57295.4,ZAR,1
ACC203404,CUST101197,Savings,2019-03-29 01:35:20.995192051,86849.84,ZAR,1
ACC203405,CUST101570,Savings,2015-06-19 09:46:24.416706562,60853.13,ZAR,1
ACC203406,CUST104352,Current,2023-01-09 07:37:08.092514038,17917.4,ZAR,1
ACC203407,CUST101817,Credit Card,2023-12-07 14:09:24.809488297,59837.49,ZAR,1
ACC203408,CUST104173,Savings,2018-08-09 14:00:47.596008539,49753.38,ZAR,1
ACC203409,CUST102477,Savings,2026-03-09 20:39:27.560032845,-15374.9,ZAR,1
ACC203410,CUST101373,Credit Card,2026-06-06 16:02:58.994827509,32156.89,ZAR,0
ACC203411,CUST102058,Current,2021-08-02 01:00:02.553086519,40000.93,ZAR,1
ACC203412,CUST102903,Savings,2024-03-12 23:56:11.590042114,19646.08,ZAR,1
ACC203413,CUST100316,Current,2021-04-26 14:34:51.558585167,16230.45,ZAR,1
ACC203414,CUST102784,Fixed Deposit,2018-01-09 10:52:06.022899389,61050.05,ZAR,1
ACC203415,CUST100525,Current,2015-10-24 04:51:20.208275795,32039.82,ZAR,1
ACC203416,CUST102437,Credit Card,2018-12-27 22:53:33.266692637,100113.02,ZAR,1
ACC203417,CUST101616,Savings,2017-02-23 02:58:50.651232719,-1128.05,ZAR,1
ACC203418,CUST103043,Current,2025-09-06 06:37:18.566650867,41378.26,ZAR,1
ACC203419,CUST104195,Savings,2026-04-01 08:05:54.376705647,-11818.47,ZAR,1
ACC203420,CUST100419,Business,2021-02-27 04:42:40.502238035,52099.51,ZAR,1
ACC203421,CUST100425,Savings,2021-07-10 08:02:38.030590534,-19574.33,ZAR,1
ACC203422,CUST102273,Fixed Deposit,2025-10-10 22:40:22.008908033,36528.19,ZAR,1
ACC203423,CUST103769,Current,2023-08-28 17:28:24.047248363,72225.06,ZAR ,0
ACC203424,CUST101399,Current,2016-11-16 05:08:03.572511196,27079.05,ZAR,1
ACC203425,CUST103912,Current,2026-01-09 18:46:00.096153021,-14626.58,ZAR,1
ACC203426,CUST100011,Savings,2021-08-13 19:33:40.561731339,62803.2,ZAR,1
ACC203427,CUST101474,Savings,2015-03-29 09:35:44.181468487,39407.98,ZAR,1
ACC203428,CUST102595,Savings,2017-04-09 23:57:49.980992794,21591.12,ZAR ,1
ACC203429,CUST103130,Credit Card,2024-03-24 14:15:42.749962568,-13710.73,ZAR,1
ACC203430,CUST101823,Credit Card,2016-06-24 10:46:51.440684319,-39414.62,ZAR,1
ACC203431,CUST104410,Business,2024-11-09 23:54:08.686110973,115063.93,ZAR,1
ACC203432,CUST102156,Savings,2024-02-09 03:43:21.927415609,2072.53,ZAR,1
ACC203433,CUST103178,Credit Card,2015-05-30 03:15:23.111198425,-14717.72,zar,1
ACC203434,CUST100556,Savings,2018-11-01 07:46:30.565950155,37586.47,ZAR,1
ACC203435,CUST104646,Current,2020-11-14 02:12:29.573565483,-15723.91,ZAR,1
ACC203436,CUST102528,Savings,2015-11-18 14:01:13.325737715,44925.89,ZAR,1
ACC203437,CUST102350,Fixed Deposit,2021-09-17 18:25:58.714581251,79042.45,ZAR,1
ACC203438,CUST101350,Current,2026-05-09 12:03:50.269934654,-17314.87,ZAR,1
ACC203439,CUST103038,Current,2021-12-13 14:15:45.430282354,13050.06,ZAR,1
ACC203440,CUST100002,Savings,2020-09-19 10:05:34.894987106,42233.77,ZAR,1
ACC203441,CUST102259,Current,2025-01-14 18:29:48.415199280,-23725.11,ZAR,1
ACC203442,CUST103900,Savings,2026-03-01 14:10:31.417298317,-11435.22,ZAR ,1
ACC203443,CUST103888,Current,2025-06-09 00:45:38.382167816,20329.78,ZAR,1
ACC203444,CUST103139,Current,2015-06-06 07:44:14.511507273,103429.9,ZAR,1
ACC203445,CUST101872,Savings,2016-02-26 10:11:40.181674242,-9111.8,ZAR,1
ACC203446,CUST102639,Savings,2022-02-16 09:23:16.514696359,13688.06,ZAR,1
ACC203447,CUST100844,Savings,2017-08-16 22:30:58.771735191,124183.06,ZAR,1
ACC203448,CUST103110,Current,2021-01-13 01:03:05.618554592,56806.01,ZAR,1
ACC203449,CUST101081,Savings,2024-09-16 21:23:13.355310202,-42770.38,ZAR,1
ACC203450,CUST101618,Savings,2025-11-13 16:00:00.322016716,15658.52,ZAR,1
ACC203451,CUST103670,Savings,2018-11-12 03:29:32.777546644,48398.61,ZAR,1
ACC203452,CUST100615,Savings,2024-10-30 00:54:42.373202801,82867.15,ZAR,1
ACC203453,CUST101650,Current,2020-11-01 22:17:27.310843706,80714.62,ZAR,1
ACC203454,CUST101784,Current,2022-08-17 20:32:43.708768368,47402.96,ZAR,1
ACC203455,CUST104731,Savings,2016-06-14 14:02:52.384679079,53676.9,ZAR,1
ACC203456,CUST103944,Current,2015-09-25 23:37:51.243589401,-26961.38,ZAR,0
ACC203457,CUST101862,Current,2024-01-15 02:32:13.503139019,-2702.4,ZAR,1
ACC203458,CUST103041,Savings,2021-12-06 10:35:03.794405460,-26891.43,ZAR,1
ACC203459,CUST101199,Business,2024-07-17 00:56:15.198070765,66220.08,ZAR,0
ACC203460,CUST103956,Current,2016-05-04 18:19:25.907463074,40064.87,zar,1
ACC203461,CUST101723,Current,2016-12-28 00:57:56.483770847,29252.41,ZAR,1
ACC203462,CUST104511,Current,2015-09-24 10:36:09.594637156,86741.51,ZAR,0
ACC203463,CUST104454,Current,2022-07-13 00:54:38.708554268,46526.85,ZAR,1
ACC203464,CUST101248,Savings,2022-02-16 21:49:46.379391670,70524.5,ZAR,1
ACC203465,CUST102046,Savings,2019-12-06 02:12:24.496051073,55253.6,ZAR,1
ACC203466,CUST104572,Credit Card,2016-07-26 06:14:14.898744583,59154.22,ZAR,1
ACC203467,CUST100480,Fixed Deposit,2015-04-11 21:14:04.239063978,-16706.07,ZAR,1
ACC203468,CUST103312,Business,2017-12-31 10:34:35.080435038,63969.41,ZAR,1
ACC203469,CUST102581,Current,2015-01-12 20:53:17.399770498,43925.7,ZAR,1
ACC203470,CUST102803,Fixed Deposit,2025-12-27 05:58:39.821527719,8644.04,ZAR,1
ACC203471,CUST102861,Credit Card,2016-12-20 22:35:44.585090399,52379.12,ZAR,1
ACC203472,CUST102516,Current,2018-01-28 00:37:27.053802729,76433.75,ZAR,1
ACC203473,CUST101714,Fixed Deposit,2024-03-31 23:11:18.388151646,21072.86,ZAR,1
ACC203474,CUST102343,Business,2026-07-10 15:41:46.705816031,-4982.63,ZAR,1
ACC203475,CUST104891,Current,2022-03-09 21:59:35.040888309,-3136.91,ZAR,1
ACC203476,CUST100369,Credit Card,2017-12-07 13:07:15.260392426,-30809.6,ZAR,1
ACC203477,CUST100802,Credit Card,2020-03-30 19:54:37.511587381,18255.59,zar,1
ACC203478,CUST100273,Current,2015-09-10 07:43:44.803275347,48608.58,ZAR,1
ACC203479,CUST103127,Current,2016-04-06 03:01:29.720225811,94348.58,ZAR,1
ACC203480,CUST101654,Savings,2023-03-21 13:55:30.568617105,-7231.21,ZAR,1
ACC203481,CUST100224,Business,2024-08-09 17:30:13.099441528,39369.71,ZAR,0
ACC203482,CUST101017,Savings,2018-02-16 16:29:19.893161774,25905.96,ZAR,1
ACC203483,CUST101300,Savings,2023-07-21 09:42:06.351722002,24655.93,ZAR,1
ACC203484,CUST100433,Savings,2022-06-01 18:20:50.472013474,-36192.03,ZAR,1
ACC203485,CUST103834,Savings,2020-11-25 21:40:08.417835236,-15433.86,ZAR,1
ACC203486,CUST100122,Savings,2018-05-08 13:46:25.150937319,97585.64,ZAR,1
ACC203487,CUST104413,Savings,2026-05-30 11:51:54.565650702,65370.67,ZAR,1
ACC203488,CUST104891,Fixed Deposit,2017-11-14 21:23:28.373511553,36314.41,zar,1
ACC203489,CUST104585,Current,2017-06-01 16:43:28.791302681,43474.35,ZAR,0
ACC203490,CUST101060,Business,2016-04-10 01:31:12.845999002,54737.6,ZAR,1
ACC203491,CUST101141,Fixed Deposit,2022-08-19 13:00:17.667635679,7070.61,ZAR,1
ACC203492,CUST104923,Current,2025-06-09 02:17:47.682602167,8715.72,ZAR,1
ACC203493,CUST103114,Savings,2016-07-21 12:03:21.671758175,365.9,ZAR,1
ACC203494,CUST102722,Savings,2016-03-17 16:34:35.633411407,31755.62,ZAR,1
ACC203495,CUST104324,Business,2025-06-22 17:07:10.063519478,-21024.13,ZAR,1
ACC203496,CUST100959,Current,2022-08-26 03:11:25.181817055,-1560.31,zar,1
ACC203497,CUST102030,Credit Card,2026-03-22 23:06:16.413060188,45242.29,ZAR,1
ACC203498,CUST100726,Business,2023-03-24 12:55:53.007528067,10882.65,ZAR,1
ACC203499,CUST103994,Savings,2023-12-09 07:31:18.478074074,-45023.2,ZAR,1
ACC203500,CUST101004,Fixed Deposit,2020-05-07 01:50:10.043370724,9831.26,ZAR,0
ACC203501,CUST100658,Credit Card,2017-10-05 01:26:03.767546892,46819.64,ZAR,1
ACC203502,CUST101818,Current,2021-08-04 11:09:05.740079880,29640.27,ZAR,1
ACC203503,CUST102822,Fixed Deposit,2019-02-24 05:51:28.395164967,-42590.65,ZAR,1
ACC203504,CUST101024,Current,2020-06-09 22:32:07.562808752,66291.94,ZAR,1
ACC203505,CUST104500,Savings,2020-12-21 08:17:33.053552628,15140.76,ZAR,1
ACC203506,CUST104140,Savings,2015-04-23 09:27:42.748547792,38562.11,ZAR,1
ACC203507,CUST104599,Credit Card,2022-01-18 03:02:50.792458296,,ZAR,1
ACC203508,CUST101835,Credit Card,2019-02-25 14:27:12.060166121,20048.42,ZAR ,1
ACC203509,CUST101942,Savings,2024-05-28 04:51:49.925123215,-51362.56,ZAR,1
ACC203510,CUST102634,Savings,2015-08-27 03:36:47.193446159,95220.96,ZAR,1
ACC203511,CUST104548,Savings,2021-06-10 16:26:53.326352119,-63306.85,zar,1
ACC203512,CUST102506,Current,2019-03-03 21:09:51.297517538,11697.81,ZAR,0
ACC203513,CUST101942,Current,2016-01-30 15:26:11.671504498,76826.91,ZAR,1
ACC203514,CUST103297,Credit Card,2019-10-16 22:17:00.468084812,-2891.07,ZAR,1
ACC203515,CUST100663,Savings,2019-09-28 05:15:29.832519293,-525.27,ZAR,1
ACC203516,CUST104987,Savings,2023-09-22 11:48:53.812608242,16331.07,ZAR,1
ACC203517,CUST103443,Savings,2016-10-05 01:03:36.978432655,17773.83,ZAR,1
ACC203518,CUST102217,Fixed Deposit,2024-08-13 12:21:38.724595070,-9410.84,ZAR,1
ACC203519,CUST100451,Current,2015-07-22 15:26:56.641773939,-434.54,ZAR,0
ACC203520,CUST101613,Savings,2020-12-21 10:37:23.821141720,67989.21,ZAR,1
ACC203521,CUST102865,Savings,2022-07-08 06:52:00.678164721,3752.14,zar,1
ACC203522,CUST104870,Savings,2015-03-02 16:07:13.825826406,45099.16,ZAR,1
ACC203523,CUST102435,Credit Card,2015-10-20 10:07:26.829797745,-11513.21,ZAR,1
ACC203524,CUST104988,Current,2018-03-02 22:02:41.951349974,80377.83,ZAR,1
ACC203525,CUST102589,Credit Card,2019-06-02 13:03:14.476955175,62505.43,ZAR,1
ACC203526,CUST103904,Savings,2019-01-05 17:43:15.004956722,21415.49,zar,1
ACC203527,CUST100490,Current,2026-04-01 15:29:29.400024891,50653.57,ZAR,1
ACC203528,CUST103988,Current,2016-12-07 04:02:53.535017967,85875.14,ZAR,1
ACC203529,CUST101210,Savings,2025-04-25 19:28:09.002271891,-15073.05,ZAR,1
ACC203530,CUST102036,Savings,2025-12-09 13:25:30.922553301,-17236.12,ZAR,0
ACC203531,CUST101616,Savings,2017-01-12 18:06:32.080556393,39957.64,ZAR,1
ACC203532,CUST102694,Credit Card,2023-10-14 19:50:17.758826733,-26711.68,ZAR,0
ACC203533,CUST103072,Current,2026-07-24 08:10:35.009098768,-37088.7,ZAR,1
ACC203534,CUST101759,Current,2017-11-14 10:04:05.954031706,-39128.82,ZAR,1
ACC203535,CUST100286,Current,2020-10-27 13:45:16.736583710,30938.0,ZAR,1
ACC203536,CUST103094,Savings,2023-10-15 20:58:07.160615683,-56419.2,ZAR,1
ACC203537,CUST102100,Credit Card,2023-07-06 02:32:39.920985222,8864.92,ZAR,1
ACC203538,CUST104128,Credit Card,2024-08-25 06:55:29.666720867,-112212.64,ZAR,1
ACC203539,CUST103476,Savings,2019-01-13 01:19:05.635031939,42514.63,ZAR,1
ACC203540,CUST101870,Fixed Deposit,2016-05-25 09:23:55.490501881,45195.34,ZAR,1
ACC203541,CUST100259,Savings,2022-11-01 06:19:55.280334473,16502.47,ZAR,1
ACC203542,CUST102675,Current,2018-12-07 08:19:46.201435566,72265.69,ZAR,1
ACC203543,CUST103975,Current,2022-06-25 20:28:51.037035465,56819.9,ZAR,1
ACC203544,CUST103874,Credit Card,2020-06-25 13:30:12.141712189,-6655.58,ZAR,1
ACC203545,CUST101674,Savings,2020-04-23 21:48:32.064383267,-10097.6,ZAR,1
ACC203546,CUST101044,Savings,2025-03-17 19:02:58.199737310,,ZAR,1
ACC203547,CUST100367,Fixed Deposit,2022-06-02 03:25:43.028277874,52390.6,ZAR,1
ACC203548,CUST103051,Fixed Deposit,2022-03-26 15:52:55.308277845,,ZAR,1
ACC203549,CUST101312,Credit Card,2026-03-30 16:52:18.880985737,-45381.33,ZAR,1
ACC203550,CUST103878,Savings,2018-02-15 00:26:53.161227226,62170.68,ZAR,1
ACC203551,CUST102985,Current,2022-12-22 09:57:12.276406288,27670.13,ZAR,1
ACC203552,CUST100260,Current,2019-02-12 20:45:35.881331444,22682.12,ZAR,1
ACC203553,CUST103455,Savings,2021-12-08 10:29:21.811656237,-88566.51,ZAR,1
ACC203554,CUST101268,Savings,2024-06-18 09:00:47.819908619,46312.41,ZAR,0
ACC203555,CUST104360,Fixed Deposit,2025-09-08 09:09:06.776958704,22558.55,ZAR,1
ACC203556,CUST100126,Savings,2019-12-12 15:21:34.005838633,3393.59,ZAR,1
ACC203557,CUST101832,Savings,2024-08-20 17:50:00.032299994,-8461.08,ZAR,1
ACC203558,CUST100032,Savings,2018-11-18 07:56:40.857558250,29433.92,ZAR ,1
ACC203559,CUST103165,Current,2022-08-28 03:25:40.370863676,43718.63,ZAR,1
ACC203560,CUST102388,Credit Card,2025-03-01 09:25:30.885055542,9714.64,ZAR ,1
ACC203561,CUST102665,Savings,2022-12-09 08:03:14.216355801,47372.42,ZAR,1
ACC203562,CUST103503,Credit Card,2023-03-05 06:05:40.396657467,-21091.9,ZAR,1
ACC203563,CUST104479,Savings,2024-09-13 03:51:52.088159800,-1093.56,zar,1
ACC203564,CUST101915,Savings,2017-12-03 20:34:03.110543013,52451.01,ZAR,1
ACC203565,CUST102851,Savings,2023-08-26 08:51:51.613957167,8821.5,ZAR,1
ACC203566,CUST103105,Current,2022-05-21 05:37:26.074386835,93672.18,ZAR,1
ACC203567,CUST104406,Business,2021-04-28 02:30:35.372119665,36077.67,ZAR,1
ACC203568,CUST100957,Credit Card,2026-04-17 15:13:47.194196939,-21720.68,ZAR,1
ACC203569,CUST102617,Savings,2019-10-11 22:22:25.419075012,-37760.81,ZAR,1
ACC203570,CUST104182,Business,2017-09-20 09:58:28.228986025,56375.95,ZAR,1
ACC203571,CUST101407,Current,2024-09-20 02:15:29.986132622,713.94,zar,1
ACC203572,CUST101812,Current,2017-02-22 01:36:28.080576420,61670.52,zar,1
ACC203573,CUST102245,Fixed Deposit,2023-08-19 12:10:14.584058762,3389.0,ZAR,1
ACC203574,CUST103536,Credit Card,2025-10-01 08:53:00.143250942,34679.16,ZAR,1
ACC203575,CUST103352,Credit Card,2024-07-07 06:58:01.923721790,11582.92,ZAR,1
ACC203576,CUST100649,Savings,2022-05-02 05:30:33.895900965,35219.09,ZAR,1
ACC203577,CUST101029,Savings,2025-09-09 22:29:43.800532579,54174.04,ZAR ,1
ACC203578,CUST104090,Fixed Deposit,2020-08-30 02:00:48.264976025,25765.29,ZAR,1
ACC203579,CUST103368,Current,2015-11-17 02:19:39.965279818,51440.12,zar,1
ACC203580,CUST102590,Credit Card,2023-07-06 18:10:28.844646931,-42944.79,ZAR,0
ACC203581,CUST102101,Credit Card,2023-04-21 06:02:46.612785816,41624.86,ZAR,1
ACC203582,CUST104851,Fixed Deposit,2025-01-08 12:59:28.077161789,25920.52,zar,1
ACC203583,CUST104412,Savings,2019-09-14 19:12:17.655347586,14515.45,ZAR,1
ACC203584,CUST102026,Savings,2016-09-05 12:34:38.529554129,-70644.02,zar,1
ACC203585,CUST101757,Savings,2016-03-10 07:05:02.807433128,-41745.02,ZAR,1
ACC203586,CUST104364,Savings,2019-01-01 00:33:26.675816059,34094.11,ZAR,1
ACC203587,CUST101729,Current,2024-03-08 05:44:23.630217075,39140.39,ZAR,1
ACC203588,CUST102060,Current,2021-01-14 09:22:52.416850328,41374.08,zar,1
ACC203589,CUST104584,Savings,2016-12-21 22:37:06.798260689,24710.75,ZAR,1
ACC203590,CUST100539,Current,2017-10-19 21:27:04.359546661,-22942.77,ZAR,1
ACC203591,CUST103517,Savings,2019-01-13 18:40:25.672882795,-16121.72,ZAR,0
ACC203592,CUST103438,Current,2020-07-24 14:40:46.454724789,-59365.6,ZAR,0
ACC203593,CUST101895,Current,2024-09-20 20:21:38.781284571,29984.7,ZAR,1
ACC203594,CUST100914,Savings,2026-06-29 13:25:22.558298111,101227.17,ZAR,1
ACC203595,CUST104305,Current,2021-12-09 20:38:54.121515512,21324.12,ZAR,1
ACC203596,CUST103999,Current,2019-07-05 05:48:25.290119171,-5409.27,ZAR,1
ACC203597,CUST104291,Current,2017-02-14 16:38:27.515983343,26024.69,ZAR,1
ACC203598,CUST101674,Current,2020-12-01 15:08:20.163431644,19573.0,ZAR,1
ACC203599,CUST104814,Savings,2022-02-06 12:02:29.676219702,-44451.97,ZAR,1
ACC203600,CUST103782,Credit Card,2018-10-14 23:02:03.384960413,35166.53,ZAR,1
ACC203601,CUST101199,Business,2018-10-02 04:42:20.956825256,20655.77,ZAR,1
ACC203602,CUST102407,Savings,2024-08-05 13:24:49.845730305,18177.0,ZAR,1
ACC203603,CUST101582,Savings,2022-08-23 15:33:38.657645464,104531.76,ZAR,1
ACC203604,CUST102685,Credit Card,2020-03-19 15:05:52.594854116,20949.06,ZAR,1
ACC203605,CUST100941,Credit Card,2021-06-17 03:18:19.782995939,97903.65,ZAR,1
ACC203606,CUST103673,Savings,2020-11-05 02:12:34.686039448,-8085.28,ZAR,1
ACC203607,CUST102297,Current,2017-01-07 14:33:09.436367035,-35404.19,ZAR,1
ACC203608,CUST103325,Fixed Deposit,2025-01-29 12:43:36.806830406,-7393.54,ZAR,1
ACC203609,CUST103208,Savings,2016-01-20 22:17:44.092972994,71931.14,ZAR,1
ACC203610,CUST103321,Current,2017-06-20 02:25:17.221352100,-5342.9,ZAR,1
ACC203611,CUST103799,Credit Card,2021-07-04 01:40:23.635948896,-32043.37,ZAR,1
ACC203612,CUST103294,Savings,2020-05-04 14:18:28.602140427,38611.03,ZAR,1
ACC203613,CUST102578,Fixed Deposit,2021-11-23 07:51:46.999830246,9660.59,ZAR,1
ACC203614,CUST102926,Business,2025-08-26 07:46:20.978905201,47978.37,ZAR,1
ACC203615,CUST103155,Credit Card,2018-04-24 18:29:41.918099880,,ZAR,1
ACC203616,CUST104035,Current,2016-09-29 12:26:27.884361029,-11932.59,ZAR,0
ACC203617,CUST102378,Current,2016-05-28 01:09:25.877310276,91375.37,ZAR,1
ACC203618,CUST101500,Current,2015-09-07 19:51:37.497252941,-8306.24,ZAR,1
ACC203619,CUST101262,Savings,2024-02-27 21:23:57.582901955,-8418.92,ZAR,1
ACC203620,CUST100907,Savings,2020-04-19 02:19:59.015815495,43467.0,ZAR,1
ACC203621,CUST103013,Savings,2017-12-18 00:56:24.482491016,-86464.5,ZAR,1
ACC203622,CUST103675,Savings,2022-10-22 07:49:29.378638506,54311.59,ZAR,1
ACC203623,CUST101585,Credit Card,2024-01-02 05:46:11.516980886,96538.82,ZAR,1
ACC203624,CUST102699,Fixed Deposit,2025-11-08 01:17:21.877808332,59609.95,ZAR,1
ACC203625,CUST101860,Savings,2019-08-17 14:53:31.470175982,-16643.63,zar,1
ACC203626,CUST104503,Current,2022-12-26 05:57:32.473395348,-3931.65,ZAR,1
ACC203627,CUST104530,Current,2018-02-18 18:14:03.335248709,27573.73,ZAR,1
ACC203628,CUST104825,Current,2025-01-08 23:35:59.907419205,39606.34,ZAR,1
ACC203629,CUST104305,Current,2025-07-10 18:39:55.620652676,89558.74,ZAR,1
ACC203630,CUST104335,Savings,2022-04-19 23:01:12.423556805,87756.04,ZAR,1
ACC203631,CUST102786,Savings,2022-08-19 08:32:12.451949120,16390.32,ZAR,1
ACC203632,CUST102737,Savings,2022-08-22 04:13:41.141852140,3748.14,ZAR,1
ACC203633,CUST101508,Business,2021-11-07 07:28:49.063471079,-6264.8,ZAR,0
ACC203634,CUST103770,Business,2020-01-31 01:14:30.533608437,50778.99,ZAR,1
ACC203635,CUST101600,Current,2023-07-29 13:36:17.082330465,68196.14,ZAR,1
ACC203636,CUST101671,Current,2026-04-24 02:44:06.575740814,27731.03,ZAR,1
ACC203637,CUST104728,Current,2023-08-21 18:03:51.407184601,24951.28,ZAR,1
ACC203638,CUST100073,Current,2018-08-02 11:13:31.757119417,109522.61,ZAR,1
ACC203639,CUST100590,Savings,2020-10-17 20:17:33.451586485,52199.69,ZAR,1
ACC203640,CUST103902,Savings,2021-11-30 13:43:52.400770903,-57116.03,ZAR,1
ACC203641,CUST103425,Savings,2015-12-14 18:16:48.211587667,23629.03,ZAR,1
ACC203642,CUST103907,Business,2020-09-12 03:00:43.066689968,33058.76,ZAR,1
ACC203643,CUST102334,Credit Card,2016-03-09 09:26:33.904057264,14222.44,ZAR,1
ACC203644,CUST100040,Current,2020-11-29 11:32:55.155673981,75470.2,ZAR,0
ACC203645,CUST101487,Credit Card,2016-01-03 22:28:38.085399866,11808.87,ZAR,0
ACC203646,CUST104317,Current,2019-03-09 14:02:07.414109230,-14386.84,ZAR,1
ACC203647,CUST103330,Current,2026-01-20 11:19:46.549289942,-3407.08,ZAR,1
ACC203648,CUST104407,Credit Card,2015-02-01 13:41:47.862717628,51979.96,ZAR,1
ACC203649,CUST100046,Savings,2018-03-06 03:54:27.375245333,-29195.74,ZAR,1
ACC203650,CUST101603,Savings,2019-04-22 10:49:11.434305668,5281.49,ZAR,1
ACC203651,CUST103435,Current,2021-10-31 19:08:38.862528563,58887.79,ZAR,1
ACC203652,CUST100086,Savings,2026-03-07 19:43:51.961858749,-29414.05,ZAR,1
ACC203653,CUST102247,Current,2022-05-30 03:19:43.989921093,-16490.82,ZAR,1
ACC203654,CUST104380,Credit Card,2025-05-08 16:38:04.739656687,-42803.81,ZAR,0
ACC203655,CUST100808,Credit Card,2016-11-18 19:19:38.199301243,-10822.12,ZAR,0
ACC203656,CUST100352,Savings,2018-05-05 18:31:13.714936495,4101.85,ZAR,1
ACC203657,CUST103184,Savings,2025-04-10 06:20:55.462468863,15509.54,ZAR,1
ACC203658,CUST101161,Business,2015-01-22 21:35:52.480731487,-11669.14,ZAR,0
ACC203659,CUST100919,Fixed Deposit,2020-04-03 11:31:01.829319000,9711.8,ZAR,1
ACC203660,CUST102712,Savings,2020-03-30 17:05:39.047429562,64186.97,ZAR,1
ACC203661,CUST103030,Fixed Deposit,2025-12-16 15:47:23.145640612,38356.95,ZAR,1
ACC203662,CUST104082,Fixed Deposit,2020-03-15 04:48:56.362983227,110376.5,ZAR,1
ACC203663,CUST100519,Savings,2025-06-30 18:41:03.634480000,-1920.4,ZAR,1
ACC203664,CUST103909,Savings,2021-10-11 21:47:39.433357000,7032.25,zar,1
ACC203665,CUST103350,Fixed Deposit,2018-06-22 21:16:45.737195015,31166.92,ZAR,1
ACC203666,CUST103405,Credit Card,2016-09-19 03:58:50.481202126,4421.11,ZAR,0
ACC203667,CUST101193,Current,2020-09-04 13:13:22.794293165,23936.45,ZAR ,1
ACC203668,CUST104143,Business,2015-03-16 15:08:20.004429340,-51707.28,ZAR,1
ACC203669,CUST100616,Fixed Deposit,2018-11-18 22:27:37.025431156,10172.18,ZAR,1
ACC203670,CUST103427,Savings,2021-01-21 13:46:38.878121138,60108.99,ZAR,1
ACC203671,CUST100672,Current,2021-06-19 13:24:25.873330116,101146.92,ZAR,1
ACC203672,CUST103188,Fixed Deposit,2020-02-21 20:04:04.604471445,82951.56,ZAR,1
ACC203673,CUST102257,Savings,2026-03-01 14:13:05.946727276,30035.17,ZAR,1
ACC203674,CUST100838,Savings,2016-09-19 01:30:54.247701406,44247.51,ZAR,1
ACC203675,CUST100972,Fixed Deposit,2026-07-21 09:30:19.734933853,38220.01,ZAR,1
ACC203676,CUST102199,Credit Card,2023-01-03 12:56:02.069437027,2828.11,ZAR,0
ACC203677,CUST101830,Savings,2024-07-21 17:17:40.014971256,-13366.24,ZAR,1
ACC203678,CUST102256,Savings,2022-05-07 04:42:55.591250181,34931.21,ZAR ,1
ACC203679,CUST102166,Credit Card,2017-06-28 03:55:56.274743557,20595.2,ZAR,1
ACC203680,CUST100092,Savings,2023-09-11 06:13:30.027086973,58571.56,ZAR,1
ACC203681,CUST102146,Savings,2024-10-27 20:15:05.016730308,-70222.75,ZAR,1
ACC203682,CUST102027,Fixed Deposit,2023-09-16 16:17:41.415453672,18058.62,ZAR,1
ACC203683,CUST101955,Credit Card,2025-02-13 18:50:15.945122719,73368.91,ZAR,1
ACC203684,CUST101135,Current,2015-09-26 17:20:03.211328983,48055.76,ZAR,1
ACC203685,CUST100961,Current,2026-02-21 01:19:00.830906630,-14320.61,ZAR,1
ACC203686,CUST100448,Current,2025-11-16 18:37:34.541096210,-27361.46,ZAR,1
ACC203687,CUST103124,Savings,2025-05-22 06:44:14.241770983,23154.27,ZAR,1
ACC203688,CUST102731,Business,2022-05-20 05:39:18.954909325,56407.36,ZAR,1
ACC203689,CUST104059,Current,2024-10-21 11:25:18.852607727,45651.67,ZAR,0
ACC203690,CUST101185,Current,2022-01-02 17:44:26.863573074,29618.57,ZAR,1
ACC203691,CUST102039,Current,2020-09-13 01:01:45.325257540,50682.07,ZAR ,1
ACC203692,CUST100951,Current,2025-10-13 04:09:10.464885950,35298.41,ZAR,1
ACC203693,CUST104701,Savings,2017-05-27 21:44:14.548365355,48973.92,ZAR ,1
ACC203694,CUST103933,Current,2024-11-11 04:02:16.953319311,62496.53,ZAR,1
ACC203695,CUST100743,Current,2020-02-07 12:13:28.416352510,7205.14,ZAR,1
ACC203696,CUST104050,Credit Card,2018-05-19 21:41:18.598229408,-10432.57,ZAR,1
ACC203697,CUST104617,Credit Card,2020-11-11 04:55:32.075078964,54156.24,ZAR,1
ACC203698,CUST103304,Savings,2022-05-19 18:38:44.929733515,4569.72,ZAR,1
ACC203699,CUST104953,Current,2017-02-11 23:12:14.723738670,-52857.18,ZAR,1
ACC203700,CUST100948,Savings,2023-09-13 09:11:26.698826313,82095.54,ZAR,1
ACC203701,CUST101443,Current,2019-07-28 06:50:14.719151020,35161.89,ZAR,1
ACC203702,CUST103163,Fixed Deposit,2023-02-24 16:40:41.920005083,33376.95,ZAR,1
ACC203703,CUST102691,Credit Card,2016-10-26 17:27:43.562581062,17604.05,ZAR,1
ACC203704,CUST103566,Savings,2015-08-25 18:46:32.936884642,58488.19,ZAR,1
ACC203705,CUST104827,Credit Card,2016-11-14 09:22:52.985296726,-26328.77,zar,1
ACC203706,CUST101166,Savings,2017-02-02 16:15:44.504509449,25141.94,ZAR,1
ACC203707,CUST104362,Savings,2023-10-27 06:57:03.461238384,36291.1,ZAR,1
ACC203708,CUST100664,Savings,2020-09-14 13:17:15.288946867,47040.17,ZAR,1
ACC203709,CUST102297,Savings,2023-11-06 19:44:09.875679493,-43340.3,ZAR,1
ACC203710,CUST102167,Current,2023-08-26 16:23:34.434317350,48753.98,ZAR,1
ACC203711,CUST104031,Savings,2017-11-03 10:47:09.582221031,8253.3,ZAR,1
ACC203712,CUST102121,Current,2025-07-20 03:17:43.849338055,-1061.95,ZAR ,1
ACC203713,CUST104151,Savings,2023-11-28 03:21:54.119123936,-37461.46,ZAR,1
ACC203714,CUST100766,Current,2015-12-28 02:58:14.446706295,114303.28,ZAR,1
ACC203715,CUST104966,Savings,2021-08-18 00:32:20.313547134,19874.03,ZAR,1
ACC203716,CUST100958,Savings,2019-10-12 18:54:07.809989929,34826.57,ZAR,1
ACC203717,CUST102958,Current,2020-04-27 14:05:03.022290945,-17072.97,ZAR,1
ACC203718,CUST102498,Savings,2019-04-02 21:58:35.731145144,-36175.41,ZAR,0
ACC203719,CUST100452,Savings,2020-09-30 07:13:49.231747627,57585.13,ZAR,1
ACC203720,CUST102637,Credit Card,2019-02-13 04:43:46.006002903,-28999.02,ZAR,1
ACC203721,CUST104367,Savings,2020-05-11 19:50:08.086398602,77143.34,ZAR,1
ACC203722,CUST102689,Credit Card,2021-04-23 04:07:05.607288361,97021.23,ZAR,1
ACC203723,CUST103514,Savings,2023-06-18 10:32:01.232396364,-6018.15,ZAR,1
ACC203724,CUST104910,Credit Card,2016-10-02 19:06:08.096265793,6551.35,ZAR,1
ACC203725,CUST101514,Savings,2016-07-18 18:31:34.588916063,-76726.4,ZAR,1
ACC203726,CUST100198,Business,2020-10-06 23:37:32.292123795,-44720.77,ZAR ,0
ACC203727,CUST103445,Savings,2020-07-02 04:31:00.220051050,50275.57,ZAR,1
ACC203728,CUST103931,Business,2021-07-13 03:11:57.035349369,75180.62,ZAR,1
ACC203729,CUST100713,Savings,2022-02-07 14:33:23.589236736,-6271.04,ZAR,1
ACC203730,CUST101759,Credit Card,2018-03-05 12:38:11.716502666,-219.49,ZAR ,1
ACC203731,CUST101792,Savings,2022-07-02 21:51:40.538324356,-38247.35,ZAR,1
ACC203732,CUST103764,Savings,2020-09-27 16:18:50.747732639,-20207.62,ZAR,1
ACC203733,CUST104379,Savings,2020-09-28 14:44:21.518260479,78145.69,ZAR,1
ACC203734,CUST103677,Savings,2021-11-17 05:29:01.186264753,37401.43,zar,1
ACC203735,CUST101483,Current,2022-02-02 06:33:23.268966675,-46805.33,ZAR,1
ACC203736,CUST103099,Current,2022-02-22 11:24:16.893759966,47659.65,ZAR,1
ACC203737,CUST101345,Current,2024-08-14 11:26:18.003135920,119847.38,ZAR,1
ACC203738,CUST103155,Current,2020-10-13 21:16:15.321639538,9239.21,ZAR,1
ACC203739,CUST104825,Savings,2025-11-24 14:06:26.073048353,-1653.58,ZAR,1
ACC203740,CUST103317,Current,2025-12-17 08:04:21.577138662,48264.38,ZAR,1
ACC203741,CUST103925,Credit Card,2018-11-19 14:06:59.247234583,65257.12,ZAR,1
ACC203742,CUST103738,Savings,2025-03-16 16:45:08.397721291,57863.91,ZAR,1
ACC203743,CUST102382,Credit Card,2019-11-16 14:06:06.528574467,12315.98,ZAR,1
ACC203744,CUST100658,Savings,2026-04-14 06:57:03.131812811,8179.32,ZAR,1
ACC203745,CUST104878,Current,2025-09-27 21:55:42.576676130,-43971.22,ZAR,1
ACC203746,CUST101804,Credit Card,2020-02-03 02:20:04.459073782,-24190.8,ZAR,1
ACC203747,CUST104432,Current,2019-01-18 03:51:22.271147013,39428.39,ZAR,1
ACC203748,CUST104210,Current,2022-12-11 21:11:11.467259407,3617.6,ZAR,1
ACC203749,CUST103419,Savings,2019-04-04 18:29:27.074264050,34856.8,ZAR,1
ACC203750,CUST102739,Current,2022-08-25 08:37:43.634796619,15455.14,ZAR,1
ACC203751,CUST101369,Current,2019-11-18 06:13:14.698060513,27470.92,ZAR,1
ACC203752,CUST100684,Business,2020-10-23 22:38:40.890657902,25775.61,ZAR,1
ACC203753,CUST104364,Credit Card,2019-05-21 23:29:02.488239765,54844.52,ZAR,0
ACC203754,CUST104808,Savings,2024-03-24 00:48:23.304841518,58947.83,ZAR,1
ACC203755,CUST103364,Current,2021-12-18 19:30:10.402085543,24313.32,ZAR,1
ACC203756,CUST104939,Current,2022-11-30 03:25:53.223059416,16829.13,ZAR,1
ACC203757,CUST101082,Credit Card,2024-07-04 12:28:50.313470840,23564.72,ZAR ,1
ACC203758,CUST102563,Savings,2024-03-22 01:43:11.885945320,-6360.83,ZAR,1
ACC203759,CUST100872,Credit Card,2020-11-25 07:07:27.547033548,68450.46,ZAR,1
ACC203760,CUST102665,Current,2017-12-11 07:17:21.473507404,2517.18,ZAR,1
ACC203761,CUST104456,Savings,2019-03-18 04:23:29.975977182,18605.72,ZAR,1
ACC203762,CUST101460,Savings,2021-05-24 02:31:33.186993599,32048.52,ZAR,1
ACC203763,CUST102104,Current,2017-10-06 23:07:30.784151316,37401.07,ZAR,1
ACC203764,CUST102580,Credit Card,2024-01-16 21:12:32.475527525,35756.44,ZAR,1
ACC203765,CUST102319,Savings,2017-08-28 04:42:25.940560341,19533.46,ZAR,1
ACC203766,CUST104843,Savings,2018-11-18 21:42:45.983292103,90792.82,zar,1
ACC203767,CUST102132,Savings,2022-04-30 11:45:39.771298409,28011.13,ZAR,1
ACC203768,CUST101272,Savings,2023-01-30 06:03:51.949584007,14948.9,ZAR,1
ACC203769,CUST101637,Current,2019-07-28 08:06:25.736562967,96902.19,ZAR,1
ACC203770,CUST101523,Savings,2023-10-02 14:23:09.781767368,-6109.07,zar,1
ACC203771,CUST101575,Credit Card,2025-06-12 08:39:56.566745043,96794.09,ZAR,1
ACC203772,CUST104487,Savings,2016-11-26 09:34:28.029773474,-54815.93,ZAR,1
ACC203773,CUST102563,Credit Card,2025-08-10 06:02:18.459777355,8931.3,ZAR,1
ACC203774,CUST101921,Fixed Deposit,2021-03-26 01:28:16.570579767,-41788.77,ZAR,1
ACC203775,CUST100706,Savings,2020-03-13 13:30:46.328407764,-29484.96,ZAR,0
ACC203776,CUST104862,Fixed Deposit,2024-03-20 09:11:16.744355679,43114.11,ZAR,1
ACC203777,CUST100766,Credit Card,2024-01-30 15:21:36.079421043,36420.89,zar,1
ACC203778,CUST101747,Fixed Deposit,2022-11-27 02:40:20.845662594,667.16,ZAR,1
ACC203779,CUST103496,Savings,2019-09-24 23:26:54.134657145,90348.09,ZAR,1
ACC203780,CUST100023,Fixed Deposit,2018-02-04 13:02:49.751070976,70374.46,ZAR,0
ACC203781,CUST101581,Current,2019-03-05 07:43:39.719471455,,ZAR,1
ACC203782,CUST104768,Savings,2021-08-21 23:55:02.885077953,-47343.4,zar,1
ACC203783,CUST100120,Business,2021-07-13 14:43:30.067407846,63354.44,ZAR,1
ACC203784,CUST101184,Fixed Deposit,2025-09-13 07:06:58.553472042,5692.56,ZAR,1
ACC203785,CUST100430,Savings,2020-04-15 17:00:18.603781223,36688.71,ZAR,1
ACC203786,CUST103470,Current,2022-09-20 20:48:15.989227295,56908.17,ZAR,1
ACC203787,CUST100058,Business,2022-08-23 23:49:27.135623932,8950.07,zar,1
ACC203788,CUST100236,Current,2023-06-23 00:44:25.820246458,76151.12,ZAR,1
ACC203789,CUST102362,Current,2026-06-25 20:54:24.702548027,9819.76,ZAR,1
ACC203790,CUST103741,Savings,2024-04-15 13:56:20.910929203,46552.32,ZAR,1
ACC203791,CUST104522,Current,2015-06-17 17:23:36.439178705,55206.63,ZAR,1
ACC203792,CUST101100,Current,2024-05-26 02:27:37.498292923,61492.47,ZAR,1
ACC203793,CUST102859,Credit Card,2026-07-31 12:59:01.672087669,94768.45,ZAR,0
ACC203794,CUST104001,Current,2015-06-10 09:27:54.281075954,-7887.27,ZAR,1
ACC203795,CUST103647,Current,2021-12-01 02:19:37.447846413,-20313.33,ZAR,0
ACC203796,CUST104832,Savings,2021-12-10 11:49:28.864887714,12144.19,ZAR,1
ACC203797,CUST100378,Credit Card,2021-01-29 09:10:01.541995525,146745.22,ZAR,1
ACC203798,CUST100226,Savings,2025-02-19 13:11:57.964366436,79022.99,ZAR,1
ACC203799,CUST103430,Current,2024-06-06 13:55:55.561785221,2995.74,ZAR ,1
ACC203800,CUST101839,Credit Card,2016-12-28 17:58:46.196076393,11091.79,ZAR,1
ACC203801,CUST103692,Credit Card,2016-03-11 16:30:15.807595253,24395.29,ZAR,1
ACC203802,CUST103578,Savings,2016-12-05 15:48:56.997055054,35919.8,ZAR ,1
ACC203803,CUST102212,Credit Card,2025-04-08 20:02:22.724369526,50646.89,ZAR ,1
ACC203804,CUST104982,Savings,2016-02-21 06:31:39.596731424,52315.6,ZAR ,1
ACC203805,CUST104408,Savings,2022-06-26 07:29:05.509055614,72867.61,ZAR,0
ACC203806,CUST101815,Credit Card,2022-11-30 06:21:04.140313387,105114.58,ZAR,1
ACC203807,CUST100026,Savings,2017-07-11 15:34:30.550191879,19658.33,ZAR,1
ACC203808,CUST104974,Current,2017-08-29 23:12:07.846016645,16451.28,ZAR,1
ACC203809,CUST104841,Fixed Deposit,2024-09-05 01:50:20.915157318,10429.32,ZAR,1
ACC203810,CUST104495,Savings,2019-11-12 22:36:05.019660711,13926.53,ZAR,1
ACC203811,CUST100279,Credit Card,2020-10-13 18:31:35.190867424,39757.23,ZAR,1
ACC203812,CUST103596,Current,2019-08-07 23:05:39.731911182,50423.59,ZAR,1
ACC203813,CUST104802,Current,2017-02-13 21:44:44.196126699,94047.26,ZAR,1
ACC203814,CUST101909,Current,2020-02-02 04:20:18.163753748,-3359.4,ZAR,1
ACC203815,CUST103772,Current,2018-02-13 05:17:17.954590321,39344.78,ZAR,1
ACC203816,CUST999588,Credit Card,2018-06-23 16:31:55.168191433,-8626.51,ZAR,1
ACC203817,CUST102316,Credit Card,2017-05-03 06:19:22.954721212,41194.9,ZAR,0
ACC203818,CUST103601,Savings,2022-04-04 06:15:46.995343208,131903.74,ZAR,1
ACC203819,CUST102901,Current,2018-04-28 09:41:20.211189032,,ZAR,1
ACC203820,CUST103428,Current,2016-12-01 17:46:31.100367308,123099.21,ZAR,1
ACC203821,CUST101118,Credit Card,2024-05-12 15:13:56.335489750,-8478.08,ZAR,1
ACC203822,CUST101442,Savings,2021-09-01 21:04:54.567595482,6588.54,zar,0
ACC203823,CUST103199,Savings,2024-12-12 02:06:02.758199215,11295.07,ZAR,1
ACC203824,CUST102786,Savings,2024-01-19 11:09:27.182020903,31994.29,ZAR,1
ACC203825,CUST101915,Current,2019-04-22 19:05:12.813606262,18835.1,ZAR,1
ACC203826,CUST104175,Savings,2021-07-03 20:49:26.594388485,55558.68,ZAR,1
ACC203827,CUST101707,Current,2026-06-06 23:46:05.493585825,-84908.01,ZAR,1
ACC203828,CUST102375,Business,2019-02-23 10:37:47.193434238,-14194.09,ZAR,1
ACC203829,CUST101580,Savings,2017-10-10 02:26:30.127825975,100778.84,ZAR,1
ACC203830,CUST102831,Current,2016-11-21 05:03:29.627629757,-31304.46,ZAR,1
ACC203831,CUST102811,Savings,2025-11-19 21:16:06.201420307,10734.96,ZAR,1
ACC203832,CUST101637,Current,2017-11-21 17:19:05.248562098,49499.96,ZAR,1
ACC203833,CUST103868,Savings,2025-09-28 20:09:50.787320852,23180.74,ZAR,1
ACC203834,CUST100800,Fixed Deposit,2021-11-08 10:36:10.124533892,-8994.63,ZAR,1
ACC203835,CUST103850,Savings,2021-11-01 00:36:24.726142645,42804.32,ZAR,1
ACC203836,CUST100329,Business,2019-08-20 22:39:17.249068737,58433.6,ZAR,1
ACC203837,CUST101253,Savings,2019-08-02 20:43:30.887317419,1121.36,ZAR,0
ACC203838,CUST102030,Credit Card,2018-09-18 20:01:07.667197704,41295.95,ZAR,0
ACC203839,CUST102117,Savings,2023-06-13 11:00:32.212217808,59431.41,ZAR,1
ACC203840,CUST103158,Savings,2023-07-22 22:30:57.651716471,68218.51,ZAR,1
ACC203841,CUST104692,Fixed Deposit,2021-02-25 01:52:26.137224197,39802.71,ZAR,1
ACC203842,CUST103800,Savings,2020-03-14 00:01:31.123855829,93378.78,ZAR,1
ACC203843,CUST102721,Current,2022-05-12 16:52:27.718065500,26892.97,ZAR,1
ACC203844,CUST100420,Credit Card,2020-09-09 15:44:54.419687986,-14321.14,ZAR,1
ACC203845,CUST104961,Current,2024-07-18 05:30:24.420000553,16260.69,ZAR,1
ACC203846,CUST101592,Savings,2015-10-03 14:01:12.086757898,73482.52,ZAR,1
ACC203847,CUST103100,Fixed Deposit,2025-06-15 00:50:20.369621038,-10737.47,ZAR,1
ACC203848,CUST104039,Current,2021-01-27 14:55:07.060196161,-64676.67,ZAR,1
ACC203849,CUST103497,Fixed Deposit,2020-11-23 23:30:04.893689632,43389.63,ZAR,1
ACC203850,CUST100561,Credit Card,2019-07-12 19:56:15.250540971,7244.54,ZAR,1
ACC203851,CUST101298,Credit Card,2021-03-01 13:26:44.935978651,114924.64,ZAR,1
ACC203852,CUST104966,Current,2017-07-20 23:38:44.970779181,35659.23,ZAR,1
ACC203853,CUST103839,Savings,2020-10-04 15:50:28.290034771,74486.89,ZAR,1
ACC203854,CUST103163,Fixed Deposit,2019-08-12 11:51:07.182847977,5379.64,ZAR,1
ACC203855,CUST102230,Credit Card,2018-05-28 13:49:33.530252933,48756.52,ZAR,1
ACC203856,CUST104700,Credit Card,2017-06-16 13:54:33.342826843,39860.83,ZAR,1
ACC203857,CUST103634,Fixed Deposit,2024-12-17 16:46:08.623136282,80177.8,zar,1
ACC203858,CUST103651,Savings,2024-11-05 05:45:29.801118374,32654.0,ZAR,1
ACC203859,CUST104581,Savings,2020-08-14 01:11:20.876759052,4054.29,ZAR,1
ACC203860,CUST104819,Savings,2017-09-06 01:58:48.290489435,66544.91,ZAR,1
ACC203861,CUST104297,Current,2020-03-20 02:09:29.507333279,-3568.24,ZAR,1
ACC203862,CUST103326,Current,2025-09-20 11:02:06.057856083,-7693.71,zar,1
ACC203863,CUST101143,Savings,2024-01-10 20:29:10.169357538,23237.86,ZAR,1
ACC203864,CUST101340,Current,2024-05-08 23:33:01.370141745,11954.89,ZAR,1
ACC203865,CUST100770,Savings,2023-02-20 14:27:07.126288890,25668.84,ZAR,1
ACC203866,CUST104001,Current,2023-05-21 13:41:35.097456455,-1717.6,zar,1
ACC203867,CUST101672,Savings,2016-09-24 22:12:05.667635202,69799.32,ZAR,0
ACC203868,CUST101130,Savings,2019-01-07 03:51:28.271870136,69220.36,ZAR,1
ACC203869,CUST103629,Current,2024-08-20 04:43:47.522226572,58225.68,ZAR,1
ACC203870,CUST102825,Savings,2017-01-19 20:48:38.014463186,54274.24,ZAR,1
ACC203871,CUST101229,Current,2015-11-14 22:14:58.100922823,-48921.84,ZAR,1
ACC203872,CUST101865,Savings,2024-10-20 07:29:45.503897667,29652.0,ZAR,1
ACC203873,CUST102405,Fixed Deposit,2024-01-16 14:07:36.133422375,59312.27,ZAR,1
ACC203874,CUST103995,Savings,2016-10-30 21:26:08.647093296,78627.69,ZAR,0
ACC203875,CUST100033,Savings,2021-02-11 22:45:56.984251976,16844.39,ZAR,1
ACC203876,CUST103797,Credit Card,2015-06-26 09:22:07.018896341,77140.41,zar,1
ACC203877,CUST100394,Savings,2016-09-20 05:45:44.281081915,37294.39,ZAR ,1
ACC203878,CUST104319,Current,2017-12-24 05:27:28.320185661,-78319.32,ZAR,0
ACC203879,CUST100589,Credit Card,2023-02-25 22:44:36.246463299,21031.38,ZAR,1
ACC203880,CUST101234,Savings,2018-07-13 21:30:13.432623863,-8605.88,ZAR,1
ACC203881,CUST101845,Business,2024-05-21 07:50:50.902255058,514.92,ZAR,1
ACC203882,CUST104987,Current,2015-04-10 14:11:55.269483089,67081.4,ZAR,1
ACC203883,CUST101990,Credit Card,2015-01-19 07:01:59.439263821,36898.66,ZAR,1
ACC203884,CUST104026,Fixed Deposit,2018-06-22 03:17:41.659434557,4263.59,ZAR,1
ACC203885,CUST101282,Fixed Deposit,2023-06-19 21:56:01.858077049,-2064.97,ZAR,1
ACC203886,CUST101933,Savings,2026-01-08 00:21:20.643747330,42521.93,ZAR,1
ACC203887,CUST102585,Current,2018-08-27 07:40:01.533687592,17625.63,ZAR,1
ACC203888,CUST100638,Current,2021-06-13 17:47:04.871053457,52863.52,ZAR,1
ACC203889,CUST100150,Current,2015-06-24 21:46:39.780872345,-8052.99,ZAR,1
ACC203890,CUST101747,Credit Card,2015-01-06 08:05:24.625449657,9777.12,ZAR,1
ACC203891,CUST103931,Savings,2015-03-08 15:48:17.366756916,-19782.47,ZAR,1
ACC203892,CUST100530,Current,2016-02-16 16:38:58.971735716,2859.78,zar,1
ACC203893,CUST104091,Current,2025-02-15 11:50:19.147966862,112111.08,ZAR,1
ACC203894,CUST103076,Savings,2022-06-06 02:13:09.913635015,-4458.14,zar,1
ACC203895,CUST101370,Current,2025-05-27 20:38:36.530087233,6062.58,ZAR,1
ACC203896,CUST100564,Savings,2024-09-01 14:49:31.577615976,-7962.92,ZAR,1
ACC203897,CUST102753,Current,2023-11-11 08:10:41.382016659,17669.78,ZAR,1
ACC203898,CUST102152,Savings,2019-02-05 04:03:50.313295126,22104.57,ZAR,1
ACC203899,CUST100543,Credit Card,2016-07-20 21:13:45.498144150,73732.53,ZAR,1
ACC203900,CUST103337,Savings,2016-03-13 05:31:02.965489626,8772.57,ZAR,1
ACC203901,CUST104185,Current,2015-04-16 19:16:16.181046009,29568.13,ZAR,1
ACC203902,CUST102265,Current,2017-01-21 23:42:20.472115040,-49963.52,zar,1
ACC203903,CUST102257,Current,2015-03-22 22:57:39.612733126,-9590.73,ZAR,1
ACC203904,CUST104408,Current,2022-12-19 09:52:31.984842300,68429.09,ZAR,1
ACC203905,CUST101936,Credit Card,2019-07-03 19:36:53.084437370,-9232.43,ZAR,1
ACC203906,CUST101204,Savings,2021-02-12 02:23:52.954065561,55704.33,ZAR,1
ACC203907,CUST104235,Current,2020-07-18 12:32:21.989217997,-12025.45,ZAR,1
ACC203908,CUST102619,Current,2018-04-13 21:59:08.752012253,18082.65,ZAR,1
ACC203909,CUST104688,Current,2016-04-29 11:10:44.796214581,93595.69,ZAR,1
ACC203910,CUST104565,Fixed Deposit,2021-04-12 21:44:37.650034904,54802.41,ZAR,1
ACC203911,CUST104054,Current,2025-01-01 15:21:27.811548710,-53086.52,ZAR,1
ACC203912,CUST101765,Savings,2023-09-07 05:51:54.316344023,153854.53,ZAR,1
ACC203913,CUST103588,Current,2025-10-15 03:00:14.701457500,-16544.44,ZAR,1
ACC203914,CUST102363,Current,2019-02-14 18:50:42.842971563,99651.24,zar,1
ACC203915,CUST103821,Savings,2024-10-17 07:58:23.899020910,7150.65,ZAR,1
ACC203916,CUST104664,Current,2023-05-15 10:52:34.977061272,-24152.35,ZAR,1
ACC203917,CUST103662,Credit Card,2025-12-02 21:48:43.299877167,6955.08,ZAR,1
ACC203918,CUST102496,Credit Card,2018-05-02 05:47:49.607522488,-1132.71,ZAR,1
ACC203919,CUST104963,Savings,2024-04-22 08:32:53.810586929,3073.41,ZAR,1
ACC203920,CUST104321,Credit Card,2020-11-19 12:12:34.428015232,27389.77,ZAR,1
ACC203921,CUST101224,Savings,2020-01-22 09:52:45.808534861,44121.68,ZAR,0
ACC203922,CUST104702,Savings,2020-05-24 03:25:17.326198816,81816.49,ZAR,1
ACC203923,CUST102398,Current,2020-01-04 19:54:23.436522007,33576.29,zar,1
ACC203924,CUST101280,Current,2025-02-26 23:45:10.733594179,28099.7,ZAR,1
ACC203925,CUST101474,Current,2025-12-08 20:48:58.239530087,-3904.21,ZAR,1
ACC203926,CUST103929,Credit Card,2022-09-05 10:55:23.277215004,,ZAR,0
ACC203927,CUST101926,Savings,2017-03-26 10:49:57.082285643,4835.17,ZAR ,1
ACC203928,CUST103268,Current,2019-11-14 18:17:53.313724995,-29928.22,ZAR ,1
ACC203929,CUST102223,Savings,2019-02-13 03:45:40.478010654,127035.99,ZAR,1
ACC203930,CUST104933,Savings,2022-10-09 06:27:04.432569265,34695.92,ZAR,1
ACC203931,CUST100682,Savings,2015-10-25 13:23:40.105453014,35201.02,ZAR,1
ACC203932,CUST102927,Credit Card,2022-07-29 23:07:25.451689720,73707.24,ZAR,1
ACC203933,CUST101778,Current,2020-05-28 14:11:39.472351313,-78262.0,ZAR,1
ACC203934,CUST103963,Current,2018-01-09 05:13:57.205932617,114549.2,ZAR,1
ACC203935,CUST104714,Current,2015-09-26 16:57:54.128975153,-9355.93,ZAR,1
ACC203936,CUST101728,Savings,2015-08-13 02:16:15.718610764,-10333.77,ZAR,1
ACC203937,CUST104538,Savings,2025-05-01 22:00:52.487611055,3285.14,ZAR,1
ACC203938,CUST103031,Current,2021-09-05 13:20:59.699574471,64372.66,ZAR,1
ACC203939,CUST100275,Credit Card,2021-05-22 04:22:38.207459688,110774.31,ZAR ,1
ACC203940,CUST103892,Credit Card,2015-03-16 00:46:24.053628683,90581.85,ZAR ,1
ACC203941,CUST102757,Savings,2023-12-06 07:17:51.973767042,5722.98,ZAR,1
ACC203942,CUST104834,Current,2017-06-09 22:50:37.877284288,-46930.79,ZAR,1
ACC203943,CUST102294,Current,2019-06-10 19:09:23.205091715,8425.83,ZAR,1
ACC203944,CUST101259,Credit Card,2022-06-28 03:13:08.927160740,-581.37,ZAR,1
ACC203945,CUST100864,Savings,2016-07-23 01:21:43.063808680,-40793.37,ZAR,1
ACC203946,CUST100394,Savings,2024-03-24 00:24:58.358364582,48314.12,ZAR,1
ACC203947,CUST103527,Fixed Deposit,2024-09-03 06:21:42.969973564,25176.85,ZAR,1
ACC203948,CUST104881,Savings,2021-01-06 10:59:49.300313711,45022.31,ZAR,1
ACC203949,CUST103234,Business,2019-03-26 17:05:59.267957926,54267.36,ZAR,1
ACC203950,CUST103013,Current,2017-12-01 12:22:00.022626638,52388.92,ZAR,1
ACC203951,CUST100141,Current,2023-05-21 08:36:48.863005638,22424.44,ZAR,0
ACC203952,CUST100086,Savings,2018-12-11 13:58:20.354139805,90598.17,ZAR ,1
ACC203953,CUST102495,Fixed Deposit,2024-05-17 06:53:07.754309416,5399.96,ZAR,1
ACC203954,CUST102599,Savings,2023-06-26 05:42:41.390394449,-540.92,ZAR,1
ACC203955,CUST102128,Current,2019-02-01 21:19:39.660868406,15729.33,ZAR,1
ACC203956,CUST104680,Savings,2017-08-26 04:19:04.590157747,46519.66,ZAR,1
ACC203957,CUST101650,Savings,2019-02-22 05:50:30.586950302,52290.98,ZAR,1
ACC203958,CUST104922,Credit Card,2018-12-18 21:44:31.013642550,11388.5,ZAR,1
ACC203959,CUST101317,Savings,2026-01-29 15:42:54.395182133,12221.45,ZAR,1
ACC203960,CUST101628,Current,2022-04-07 13:06:57.684263706,77190.14,ZAR,1
ACC203961,CUST101496,Credit Card,2022-08-13 11:09:45.995039701,-27306.28,ZAR,1
ACC203962,CUST103909,Current,2018-04-14 11:06:24.511099339,134882.81,ZAR,0
ACC203963,CUST101655,Current,2019-03-21 22:29:27.358720303,12973.68,ZAR,1
ACC203964,CUST102293,Savings,2020-05-25 21:06:49.603492975,16822.54,ZAR,1
ACC203965,CUST100557,Credit Card,2026-04-24 11:54:52.623806000,39791.2,ZAR,1
ACC203966,CUST101990,Savings,2022-09-24 20:52:03.568522453,46279.76,ZAR,1
ACC203967,CUST100999,Current,2016-10-13 15:28:07.481537104,-1196.42,ZAR,1
ACC203968,CUST103790,Credit Card,2026-06-23 16:55:44.767807961,38535.18,ZAR,1
ACC203969,CUST104064,Credit Card,2018-02-13 02:48:42.830326796,-12346.54,ZAR,1
ACC203970,CUST101349,Savings,2022-03-14 21:54:55.708162308,1045.07,ZAR,1
ACC203971,CUST104940,Savings,2025-02-18 22:28:55.580184460,-39191.31,ZAR,1
ACC203972,CUST102131,Fixed Deposit,2022-02-17 15:57:18.393401384,30629.81,ZAR,1
ACC203973,CUST104174,Fixed Deposit,2025-09-21 15:31:36.689103603,17947.76,zar,1
ACC203974,CUST101232,Current,2024-10-27 10:36:09.506300449,-55549.35,ZAR,1
ACC203975,CUST104294,Savings,2015-05-29 01:53:22.214523554,-2239.31,ZAR,1
ACC203976,CUST100713,Current,2022-12-15 05:27:08.110876322,23850.03,ZAR,1
ACC203977,CUST101808,Business,2023-05-08 04:53:39.215652943,59373.14,ZAR,1
ACC203978,CUST101896,Savings,2019-04-22 17:15:35.658496141,-26274.8,ZAR,1
ACC203979,CUST100931,Credit Card,2025-07-14 07:36:25.575327873,12960.77,ZAR,1
ACC203980,CUST104796,Current,2024-04-10 21:30:26.036780596,-19006.91,ZAR ,1
ACC203981,CUST101468,Credit Card,2019-04-02 17:05:40.887850285,54006.64,ZAR,1
ACC203982,CUST102094,Savings,2017-08-01 15:23:49.196787596,-1731.41,ZAR,1
ACC203983,CUST100083,Savings,2017-06-18 05:16:18.312131405,45752.13,ZAR,1
ACC203984,CUST103416,Savings,2017-07-21 21:07:21.847649813,10665.93,ZAR,1
ACC203985,CUST100897,Fixed Deposit,2021-10-28 09:55:49.921535730,-43155.61,ZAR,1
ACC203986,CUST101425,Current,2022-06-11 21:42:50.036061525,22201.6,ZAR,1
ACC203987,CUST999935,Current,2016-09-21 17:47:26.485612631,-22376.99,ZAR,1
ACC203988,CUST104326,Business,2021-05-09 06:46:57.815768242,69776.03,ZAR,1
ACC203989,CUST100573,Savings,2017-11-24 16:47:22.345818043,97728.42,ZAR,1
ACC203990,CUST103124,Fixed Deposit,2025-07-18 00:38:33.190265656,50508.13,ZAR,1
ACC203991,CUST103736,Savings,2024-12-01 04:13:20.159990311,-624.55,ZAR,1
ACC203992,CUST104752,Savings,2016-05-04 02:14:17.758033037,25891.32,ZAR,1
ACC203993,CUST101204,Current,2017-12-03 04:08:44.963666201,36604.56,zar,1
ACC203994,CUST101629,Business,2025-12-09 07:26:23.943745136,68384.83,ZAR,1
ACC203995,CUST101184,Credit Card,2018-06-18 16:47:24.953816414,17466.21,ZAR,1
ACC203996,CUST102690,Savings,2024-06-12 22:41:20.151214123,41326.68,ZAR,1
ACC203997,CUST103015,Business,2015-08-02 11:07:47.913802147,-42166.61,ZAR,1
ACC203998,CUST100955,Credit Card,2019-06-29 09:05:13.388740540,34670.71,ZAR,1
ACC203999,CUST100113,Credit Card,2022-02-13 14:02:18.760334492,-9414.38,ZAR,1
ACC204000,CUST100679,Current,2019-08-18 01:46:42.976407051,26712.91,ZAR,1
ACC204001,CUST101043,Savings,2024-02-27 10:51:57.505037069,-16525.93,ZAR,1
ACC204002,CUST102926,Savings,2026-05-08 01:30:03.715115786,41458.5,ZAR,1
ACC204003,CUST999885,Current,2020-12-12 05:48:23.080146551,50520.76,ZAR,1
ACC204004,CUST104017,Savings,2020-05-15 03:52:53.407912493,15680.06,ZAR,1
ACC204005,CUST103211,Current,2023-02-28 01:56:49.420958042,-9640.92,ZAR,1
ACC204006,CUST100998,Current,2023-09-24 04:06:29.778568029,,ZAR,1
ACC204007,CUST104952,Current,2015-09-10 22:41:22.515076875,87290.59,ZAR,1
ACC204008,CUST103514,Credit Card,2020-01-26 00:04:22.790731668,101865.27,ZAR,1
ACC204009,CUST104350,Current,2020-10-14 21:59:04.283425570,40835.47,ZAR,1
ACC204010,CUST103357,Current,2018-07-24 08:56:46.775139570,36128.74,ZAR,1
ACC204011,CUST103301,Savings,2023-10-16 22:30:50.785686255,-27608.79,ZAR,0
ACC204012,CUST102412,Savings,2025-04-09 22:06:42.900389433,77555.15,zar,1
ACC204013,CUST103280,Savings,2024-10-15 18:32:17.302084446,-67913.24,ZAR,1
ACC204014,CUST103834,Savings,2022-05-04 21:31:38.918755531,72665.21,ZAR,1
ACC204015,CUST104931,Current,2024-03-13 11:20:04.983587742,26065.27,ZAR,0
ACC204016,CUST102969,Current,2017-09-11 00:19:28.273024797,-72277.93,zar,1
ACC204017,CUST103768,Fixed Deposit,2015-04-19 15:00:37.058899641,38464.68,ZAR,1
ACC204018,CUST104732,Savings,2020-12-11 21:57:22.838609219,18741.69,ZAR,1
ACC204019,CUST103052,Savings,2019-10-01 05:58:09.739868164,7050.81,ZAR,1
ACC204020,CUST103818,Credit Card,2025-03-18 15:34:21.743257284,14205.34,ZAR,1
ACC204021,CUST100944,Savings,2024-02-20 21:54:55.686063290,24240.81,ZAR,1
ACC204022,CUST104432,Current,2019-06-04 05:36:25.909615278,24122.54,ZAR,1
ACC204023,CUST104894,Credit Card,2015-03-15 17:41:25.111273289,-34026.52,ZAR,1
ACC204024,CUST101806,Current,2018-03-08 17:18:25.920521498,41115.97,ZAR,1
ACC204025,CUST104437,Savings,2019-03-05 15:50:58.650194407,9814.69,ZAR,1
ACC204026,CUST104054,Savings,2022-10-29 18:50:21.261179209,88474.77,ZAR,1
ACC204027,CUST101164,Business,2025-06-17 20:42:25.741787910,59402.51,ZAR ,0
ACC204028,CUST104960,Fixed Deposit,2017-07-23 15:12:16.238588333,63903.21,zar,1
ACC204029,CUST102923,Credit Card,2024-02-07 09:41:19.730270863,99464.32,ZAR,1
ACC204030,CUST100817,Savings,2023-06-09 21:08:53.113365650,54440.17,ZAR,1
ACC204031,CUST100540,Current,2019-02-02 20:07:54.474915028,19148.81,ZAR,1
ACC204032,CUST102555,Credit Card,2015-03-10 09:23:33.348370552,-77340.7,ZAR,1
ACC204033,CUST102603,Savings,2015-05-19 08:08:03.273267031,34635.98,ZAR,1
ACC204034,CUST104311,Business,2022-03-04 09:43:25.374135971,94230.43,ZAR,1
ACC204035,CUST102552,Business,2024-10-23 07:49:09.737434626,,ZAR,1
ACC204036,CUST101983,Savings,2022-04-27 04:54:28.198801041,,ZAR,1
ACC204037,CUST101583,Savings,2023-12-17 15:45:52.810335636,27394.59,ZAR,1
ACC204038,CUST102541,Savings,2020-10-28 02:56:51.121464491,2766.52,ZAR ,1
ACC204039,CUST101330,Current,2018-01-16 21:45:13.394819975,37229.37,ZAR,1
ACC204040,CUST103738,Current,2015-06-18 04:27:39.775359631,4583.97,ZAR,1
ACC204041,CUST100678,Current,2024-06-19 08:53:38.788209438,82574.73,ZAR,1
ACC204042,CUST104123,Current,2020-06-28 23:58:10.166599274,29813.12,ZAR ,1
ACC204043,CUST101080,Savings,2025-02-24 11:03:10.659122467,35304.1,ZAR,1
ACC204044,CUST100997,Savings,2019-04-15 21:36:14.844689608,-8129.88,ZAR,1
ACC204045,CUST104870,Current,2018-03-13 09:21:45.013288260,8291.13,ZAR,1
ACC204046,CUST101955,Current,2022-09-22 14:43:04.317314863,-21222.32,ZAR ,1
ACC204047,CUST103400,Fixed Deposit,2021-12-31 09:15:33.640303612,81685.61,ZAR,1
ACC204048,CUST101972,Savings,2023-02-26 22:32:18.838142872,4468.49,ZAR ,1
ACC204049,CUST104909,Credit Card,2016-01-21 06:25:55.639609337,31388.23,ZAR,1
ACC204050,CUST100764,Savings,2015-12-19 13:58:12.817048550,-36958.77,ZAR,1
ACC204051,CUST102328,Credit Card,2021-08-12 00:16:40.286622763,-24276.67,ZAR,1
ACC204052,CUST100455,Savings,2021-05-08 04:39:32.818389654,14986.1,ZAR,1
ACC204053,CUST102856,Savings,2016-01-29 01:22:46.493184566,12546.69,zar,1
ACC204054,CUST103723,Current,2019-12-25 16:51:18.509161471,34789.5,ZAR,1
ACC204055,CUST102342,Credit Card,2022-05-04 03:40:31.542433500,105444.53,ZAR,1
ACC204056,CUST104259,Savings,2021-04-11 18:37:48.164521456,-55690.88,ZAR,1
ACC204057,CUST103842,Savings,2017-02-27 21:54:04.564694405,64138.23,ZAR,1
ACC204058,CUST104759,Current,2025-09-29 15:31:14.499464989,44927.94,ZAR,1
ACC204059,CUST104978,Current,2015-05-26 08:29:31.261309385,275.37,ZAR,1
ACC204060,CUST104781,Savings,2018-02-26 23:52:07.178609610,7654.27,ZAR,1
ACC204061,CUST102165,Savings,2015-10-13 17:12:51.040198326,69802.85,ZAR,1
ACC204062,CUST104973,Credit Card,2018-04-13 15:43:58.618102551,22508.44,ZAR,1
ACC204063,CUST103305,Savings,2022-12-08 19:33:25.987843275,12121.76,ZAR,1
ACC204064,CUST100414,Savings,2015-04-11 17:03:17.423354387,-16946.07,ZAR,1
ACC204065,CUST100411,Savings,2015-06-13 23:20:51.426253796,-8443.13,ZAR,1
ACC204066,CUST101983,Current,2017-05-20 18:38:22.084564686,-23652.59,ZAR,1
ACC204067,CUST102782,Business,2015-04-28 02:21:04.650276184,60380.05,ZAR,1
ACC204068,CUST100410,Credit Card,2019-07-08 22:27:05.832996130,-6367.53,ZAR,1
ACC204069,CUST102883,Credit Card,2017-08-31 12:38:21.637571573,,ZAR,1
ACC204070,CUST103389,Current,2018-09-24 16:46:31.324541569,31987.26,ZAR,1
ACC204071,CUST103466,Savings,2024-09-11 09:56:16.072676182,-7649.11,ZAR,1
ACC204072,CUST104861,Business,2020-01-03 04:59:31.382428169,,ZAR,1
ACC204073,CUST101820,Savings,2015-03-05 15:45:06.504013061,26644.02,ZAR,1
ACC204074,CUST100183,Credit Card,2021-05-02 00:41:15.551841974,33202.45,ZAR,1
ACC204075,CUST104788,Savings,2016-04-07 16:38:36.584576607,33312.49,ZAR,1
ACC204076,CUST102631,Current,2015-09-09 00:18:15.613956690,47836.89,ZAR,1
ACC204077,CUST103152,Business,2018-10-16 12:57:10.563739061,53416.24,zar,1
ACC204078,CUST102666,Credit Card,2018-02-25 00:10:21.922630072,26172.2,ZAR,1
ACC204079,CUST102434,Fixed Deposit,2016-04-17 10:51:03.566110373,-15637.33,ZAR,1
ACC204080,CUST100816,Credit Card,2018-06-16 08:54:07.363937616,18853.87,ZAR,1
ACC204081,CUST102820,Current,2020-08-09 14:05:23.703352213,27373.25,ZAR,1
ACC204082,CUST104167,Savings,2017-11-28 07:51:03.826800823,-40285.89,ZAR,1
ACC204083,CUST100566,Current,2015-05-17 15:01:10.535159111,-59190.22,ZAR,1
ACC204084,CUST101973,Savings,2025-05-03 16:46:02.006059170,-23507.88,ZAR,1
ACC204085,CUST104675,Current,2022-07-18 10:32:50.839303255,-53037.94,ZAR,1
ACC204086,CUST102102,Savings,2023-03-09 03:22:26.474176884,5541.4,ZAR,1
ACC204087,CUST100808,Fixed Deposit,2019-09-23 05:24:30.872925997,-5915.38,ZAR,1
ACC204088,CUST104809,Credit Card,2021-08-22 05:25:31.043723106,28546.29,ZAR,0
ACC204089,CUST100684,Savings,2023-02-21 14:49:52.676376581,53369.27,ZAR,0
ACC204090,CUST101236,Current,2019-02-17 19:27:06.107154846,36573.98,ZAR,1
ACC204091,CUST102325,Credit Card,2024-08-17 07:27:46.334740162,42377.9,ZAR,1
ACC204092,CUST101927,Fixed Deposit,2023-12-12 02:28:15.526365995,62837.8,ZAR,1
ACC204093,CUST102081,Savings,2018-04-29 08:47:46.855526209,11955.32,ZAR,1
ACC204094,CUST103850,Current,2018-11-08 17:30:02.921074867,-79272.4,ZAR,1
ACC204095,CUST102783,Savings,2017-02-16 23:38:58.648856401,-44776.7,ZAR,1
ACC204096,CUST102399,Credit Card,2020-10-27 01:59:59.649093628,44935.72,ZAR,1
ACC204097,CUST103516,Fixed Deposit,2024-05-24 21:15:33.945681095,32847.17,ZAR,1
ACC204098,CUST103017,Savings,2021-07-13 18:46:11.958789349,52805.58,ZAR,1
ACC204099,CUST103143,Savings,2019-02-09 07:33:36.442631960,138699.62,ZAR,1
ACC204100,CUST102389,Savings,2019-10-02 07:06:29.181314230,33775.92,ZAR ,1
ACC204101,CUST102772,Savings,2023-01-08 15:15:02.841314554,21179.8,ZAR,1
ACC204102,CUST101416,Savings,2020-12-15 08:23:44.612976789,38844.38,ZAR,1
ACC204103,CUST102068,Credit Card,2021-05-27 00:00:24.425977468,-22608.42,ZAR,1
ACC204104,CUST100813,Current,2022-01-22 22:18:56.704192162,55195.69,ZAR,1
ACC204105,CUST100410,Current,2023-07-22 00:53:56.489121675,18146.23,ZAR ,1
ACC204106,CUST104250,Credit Card,2022-03-31 12:43:28.881567240,92310.47,ZAR,1
ACC204107,CUST104035,Credit Card,2022-12-04 16:53:23.908057451,-39021.12,ZAR,1
ACC204108,CUST101376,Savings,2022-09-18 17:15:43.828802586,25181.65,ZAR,1
ACC204109,CUST102304,Credit Card,2025-09-23 22:45:37.743335247,-103.17,ZAR,1
ACC204110,CUST104986,Current,2023-07-13 04:17:56.519108295,,ZAR,1
ACC204111,CUST102655,Savings,2021-04-30 22:57:19.990784168,49906.38,ZAR,1
ACC204112,CUST100050,Savings,2025-05-26 08:42:24.496285915,12298.35,ZAR,0
ACC204113,CUST102886,Credit Card,2025-06-05 16:20:33.255194902,78221.46,ZAR,1
ACC204114,CUST104409,Savings,2019-01-26 21:46:10.886046410,3764.88,ZAR,1
ACC204115,CUST101153,Savings,2024-04-29 10:22:59.851602077,9296.35,ZAR,1
ACC204116,CUST104736,Current,2026-05-18 20:09:45.512714385,105585.7,ZAR,1
ACC204117,CUST103815,Fixed Deposit,2017-05-24 22:53:21.328978062,-29035.23,ZAR,1
ACC204118,CUST100293,Credit Card,2019-08-07 03:53:54.825549364,-6345.3,ZAR,1
ACC204119,CUST104938,Credit Card,2019-10-24 08:35:17.033823490,-98593.45,ZAR,1
ACC204120,CUST103137,Savings,2022-01-26 17:31:24.574159384,7125.51,ZAR,1
ACC204121,CUST101079,Credit Card,2026-02-24 02:18:32.554227352,52630.87,ZAR,1
ACC204122,CUST103913,Current,2018-07-16 17:21:50.965961218,41391.61,ZAR,1
ACC204123,CUST104106,Business,2023-09-24 07:44:17.139718771,30768.77,ZAR,1
ACC204124,CUST103076,Current,2024-01-07 07:37:39.611878395,-10051.31,ZAR,1
ACC204125,CUST104820,Current,2023-01-23 18:32:18.230219603,17384.19,ZAR,1
ACC204126,CUST104400,Fixed Deposit,2021-10-24 09:33:35.901859999,9097.68,ZAR,1
ACC204127,CUST101558,Fixed Deposit,2021-08-15 09:03:40.810677767,24780.99,ZAR,1
ACC204128,CUST100662,Savings,2018-04-08 01:57:10.317151546,31968.13,ZAR,1
ACC204129,CUST104037,Savings,2016-08-03 13:38:20.290904045,10968.35,ZAR,0
ACC204130,CUST104743,Current,2018-11-14 01:46:35.720463753,25952.89,ZAR,1
ACC204131,CUST101471,Savings,2017-08-29 03:58:01.439651251,21087.9,ZAR,1
ACC204132,CUST102752,Savings,2022-07-23 14:24:08.480654716,-1998.93,ZAR,1
ACC204133,CUST102551,Savings,2024-11-17 18:31:11.633474827,28180.58,ZAR,1
ACC204134,CUST101721,Current,2016-11-02 06:30:11.829682350,-26084.14,ZAR,1
ACC204135,CUST102691,Current,2022-08-21 13:13:26.159170866,32254.81,ZAR,0
ACC204136,CUST102625,Savings,2016-05-30 12:16:45.569042206,-19430.65,ZAR,0
ACC204137,CUST104926,Current,2019-05-27 19:32:15.269256353,23979.03,ZAR,1
ACC204138,CUST101696,Savings,2017-01-02 13:41:01.959076405,43616.92,ZAR,1
ACC204139,CUST100744,Business,2018-06-21 01:34:37.128448486,-12036.07,ZAR,1
ACC204140,CUST102277,Savings,2024-12-10 18:32:03.592336893,66313.73,ZAR,1
ACC204141,CUST100708,Credit Card,2019-11-11 11:57:18.879258394,96530.35,ZAR,1
ACC204142,CUST100782,Business,2016-04-04 09:00:44.629073143,-1001.8,ZAR,1
ACC204143,CUST999002,Current,2017-04-21 13:22:30.911149263,19210.17,ZAR,1
ACC204144,CUST104223,Current,2024-10-08 14:48:16.956579208,73477.07,ZAR,1
ACC204145,CUST100578,Savings,2019-10-01 23:24:53.784280062,-46924.39,ZAR,1
ACC204146,CUST101948,Savings,2025-11-03 04:37:05.610888958,26335.51,ZAR,1
ACC204147,CUST100916,Savings,2021-07-01 23:32:55.783238888,12917.86,ZAR,1
ACC204148,CUST102335,Current,2020-11-14 22:45:41.678841114,61018.54,ZAR,1
ACC204149,CUST102953,Fixed Deposit,2020-04-13 15:01:09.171644926,15194.74,zar,1
ACC204150,CUST104547,Savings,2023-12-16 17:16:50.239945173,43078.71,ZAR,1
ACC204151,CUST104471,Current,2024-09-05 00:47:21.522304058,-7926.57,ZAR,1
ACC204152,CUST104535,Credit Card,2016-06-21 10:02:27.318729877,63063.67,ZAR,1
ACC204153,CUST102112,Current,2019-09-24 14:15:27.723112106,-19863.98,ZAR,1
ACC204154,CUST103940,Current,2018-04-11 02:41:53.198132277,59832.69,ZAR,1
ACC204155,CUST101453,Current,2025-06-01 09:21:42.854705334,28047.76,ZAR,1
ACC204156,CUST100150,Current,2023-07-05 19:37:58.551368475,-69177.5,zar,1
ACC204157,CUST104649,Savings,2018-05-21 13:00:07.747553825,27521.57,ZAR,1
ACC204158,CUST104531,Current,2019-09-24 10:02:21.289697647,49278.36,ZAR ,1
ACC204159,CUST100905,Current,2019-11-09 05:51:52.056535006,-24174.31,ZAR,1
ACC204160,CUST100943,Savings,2025-10-16 13:40:45.311386585,-8879.99,ZAR,0
ACC204161,CUST104535,Current,2020-06-26 16:21:05.624475956,28553.11,ZAR,1
ACC204162,CUST102191,Current,2015-03-19 22:48:24.687474966,4537.95,ZAR,1
ACC204163,CUST103949,Current,2023-06-16 06:16:36.898940563,38183.26,ZAR,0
ACC204164,CUST104514,Current,2016-02-13 09:05:31.440455198,16630.02,ZAR,1
ACC204165,CUST102727,Current,2022-04-22 00:42:56.126391888,-27787.94,ZAR,1
ACC204166,CUST100475,Credit Card,2020-12-12 02:30:10.754277229,118135.14,ZAR,0
ACC204167,CUST103000,Savings,2023-11-01 06:12:31.091052294,11406.29,ZAR,1
ACC204168,CUST100665,Current,2021-05-16 02:38:55.398341417,29970.66,ZAR,1
ACC204169,CUST103439,Current,2017-01-11 05:44:22.895307779,95896.2,ZAR,1
ACC204170,CUST102880,Current,2025-05-09 10:58:55.670930624,59515.77,ZAR,1
ACC204171,CUST102186,Credit Card,2025-06-18 01:51:33.196286440,46900.34,ZAR,1
ACC204172,CUST102338,Credit Card,2019-11-15 11:48:19.018121243,67311.93,ZAR,1
ACC204173,CUST104810,Savings,2022-01-21 20:08:05.143640757,47057.98,ZAR,1
ACC204174,CUST101948,Current,2021-05-25 17:52:41.752575159,47056.51,ZAR,1
ACC204175,CUST104244,Savings,2021-03-09 19:47:54.456592083,47685.42,ZAR,1
ACC204176,CUST104048,Credit Card,2016-01-17 13:03:54.022495747,18250.15,zar,1
ACC204177,CUST104980,Business,2020-09-20 12:55:44.459018946,67991.79,ZAR,1
ACC204178,CUST104473,Current,2017-08-10 09:04:04.762539864,51977.57,ZAR,0
ACC204179,CUST103106,Savings,2024-03-28 21:31:38.328162670,-66985.51,ZAR,1
ACC204180,CUST104957,Savings,2024-10-30 10:11:12.096956968,59032.96,ZAR,0
ACC204181,CUST103502,Savings,2015-03-21 01:01:15.475709915,-6737.6,ZAR,1
ACC204182,CUST100614,Current,2023-07-14 09:18:51.066500187,34716.78,ZAR,1
ACC204183,CUST100481,Fixed Deposit,2016-04-30 19:13:03.451053858,-41890.62,ZAR,1
ACC204184,CUST103381,Current,2015-02-11 16:06:31.303940058,,ZAR,1
ACC204185,CUST102648,Business,2015-02-27 20:45:29.813408136,10426.11,ZAR,1
ACC204186,CUST104356,Savings,2020-05-25 05:03:45.877389431,46466.49,zar,1
ACC204187,CUST102690,Savings,2024-06-05 16:43:49.358489752,1491.96,ZAR,1
ACC204188,CUST101202,Current,2018-08-10 05:43:29.707460403,-61634.86,ZAR,1
ACC204189,CUST104285,Savings,2025-09-16 04:21:33.848967552,5387.29,ZAR,1
ACC204190,CUST102400,Savings,2019-11-17 09:32:34.424707651,9777.49,zar,1
ACC204191,CUST104770,Savings,2017-03-09 00:14:04.260241747,50322.86,zar,1
ACC204192,CUST100035,Current,2020-04-25 21:38:41.758878469,30922.77,ZAR,1
ACC204193,CUST100091,Savings,2022-04-06 00:58:21.907481670,-5666.34,ZAR ,1
ACC204194,CUST100673,Business,2020-11-09 03:17:14.270239830,36081.79,ZAR,1
ACC204195,CUST104785,Credit Card,2020-02-08 00:26:49.334537983,98346.72,ZAR,1
ACC204196,CUST100627,Credit Card,2017-03-08 03:59:31.046185732,71813.84,zar,1
ACC204197,CUST103563,Savings,2023-02-06 05:02:44.924277782,-51379.43,ZAR,0
ACC204198,CUST103537,Savings,2019-01-22 04:20:37.025854349,124004.57,ZAR,1
ACC204199,CUST104399,Current,2026-03-29 13:03:34.346563816,72352.2,ZAR,1
ACC204200,CUST103111,Savings,2019-08-22 16:17:43.171048164,88415.67,ZAR,1
ACC204201,CUST100104,Current,2017-07-26 04:37:08.270193100,-35794.82,ZAR ,0
ACC204202,CUST100193,Savings,2024-12-15 07:24:23.051279545,8429.46,ZAR,1
ACC204203,CUST100070,Current,2017-06-01 18:01:09.987300158,48540.28,ZAR,1
ACC204204,CUST102978,Current,2016-12-12 03:04:11.624661684,-19862.97,ZAR,1
ACC204205,CUST102151,Current,2023-04-28 07:26:07.075435877,46113.45,ZAR ,1
ACC204206,CUST100340,Credit Card,2018-06-15 04:08:54.194437027,90330.42,ZAR,1
ACC204207,CUST100104,Savings,2019-11-01 09:14:08.172009230,11672.41,ZAR,1
ACC204208,CUST101010,Savings,2020-03-22 22:49:25.674539804,93134.63,ZAR,1
ACC204209,CUST102398,Current,2024-01-28 09:59:04.096255302,53099.8,ZAR,1
ACC204210,CUST104506,Credit Card,2021-08-26 06:19:00.062922716,-49347.12,ZAR,1
ACC204211,CUST104136,Savings,2023-08-03 01:37:45.476956367,-9756.18,ZAR,1
ACC204212,CUST102236,Fixed Deposit,2026-06-09 02:22:29.601639271,69330.37,ZAR,1
ACC204213,CUST101433,Savings,2023-03-27 09:01:36.021681070,-16288.36,ZAR,1
ACC204214,CUST103906,Savings,2018-03-25 13:14:21.006980658,68168.71,ZAR,1
ACC204215,CUST104685,Current,2023-11-19 04:40:27.536932230,49463.35,zar,1
ACC204216,CUST101571,Savings,2024-11-04 04:05:18.733811855,37498.98,ZAR,1
ACC204217,CUST102489,Current,2019-12-28 06:17:56.381696701,1908.96,ZAR,1
ACC204218,CUST100553,Savings,2022-08-21 20:06:19.708127022,37045.54,ZAR,1
ACC204219,CUST100648,Current,2020-09-05 09:01:18.164425611,92298.66,ZAR,1
ACC204220,CUST104440,Savings,2016-06-23 12:59:53.740288973,9398.17,ZAR,1
ACC204221,CUST101130,Savings,2023-06-10 20:14:19.026076555,49404.6,ZAR ,1
ACC204222,CUST100819,Savings,2020-02-20 15:03:09.774503708,105252.57,ZAR,1
ACC204223,CUST101594,Credit Card,2019-01-05 07:42:06.199325562,35492.26,zar,1
ACC204224,CUST101748,Credit Card,2020-06-01 12:35:18.265778542,5374.61,ZAR,1
ACC204225,CUST101018,Savings,2021-09-28 01:44:59.002924681,4939.2,ZAR,0
ACC204226,CUST103506,Business,2023-10-07 13:16:41.098903894,-58348.75,ZAR,1
ACC204227,CUST102869,Savings,2025-07-10 18:24:37.039950848,-23457.54,ZAR,1
ACC204228,CUST102959,Fixed Deposit,2022-12-04 09:21:49.166190624,38530.77,ZAR ,1
ACC204229,CUST104927,Business,2026-07-07 20:35:02.918336391,63793.25,ZAR,1
ACC204230,CUST104639,Current,2016-10-28 04:11:16.147303581,7955.94,zar,1
ACC204231,CUST101411,Savings,2016-10-14 20:10:50.263820887,63278.71,ZAR,1
ACC204232,CUST104938,Fixed Deposit,2024-02-26 12:45:07.729611874,60763.58,ZAR,1
ACC204233,CUST103392,Current,2022-05-03 18:18:23.009138346,-5831.48,ZAR,1
ACC204234,CUST100733,Savings,2024-12-25 17:52:42.747719765,1168.83,ZAR,1
ACC204235,CUST101595,Fixed Deposit,2022-11-11 22:24:48.411346197,-28845.51,ZAR,1
ACC204236,CUST101132,Current,2015-02-23 06:44:19.164006472,54757.82,ZAR ,1
ACC204237,CUST103996,Current,2022-10-16 12:04:46.624101877,25149.77,ZAR ,1
ACC204238,CUST103195,Current,2017-06-14 07:08:23.535532713,60507.47,ZAR,1
ACC204239,CUST103895,Fixed Deposit,2020-03-05 13:13:34.199682236,22611.88,ZAR,1
ACC204240,CUST100733,Current,2023-01-04 02:19:58.262804508,-12622.71,ZAR,1
ACC204241,CUST102578,Fixed Deposit,2022-08-08 02:20:57.754829407,56189.99,ZAR,1
ACC204242,CUST102711,Savings,2019-06-07 03:23:36.136697769,-54260.57,ZAR,1
ACC204243,CUST103404,Current,2023-04-05 06:31:13.753041267,11515.15,ZAR,1
ACC204244,CUST101864,Current,2025-12-07 18:44:55.535901070,-5973.72,ZAR,1
ACC204245,CUST100314,Savings,2017-09-03 03:59:27.760426044,86021.74,ZAR ,1
ACC204246,CUST104440,Savings,2016-05-20 05:06:58.775914431,94990.48,ZAR,1
ACC204247,CUST102131,Savings,2016-07-25 03:05:39.790781975,41926.07,ZAR,1
ACC204248,CUST104590,Savings,2020-04-19 16:40:14.495706320,1847.02,ZAR,1
ACC204249,CUST102071,Current,2018-06-15 13:10:41.039823055,93846.79,ZAR,1
ACC204250,CUST101294,Savings,2020-05-31 10:07:01.582828045,-2935.1,ZAR,1
ACC204251,CUST102320,Credit Card,2015-12-23 18:30:29.810171843,-30362.69,ZAR,1
ACC204252,CUST100478,Fixed Deposit,2017-11-10 12:34:09.190148592,-54484.76,ZAR ,1
ACC204253,CUST102793,Current,2019-01-08 12:07:52.206288338,29093.82,ZAR,1
ACC204254,CUST104955,Credit Card,2025-10-25 03:40:37.400023699,-43599.4,ZAR,1
ACC204255,CUST101281,Current,2018-06-10 11:17:32.786463737,81754.89,ZAR,0
ACC204256,CUST100749,Fixed Deposit,2015-07-23 21:22:44.851007700,1782.13,ZAR ,1
ACC204257,CUST100684,Credit Card,2018-08-08 15:56:50.755645275,-26455.51,ZAR,1
ACC204258,CUST100867,Savings,2025-11-07 00:23:16.616070271,69626.22,ZAR,1
ACC204259,CUST101963,Credit Card,2019-12-13 05:04:57.159709930,60034.92,ZAR,1
ACC204260,CUST101260,Current,2024-06-24 13:06:58.345615625,91536.59,ZAR,0
ACC204261,CUST103570,Credit Card,2018-02-04 12:26:19.718353033,-42980.7,zar,1
ACC204262,CUST101704,Savings,2016-07-28 08:15:05.623548746,-51404.91,ZAR,1
ACC204263,CUST101815,Current,2020-10-01 20:30:47.522280930,87428.15,ZAR,1
ACC204264,CUST100738,Fixed Deposit,2023-02-16 10:40:38.289294243,-87249.17,ZAR,1
ACC204265,CUST102866,Business,2024-10-15 05:04:37.294792891,-23619.54,ZAR,1
ACC204266,CUST101611,Savings,2017-10-16 14:18:25.413074970,27213.02,ZAR ,1
ACC204267,CUST103528,Current,2026-06-05 12:55:49.605401039,-28177.7,ZAR,1
ACC204268,CUST100110,Savings,2020-08-31 11:43:17.146638393,33451.74,ZAR,1
ACC204269,CUST103213,Credit Card,2020-10-25 16:11:00.790267944,-20946.59,ZAR,1
ACC204270,CUST104004,Savings,2024-12-10 15:28:43.057377100,76603.21,ZAR ,1
ACC204271,CUST103559,Business,2019-09-19 21:41:23.859799147,53712.32,zar,1
ACC204272,CUST101317,Current,2023-10-09 17:16:23.407319069,36003.57,ZAR,0
ACC204273,CUST103483,Savings,2021-07-29 04:10:37.243702412,10800.43,ZAR,1
ACC204274,CUST104088,Savings,2016-07-26 18:22:29.833822489,-16339.19,ZAR,1
ACC204275,CUST102634,Current,2015-05-20 07:25:36.759691715,19611.74,ZAR ,1
ACC204276,CUST103234,Current,2025-10-26 16:19:54.963949203,-24274.2,ZAR,0
ACC204277,CUST104079,Current,2025-01-13 06:16:51.724959850,101678.47,ZAR,1
ACC204278,CUST102402,Current,2026-05-23 09:44:53.876742840,37770.86,ZAR,1
ACC204279,CUST100744,Current,2022-10-22 19:26:01.810482979,-9804.26,ZAR,1
ACC204280,CUST104861,Savings,2022-06-24 10:14:15.451642275,87634.4,ZAR,1
ACC204281,CUST101633,Savings,2017-06-01 02:18:13.778990746,,ZAR,1
ACC204282,CUST101933,Savings,2022-06-09 22:16:56.411825895,80950.54,ZAR,1
ACC204283,CUST103064,Savings,2020-08-27 22:57:31.464412928,79739.38,zar,1
ACC204284,CUST100891,Credit Card,2019-05-16 02:55:54.837323427,42459.14,ZAR,1
ACC204285,CUST101732,Savings,2022-11-26 18:37:44.671925545,-25776.05,ZAR,1
ACC204286,CUST102887,Current,2015-12-26 12:38:02.327030897,1779.98,ZAR,1
ACC204287,CUST103667,Savings,2020-11-01 10:48:26.281589031,168564.1,ZAR,1
ACC204288,CUST100700,Savings,2023-10-12 19:43:43.822313309,2952.89,ZAR,1
ACC204289,CUST104140,Savings,2024-08-11 19:39:18.066218614,,ZAR,0
ACC204290,CUST101384,Savings,2020-09-03 18:21:16.827232599,6124.58,ZAR,1
ACC204291,CUST104567,Savings,2019-01-31 10:28:43.746334314,-12584.6,ZAR ,1
ACC204292,CUST104538,Fixed Deposit,2021-08-18 03:02:07.448251724,53158.01,ZAR,1
ACC204293,CUST103556,Savings,2016-06-26 11:51:41.603340626,-28556.15,ZAR,1
ACC204294,CUST104460,Current,2016-01-22 22:56:09.470865250,-8232.01,ZAR,1
ACC204295,CUST100799,Business,2024-06-26 22:47:58.959736824,37347.15,ZAR,1
ACC204296,CUST102328,Savings,2016-06-19 02:20:43.475394726,14975.86,ZAR,1
ACC204297,CUST100704,Current,2019-11-01 01:04:48.333870649,31523.56,ZAR,1
ACC204298,CUST102391,Credit Card,2019-10-08 16:27:12.143479347,23759.31,ZAR,1
ACC204299,CUST102911,Savings,2026-05-21 08:35:25.647612810,-21888.62,ZAR,1
ACC204300,CUST102833,Savings,2023-03-02 21:49:32.074034929,83583.25,ZAR,1
ACC204301,CUST100379,Credit Card,2023-11-17 11:16:58.171314001,70720.56,ZAR,1
ACC204302,CUST100420,Savings,2022-10-04 17:45:58.854307652,-13224.1,ZAR,1
ACC204303,CUST104990,Savings,2018-02-26 17:47:47.502411127,44070.55,ZAR,1
ACC204304,CUST101265,Current,2019-03-08 13:23:08.895297527,5376.28,ZAR,1
ACC204305,CUST102472,Savings,2017-02-14 02:45:35.350011587,68334.49,ZAR,1
ACC204306,CUST102899,Fixed Deposit,2021-04-12 05:44:44.396738768,59357.69,ZAR,1
ACC204307,CUST100796,Fixed Deposit,2015-11-26 13:32:56.282633066,75242.51,ZAR,1
ACC204308,CUST101605,Fixed Deposit,2025-06-20 08:27:55.838431120,-12891.23,ZAR,1
ACC204309,CUST103007,Savings,2017-04-10 23:32:39.895703316,-29191.79,ZAR,1
ACC204310,CUST101066,Business,2017-06-22 02:31:31.654514551,-49339.64,ZAR,1
ACC204311,CUST103962,Current,2020-08-11 18:21:00.332998991,132007.49,ZAR,0
ACC204312,CUST103236,Current,2018-09-14 15:49:32.728981018,61245.32,ZAR,1
ACC204313,CUST104944,Credit Card,2016-12-05 11:26:07.421309233,74798.35,ZAR ,1
ACC204314,CUST102832,Credit Card,2026-06-01 08:08:50.320881844,-32350.19,ZAR,1
ACC204315,CUST104001,Current,2018-03-28 21:42:32.737449646,50419.61,ZAR,1
ACC204316,CUST101635,Current,2023-07-26 04:25:38.682827950,-43865.8,ZAR,1
ACC204317,CUST103470,Current,2023-05-30 07:43:15.435147047,43204.91,ZAR ,1
ACC204318,CUST104686,Savings,2017-10-31 13:32:29.405170441,25818.81,ZAR,1
ACC204319,CUST104111,Savings,2018-03-20 14:52:11.751836300,13068.6,ZAR,1
ACC204320,CUST103888,Current,2021-03-11 16:55:33.934190989,3316.84,ZAR,1
ACC204321,CUST102252,Current,2024-12-21 03:40:29.458826542,72031.42,ZAR,1
ACC204322,CUST102980,Credit Card,2023-07-26 05:34:03.590459347,4082.5,ZAR,1
ACC204323,CUST102963,Credit Card,2018-07-05 21:48:24.954403162,79134.57,ZAR,1
ACC204324,CUST101047,Current,2015-07-02 16:41:25.631598711,23105.69,zar,1
ACC204325,CUST101314,Savings,2022-01-13 07:36:47.276375532,39946.55,ZAR,1
ACC204326,CUST103240,Current,2020-07-05 08:25:55.956907511,47011.09,ZAR,1
ACC204327,CUST103183,Savings,2018-12-25 15:52:39.478346109,43386.74,ZAR ,1
ACC204328,CUST103438,Credit Card,2022-06-26 11:21:45.567461491,34138.34,ZAR,1
ACC204329,CUST103018,Current,2026-01-08 15:08:51.730307817,111104.08,ZAR,1
ACC204330,CUST102906,Fixed Deposit,2025-06-18 18:30:20.490786552,70151.78,ZAR,1
ACC204331,CUST102599,Savings,2022-09-16 18:44:14.225365877,-77267.18,ZAR,1
ACC204332,CUST103189,Credit Card,2026-02-09 18:30:42.856701612,16671.24,ZAR,1
ACC204333,CUST101811,Current,2019-08-01 11:40:26.508308887,84442.48,ZAR,1
ACC204334,CUST100811,Savings,2016-03-03 11:13:09.899345875,-7524.43,ZAR ,1
ACC204335,CUST103384,Current,2020-03-28 02:14:25.932767153,25185.85,zar,1
ACC204336,CUST101674,Savings,2022-08-25 10:54:52.313978910,28173.49,ZAR,1
ACC204337,CUST103789,Savings,2024-04-13 00:13:57.746466637,88683.07,ZAR,1
ACC204338,CUST104453,Current,2025-11-11 16:57:15.304164886,-16868.5,ZAR,1
ACC204339,CUST101956,Savings,2020-12-27 13:15:16.208454132,-11130.8,ZAR,1
ACC204340,CUST100685,Savings,2019-04-28 01:25:17.723921537,45220.76,ZAR,1
ACC204341,CUST100004,Savings,2018-04-06 10:41:41.909616470,38788.1,ZAR,1
ACC204342,CUST102948,Savings,2022-01-10 23:19:01.834414959,45882.57,ZAR ,0
ACC204343,CUST104411,Savings,2023-01-09 09:26:47.187469959,37890.48,ZAR,1
ACC204344,CUST104488,Savings,2022-04-29 01:12:55.292217016,20259.97,ZAR,1
ACC204345,CUST104493,Current,2017-04-05 10:09:07.788428545,47412.09,ZAR,1
ACC204346,CUST100070,Current,2020-03-02 10:36:48.324126959,33214.24,ZAR,1
ACC204347,CUST100271,Savings,2015-11-11 04:23:08.744477510,15036.16,ZAR,1
ACC204348,CUST104835,Current,2021-01-10 05:30:33.709017038,22463.86,zar,1
ACC204349,CUST103371,Savings,2017-06-25 01:32:11.655150652,3414.65,ZAR,1
ACC204350,CUST104416,Savings,2025-04-19 04:58:46.686012268,-3317.17,ZAR,1
ACC204351,CUST104900,Current,2024-05-11 18:29:13.117690563,47303.1,ZAR,1
ACC204352,CUST103575,Current,2023-06-22 01:10:52.364564180,-27273.71,ZAR,1
ACC204353,CUST102006,Savings,2016-04-20 12:02:03.733687401,52555.38,ZAR,0
ACC204354,CUST103545,Savings,2020-03-04 22:59:00.691487789,14446.93,ZAR,1
ACC204355,CUST103133,Current,2017-02-01 06:31:14.949993372,20873.34,ZAR,1
ACC204356,CUST104338,Current,2015-07-05 04:02:58.443568468,17909.69,ZAR,1
ACC204357,CUST104306,Current,2019-08-30 10:41:59.133241652,45129.37,ZAR,1
ACC204358,CUST100854,Credit Card,2018-08-20 02:04:21.556653738,84206.69,ZAR,1
ACC204359,CUST104403,Savings,2025-08-20 01:00:40.747049570,97141.96,ZAR,1
ACC204360,CUST103499,Credit Card,2025-09-22 06:40:43.730743170,66904.74,ZAR,1
ACC204361,CUST103674,Fixed Deposit,2025-10-29 07:31:30.640224695,28141.17,ZAR,0
ACC204362,CUST101717,Fixed Deposit,2015-03-02 15:02:42.995954990,56975.88,ZAR,1
ACC204363,CUST102430,Savings,2021-01-03 21:26:25.900369644,-55878.07,ZAR,1
ACC204364,CUST104378,Fixed Deposit,2015-03-19 03:35:52.612432003,49315.55,ZAR ,1
ACC204365,CUST100693,Savings,2021-12-31 22:03:29.748434782,40587.04,ZAR,1
ACC204366,CUST102666,Savings,2020-11-20 14:44:21.116638422,-36788.37,ZAR,1
ACC204367,CUST104835,Savings,2019-12-26 12:06:45.657374859,1755.87,ZAR,1
ACC204368,CUST103829,Savings,2015-08-11 13:42:08.766076326,36104.19,zar,1
ACC204369,CUST100744,Savings,2016-03-19 14:22:53.538496494,40267.17,ZAR,1
ACC204370,CUST100835,Savings,2018-08-17 03:06:45.012218475,63287.8,ZAR,1
ACC204371,CUST102519,Current,2017-10-20 16:40:27.010444403,91788.1,ZAR,0
ACC204372,CUST101210,Current,2017-01-26 11:08:41.190029144,19032.41,ZAR,1
ACC204373,CUST104407,Current,2024-11-09 22:28:49.788497686,-20518.92,ZAR,1
ACC204374,CUST104190,Current,2015-05-01 11:58:41.558801651,57877.34,ZAR,1
ACC204375,CUST104769,Savings,2017-07-10 14:41:50.502454757,76514.22,ZAR,1
ACC204376,CUST101976,Current,2025-08-15 01:16:06.040707827,75701.27,ZAR,1
ACC204377,CUST101427,Current,2025-02-04 07:44:40.517034291,43830.16,ZAR,1
ACC204378,CUST102639,Savings,2019-02-11 16:12:02.110664845,,ZAR,1
ACC204379,CUST100575,Business,2024-04-25 16:00:19.884370804,14043.49,ZAR,1
ACC204380,CUST103627,Current,2016-10-05 22:47:34.439974785,88973.35,ZAR,1
ACC204381,CUST104348,Current,2022-06-02 00:04:31.850682259,-21409.53,ZAR,1
ACC204382,CUST100848,Current,2025-03-24 20:53:40.804216385,-65645.45,ZAR,1
ACC204383,CUST100988,Current,2020-06-19 10:11:02.560421228,-22074.31,ZAR,1
ACC204384,CUST101512,Current,2016-12-06 21:39:48.546719313,2018.35,ZAR,1
ACC204385,CUST104004,Credit Card,2021-09-14 07:53:05.077921152,25027.84,zar,1
ACC204386,CUST101628,Savings,2023-08-31 18:33:42.508042097,-12305.76,ZAR,1
ACC204387,CUST103646,Savings,2025-01-09 13:50:06.420892954,30110.87,ZAR,1
ACC204388,CUST104583,Savings,2019-05-23 17:34:47.513669728,50872.56,ZAR,1
ACC204389,CUST102191,Business,2018-04-16 15:42:04.819610596,39106.84,ZAR,1
ACC204390,CUST100687,Savings,2022-12-09 23:37:55.953778267,19489.5,ZAR,1
ACC204391,CUST104579,Savings,2017-11-22 22:00:28.997648478,73104.95,ZAR,1
ACC204392,CUST101856,Savings,2017-10-23 22:41:47.409214258,-7017.67,ZAR,1
ACC204393,CUST102995,Current,2017-02-10 09:43:50.686468124,15352.04,ZAR,1
ACC204394,CUST104796,Fixed Deposit,2019-04-04 11:39:23.050664902,3000.83,ZAR,1
ACC204395,CUST104486,Current,2020-02-02 00:43:10.394796133,51111.06,ZAR,0
ACC204396,CUST104174,Savings,2023-05-25 03:46:49.877470732,7980.65,ZAR,1
ACC204397,CUST101767,Credit Card,2016-03-31 18:10:42.851749897,41006.5,ZAR ,1
ACC204398,CUST103352,Fixed Deposit,2019-12-07 18:36:17.130116939,57653.3,ZAR,1
ACC204399,CUST101670,Credit Card,2022-08-14 15:45:41.746904850,4725.17,ZAR,1
ACC204400,CUST102744,Current,2021-04-24 03:28:42.408123732,-38933.55,ZAR,1
ACC204401,CUST101686,Current,2024-02-16 02:07:09.162415266,15990.96,ZAR,1
ACC204402,CUST104193,Credit Card,2025-05-02 11:59:52.004410267,-6824.84,ZAR,1
ACC204403,CUST103755,Fixed Deposit,2017-06-18 21:36:07.275209904,-695.71,ZAR,1
ACC204404,CUST104731,Current,2025-07-10 13:41:45.011260509,-73846.65,ZAR,1
ACC204405,CUST101331,Current,2025-04-03 02:23:36.233911991,-39816.4,ZAR,0
ACC204406,CUST104620,Savings,2019-03-20 01:19:24.898772478,56999.15,ZAR,1
ACC204407,CUST101237,Savings,2024-06-02 08:17:23.865287781,-12496.85,ZAR,1
ACC204408,CUST999131,Savings,2020-12-19 10:02:53.164986372,71237.4,ZAR,1
ACC204409,CUST100868,Credit Card,2024-05-22 20:13:06.068801641,-3624.89,ZAR,1
ACC204410,CUST103639,Business,2023-08-31 02:44:25.502863884,44452.2,ZAR ,1
ACC204411,CUST103874,Savings,2026-02-22 23:07:47.267479181,14871.83,ZAR,1
ACC204412,CUST103876,Current,2017-07-24 06:25:43.152487755,50985.45,ZAR,1
ACC204413,CUST101386,Credit Card,2023-07-11 13:23:07.351686001,14861.34,ZAR,1
ACC204414,CUST104046,Savings,2015-02-28 18:41:26.045300722,33530.36,ZAR,1
ACC204415,CUST100795,Current,2025-09-03 23:29:09.976357460,74233.28,ZAR,1
ACC204416,CUST103665,Credit Card,2017-04-21 09:18:53.751307487,43842.35,ZAR,1
ACC204417,CUST102350,Savings,2019-04-29 14:49:37.680786133,-2528.29,ZAR,1
ACC204418,CUST100899,Current,2024-10-06 05:33:39.673992872,-49926.88,ZAR,1
ACC204419,CUST104871,Current,2020-07-13 11:19:39.012067318,20642.22,ZAR,1
ACC204420,CUST103797,Credit Card,2022-09-08 18:56:43.763408422,42212.06,ZAR,1
ACC204421,CUST100731,Savings,2019-03-09 21:32:31.886030197,31159.12,ZAR,1
ACC204422,CUST101951,Savings,2021-06-07 08:57:14.681555033,-10113.52,ZAR,1
ACC204423,CUST103690,Savings,2024-10-16 06:40:51.752257347,31066.64,zar,1
ACC204424,CUST100998,Current,2025-05-03 09:20:12.138323545,51393.36,ZAR ,1
ACC204425,CUST102365,Savings,2020-04-14 03:13:21.580839157,80741.75,ZAR ,1
ACC204426,CUST100512,Current,2023-05-05 05:26:45.093146801,15961.44,ZAR,0
ACC204427,CUST100112,Current,2020-05-30 08:10:57.470071554,123278.09,ZAR,1
ACC204428,CUST101201,Credit Card,2025-11-18 17:02:14.647022963,83130.15,ZAR,1
ACC204429,CUST103556,Credit Card,2023-06-05 13:50:56.017462492,31731.12,ZAR,1
ACC204430,CUST102538,Savings,2019-12-30 07:39:47.363839626,,ZAR,1
ACC204431,CUST101544,Savings,2020-10-08 00:38:17.072701454,80557.03,ZAR,1
ACC204432,CUST101234,Savings,2017-02-13 15:23:03.684061766,-13529.98,ZAR,1
ACC204433,CUST104018,Credit Card,2025-11-24 10:41:01.138388634,,ZAR,1
ACC204434,CUST103329,Current,2017-12-14 21:13:14.384273767,-26518.21,ZAR,1
ACC204435,CUST104316,Savings,2017-02-06 02:54:46.333963633,14794.19,ZAR ,1
ACC204436,CUST104821,Credit Card,2020-03-27 10:55:11.521109819,-9400.69,ZAR,1
ACC204437,CUST103163,Savings,2023-05-30 15:55:57.996485949,10801.82,ZAR,1
ACC204438,CUST100220,Current,2022-11-27 20:20:16.183010340,23612.71,ZAR,1
ACC204439,CUST104689,Current,2017-12-12 20:30:05.546077490,-30138.12,ZAR,1
ACC204440,CUST100653,Savings,2018-01-25 17:45:33.992089272,79649.18,ZAR,1
ACC204441,CUST103545,Credit Card,2017-09-23 17:50:32.998625994,72675.59,ZAR,1
ACC204442,CUST101236,Credit Card,2021-12-26 15:41:41.186620474,6602.98,ZAR,1
ACC204443,CUST103833,Current,2026-01-31 12:58:49.310662985,84274.2,ZAR,1
ACC204444,CUST104021,Current,2025-04-20 05:05:00.721188068,40538.82,ZAR,1
ACC204445,CUST103965,Savings,2020-11-04 01:33:06.903131962,68965.79,ZAR ,1
ACC204446,CUST101356,Current,2019-05-18 05:51:58.552111149,-29261.27,ZAR,1
ACC204447,CUST103208,Current,2019-08-01 22:46:57.272234678,11545.87,ZAR,1
ACC204448,CUST100957,Savings,2024-05-03 06:59:53.640986919,50128.72,ZAR,1
ACC204449,CUST104435,Credit Card,2022-07-15 00:27:54.419473171,18442.9,ZAR ,1
ACC204450,CUST100764,Current,2015-06-24 13:10:17.691763639,17965.08,ZAR,1
ACC204451,CUST104207,Savings,2015-11-16 23:29:17.262206078,20573.16,ZAR,0
ACC204452,CUST100749,Current,2020-07-29 03:08:13.764585972,39938.36,ZAR,1
ACC204453,CUST101442,Credit Card,2021-03-01 17:22:02.328528166,29458.58,ZAR,1
ACC204454,CUST103599,Savings,2026-02-15 08:56:17.146842957,87323.41,ZAR,1
ACC204455,CUST104792,Credit Card,2016-08-19 17:42:40.599732637,-14576.9,ZAR,1
ACC204456,CUST103540,Savings,2024-05-09 12:18:10.062196493,28780.82,ZAR,1
ACC204457,CUST101714,Savings,2025-05-15 22:39:24.556903362,53156.75,ZAR,1
ACC204458,CUST101555,Credit Card,2019-05-17 08:38:21.520438433,-24746.85,ZAR,1
ACC204459,CUST103152,Savings,2016-11-15 09:59:58.168309689,11252.07,ZAR,1
ACC204460,CUST102247,Current,2017-11-07 21:42:42.243434906,31954.41,ZAR,1
ACC204461,CUST101035,Savings,2022-09-04 13:47:06.236381054,85115.66,ZAR,1
ACC204462,CUST103140,Savings,2015-10-23 05:06:02.620114326,30455.62,ZAR,0
ACC204463,CUST102172,Current,2025-04-04 01:58:56.068366051,55319.7,ZAR,1
ACC204464,CUST104875,Current,2023-10-06 11:11:25.517169236,57938.36,ZAR,1
ACC204465,CUST100146,Savings,2024-03-14 12:31:37.603361130,-85232.03,ZAR,1
ACC204466,CUST103715,Credit Card,2023-07-29 13:37:40.497912407,28215.27,ZAR,1
ACC204467,CUST103990,Savings,2016-06-28 09:36:51.032232046,7572.08,ZAR ,1
ACC204468,CUST104015,Credit Card,2023-06-19 16:09:56.507533550,85126.41,zar,1
ACC204469,CUST103500,Credit Card,2021-12-09 13:46:02.774892092,52946.47,ZAR,0
ACC204470,CUST104888,Fixed Deposit,2015-08-04 14:01:44.554926395,59989.65,ZAR,1
ACC204471,CUST101546,Credit Card,2018-04-19 00:23:50.744603634,45785.17,ZAR,1
ACC204472,CUST101905,Credit Card,2019-11-25 17:08:30.475340843,29191.32,ZAR,1
ACC204473,CUST104671,Business,2021-04-15 12:00:52.892765045,58422.53,ZAR,1
ACC204474,CUST100345,Credit Card,2017-02-02 15:09:53.737419844,24146.82,ZAR,1
ACC204475,CUST104133,Credit Card,2021-02-08 03:58:16.637416601,76371.04,ZAR,1
ACC204476,CUST103734,Savings,2026-02-02 15:31:13.192855120,-17760.74,ZAR,1
ACC204477,CUST102944,Credit Card,2019-02-09 01:24:11.644839048,66514.51,ZAR,1
ACC204478,CUST100605,Current,2016-10-02 17:53:43.511158705,10489.83,ZAR,1
ACC204479,CUST103055,Business,2020-06-05 16:19:37.986576319,52178.25,zar,1
ACC204480,CUST102192,Credit Card,2020-03-20 22:59:38.212874651,-37869.37,ZAR,1
ACC204481,CUST100438,Savings,2025-08-15 17:27:02.287856817,35787.86,ZAR,1
ACC204482,CUST103691,Savings,2020-05-09 18:25:30.328410149,18955.17,ZAR,1
ACC204483,CUST104062,Savings,2017-10-26 06:30:58.872496843,23186.38,zar,1
ACC204484,CUST102791,Current,2017-08-07 13:24:58.951226950,-45701.54,ZAR,0
ACC204485,CUST100814,Current,2015-05-27 03:39:24.376725912,26315.36,ZAR,1
ACC204486,CUST101835,Savings,2023-08-03 01:56:17.864117861,30187.51,zar,1
ACC204487,CUST102703,Savings,2018-02-06 20:40:46.628845453,-46264.3,ZAR,1
ACC204488,CUST102571,Savings,2024-02-16 00:33:38.837022305,-21027.86,ZAR,1
ACC204489,CUST102957,Credit Card,2021-05-16 20:48:20.617350817,31307.59,ZAR,1
ACC204490,CUST101226,Savings,2023-03-30 06:21:22.319085360,41276.21,ZAR,1
ACC204491,CUST103981,Savings,2017-05-09 10:55:40.370773554,22975.37,ZAR,1
ACC204492,CUST100370,Current,2016-10-17 15:31:01.381859779,26797.15,ZAR,1
ACC204493,CUST104932,Savings,2019-11-04 18:49:52.451246023,26075.99,ZAR,1
ACC204494,CUST102062,Current,2019-02-18 04:36:30.037776947,3206.01,ZAR,1
ACC204495,CUST104145,Credit Card,2020-11-10 23:58:13.110901833,17870.53,ZAR,1
ACC204496,CUST100291,Savings,2023-09-01 07:07:55.106930017,-31063.14,ZAR,1
ACC204497,CUST103346,Credit Card,2025-07-11 10:22:23.077026367,1613.64,ZAR,1
ACC204498,CUST104898,Current,2021-11-18 22:22:03.038866282,23303.13,ZAR,0
ACC204499,CUST104802,Savings,2017-08-13 09:26:45.364080906,74437.51,ZAR,0
ACC204500,CUST102238,Savings,2018-06-03 14:18:27.486629725,20134.08,ZAR,1
ACC204501,CUST101870,Savings,2025-06-27 21:51:51.423478127,107457.65,ZAR,1
ACC204502,CUST104411,Savings,2017-06-05 18:22:15.767957211,102198.48,ZAR,0
ACC204503,CUST103188,Savings,2016-02-06 12:55:02.690021515,27788.07,ZAR,1
ACC204504,CUST104758,Fixed Deposit,2025-09-01 12:14:19.202698708,8449.47,zar,1
ACC204505,CUST101171,Savings,2015-04-23 19:00:31.338753700,115641.08,ZAR,0
ACC204506,CUST102246,Fixed Deposit,2023-09-03 21:03:28.550942421,54840.0,ZAR,1
ACC204507,CUST101564,Current,2016-09-07 21:55:01.022495747,42544.94,ZAR,1
ACC204508,CUST102101,Current,2022-09-19 18:03:13.478334904,-3859.75,ZAR,1
ACC204509,CUST104364,Current,2017-02-27 15:07:32.669690847,7899.7,ZAR,1
ACC204510,CUST104467,Credit Card,2025-05-22 22:36:01.250608920,-15019.61,ZAR,1
ACC204511,CUST102976,Business,2015-07-30 22:28:53.999472857,84519.79,ZAR ,1
ACC204512,CUST100173,Savings,2018-07-12 00:21:09.670148134,45061.69,zar,1
ACC204513,CUST102208,Savings,2024-01-26 05:47:59.311816692,12588.19,ZAR,1
ACC204514,CUST102436,Savings,2021-07-27 17:59:17.796813488,6108.87,ZAR,1
ACC204515,CUST103568,Savings,2019-11-20 12:40:37.868320942,-14651.31,ZAR,1
ACC204516,CUST101343,Savings,2020-01-17 07:46:42.422806978,22206.54,ZAR,1
ACC204517,CUST102893,Credit Card,2020-10-25 19:16:51.336282015,31828.21,ZAR,1
ACC204518,CUST103763,Savings,2026-07-10 07:37:46.512209414,-66020.13,ZAR ,1
ACC204519,CUST102848,Credit Card,2022-10-20 12:56:03.197381973,-13567.7,ZAR,1
ACC204520,CUST104183,Credit Card,2020-08-22 06:21:05.675718784,-2062.47,ZAR,1
ACC204521,CUST101262,Current,2018-09-23 10:11:49.744005203,68419.34,ZAR,1
ACC204522,CUST103100,Current,2020-11-01 02:07:05.732312202,2848.96,ZAR,1
ACC204523,CUST102278,Current,2025-09-07 15:57:56.683750629,-46774.59,ZAR,1
ACC204524,CUST102034,Savings,2017-07-15 06:03:05.114655495,-19037.99,zar,1
ACC204525,CUST102121,Savings,2019-01-01 09:03:25.507170916,93977.85,zar,1
ACC204526,CUST102774,Savings,2015-10-02 22:23:09.087617636,10088.9,ZAR,0
ACC204527,CUST102565,Savings,2022-04-15 15:30:19.356487036,-16538.48,ZAR,1
ACC204528,CUST102870,Current,2023-11-19 11:34:06.647410393,-41943.13,ZAR,1
ACC204529,CUST104800,Savings,2022-04-27 11:16:56.861095190,25976.3,ZAR,1
ACC204530,CUST103175,Savings,2024-05-27 01:33:33.128783703,30189.57,ZAR,1
ACC204531,CUST102734,Credit Card,2023-12-05 06:23:30.168401003,42644.27,ZAR,1
ACC204532,CUST104610,Current,2026-04-06 12:44:18.777325630,134070.26,ZAR,1
ACC204533,CUST101189,Savings,2020-03-28 19:43:00.624448299,-24450.14,ZAR,1
ACC204534,CUST101245,Savings,2015-12-22 14:49:08.268664122,10231.08,ZAR,1
ACC204535,CUST100582,Savings,2021-03-14 17:27:58.571818590,36697.4,ZAR ,1
ACC204536,CUST101007,Current,2023-12-06 09:08:44.731364250,7497.04,ZAR,1
ACC204537,CUST100390,Current,2019-09-18 09:49:15.676841021,-57625.73,ZAR ,1
ACC204538,CUST100951,Credit Card,2020-03-15 06:04:24.294481993,45452.97,ZAR,1
ACC204539,CUST103278,Savings,2023-07-17 00:33:59.714528084,-254.1,ZAR,1
ACC204540,CUST103486,Credit Card,2015-03-13 05:38:07.575983286,-17558.68,ZAR,1
ACC204541,CUST103238,Savings,2022-08-12 07:12:04.473237514,-10738.2,ZAR,1
ACC204542,CUST104524,Savings,2023-03-11 11:56:51.352008581,87046.61,ZAR,0
ACC204543,CUST104287,Fixed Deposit,2026-03-29 22:24:22.401159286,76961.2,ZAR,0
ACC204544,CUST101633,Credit Card,2023-06-15 16:21:43.270311356,-18646.18,ZAR,1
ACC204545,CUST100948,Current,2016-07-07 15:40:39.337694883,-44271.65,ZAR,1
ACC204546,CUST102103,Savings,2020-10-08 19:43:17.062747477,60934.55,zar,1
ACC204547,CUST104637,Current,2019-09-14 03:35:04.290563583,107328.25,ZAR ,1
ACC204548,CUST104840,Credit Card,2019-08-23 22:34:05.446974993,118307.63,ZAR,1
ACC204549,CUST101023,Savings,2024-02-03 22:23:23.909318924,-31638.16,ZAR,1
ACC204550,CUST100726,Savings,2021-09-24 01:40:38.089592934,79314.04,ZAR,0
ACC204551,CUST103687,Current,2023-06-19 14:22:31.594058752,24785.61,ZAR,1
ACC204552,CUST104397,Credit Card,2023-08-21 17:17:49.478091240,-52191.83,ZAR,1
ACC204553,CUST104751,Current,2022-12-21 16:00:57.254017830,-9383.98,ZAR,1
ACC204554,CUST104796,Savings,2023-10-11 08:51:07.087961912,-6430.97,ZAR,1
ACC204555,CUST101413,Fixed Deposit,2017-07-13 12:15:54.372200489,44019.24,ZAR,1
ACC204556,CUST103997,Fixed Deposit,2016-02-22 13:15:30.741738081,-29676.44,ZAR ,1
ACC204557,CUST103369,Current,2016-11-13 02:58:32.042065859,62760.56,ZAR,1
ACC204558,CUST101682,Savings,2024-05-14 00:26:01.324412107,44018.63,ZAR,1
ACC204559,CUST100079,Savings,2026-01-27 03:32:27.882123709,65803.13,ZAR,0
ACC204560,CUST103267,Current,2025-11-06 18:45:47.781535149,-1407.94,ZAR,1
ACC204561,CUST101807,Credit Card,2015-02-24 07:09:02.096841335,40860.52,ZAR,1
ACC204562,CUST101457,Current,2026-07-11 03:39:31.596771240,-16435.14,ZAR,1
ACC204563,CUST100047,Savings,2025-04-08 00:31:28.501103400,52068.12,ZAR,1
ACC204564,CUST100604,Fixed Deposit,2017-04-21 03:11:48.884788752,15507.6,ZAR,1
ACC204565,CUST100950,Savings,2021-06-15 19:25:37.424431562,19432.79,ZAR,0
ACC204566,CUST100536,Fixed Deposit,2026-05-27 21:44:16.268845081,23691.05,ZAR,0
ACC204567,CUST104749,Current,2020-06-15 07:14:11.964611053,-44655.13,ZAR,1
ACC204568,CUST100046,Current,2026-01-16 01:25:11.244986773,72593.36,ZAR,1
ACC204569,CUST101943,Savings,2021-04-19 07:47:16.055399895,28314.6,ZAR,1
ACC204570,CUST104891,Savings,2018-12-27 15:45:18.774508238,72754.53,ZAR,1
ACC204571,CUST100587,Business,2016-11-10 00:55:49.115949631,69805.69,ZAR,1
ACC204572,CUST103275,Credit Card,2016-03-16 05:46:08.311500311,-7531.43,ZAR,1
ACC204573,CUST101250,Current,2023-03-09 06:43:49.445282936,14205.65,ZAR,1
ACC204574,CUST101606,Current,2018-10-17 15:41:46.996038914,-37032.39,ZAR,1
ACC204575,CUST102220,Savings,2019-09-21 17:00:09.847304583,74038.45,ZAR,1
ACC204576,CUST102895,Credit Card,2025-11-08 09:25:00.075235367,37984.66,ZAR,1
ACC204577,CUST103804,Savings,2017-04-25 08:26:13.295604229,33046.51,ZAR,1
ACC204578,CUST103095,Savings,2019-04-28 22:52:33.720864773,13957.37,ZAR,1
ACC204579,CUST100102,Current,2025-07-14 11:03:10.184647083,-13790.4,ZAR ,1
ACC204580,CUST100914,Current,2025-11-22 17:12:39.822418451,76308.3,ZAR,1
ACC204581,CUST103137,Current,2024-04-18 15:19:33.056273699,105219.2,ZAR,1
ACC204582,CUST101444,Business,2019-06-09 16:54:18.877090216,77861.97,ZAR,1
ACC204583,CUST100299,Credit Card,2016-06-14 16:32:01.927404165,18304.81,ZAR,1
ACC204584,CUST102736,Business,2024-02-22 04:52:06.574753284,40606.61,ZAR,1
ACC204585,CUST101585,Current,2024-09-19 03:08:31.036555290,67797.21,ZAR,1
ACC204586,CUST104198,Savings,2023-04-12 18:59:13.067495346,28763.75,ZAR,1
ACC204587,CUST104447,Business,2018-11-28 03:58:11.194382191,102784.18,ZAR,1
ACC204588,CUST100647,Savings,2022-07-22 18:17:20.738651276,74935.14,ZAR,1
ACC204589,CUST103885,Fixed Deposit,2023-02-18 14:38:48.644006729,136419.48,ZAR,1
ACC204590,CUST104291,Savings,2025-04-11 19:56:34.019737959,32769.27,ZAR,1
ACC204591,CUST103202,Credit Card,2016-08-11 14:54:40.962370157,-71593.03,ZAR,1
ACC204592,CUST103044,Credit Card,2018-01-20 23:30:35.242391586,27874.05,ZAR,1
ACC204593,CUST102319,Current,2019-09-04 15:28:38.897446632,9814.22,ZAR,1
ACC204594,CUST102448,Credit Card,2024-05-26 06:44:11.806529284,31909.7,ZAR,1
ACC204595,CUST100394,Savings,2025-05-08 08:33:03.074134350,96321.92,ZAR,1
ACC204596,CUST100719,Savings,2018-03-23 16:34:07.147828817,3326.24,ZAR,1
ACC204597,CUST103420,Savings,2020-11-02 12:41:40.223899841,-8263.58,ZAR,1
ACC204598,CUST102749,Business,2022-01-14 14:57:36.170226812,-873.52,ZAR,1
ACC204599,CUST100869,Current,2016-11-30 22:17:05.761467218,111165.48,ZAR,1
ACC204600,CUST101768,Savings,2024-03-05 17:57:24.643826008,6569.52,ZAR,1
ACC204601,CUST103231,Savings,2020-06-14 21:55:12.960190773,35377.94,ZAR,1
ACC204602,CUST100944,Credit Card,2025-05-12 11:50:08.077818394,98858.69,zar,1
ACC204603,CUST101053,Fixed Deposit,2021-05-08 12:01:19.949110508,51544.38,ZAR,1
ACC204604,CUST104399,Fixed Deposit,2024-08-24 20:32:16.661574841,-65180.33,ZAR,1
ACC204605,CUST102290,Savings,2015-07-27 15:33:05.083922863,5672.86,ZAR,0
ACC204606,CUST102302,Current,2020-01-31 09:05:20.668160677,-1112.6,ZAR,1
ACC204607,CUST100366,Current,2019-11-08 23:07:25.478028297,-44709.71,ZAR,1
ACC204608,CUST100398,Credit Card,2017-03-31 08:32:49.850719690,5948.45,ZAR,0
ACC204609,CUST103247,Credit Card,2021-07-03 17:26:42.096221924,-83886.67,ZAR,1
ACC204610,CUST101510,Savings,2023-09-10 15:01:13.808890581,38001.41,ZAR,1
ACC204611,CUST101398,Current,2020-09-17 17:28:47.998289347,25297.71,ZAR,1
ACC204612,CUST100907,Savings,2024-08-20 04:05:11.952084064,-3325.84,ZAR,1
ACC204613,CUST103767,Current,2018-05-24 07:17:27.408596992,-47377.65,ZAR,1
ACC204614,CUST104696,Savings,2018-06-16 00:44:40.201354027,80779.76,ZAR,1
ACC204615,CUST101302,Savings,2016-12-06 16:29:25.210778475,2265.84,ZAR,1
ACC204616,CUST101215,Savings,2024-01-30 21:27:12.817805052,68903.17,ZAR,1
ACC204617,CUST103898,Savings,2016-09-18 00:33:45.835199833,19968.43,ZAR,1
ACC204618,CUST102531,Current,2016-09-25 12:20:36.264769315,83373.03,zar,1
ACC204619,CUST103970,Current,2015-01-30 17:28:48.424165726,48377.73,ZAR,1
ACC204620,CUST103727,Fixed Deposit,2019-07-01 08:59:18.112901688,29459.87,ZAR,1
ACC204621,CUST103977,Savings,2020-01-23 02:27:18.833832264,-8587.86,ZAR,1
ACC204622,CUST100792,Current,2020-03-23 05:13:54.001844883,76961.68,ZAR,1
ACC204623,CUST102675,Business,2023-11-15 21:34:03.321066856,16782.83,zar,1
ACC204624,CUST102187,Current,2019-10-21 03:58:51.736783743,-7596.46,ZAR,1
ACC204625,CUST104334,Credit Card,2015-01-19 00:36:42.316323519,18709.5,ZAR,1
ACC204626,CUST103266,Business,2022-01-21 23:01:35.702399731,23153.45,ZAR,1
ACC204627,CUST103725,Credit Card,2016-12-25 07:11:59.957214355,59965.41,ZAR,1
ACC204628,CUST104409,Savings,2015-04-16 21:36:20.658026457,-50283.99,ZAR,1
ACC204629,CUST103452,Savings,2024-01-02 06:59:15.028758764,120324.33,ZAR,1
ACC204630,CUST103270,Savings,2017-11-05 21:07:52.781375885,43534.02,ZAR,1
ACC204631,CUST102649,Current,2023-09-30 21:01:52.300641537,24364.2,ZAR,0
ACC204632,CUST100400,Current,2022-06-07 11:51:49.179957628,42759.95,ZAR,1
ACC204633,CUST103604,Savings,2025-03-25 09:44:04.262130976,-36258.72,ZAR,0
ACC204634,CUST101607,Current,2019-02-24 00:17:06.668019772,29961.29,ZAR,1
ACC204635,CUST100616,Current,2022-07-12 19:50:39.848945618,51013.88,ZAR,1
ACC204636,CUST101754,Current,2021-07-31 14:05:55.093212128,13216.88,ZAR,1
ACC204637,CUST101735,Savings,2024-01-25 04:42:50.620539188,45943.46,ZAR,1
ACC204638,CUST101941,Savings,2018-10-25 02:07:22.784342289,56723.9,ZAR,1
ACC204639,CUST101400,Current,2021-12-10 20:10:35.993499279,-4138.14,ZAR,1
ACC204640,CUST104708,Savings,2021-04-06 21:28:34.467468023,74950.97,ZAR,1
ACC204641,CUST104417,Current,2015-07-04 08:39:03.185159683,22589.8,ZAR,1
ACC204642,CUST100178,Current,2015-05-24 20:12:34.459054232,101260.95,ZAR,1
ACC204643,CUST102483,Current,2025-06-16 16:53:12.808886766,77376.99,ZAR,1
ACC204644,CUST101510,Credit Card,2022-06-03 10:10:30.990433693,41257.43,ZAR,1
ACC204645,CUST104244,Savings,2022-02-06 12:46:30.542680740,-7472.75,ZAR,1
ACC204646,CUST102462,Savings,2023-08-10 07:36:41.260167599,20538.81,ZAR,1
ACC204647,CUST103171,Fixed Deposit,2015-03-08 05:22:45.197088480,65313.53,ZAR,1
ACC204648,CUST100431,Credit Card,2017-09-08 16:24:33.855244160,2615.12,ZAR,1
ACC204649,CUST103565,Savings,2022-07-13 00:42:33.548573971,42338.6,ZAR,1
ACC204650,CUST102417,Credit Card,2023-04-27 18:40:49.115074396,46858.43,ZAR,1
ACC204651,CUST104376,Current,2022-04-17 06:43:14.615971804,20501.51,ZAR,1
ACC204652,CUST100535,Current,2019-10-05 14:15:02.944417238,-7867.1,ZAR,1
ACC204653,CUST101514,Credit Card,2021-10-26 21:58:37.852557659,88903.5,ZAR,1
ACC204654,CUST104188,Savings,2023-02-08 12:57:08.780845881,44002.67,ZAR,1
ACC204655,CUST101170,Current,2019-09-16 01:15:07.398182869,12926.19,ZAR ,1
ACC204656,CUST101350,Savings,2021-07-13 16:46:40.926368713,-6607.14,ZAR,1
ACC204657,CUST101511,Current,2015-12-01 02:33:43.092021942,,ZAR,0
ACC204658,CUST102615,Savings,2016-12-18 05:05:45.195951462,22223.79,ZAR,1
ACC204659,CUST100273,Fixed Deposit,2023-12-12 23:43:50.406457424,64098.25,ZAR,1
ACC204660,CUST103091,Current,2019-05-27 10:04:50.157093287,-11886.21,ZAR,1
ACC204661,CUST104048,Credit Card,2024-01-05 02:16:31.813396931,37104.34,ZAR,1
ACC204662,CUST101528,Savings,2022-10-23 05:26:07.823176861,5808.14,ZAR,1
ACC204663,CUST100856,Savings,2019-03-14 19:56:49.365686178,94659.59,ZAR,1
ACC204664,CUST101756,Credit Card,2023-12-05 16:53:16.528178214,39729.03,ZAR,1
ACC204665,CUST103227,Savings,2016-06-18 11:53:21.125241756,-14831.46,ZAR,1
ACC204666,CUST102552,Business,2016-11-10 06:58:35.518584013,62398.54,ZAR,1
ACC204667,CUST103018,Current,2019-09-27 17:14:33.303287268,74388.44,ZAR,1
ACC204668,CUST104027,Fixed Deposit,2022-08-06 00:45:34.178260803,11518.5,zar,1
ACC204669,CUST104739,Savings,2018-06-13 13:03:27.928115606,-7391.59,ZAR,0
ACC204670,CUST102263,Current,2018-09-29 05:37:48.515763043,-63116.35,ZAR,1
ACC204671,CUST103802,Savings,2024-12-24 01:37:10.750320435,69031.45,ZAR,1
ACC204672,CUST102454,Business,2025-06-03 12:26:53.580061436,-45120.13,ZAR,1
ACC204673,CUST100691,Savings,2025-07-27 00:46:14.197887897,23066.08,ZAR,1
ACC204674,CUST102979,Credit Card,2015-04-03 23:19:15.437345505,-44007.96,ZAR,1
ACC204675,CUST104764,Current,2024-03-31 06:32:28.762862444,97040.21,zar,1
ACC204676,CUST102126,Fixed Deposit,2023-10-28 11:26:02.306200743,78382.18,ZAR,1
ACC204677,CUST102701,Business,2017-12-27 23:03:05.327358246,37005.47,ZAR ,1
ACC204678,CUST103630,Credit Card,2017-08-16 15:35:09.080027103,66908.03,ZAR,1
ACC204679,CUST104149,Savings,2015-05-28 10:36:42.022853851,19711.86,ZAR,1
ACC204680,CUST100024,Credit Card,2024-07-09 08:25:29.250231743,-7989.69,ZAR,1
ACC204681,CUST100285,Current,2022-01-13 20:20:02.604082108,-42057.97,ZAR,1
ACC204682,CUST102415,Current,2015-03-09 00:18:12.465708256,56679.96,ZAR,1
ACC204683,CUST100559,Savings,2017-08-10 20:20:04.486115456,-15375.45,ZAR,1
ACC204684,CUST104615,Credit Card,2024-08-15 04:04:44.095173120,126061.76,ZAR,1
ACC204685,CUST103522,Current,2021-12-21 23:19:14.679491043,-19494.47,ZAR,1
ACC204686,CUST103079,Credit Card,2024-11-28 23:04:05.491168976,65482.87,ZAR,1
ACC204687,CUST102918,Current,2016-09-12 13:32:22.557237625,76040.08,ZAR,1
ACC204688,CUST102431,Current,2026-01-12 11:23:30.599332571,-28591.35,ZAR,1
ACC204689,CUST100248,Savings,2017-05-27 10:36:23.728378773,7013.61,ZAR,1
ACC204690,CUST103860,Savings,2018-07-07 21:09:22.991350889,15803.22,ZAR ,1
ACC204691,CUST102390,Business,2025-09-22 08:04:12.105153561,164304.09,ZAR,1
ACC204692,CUST101965,Credit Card,2018-08-16 14:18:57.496393204,15185.82,zar,1
ACC204693,CUST102183,Savings,2021-11-22 16:17:37.593845606,-20527.39,ZAR,1
ACC204694,CUST102336,Current,2018-12-26 12:35:20.504127978,44669.79,ZAR,1
ACC204695,CUST104708,Credit Card,2023-07-26 20:50:53.514479637,-16900.64,ZAR,1
ACC204696,CUST100975,Current,2018-08-10 03:59:23.289083481,22538.24,ZAR,1
ACC204697,CUST100885,Current,2020-02-10 15:19:29.366977692,6802.41,ZAR,1
ACC204698,CUST100621,Credit Card,2015-12-21 08:54:45.172592163,45720.5,ZAR,1
ACC204699,CUST103103,Savings,2025-08-31 14:01:16.007596731,2551.53,ZAR,1
ACC204700,CUST100127,Current,2025-06-29 12:12:06.234211922,-2845.17,ZAR,1
ACC204701,CUST103959,Current,2024-04-24 18:10:16.425696135,68161.69,ZAR,1
ACC204702,CUST103657,Current,2025-02-10 04:32:32.620188475,36562.5,ZAR,1
ACC204703,CUST103544,Savings,2021-12-24 14:13:46.388777018,26129.6,ZAR,1
ACC204704,CUST102340,Savings,2015-12-28 12:13:53.764724970,-51998.26,ZAR,1
ACC204705,CUST102051,Business,2015-10-26 14:25:31.797285557,49873.31,zar,1
ACC204706,CUST104696,Fixed Deposit,2024-02-08 02:52:18.966762781,6173.38,ZAR,1
ACC204707,CUST104153,Fixed Deposit,2020-12-27 06:17:23.283911943,36136.48,ZAR,1
ACC204708,CUST100884,Credit Card,2018-03-17 17:28:36.030191422,-48771.76,ZAR,1
ACC204709,CUST101293,Savings,2015-06-08 11:36:17.906968117,36088.72,ZAR,1
ACC204710,CUST101219,Current,2026-05-25 12:09:57.490759134,32724.44,ZAR,1
ACC204711,CUST102364,Savings,2016-02-14 00:32:23.249718189,15818.4,ZAR,1
ACC204712,CUST103193,Savings,2019-03-21 20:10:04.415338993,-10441.14,ZAR,1
ACC204713,CUST101105,Savings,2022-11-17 05:56:21.866069078,71641.77,ZAR,0
ACC204714,CUST100272,Savings,2022-03-20 16:52:34.723383427,-4861.55,ZAR,1
ACC204715,CUST101925,Savings,2016-06-18 13:54:38.730510235,61407.95,ZAR,1
ACC204716,CUST102517,Savings,2022-03-09 12:20:23.988234997,66886.32,ZAR,1
ACC204717,CUST103361,Credit Card,2018-11-23 23:27:14.960737705,-8288.8,ZAR,1
ACC204718,CUST100617,Fixed Deposit,2016-12-22 15:50:32.862262011,54922.18,ZAR,1
ACC204719,CUST103446,Savings,2022-02-23 05:03:28.881161690,7811.74,ZAR,1
ACC204720,CUST100806,Savings,2025-06-05 21:29:24.082967520,50541.02,ZAR,1
ACC204721,CUST101466,Savings,2023-09-14 22:38:48.363840580,-12435.83,ZAR,1
ACC204722,CUST102560,Credit Card,2016-11-18 05:55:31.863366127,20396.11,zar,1
ACC204723,CUST100525,Savings,2017-01-06 12:26:35.094296694,28082.31,ZAR,1
ACC204724,CUST102845,Current,2020-06-08 06:34:24.015926361,23824.14,ZAR,1
ACC204725,CUST100193,Savings,2015-03-31 09:08:01.963997841,40248.18,ZAR,1
ACC204726,CUST101060,Credit Card,2015-03-29 18:01:41.643294811,-7351.52,ZAR,1
ACC204727,CUST102829,Current,2017-12-01 14:13:29.568139553,2905.65,ZAR,1
ACC204728,CUST101356,Savings,2016-03-27 08:16:48.118851900,53553.66,ZAR,1
ACC204729,CUST102163,Fixed Deposit,2021-05-01 14:48:45.150445461,8506.22,ZAR,1
ACC204730,CUST101420,Current,2015-07-03 17:59:56.888544559,5109.09,ZAR,1
ACC204731,CUST102501,Savings,2017-10-27 03:09:28.440426350,-8672.86,ZAR,1
ACC204732,CUST100709,Current,2015-09-04 04:48:58.577550411,6598.35,ZAR,1
ACC204733,CUST100778,Current,2021-02-21 20:32:55.240887165,-16082.24,ZAR,1
ACC204734,CUST104828,Fixed Deposit,2019-01-31 13:37:17.456942081,54172.01,ZAR,1
ACC204735,CUST101660,Savings,2015-12-18 05:07:20.101420879,7037.46,ZAR,1
ACC204736,CUST103460,Fixed Deposit,2019-02-07 23:14:42.222469807,-18346.84,ZAR,1
ACC204737,CUST100042,Credit Card,2015-01-03 17:51:33.549755812,16873.26,ZAR,1
ACC204738,CUST100554,Current,2024-07-23 16:04:07.932398081,-30859.36,ZAR ,1
ACC204739,CUST103938,Savings,2019-03-19 13:37:16.806244850,-9230.92,ZAR,1
ACC204740,CUST101785,Savings,2022-09-17 17:49:27.122136831,79179.63,zar,1
ACC204741,CUST101501,Fixed Deposit,2023-03-18 01:40:03.372648954,-18525.29,ZAR,1
ACC204742,CUST100863,Current,2021-06-05 07:04:35.825822115,19262.79,ZAR,1
ACC204743,CUST101332,Business,2021-10-26 19:19:51.520802498,113255.77,ZAR,1
ACC204744,CUST101171,Current,2019-12-19 01:28:35.367775917,34970.16,ZAR ,1
ACC204745,CUST103986,Current,2019-09-20 12:05:12.769416094,4568.33,ZAR,1
ACC204746,CUST104697,Business,2018-07-18 04:07:45.108505964,-54506.71,zar,1
ACC204747,CUST100174,Credit Card,2015-10-29 08:01:58.097730160,31676.83,ZAR,1
ACC204748,CUST100683,Savings,2019-01-18 05:43:51.095359564,-5708.1,ZAR,1
ACC204749,CUST103136,Credit Card,2020-05-10 10:35:25.793888092,47312.04,ZAR,1
ACC204750,CUST104399,Savings,2016-07-19 16:35:31.179844856,-2050.04,ZAR,1
ACC204751,CUST101584,Current,2025-07-08 00:34:21.363846064,36086.53,ZAR,1
ACC204752,CUST104209,Savings,2015-02-05 10:38:35.170358419,82855.05,ZAR,1
ACC204753,CUST100022,Business,2017-08-04 14:34:03.509250879,51850.64,ZAR,1
ACC204754,CUST103718,Fixed Deposit,2022-11-15 14:14:10.757650375,-27733.34,ZAR,1
ACC204755,CUST104715,Fixed Deposit,2024-07-15 06:39:32.684935093,28558.66,ZAR,1
ACC204756,CUST102483,Current,2020-06-26 22:36:41.499270201,63539.21,ZAR,0
ACC204757,CUST102921,Credit Card,2021-10-25 19:36:26.801649570,-35784.72,ZAR,1
ACC204758,CUST101291,Savings,2018-02-28 19:09:13.246116638,92489.03,ZAR,1
ACC204759,CUST103926,Savings,2026-01-19 20:06:57.292580128,30636.81,ZAR,1
ACC204760,CUST104154,Credit Card,2022-06-17 19:33:17.267289400,48058.04,ZAR,1
ACC204761,CUST104165,Savings,2016-07-10 02:26:02.278202534,11246.85,ZAR,1
ACC204762,CUST104170,Savings,2023-07-13 02:12:31.567581177,26852.81,ZAR,1
ACC204763,CUST100386,Current,2016-06-24 11:25:53.325523853,-10777.93,ZAR,1
ACC204764,CUST102626,Credit Card,2019-09-03 05:01:51.726318359,86883.02,ZAR,1
ACC204765,CUST102546,Savings,2020-09-08 20:19:49.716331959,96722.14,ZAR,1
ACC204766,CUST100238,Current,2023-05-14 19:19:47.762257576,110866.61,ZAR,1
ACC204767,CUST104005,Fixed Deposit,2026-07-16 11:10:24.870842457,-45629.42,ZAR,1
ACC204768,CUST100964,Savings,2019-04-21 09:26:21.684581757,38181.69,ZAR,1
ACC204769,CUST102124,Credit Card,2022-10-29 08:47:23.732524872,42284.71,ZAR,1
ACC204770,CUST100280,Current,2022-10-15 05:31:57.277686119,-3222.24,ZAR,1
ACC204771,CUST103946,Current,2017-02-18 02:53:36.244654417,39912.6,ZAR,1
ACC204772,CUST100899,Savings,2022-06-12 05:59:22.937521458,-32464.3,ZAR ,0
ACC204773,CUST102582,Savings,2025-03-08 22:32:28.809930086,83863.73,zar,0
ACC204774,CUST102542,Credit Card,2021-06-08 18:09:10.784704924,-36326.9,ZAR,1
ACC204775,CUST100479,Current,2020-07-22 10:55:18.261076927,35017.25,ZAR,0
ACC204776,CUST104270,Savings,2022-07-02 03:14:30.373919010,56567.64,ZAR,0
ACC204777,CUST100032,Savings,2024-05-05 23:15:02.629934311,1020.01,ZAR,1
ACC204778,CUST103266,Credit Card,2017-08-10 22:03:49.830959320,79904.17,ZAR,1
ACC204779,CUST100860,Current,2016-11-20 22:15:49.387270212,-47999.89,ZAR,1
ACC204780,CUST103004,Savings,2022-07-17 17:26:28.581052780,23774.61,zar,1
ACC204781,CUST101128,Business,2015-05-27 06:56:03.300892353,-42465.43,zar,1
ACC204782,CUST103739,Savings,2024-07-22 21:39:11.145671844,-5931.48,ZAR,1
ACC204783,CUST102819,Credit Card,2018-07-01 18:31:51.874769211,5247.18,ZAR,1
ACC204784,CUST103199,Savings,2016-04-14 10:40:02.876223326,2806.06,zar,1
ACC204785,CUST104935,Savings,2023-11-09 13:36:41.255971669,75835.82,ZAR,1
ACC204786,CUST102217,Savings,2017-07-31 20:00:23.208806753,-21895.76,ZAR,0
ACC204787,CUST103794,Fixed Deposit,2019-08-26 00:49:18.916839838,-37171.0,ZAR,1
ACC204788,CUST104076,Credit Card,2019-10-17 15:50:00.699450254,7757.37,ZAR,1
ACC204789,CUST101622,Savings,2024-07-01 13:55:48.549787045,29533.33,ZAR,1
ACC204790,CUST101550,Credit Card,2018-01-23 12:17:12.601905107,45127.81,ZAR,1
ACC204791,CUST103529,Credit Card,2022-05-02 10:22:06.552428484,71152.81,ZAR,1
ACC204792,CUST104640,Current,2026-07-26 06:14:01.588626623,-61000.63,zar,1
ACC204793,CUST100074,Current,2021-12-10 06:23:48.919846535,92545.55,ZAR,1
ACC204794,CUST100580,Current,2016-08-19 07:39:58.862995863,-7737.19,ZAR,1
ACC204795,CUST100844,Savings,2018-04-13 04:58:52.411998749,13861.14,ZAR,1
ACC204796,CUST103188,Credit Card,2021-03-13 13:29:37.048395634,25926.78,ZAR,1
ACC204797,CUST102102,Credit Card,2018-09-25 07:58:44.138820171,-61815.16,ZAR ,1
ACC204798,CUST102502,Credit Card,2020-12-25 00:44:12.252766131,7702.67,ZAR,0
ACC204799,CUST101585,Credit Card,2021-04-16 19:57:21.489697695,64681.92,ZAR,1
ACC204800,CUST102128,Credit Card,2023-07-09 07:11:12.122732639,50257.01,ZAR ,1
ACC204801,CUST103873,Credit Card,2022-03-20 01:39:30.629771233,4981.92,ZAR,1
ACC204802,CUST102148,Fixed Deposit,2023-01-31 07:10:40.424846888,33521.52,zar,1
ACC204803,CUST101964,Current,2017-07-12 10:29:00.012745380,43461.31,ZAR,1
ACC204804,CUST100211,Credit Card,2019-11-26 04:26:07.405165672,14648.74,ZAR,1
ACC204805,CUST101891,Credit Card,2024-07-22 07:10:58.732826948,44699.57,ZAR,1
ACC204806,CUST103757,Savings,2023-09-17 21:32:29.468600750,-7017.8,ZAR,1
ACC204807,CUST100685,Current,2017-02-09 00:36:18.643172503,-12813.76,ZAR,1
ACC204808,CUST101761,Credit Card,2015-09-28 13:49:08.934272289,,ZAR,1
ACC204809,CUST101426,Savings,2022-07-25 21:37:17.109811544,-71571.49,ZAR,1
ACC204810,CUST102383,Current,2020-02-22 10:44:58.978283167,52730.99,ZAR,1
ACC204811,CUST104106,Savings,2019-10-03 07:18:34.915445805,28325.82,ZAR,1
ACC204812,CUST104237,Savings,2015-04-16 19:54:18.979410648,16112.91,ZAR,1
ACC204813,CUST101918,Current,2019-06-03 09:38:20.982875347,56862.02,ZAR,1
ACC204814,CUST102885,Savings,2017-01-25 21:50:09.607297182,40484.4,ZAR,1
ACC204815,CUST104088,Credit Card,2015-05-26 07:26:57.544511080,67552.03,ZAR,1
ACC204816,CUST104257,Current,2019-08-15 08:02:24.003293514,88193.65,ZAR,0
ACC204817,CUST103012,Savings,2024-07-20 23:19:03.572144747,38222.41,ZAR,1
ACC204818,CUST100685,Savings,2025-04-28 11:57:46.731242180,-3789.69,ZAR,1
ACC204819,CUST101883,Savings,2017-10-04 12:21:17.959751368,53995.62,ZAR,1
ACC204820,CUST101409,Current,2018-03-09 03:15:59.327306271,-3657.39,ZAR,1
ACC204821,CUST103400,Credit Card,2016-02-21 22:40:36.144550085,-5490.22,ZAR,1
ACC204822,CUST101139,Current,2025-07-13 07:59:43.254879713,13293.56,zar,0
ACC204823,CUST100171,Savings,2015-10-03 20:30:28.537284613,71325.14,ZAR,0
ACC204824,CUST104431,Current,2025-11-08 16:15:54.905158281,55007.58,zar,1
ACC204825,CUST100552,Business,2022-06-06 07:41:15.599036694,60433.74,ZAR,1
ACC204826,CUST103907,Fixed Deposit,2024-02-09 21:19:02.654123306,29915.64,ZAR,1
ACC204827,CUST104774,Credit Card,2017-07-19 12:49:57.341299295,47776.21,ZAR,1
ACC204828,CUST104170,Savings,2022-01-13 19:00:12.797186613,49035.28,ZAR,1
ACC204829,CUST102443,Savings,2016-04-05 05:03:48.112432718,-2532.01,ZAR,1
ACC204830,CUST102843,Current,2022-08-18 03:46:09.336296797,48531.37,ZAR,1
ACC204831,CUST103589,Savings,2021-12-14 12:34:52.281475067,24842.6,ZAR,1
ACC204832,CUST101103,Current,2024-07-17 01:40:13.614977837,8801.11,ZAR,1
ACC204833,CUST102114,Savings,2022-06-20 23:36:57.159311056,10720.5,ZAR,1
ACC204834,CUST101884,Fixed Deposit,2026-04-02 13:29:59.931142807,2903.03,ZAR,1
ACC204835,CUST101365,Credit Card,2020-09-05 02:29:13.757380009,13762.94,ZAR,1
ACC204836,CUST102751,Business,2021-05-23 13:48:31.533517122,24675.57,ZAR,1
ACC204837,CUST102100,Fixed Deposit,2015-11-17 20:31:31.694357395,51600.52,ZAR,0
ACC204838,CUST100094,Current,2016-04-02 21:12:36.954231024,85371.59,ZAR,0
ACC204839,CUST100455,Current,2017-01-03 21:52:01.069029331,47739.87,ZAR,1
ACC204840,CUST103198,Credit Card,2016-05-15 19:28:14.533657312,29686.33,ZAR,1
ACC204841,CUST102757,Savings,2016-08-03 19:27:11.710437059,-55005.15,ZAR,1
ACC204842,CUST104274,Savings,2018-01-06 19:02:45.334457636,121757.19,ZAR,1
ACC204843,CUST100367,Savings,2018-03-23 20:02:50.553772211,-3318.13,zar,1
ACC204844,CUST101628,Current,2023-01-21 06:03:21.378179073,-2024.95,ZAR,1
ACC204845,CUST101937,Current,2020-08-19 14:41:31.195969820,75567.08,ZAR,1
ACC204846,CUST103398,Savings,2025-09-26 10:00:03.472708702,-19048.43,ZAR,1
ACC204847,CUST102183,Current,2018-12-21 14:53:37.418884993,39871.38,ZAR,1
ACC204848,CUST102417,Current,2015-09-26 05:39:45.667837620,6484.0,ZAR,1
ACC204849,CUST104602,Credit Card,2024-10-10 21:59:44.768757582,14892.44,ZAR,1
ACC204850,CUST100019,Savings,2024-10-04 12:13:09.616956234,26988.25,ZAR ,1
ACC204851,CUST104465,Credit Card,2019-03-17 17:02:00.949837685,-22745.96,ZAR,0
ACC204852,CUST101419,Fixed Deposit,2015-10-25 19:41:39.647233963,20060.61,ZAR,1
ACC204853,CUST100201,Current,2025-03-15 02:28:32.526561737,66038.15,ZAR,1
ACC204854,CUST102639,Current,2025-10-23 20:47:34.814341307,22015.4,ZAR,1
ACC204855,CUST101060,Savings,2026-07-20 00:30:28.439970732,,ZAR,1
ACC204856,CUST103624,Credit Card,2019-07-13 03:18:38.820518732,28664.46,ZAR,1
ACC204857,CUST103797,Fixed Deposit,2016-06-21 18:22:39.385200977,-22863.45,ZAR,1
ACC204858,CUST102010,Savings,2019-05-18 01:07:19.491605520,4138.2,ZAR,1
ACC204859,CUST103902,Credit Card,2021-10-12 22:47:16.201768160,-52380.23,ZAR,1
ACC204860,CUST100931,Savings,2015-07-03 00:45:24.682211399,68104.47,ZAR,1
ACC204861,CUST101680,Credit Card,2018-03-05 22:17:20.895473957,89218.58,zar,1
ACC204862,CUST100305,Current,2025-11-28 10:19:14.239665508,58717.91,ZAR,1
ACC204863,CUST103208,Savings,2015-07-06 21:43:44.261428833,-8605.21,ZAR,1
ACC204864,CUST103573,Fixed Deposit,2016-09-30 12:16:29.581279278,-9897.89,ZAR,1
ACC204865,CUST103813,Current,2021-09-23 17:32:51.848884583,54465.45,ZAR ,1
ACC204866,CUST101825,Savings,2026-02-03 05:10:16.125706195,4162.26,ZAR,1
ACC204867,CUST104189,Credit Card,2025-11-21 13:03:22.617096901,-9426.15,ZAR ,1
ACC204868,CUST103235,Savings,2017-12-25 07:27:13.373245716,-13898.53,ZAR,1
ACC204869,CUST102876,Fixed Deposit,2022-02-09 04:51:53.474301100,99762.15,ZAR,1
ACC204870,CUST101108,Savings,2026-03-05 23:50:04.801413059,6434.78,ZAR,1
ACC204871,CUST104208,Current,2022-04-17 13:04:00.281617641,58267.46,ZAR,1
ACC204872,CUST103773,Current,2017-07-26 05:31:29.613750696,46982.98,zar,1
ACC204873,CUST104378,Current,2023-01-13 02:37:21.950568199,-8946.51,ZAR,1
ACC204874,CUST101721,Current,2020-12-02 12:39:30.878226519,26621.78,ZAR ,1
ACC204875,CUST102757,Current,2020-09-19 16:24:50.885541439,-15045.88,ZAR,1
ACC204876,CUST100261,Credit Card,2020-08-27 19:58:35.395160913,82917.8,ZAR,1
ACC204877,CUST102994,Savings,2016-04-20 23:48:04.501330614,-11431.8,ZAR,0
ACC204878,CUST102551,Credit Card,2024-02-22 07:28:42.609712601,39610.92,ZAR,1
ACC204879,CUST104094,Savings,2019-01-07 14:56:30.283358097,5232.1,ZAR,0
ACC204880,CUST103657,Credit Card,2017-02-20 12:03:34.557255745,-11995.95,ZAR,1
ACC204881,CUST104952,Credit Card,2020-02-08 19:56:16.837854862,68092.52,ZAR,1
ACC204882,CUST104662,Credit Card,2022-06-13 01:55:35.563044548,4153.01,ZAR,1
ACC204883,CUST100839,Savings,2021-05-30 01:23:57.664627552,-48184.49,ZAR,1
ACC204884,CUST104854,Credit Card,2024-06-26 18:51:31.286914349,41972.43,ZAR,1
ACC204885,CUST100150,Current,2024-10-07 05:02:05.572638988,-3299.76,ZAR,1
ACC204886,CUST102282,Business,2022-03-10 02:05:42.980573177,31303.93,ZAR,1
ACC204887,CUST104663,Savings,2021-05-22 17:18:30.761748791,59244.83,ZAR,1
ACC204888,CUST103059,Credit Card,2021-07-25 06:30:20.914957523,39265.17,ZAR,1
ACC204889,CUST104959,Current,2019-07-21 20:05:24.146239758,60552.17,ZAR,1
ACC204890,CUST102786,Business,2020-06-08 00:18:01.786053896,-26926.25,ZAR,1
ACC204891,CUST103407,Current,2021-02-05 23:48:50.306092739,72938.4,ZAR,1
ACC204892,CUST102667,Savings,2024-04-10 16:26:19.320409298,13102.07,ZAR,1
ACC204893,CUST104635,Fixed Deposit,2023-08-22 00:17:02.520326853,-32065.84,ZAR,1
ACC204894,CUST100572,Savings,2017-04-07 07:24:13.453151464,-73183.22,ZAR,1
ACC204895,CUST101946,Credit Card,2026-04-29 05:00:22.108182192,12664.5,ZAR,1
ACC204896,CUST103354,Savings,2026-03-07 10:03:56.947942019,-6448.19,ZAR,1
ACC204897,CUST102465,Fixed Deposit,2018-03-27 02:32:13.768214226,-5828.18,ZAR,1
ACC204898,CUST104826,Current,2026-07-27 03:31:15.895485401,38374.47,ZAR,1
ACC204899,CUST102911,Savings,2021-01-30 04:55:40.769512892,93810.81,ZAR ,1
ACC204900,CUST100634,Credit Card,2017-08-17 02:12:31.220160961,-11066.17,ZAR,1
ACC204901,CUST103067,Savings,2023-05-06 16:55:57.539273262,28681.28,ZAR,1
ACC204902,CUST101559,Savings,2015-07-22 20:28:17.824262619,2288.86,ZAR,1
ACC204903,CUST102349,Credit Card,2022-12-18 16:46:22.582271099,-14478.18,ZAR,1
ACC204904,CUST100385,Savings,2024-09-02 01:31:39.841504335,-15637.38,zar,1
ACC204905,CUST104346,Savings,2019-01-22 19:30:53.187828064,90691.4,ZAR,1
ACC204906,CUST102013,Current,2018-11-16 11:09:43.330133438,25530.88,ZAR,1
ACC204907,CUST104031,Savings,2018-02-26 08:23:41.520331860,17396.48,zar,1
ACC204908,CUST102408,Business,2019-09-20 16:52:09.564912081,-2411.74,ZAR,1
ACC204909,CUST104742,Credit Card,2021-08-22 15:28:05.024546146,27689.5,ZAR,1
ACC204910,CUST101790,Fixed Deposit,2023-10-29 12:14:38.967759609,-520.96,ZAR,1
ACC204911,CUST100532,Credit Card,2025-04-08 09:18:06.818689108,102201.51,ZAR ,1
ACC204912,CUST102382,Fixed Deposit,2021-05-09 09:43:56.455525160,35072.51,ZAR,1
ACC204913,CUST100171,Savings,2020-07-02 04:53:34.733510971,30578.38,ZAR,1
ACC204914,CUST104014,Current,2019-05-04 21:51:47.002503633,29672.32,ZAR,1
ACC204915,CUST104594,Fixed Deposit,2021-11-23 07:44:09.384962797,77312.32,ZAR,1
ACC204916,CUST101069,Current,2016-09-04 18:55:38.204871178,24117.16,ZAR,1
ACC204917,CUST100264,Business,2020-05-29 05:20:54.283228874,5941.35,ZAR,1
ACC204918,CUST103789,Fixed Deposit,2020-11-22 04:16:01.407755852,31442.4,ZAR,1
ACC204919,CUST103444,Savings,2022-04-15 21:48:09.024026155,56653.63,ZAR,1
ACC204920,CUST103966,Current,2015-10-17 20:09:52.376008034,72318.49,ZAR,1
ACC204921,CUST102846,Savings,2019-12-23 13:07:21.990939617,33600.42,ZAR,1
ACC204922,CUST102905,Fixed Deposit,2023-10-28 06:48:48.066309214,34175.1,ZAR,1
ACC204923,CUST101356,Fixed Deposit,2024-01-30 11:52:02.694668531,64709.56,ZAR,1
ACC204924,CUST101576,Current,2021-04-16 18:25:51.129084110,-84366.23,ZAR,1
ACC204925,CUST103155,Savings,2025-02-05 02:10:05.701066017,28528.35,ZAR,1
ACC204926,CUST104682,Savings,2023-09-28 15:57:58.088927984,1622.85,zar,1
ACC204927,CUST101546,Savings,2024-03-26 13:18:56.105232477,27321.73,ZAR,1
ACC204928,CUST101819,Current,2024-03-08 06:11:25.872319221,39228.08,ZAR,1
ACC204929,CUST102945,Business,2023-06-09 23:08:22.156491756,74800.14,ZAR,1
ACC204930,CUST100249,Savings,2024-11-30 21:14:08.142680168,-30380.38,ZAR,1
ACC204931,CUST103264,Credit Card,2016-02-14 19:03:30.098252535,-730086.9409809329,ZAR,1
ACC204932,CUST100680,Credit Card,2020-10-31 21:27:54.757016182,-10578.11,ZAR,1
ACC204933,CUST103416,Credit Card,2024-07-23 14:30:34.087221622,725.8,ZAR,1
ACC204934,CUST104457,Savings,2016-04-07 08:45:56.870901585,-29808.49,ZAR,1
ACC204935,CUST104581,Savings,2016-10-18 11:25:27.807879686,110497.61,ZAR,1
ACC204936,CUST100749,Savings,2019-08-26 19:24:49.302498341,59829.44,ZAR,1
ACC204937,CUST102986,Savings,2021-07-13 23:06:11.619117975,-6015.5,ZAR,1
ACC204938,CUST102236,Savings,2023-05-21 02:58:54.933837891,25619.94,ZAR,1
ACC204939,CUST102451,Current,2021-06-30 07:11:40.861071587,7610.09,ZAR,1
ACC204940,CUST103459,Credit Card,2017-07-05 08:23:30.615096807,31244.99,ZAR,1
ACC204941,CUST104954,Savings,2024-10-26 14:29:47.720383644,-5709.36,ZAR,1
ACC204942,CUST102868,Current,2018-01-25 20:57:11.196757317,-35921.31,ZAR,1
ACC204943,CUST102771,Current,2024-12-08 10:33:57.564357042,2110.23,ZAR,1
ACC204944,CUST103266,Savings,2020-09-25 03:40:06.302132607,80252.82,ZAR,1
ACC204945,CUST102525,Savings,2015-06-21 05:11:13.959566116,-34399.28,ZAR,1
ACC204946,CUST101744,Savings,2020-07-21 11:59:32.532038688,68885.01,ZAR,1
ACC204947,CUST104116,Current,2022-07-29 15:48:23.066896439,47397.95,zar,1
ACC204948,CUST103311,Current,2025-03-11 05:28:08.771098614,9014.57,ZAR,1
ACC204949,CUST102826,Savings,2021-09-28 09:54:24.688155174,55002.38,ZAR,1
ACC204950,CUST100045,Savings,2026-06-25 18:36:52.361225128,33344.62,ZAR,1
ACC204951,CUST101376,Savings,2019-05-30 12:49:16.491367102,-60497.83,ZAR,1
ACC204952,CUST101316,Savings,2017-11-05 07:49:34.093561411,8818.39,ZAR,1
ACC204953,CUST103248,Credit Card,2020-02-19 09:59:02.021219969,9990.37,ZAR,1
ACC204954,CUST100617,Current,2022-08-17 03:26:30.642919064,82799.94,zar,1
ACC204955,CUST101909,Current,2016-02-06 18:30:03.177844048,8967.0,ZAR,1
ACC204956,CUST102276,Current,2016-01-16 17:26:42.728956461,16565.49,ZAR,1
ACC204957,CUST103703,Savings,2022-03-25 18:38:46.323302031,-21449.31,ZAR,1
ACC204958,CUST100729,Savings,2019-06-12 14:14:18.494298458,22468.24,ZAR,0
ACC204959,CUST103029,Current,2024-01-27 00:47:30.606353998,-22555.54,ZAR,1
ACC204960,CUST102736,Credit Card,2018-01-20 10:13:12.740438700,68441.68,ZAR,1
ACC204961,CUST103695,Credit Card,2020-01-08 11:09:01.513690948,8178.54,ZAR,1
ACC204962,CUST100903,Credit Card,2020-12-18 12:39:37.859903336,-22651.46,ZAR,0
ACC204963,CUST102998,Current,2025-11-30 03:23:52.310028553,74020.38,ZAR,1
ACC204964,CUST102071,Credit Card,2015-02-01 01:19:26.170589447,-27241.45,ZAR,1
ACC204965,CUST101296,Credit Card,2017-07-06 21:12:30.007571459,35213.97,ZAR,1
ACC204966,CUST100371,Fixed Deposit,2016-01-25 06:50:53.867569685,-34491.4,ZAR,1
ACC204967,CUST101903,Savings,2026-06-25 06:27:05.007233620,36720.74,ZAR,1
ACC204968,CUST102199,Savings,2016-07-13 05:59:54.593765974,67702.15,ZAR,1
ACC204969,CUST100254,Current,2024-07-14 02:54:03.127171516,-928.44,ZAR,0
ACC204970,CUST104039,Current,2021-01-08 20:41:05.968312502,,ZAR,1
ACC204971,CUST103455,Savings,2024-01-23 16:46:42.880608082,-20946.93,ZAR,1
ACC204972,CUST101584,Credit Card,2018-06-30 05:43:26.407866716,22785.37,ZAR,1
ACC204973,CUST100235,Current,2020-07-04 05:07:07.815088272,102119.97,ZAR,1
ACC204974,CUST103531,Current,2026-04-29 10:31:49.029514313,67718.38,ZAR,1
ACC204975,CUST100119,Savings,2016-02-07 16:42:10.963527679,71819.14,ZAR,1
ACC204976,CUST102129,Current,2022-03-10 08:52:24.202651501,-17796.58,ZAR,1
ACC204977,CUST101035,Current,2026-02-05 17:27:46.965633392,68876.68,ZAR,1
ACC204978,CUST101171,Savings,2016-06-19 19:55:23.306728363,64482.73,ZAR,1
ACC204979,CUST103775,Savings,2024-09-23 08:39:40.109132290,37200.1,ZAR ,1
ACC204980,CUST101517,Current,2018-03-13 23:40:04.594722509,-262.14,ZAR,1
ACC204981,CUST101228,Fixed Deposit,2017-04-28 19:09:35.011577129,63887.63,ZAR,1
ACC204982,CUST101512,Savings,2016-12-05 06:14:03.769742250,-2114.42,ZAR ,1
ACC204983,CUST100744,Savings,2023-07-09 16:46:34.823069334,51288.75,ZAR ,1
ACC204984,CUST103711,Savings,2015-06-01 10:37:39.913339853,9771.76,ZAR,1
ACC204985,CUST102477,Savings,2019-11-14 18:35:02.225720882,-14420.7,ZAR,1
ACC204986,CUST101004,Current,2023-01-27 00:58:11.816067219,8789.77,ZAR,1
ACC204987,CUST101540,Savings,2016-08-13 15:08:15.764905214,103716.18,ZAR,1
ACC204988,CUST104888,Savings,2017-08-05 20:31:52.377014399,-21635.67,ZAR,1
ACC204989,CUST102891,Fixed Deposit,2016-10-06 23:30:28.345871687,64660.8,ZAR,1
ACC204990,CUST103437,Savings,2015-04-21 10:19:09.659136057,58610.57,ZAR,1
ACC204991,CUST104282,Current,2020-04-15 00:36:17.434239388,17624.65,ZAR,1
ACC204992,CUST102005,Fixed Deposit,2020-10-02 06:45:03.765190125,2915.95,ZAR,1
ACC204993,CUST101741,Current,2025-12-14 07:24:48.790410757,-24933.66,ZAR,1
ACC204994,CUST104990,Savings,2023-06-07 18:15:16.936686277,76544.62,ZAR,1
ACC204995,CUST102831,Savings,2026-03-27 18:01:28.070504904,-22586.44,ZAR ,1
ACC204996,CUST101080,Fixed Deposit,2023-10-07 17:10:58.164067268,-86534.21,ZAR,1
ACC204997,CUST104291,Fixed Deposit,2026-05-03 03:53:03.270009995,37317.81,ZAR,1
ACC204998,CUST103814,Savings,2017-11-15 21:39:05.120865345,-29030.39,ZAR,1
ACC204999,CUST102003,Current,2016-12-09 22:30:16.070567369,20610.81,ZAR,1
ACC205000,CUST101354,Savings,2019-07-14 05:22:46.658918381,-28752.09,ZAR,1
ACC205001,CUST103284,Savings,2020-09-11 05:11:48.688649654,1747.25,ZAR,1
ACC205002,CUST102717,Fixed Deposit,2024-07-20 07:22:49.145722389,27776.31,ZAR,1
ACC205003,CUST101183,Current,2021-04-09 07:50:39.130387306,35861.61,ZAR,1
ACC205004,CUST100272,Savings,2026-01-11 22:53:17.650950670,78550.84,ZAR,1
ACC205005,CUST104095,Current,2018-05-05 10:57:15.547924519,25055.86,ZAR,1
ACC205006,CUST104232,Fixed Deposit,2021-09-14 19:25:56.629135609,29286.96,ZAR,1
ACC205007,CUST104532,Credit Card,2022-07-19 11:52:31.584510803,15407.36,ZAR,1
ACC205008,CUST101830,Current,2016-10-21 07:34:53.768284559,61958.01,ZAR,1
ACC205009,CUST103520,Credit Card,2024-02-05 17:18:29.144047022,-20241.16,ZAR,1
ACC205010,CUST102922,Credit Card,2022-05-28 15:51:47.532044411,7497.34,ZAR,1
ACC205011,CUST101331,Business,2017-03-22 18:39:46.436504364,-718808.7808015199,ZAR,1
ACC205012,CUST104636,Current,2019-10-16 03:58:32.447913408,-11246.68,ZAR,1
ACC205013,CUST101680,Current,2022-06-03 09:18:58.749134779,80831.0,ZAR,1
ACC205014,CUST100151,Fixed Deposit,2023-06-30 06:09:13.475403309,37740.34,ZAR,1
ACC205015,CUST100828,Savings,2019-11-01 11:17:42.344183922,-24026.51,ZAR,1
ACC205016,CUST104840,Current,2023-05-15 02:55:58.283634663,41333.59,ZAR,1
ACC205017,CUST100343,Fixed Deposit,2018-01-07 15:48:58.166569710,77403.79,ZAR,1
ACC205018,CUST102625,Business,2018-07-14 03:52:54.308591366,-3787.09,ZAR,0
ACC205019,CUST102426,Current,2015-02-19 18:49:09.363345623,79464.98,ZAR,1
ACC205020,CUST103903,Current,2020-08-24 08:55:28.960326672,35275.98,ZAR,1
ACC205021,CUST104105,Credit Card,2017-03-07 15:50:44.437473774,33067.33,ZAR,1
ACC205022,CUST102365,Current,2021-12-21 16:09:47.690353394,72935.67,zar,1
ACC205023,CUST103158,Current,2026-03-08 17:31:15.192006826,33148.5,ZAR,1
ACC205024,CUST104079,Savings,2026-07-30 12:29:27.082686186,40611.54,ZAR,1
ACC205025,CUST104048,Savings,2019-05-03 17:33:24.871498346,28691.76,ZAR,1
ACC205026,CUST104402,Savings,2023-07-01 05:40:53.881901741,-45151.7,ZAR,1
ACC205027,CUST103536,Current,2026-02-15 18:59:34.778798819,41460.84,ZAR,1
ACC205028,CUST101908,Credit Card,2021-01-23 01:46:47.150266409,35086.4,ZAR,1
ACC205029,CUST102795,Savings,2018-11-13 12:38:57.350854158,9798.68,ZAR,1
ACC205030,CUST103613,Savings,2016-10-20 23:28:45.190969944,-76981.74,ZAR,1
ACC205031,CUST101482,Current,2017-01-14 17:57:41.678498268,49883.02,ZAR,1
ACC205032,CUST104993,Savings,2024-11-21 19:14:24.553331375,-9414.14,ZAR,1
ACC205033,CUST102218,Fixed Deposit,2017-12-31 13:16:29.548114777,-20070.24,ZAR,1
ACC205034,CUST103785,Savings,2018-02-18 21:56:00.029496908,-23874.79,ZAR,1
ACC205035,CUST102530,Credit Card,2023-08-25 08:58:29.791226387,-53361.01,ZAR,1
ACC205036,CUST104784,Savings,2024-09-09 16:37:40.028460979,43468.41,zar,1
ACC205037,CUST103338,Business,2017-05-31 17:02:19.761886835,,ZAR,0
ACC205038,CUST103683,Current,2022-12-22 21:33:52.136269808,1804.14,ZAR,1
ACC205039,CUST103872,Business,2020-03-04 02:16:15.094864607,57840.35,ZAR,1
ACC205040,CUST101649,Current,2018-03-16 14:55:20.884170294,21255.51,ZAR,1
ACC205041,CUST101745,Credit Card,2021-01-09 14:15:17.731019258,36029.66,ZAR,1
ACC205042,CUST104135,Savings,2024-01-02 18:45:51.410097599,22335.49,ZAR,1
ACC205043,CUST102310,Current,2016-02-25 20:22:29.649039030,56292.5,ZAR,1
ACC205044,CUST103331,Savings,2015-10-28 20:31:51.857911348,-23326.39,ZAR,1
ACC205045,CUST102589,Credit Card,2025-07-23 15:10:57.846831322,28982.33,ZAR,0
ACC205046,CUST100165,Current,2026-02-27 04:56:49.033011912,70392.65,ZAR,1
ACC205047,CUST102355,Current,2021-02-13 19:42:26.591923475,53046.55,ZAR,1
ACC205048,CUST100862,Savings,2016-08-30 11:45:52.132556200,38053.78,ZAR,1
ACC205049,CUST100434,Savings,2015-11-29 07:14:18.059203386,28900.6,ZAR,1
ACC205050,CUST101306,Current,2016-10-21 20:50:39.875878096,10565.07,ZAR,1
ACC205051,CUST101463,Current,2018-04-10 12:24:09.067101955,10890.6,ZAR,1
ACC205052,CUST103717,Current,2022-12-02 17:12:10.948701859,-37132.29,ZAR,1
ACC205053,CUST101260,Business,2016-04-11 08:02:40.683228493,45127.21,ZAR,1
ACC205054,CUST103985,Savings,2016-08-02 05:58:05.059188128,79593.12,ZAR,1
ACC205055,CUST101051,Current,2023-04-05 03:05:27.500220537,36761.6,ZAR,1
ACC205056,CUST104134,Savings,2017-12-24 19:48:22.616828680,25664.91,ZAR,1
ACC205057,CUST102630,Current,2017-07-02 22:01:08.250003338,48963.1,ZAR,1
ACC205058,CUST100336,Current,2021-09-30 14:15:45.462713003,-59738.43,ZAR,1
ACC205059,CUST100552,Credit Card,2015-11-30 06:34:58.950218678,4712.75,ZAR,0
ACC205060,CUST100360,Credit Card,2022-04-15 02:52:07.828328371,22045.98,ZAR,1
ACC205061,CUST102052,Savings,2015-03-23 07:35:42.608669519,-43270.73,ZAR,1
ACC205062,CUST101497,Savings,2017-09-12 16:53:07.044437647,31419.63,ZAR,1
ACC205063,CUST100231,Savings,2020-03-20 14:31:17.347058773,-49030.1,zar,1
ACC205064,CUST103406,Current,2022-04-22 21:13:44.201648712,52644.91,ZAR ,1
ACC205065,CUST104265,Savings,2017-05-12 06:34:35.376315355,34034.19,ZAR,1
ACC205066,CUST104210,Current,2025-03-08 00:06:22.069191217,17365.71,ZAR,1
ACC205067,CUST100753,Current,2025-08-23 11:28:00.781700134,55457.43,ZAR,1
ACC205068,CUST104346,Current,2020-07-26 11:04:42.074381351,30881.22,zar,1
ACC205069,CUST102128,Savings,2018-02-26 07:13:15.215290785,44015.57,ZAR,1
ACC205070,CUST101037,Fixed Deposit,2016-04-12 08:20:42.474134207,36341.93,ZAR,1
ACC205071,CUST100667,Business,2025-11-14 16:15:07.049566269,-9400.22,ZAR,1
ACC205072,CUST103837,Savings,2016-07-19 00:23:16.504382609,87730.51,ZAR,1
ACC205073,CUST101281,Fixed Deposit,2018-06-17 10:58:56.795823574,74829.58,ZAR,1
ACC205074,CUST103203,Credit Card,2018-10-23 11:52:57.456514597,42148.35,ZAR,1
ACC205075,CUST102771,Savings,2018-02-09 03:39:51.631822586,31014.68,zar,1
ACC205076,CUST104633,Current,2015-01-09 16:47:27.507001638,55013.23,ZAR,1
ACC205077,CUST103579,Savings,2017-05-26 00:52:34.121533871,75406.15,ZAR,0
ACC205078,CUST103864,Credit Card,2023-09-02 04:41:53.085059643,101162.25,ZAR,0
ACC205079,CUST102462,Fixed Deposit,2017-05-18 20:25:48.192895412,3339.68,ZAR,1
ACC205080,CUST102643,Current,2023-11-07 00:50:21.002881050,66832.7,ZAR,1
ACC205081,CUST100746,Current,2019-10-26 05:12:33.732708216,21511.92,ZAR,1
ACC205082,CUST103915,Credit Card,2015-12-09 17:08:30.375185728,-39366.44,ZAR,1
ACC205083,CUST103760,Current,2024-07-30 02:56:16.258055449,58522.62,ZAR,1
ACC205084,CUST101541,Current,2022-05-10 16:36:23.833060980,83693.73,ZAR ,1
ACC205085,CUST100699,Current,2022-02-02 07:00:20.609722376,,ZAR,1
ACC205086,CUST103930,Credit Card,2016-09-27 10:33:48.463551521,18236.34,ZAR,1
ACC205087,CUST103854,Current,2022-03-21 18:30:06.592480659,40501.14,ZAR,0
ACC205088,CUST103905,Savings,2024-03-23 09:42:18.623930931,52954.16,ZAR,1
ACC205089,CUST100149,Savings,2026-07-16 15:48:14.315431595,47918.36,ZAR,0
ACC205090,CUST104276,Current,2022-10-08 15:35:29.689576387,74203.15,ZAR,1
ACC205091,CUST101799,Current,2020-01-03 02:44:06.762310266,62719.35,ZAR,1
ACC205092,CUST101211,Savings,2024-06-25 20:10:47.275200605,1846.84,ZAR,1
ACC205093,CUST102631,Savings,2015-08-02 02:39:26.180131197,26059.14,ZAR,1
ACC205094,CUST104245,Fixed Deposit,2019-11-09 13:56:25.438956261,4809.04,ZAR,1
ACC205095,CUST104074,Fixed Deposit,2023-06-25 05:06:05.603241205,31449.12,ZAR,1
ACC205096,CUST100845,Current,2019-03-01 10:30:56.680841923,-49754.21,ZAR ,1
ACC205097,CUST104882,Credit Card,2015-09-07 05:15:48.105129242,102130.12,zar,0
ACC205098,CUST103859,Current,2016-04-14 06:35:34.876274347,-6187.32,ZAR,1
ACC205099,CUST104664,Current,2016-12-08 05:03:51.863321304,4473.76,ZAR,1
ACC205100,CUST104649,Savings,2024-08-17 07:18:38.887951612,28309.93,ZAR,1
ACC205101,CUST102627,Current,2023-05-08 02:56:04.519746542,-30107.74,ZAR,0
ACC205102,CUST100178,Current,2023-11-06 03:40:39.767302036,11584.66,ZAR,1
ACC205103,CUST100361,Current,2025-07-13 11:11:41.159343958,31744.16,ZAR,1
ACC205104,CUST103130,Credit Card,2018-07-04 00:28:07.331484318,90946.15,ZAR ,1
ACC205105,CUST100455,Savings,2023-08-10 05:01:30.217273712,30683.53,ZAR,1
ACC205106,CUST103297,Savings,2019-03-23 04:04:09.489441872,8774.28,ZAR,1
ACC205107,CUST100516,Fixed Deposit,2024-02-06 10:51:24.341725111,-20025.38,ZAR,1
ACC205108,CUST104075,Savings,2023-01-22 15:10:44.718733788,110532.29,ZAR,1
ACC205109,CUST101336,Savings,2026-06-18 20:19:04.592479944,28067.71,ZAR,1
ACC205110,CUST100514,Current,2023-10-08 09:47:08.233131170,28296.8,ZAR,1
ACC205111,CUST101700,Savings,2015-01-25 23:31:09.492881536,-29859.06,ZAR,1
ACC205112,CUST104547,Credit Card,2023-02-08 04:45:05.411853313,45989.48,ZAR,1
ACC205113,CUST102759,Savings,2016-03-05 22:44:59.457416534,1477.13,ZAR,1
ACC205114,CUST104968,Business,2021-04-28 23:37:28.041844368,83866.95,ZAR,1
ACC205115,CUST101291,Savings,2016-10-27 11:17:55.422689915,43575.51,ZAR,0
ACC205116,CUST103360,Savings,2020-09-23 16:46:02.299913883,30000.25,ZAR,1
ACC205117,CUST100933,Current,2024-03-06 19:20:23.751428366,-27912.13,ZAR,1
ACC205118,CUST102149,Savings,2018-05-07 22:30:18.616409302,21072.36,ZAR,1
ACC205119,CUST101883,Savings,2016-10-07 20:40:47.145056486,16447.37,zar,1
ACC205120,CUST103175,Savings,2018-08-23 07:29:55.900367498,29918.68,ZAR,1
ACC205121,CUST103366,Savings,2017-01-04 13:18:32.630795002,-53801.56,ZAR,1
ACC205122,CUST100273,Credit Card,2017-02-15 11:12:08.001392126,-11382.67,ZAR,0
ACC205123,CUST103477,Fixed Deposit,2023-01-28 06:18:01.410300732,5164.86,ZAR,1
ACC205124,CUST103765,Current,2023-02-27 06:56:39.206787825,45008.23,ZAR,1
ACC205125,CUST101908,Current,2021-02-16 06:25:28.832821131,-52216.08,ZAR,1
ACC205126,CUST100349,Current,2017-12-02 21:31:31.739029408,80268.77,ZAR,0
ACC205127,CUST102111,Savings,2021-02-18 10:01:42.664159060,74678.69,ZAR,1
ACC205128,CUST101612,Current,2025-12-26 08:05:52.919179678,-14776.15,ZAR,1
ACC205129,CUST103962,Business,2019-06-12 00:27:30.179564953,123761.24,ZAR,1
ACC205130,CUST100696,Savings,2019-11-27 16:17:48.246490717,34533.85,ZAR,0
ACC205131,CUST101484,Savings,2020-09-21 17:34:13.281764269,20641.83,ZAR,0
ACC205132,CUST103630,Savings,2017-01-24 16:20:24.954559803,48763.62,ZAR,1
ACC205133,CUST104702,Current,2017-11-01 03:19:19.978573322,41723.82,ZAR,1
ACC205134,CUST102972,Fixed Deposit,2023-01-01 16:32:34.573908806,29688.23,ZAR,1
ACC205135,CUST100011,Savings,2016-11-14 11:04:01.504799604,-18380.97,ZAR,1
ACC205136,CUST103496,Savings,2022-01-01 01:58:01.653365135,7512.87,ZAR,1
ACC205137,CUST100156,Savings,2019-06-21 07:34:18.153807640,39291.83,ZAR,1
ACC205138,CUST100322,Credit Card,2018-07-19 13:50:54.446257114,58364.69,ZAR,1
ACC205139,CUST103338,Current,2021-05-14 10:39:10.687624454,82582.61,ZAR ,1
ACC205140,CUST101852,Savings,2017-08-12 15:35:17.265658379,6711.74,zar,1
ACC205141,CUST100135,Savings,2018-08-02 21:27:12.768388510,28169.54,ZAR ,1
ACC205142,CUST102030,Savings,2021-01-27 18:57:21.749942064,-1412.52,ZAR,1
ACC205143,CUST101896,Business,2022-08-12 08:21:31.248540878,68753.76,ZAR,1
ACC205144,CUST103011,Current,2024-09-07 18:27:18.661638498,12546.49,ZAR,1
ACC205145,CUST104719,Savings,2024-07-20 07:19:52.974558592,1483.06,ZAR,1
ACC205146,CUST100511,Fixed Deposit,2020-10-06 10:28:54.690834284,27478.27,ZAR,1
ACC205147,CUST103328,Business,2015-11-10 22:38:44.820170403,-41921.24,ZAR,0
ACC205148,CUST103236,Savings,2017-03-06 11:59:13.318704605,46641.81,ZAR,1
ACC205149,CUST104884,Savings,2015-01-02 23:35:19.322196960,12607.73,ZAR,1
ACC205150,CUST101973,Business,2017-02-24 02:05:11.944151878,135702.77,ZAR ,1
ACC205151,CUST100809,Savings,2015-05-11 00:22:02.965874195,272.03,ZAR,1
ACC205152,CUST104529,Savings,2023-04-12 07:52:16.785666704,14306.59,ZAR,1
ACC205153,CUST100250,Current,2021-04-29 05:42:35.478363514,65689.55,ZAR,1
ACC205154,CUST102249,Credit Card,2015-06-01 03:24:31.619910002,56280.05,ZAR,1
ACC205155,CUST103267,Savings,2022-02-25 15:27:48.549563885,66436.6,ZAR,1
ACC205156,CUST100510,Savings,2024-06-05 20:32:11.887988567,13810.48,ZAR,1
ACC205157,CUST101483,Credit Card,2015-05-01 16:54:08.419339895,-20879.04,ZAR,1
ACC205158,CUST100517,Credit Card,2016-06-21 10:05:53.668569088,131726.87,ZAR,1
ACC205159,CUST104227,Savings,2020-06-16 04:39:32.964577913,45653.05,ZAR,1
ACC205160,CUST101271,Savings,2015-06-28 22:57:11.257566929,34028.14,ZAR,1
ACC205161,CUST103016,Current,2015-04-01 00:03:22.471486330,57233.0,ZAR,1
ACC205162,CUST101199,Savings,2021-09-29 14:59:39.129502535,-27128.5,zar,0
ACC205163,CUST103469,Current,2021-07-07 16:52:16.632917881,6742.54,ZAR,1
ACC205164,CUST103983,Savings,2024-05-05 03:15:19.482023239,-16719.98,ZAR,1
ACC205165,CUST100201,Credit Card,2015-11-26 12:21:33.297505379,31676.48,ZAR,1
ACC205166,CUST103611,Savings,2025-05-23 03:06:49.061454296,-30124.99,ZAR,1
ACC205167,CUST103304,Savings,2015-03-20 19:34:16.080807924,51950.73,ZAR,0
ACC205168,CUST100383,Savings,2018-06-28 18:10:33.493457794,72341.47,ZAR,1
ACC205169,CUST101321,Savings,2015-07-25 21:04:15.741291761,70869.49,ZAR,1
ACC205170,CUST104257,Current,2017-10-30 05:25:41.504316807,42616.68,ZAR ,1
ACC205171,CUST102217,Current,2024-06-10 04:01:41.086022615,32689.04,ZAR,1
ACC205172,CUST100480,Credit Card,2016-06-13 08:06:33.125726461,8280.57,ZAR,1
ACC205173,CUST103209,Current,2017-05-03 22:49:47.847712278,42941.82,ZAR,1
ACC205174,CUST103928,Current,2022-01-30 02:03:24.775704861,,ZAR,1
ACC205175,CUST102166,Credit Card,2015-04-02 15:10:18.249310970,-49785.66,ZAR,1
ACC205176,CUST100558,Savings,2021-12-23 05:48:13.435380936,330.26,ZAR,1
ACC205177,CUST100652,Credit Card,2025-05-11 05:01:17.481517315,56692.19,ZAR,1
ACC205178,CUST101881,Current,2015-10-22 05:20:33.785102367,-20029.37,ZAR,1
ACC205179,CUST102421,Savings,2015-01-25 23:26:35.848368645,-20815.53,ZAR,0
ACC205180,CUST103754,Current,2019-09-14 04:08:41.446155548,17012.19,ZAR,1
ACC205181,CUST103406,Business,2024-10-31 12:36:08.097207308,-61756.27,ZAR,1
ACC205182,CUST101268,Savings,2025-10-30 20:48:37.665075064,54183.87,ZAR,1
ACC205183,CUST103449,Current,2024-04-11 22:41:58.494405270,50647.27,ZAR,1
ACC205184,CUST100566,Current,2022-07-09 16:11:36.416244030,62886.88,ZAR,1
ACC205185,CUST100921,Savings,2019-12-10 08:00:23.604453325,33849.52,ZAR,1
ACC205186,CUST103935,Savings,2024-02-20 08:40:40.293691635,-9115.34,ZAR,1
ACC205187,CUST104504,Savings,2023-10-06 19:23:47.468163490,-24202.35,ZAR,1
ACC205188,CUST103454,Savings,2017-02-15 17:32:20.614155293,47038.24,ZAR,1
ACC205189,CUST102281,Credit Card,2023-04-16 17:52:02.777688742,53617.5,ZAR,1
ACC205190,CUST104456,Savings,2024-03-06 14:32:13.212733507,-19670.66,ZAR,1
ACC205191,CUST101767,Current,2025-06-07 16:55:27.281946182,-25027.0,ZAR,1
ACC205192,CUST103207,Savings,2023-06-14 06:51:15.770953178,24238.68,ZAR,1
ACC205193,CUST103427,Savings,2023-06-26 00:26:41.220610857,30464.02,ZAR,1
ACC205194,CUST100369,Current,2025-06-10 20:05:51.995138645,62394.83,ZAR,1
ACC205195,CUST104795,Current,2017-04-01 18:43:54.683519840,51495.31,ZAR,1
ACC205196,CUST103193,Current,2021-05-15 15:33:25.302114487,21798.68,ZAR,1
ACC205197,CUST101203,Current,2025-05-07 12:03:30.833192110,66420.34,ZAR,1
ACC205198,CUST104112,Current,2022-04-25 20:57:54.050117254,11018.35,ZAR,1
ACC205199,CUST101905,Savings,2025-10-14 13:56:25.781535387,12657.86,ZAR,1
ACC205200,CUST100418,Savings,2015-08-02 07:28:46.472181320,58930.51,ZAR,1
ACC205201,CUST103378,Savings,2017-06-24 00:53:32.086894751,63302.46,ZAR,1
ACC205202,CUST100678,Current,2017-07-25 06:56:48.342035532,64349.06,ZAR,1
ACC205203,CUST102984,Savings,2015-11-29 04:24:46.723868847,17820.32,ZAR,1
ACC205204,CUST103387,Current,2022-03-19 03:01:28.943112373,27864.62,ZAR,1
ACC205205,CUST100784,Savings,2019-08-26 03:31:30.149093151,-9654.13,ZAR,1
ACC205206,CUST103956,Current,2017-10-22 15:21:42.040098429,60997.88,ZAR,1
ACC205207,CUST102285,Savings,2023-06-06 07:38:57.165490389,1347.72,ZAR,1
ACC205208,CUST101765,Business,2022-10-31 04:52:32.811728001,-54862.57,ZAR,1
ACC205209,CUST100508,Fixed Deposit,2015-06-15 21:13:23.280957460,,ZAR,0
ACC205210,CUST103676,Business,2020-02-03 02:20:55.140790939,-9231.37,ZAR,1
ACC205211,CUST100821,Current,2023-05-05 12:58:02.510659218,-83279.19,ZAR,1
ACC205212,CUST100836,Business,2016-03-13 06:06:00.733336449,2060.73,ZAR,0
ACC205213,CUST101327,Savings,2024-03-16 15:26:14.301075459,56298.28,ZAR,1
ACC205214,CUST102220,Current,2022-02-18 21:28:55.049580574,41547.52,ZAR,1
ACC205215,CUST104395,Credit Card,2023-04-26 16:35:15.662759304,41472.51,ZAR,1
ACC205216,CUST103739,Current,2017-11-25 04:44:16.294431210,82027.33,ZAR,1
ACC205217,CUST103689,Savings,2023-08-29 18:31:53.827043056,1845.91,ZAR,1
ACC205218,CUST100994,Current,2017-01-04 17:38:55.455737352,-20815.71,ZAR,1
ACC205219,CUST103240,Business,2024-12-18 05:51:40.223710775,44758.37,ZAR,1
ACC205220,CUST101744,Current,2017-05-21 08:46:51.288033485,39282.87,ZAR,1
ACC205221,CUST102369,Savings,2018-02-08 14:21:53.773536682,-25649.29,ZAR,1
ACC205222,CUST103145,Savings,2022-10-08 17:09:47.446400881,17955.63,ZAR,1
ACC205223,CUST100833,Savings,2018-11-11 21:48:13.937394619,46539.92,ZAR,1
ACC205224,CUST101729,Credit Card,2018-07-31 06:43:05.081733465,35991.89,ZAR,1
ACC205225,CUST101976,Current,2015-09-22 13:59:56.714634657,54275.08,ZAR,1
ACC205226,CUST104370,Savings,2024-07-01 01:05:10.553025007,-1887.19,ZAR,1
ACC205227,CUST104835,Fixed Deposit,2020-04-27 02:27:47.603989601,-31736.92,ZAR,1
ACC205228,CUST104783,Current,2019-07-21 14:31:09.375227928,-11532.69,ZAR,1
ACC205229,CUST102638,Credit Card,2017-11-04 14:51:49.852092505,59574.2,ZAR,1
ACC205230,CUST103211,Credit Card,2021-06-06 14:21:23.829864979,66426.44,ZAR,1
ACC205231,CUST103581,Credit Card,2021-06-25 00:39:18.177275658,18298.7,ZAR,1
ACC205232,CUST103912,Business,2015-01-10 22:50:43.489935875,85504.11,ZAR,1
ACC205233,CUST103382,Fixed Deposit,2015-12-29 02:23:39.804497242,18515.89,ZAR,0
ACC205234,CUST104533,Savings,2022-02-05 16:02:46.617136240,,ZAR,1
ACC205235,CUST101915,Savings,2018-04-16 04:46:33.247103214,-31436.94,ZAR,1
ACC205236,CUST103509,Business,2026-05-24 12:19:36.304330826,21971.89,ZAR,1
ACC205237,CUST103053,Current,2017-11-17 11:56:28.568079948,67420.07,ZAR,1
ACC205238,CUST103866,Current,2016-10-05 03:59:58.231315136,75740.55,ZAR,1
ACC205239,CUST104647,Fixed Deposit,2015-07-08 19:42:26.610422134,67770.99,ZAR,1
ACC205240,CUST100401,Current,2022-12-13 23:29:35.736270905,44979.81,ZAR,1
ACC205241,CUST104263,Savings,2018-05-14 07:34:41.202186584,88869.31,ZAR,1
ACC205242,CUST104118,Savings,2018-03-04 21:09:52.215659618,-13747.58,ZAR ,1
ACC205243,CUST104350,Fixed Deposit,2016-04-12 03:21:52.585473299,72400.66,ZAR,1
ACC205244,CUST101372,Credit Card,2015-08-10 22:59:23.779148579,36249.61,ZAR,1
ACC205245,CUST102894,Fixed Deposit,2017-09-01 10:11:53.618063211,33422.78,ZAR,0
ACC205246,CUST100354,Credit Card,2019-08-05 16:40:00.701177120,-31922.06,ZAR,1
ACC205247,CUST100304,Savings,2022-09-01 12:34:15.478840828,38653.78,ZAR,1
ACC205248,CUST102947,Savings,2016-03-04 01:30:49.012870073,71160.85,ZAR,1
ACC205249,CUST104854,Savings,2019-03-29 21:08:39.806911707,-60148.71,ZAR,1
ACC205250,CUST101133,Savings,2026-06-29 21:46:44.155009747,56821.97,ZAR,1
ACC205251,CUST103951,Credit Card,2022-11-21 03:34:23.772647858,-66403.06,ZAR,1
ACC205252,CUST100399,Savings,2026-07-28 14:11:08.022858143,-31695.45,ZAR,1
ACC205253,CUST100323,Current,2015-12-02 21:31:00.531054974,21227.91,ZAR,1
ACC205254,CUST103047,Fixed Deposit,2019-09-09 14:53:45.975949764,88308.38,ZAR,1
ACC205255,CUST101394,Credit Card,2017-08-31 20:51:45.833209276,19876.36,ZAR ,1
ACC205256,CUST100492,Savings,2025-11-26 19:24:28.515183449,43798.62,ZAR,1
ACC205257,CUST104574,Savings,2025-06-26 08:42:13.732709408,-11394.05,ZAR,1
ACC205258,CUST104436,Current,2021-08-03 22:28:24.623473406,17229.16,ZAR,1
ACC205259,CUST100071,Current,2018-07-23 03:43:46.911411762,22804.83,ZAR,1
ACC205260,CUST104846,Fixed Deposit,2021-04-23 17:49:24.911495209,90168.65,ZAR,1
ACC205261,CUST100091,Current,2025-02-01 20:19:54.890873909,-4891.68,ZAR,1
ACC205262,CUST103690,Savings,2021-08-24 10:58:42.664017439,-1367.05,ZAR,1
ACC205263,CUST103919,Current,2023-11-12 01:35:10.680222034,68073.03,ZAR ,0
ACC205264,CUST101438,Current,2022-12-19 05:51:21.602450132,15127.25,ZAR,1
ACC205265,CUST100679,Credit Card,2016-02-17 13:42:36.774128437,29526.83,ZAR,1
ACC205266,CUST102812,Savings,2023-10-11 18:59:01.868108749,42407.49,ZAR,1
ACC205267,CUST104429,Current,2017-06-01 08:03:59.392243147,-460.29,ZAR,1
ACC205268,CUST100156,Current,2025-01-30 09:58:14.967895985,-57093.26,ZAR,1
ACC205269,CUST104255,Current,2018-08-02 19:41:16.194490433,68006.28,ZAR,1
ACC205270,CUST103106,Savings,2021-07-14 19:25:21.819762945,29645.75,ZAR,1
ACC205271,CUST104933,Current,2018-04-23 16:39:09.147387981,-26079.08,ZAR,1
ACC205272,CUST101319,Credit Card,2015-02-06 01:50:07.295700073,56123.88,ZAR,0
ACC205273,CUST103223,Savings,2024-01-13 23:17:48.239520073,105369.4,ZAR,1
ACC205274,CUST102275,Savings,2023-04-12 21:20:11.042532921,72704.2,ZAR,1
ACC205275,CUST103172,Savings,2025-09-12 00:43:15.477252960,108237.63,zar,1
ACC205276,CUST100894,Savings,2021-08-18 16:41:46.729242802,-24111.04,ZAR,1
ACC205277,CUST102489,Current,2017-03-06 20:46:36.832504272,34981.61,ZAR,1
ACC205278,CUST104932,Savings,2016-12-23 15:21:27.625301600,39193.62,ZAR,1
ACC205279,CUST104220,Savings,2019-07-05 17:31:51.182002306,20329.5,ZAR,1
ACC205280,CUST101037,Business,2018-10-30 16:20:44.795719624,11890.2,ZAR,0
ACC205281,CUST100294,Current,2019-09-22 21:50:12.819808483,-93381.32,ZAR,1
ACC205282,CUST102084,Credit Card,2017-08-09 13:59:11.165981054,92699.72,ZAR,1
ACC205283,CUST101143,Credit Card,2026-06-13 23:25:18.540733337,-39671.18,ZAR,1
ACC205284,CUST101273,Savings,2015-12-29 12:58:08.163599968,61148.28,ZAR,1
ACC205285,CUST100911,Current,2023-07-24 15:36:13.564945698,25438.67,ZAR,0
ACC205286,CUST102707,Current,2021-07-29 02:12:45.621518612,23780.44,ZAR,1
ACC205287,CUST100468,Savings,2021-06-08 06:16:08.569874763,16780.77,zar,1
ACC205288,CUST104526,Savings,2022-02-07 09:48:11.321618795,32960.73,ZAR,0
ACC205289,CUST100152,Savings,2025-06-21 02:44:13.154486418,50631.15,ZAR,1
ACC205290,CUST100816,Savings,2022-10-26 21:20:43.367224693,63067.87,ZAR,1
ACC205291,CUST102809,Savings,2018-02-19 18:41:11.487288713,19963.97,zar,1
ACC205292,CUST100704,Savings,2018-02-12 21:49:08.368674994,-23219.62,ZAR,1
ACC205293,CUST102519,Current,2024-08-03 21:37:13.523325205,-24592.38,ZAR,1
ACC205294,CUST100370,Savings,2020-07-15 06:01:11.965648651,66557.27,ZAR ,0
ACC205295,CUST104349,Credit Card,2023-03-01 14:36:14.288159609,14147.4,ZAR,1
ACC205296,CUST102946,Savings,2019-05-10 02:53:38.197711229,-15991.29,ZAR,1
ACC205297,CUST101518,Current,2023-07-20 12:32:33.884057999,-4670.05,ZAR,1
ACC205298,CUST103010,Credit Card,2019-11-29 22:49:08.234845400,21244.0,ZAR,1
ACC205299,CUST102704,Current,2020-09-17 01:00:26.464632034,-26334.82,zar,1
ACC205300,CUST104106,Savings,2025-10-02 06:41:20.569561958,23754.4,ZAR,1
ACC205301,CUST103632,Savings,2020-09-24 07:17:06.246016502,75122.44,ZAR,1
ACC205302,CUST104179,Savings,2017-08-09 00:28:05.539155245,20252.37,ZAR,1
ACC205303,CUST104318,Savings,2021-02-25 22:28:09.631220818,-45702.93,ZAR,1
ACC205304,CUST100509,Current,2015-02-06 03:14:39.450868368,59711.18,zar,1
ACC205305,CUST103845,Current,2018-03-25 22:10:02.623346806,69407.61,ZAR,1
ACC205306,CUST104552,Savings,2021-12-30 13:26:18.188012838,71516.73,zar,1
ACC205307,CUST100991,Business,2015-10-28 02:36:31.031685114,27359.68,ZAR,1
ACC205308,CUST104146,Fixed Deposit,2020-04-10 07:43:33.261213303,118259.13,ZAR,0
ACC205309,CUST103051,Savings,2021-12-08 03:15:18.039100170,54438.89,ZAR,1
ACC205310,CUST103236,Credit Card,2017-08-16 02:38:29.693865299,144591.92,ZAR,1
ACC205311,CUST103565,Savings,2017-07-10 09:11:25.843291998,79063.64,ZAR,1
ACC205312,CUST101735,Credit Card,2022-09-30 00:02:05.659070730,72940.49,ZAR,1
ACC205313,CUST104489,Credit Card,2026-04-13 20:25:45.539811134,93.83,ZAR,1
ACC205314,CUST103727,Savings,2018-07-24 01:41:34.470892429,-12920.09,ZAR,1
ACC205315,CUST102192,Savings,2017-05-28 15:29:27.913896561,29620.42,ZAR,1
ACC205316,CUST103103,Current,2026-05-25 09:26:18.650055885,17298.9,ZAR,1
ACC205317,CUST104770,Savings,2024-08-31 14:10:57.602364302,3496.75,ZAR,1
ACC205318,CUST101765,Current,2025-11-03 06:00:34.425556660,19794.08,ZAR ,1
ACC205319,CUST104466,Fixed Deposit,2015-07-14 23:51:01.147231340,17078.36,ZAR,0
ACC205320,CUST100066,Current,2025-10-24 03:33:46.753426790,-605.36,ZAR,1
ACC205321,CUST103968,Savings,2024-09-16 03:14:14.582933187,51287.66,ZAR,0
ACC205322,CUST102962,Current,2018-06-21 15:54:14.061343908,-5067.13,ZAR,1
ACC205323,CUST103550,Current,2022-03-25 10:46:20.311909199,23274.16,ZAR,1
ACC205324,CUST102882,Current,2016-12-29 06:03:43.553657532,-23576.03,ZAR,1
ACC205325,CUST102393,Savings,2019-11-02 21:54:32.436047792,29003.43,ZAR,1
ACC205326,CUST100772,Current,2021-12-23 08:11:48.975077629,33052.78,ZAR,1
ACC205327,CUST101214,Savings,2016-04-11 15:32:25.098430872,-13453.15,ZAR,1
ACC205328,CUST104531,Current,2026-03-12 05:59:30.948503971,27818.86,ZAR,0
ACC205329,CUST102033,Current,2025-10-05 08:09:32.663984776,21087.22,ZAR,1
ACC205330,CUST100796,Credit Card,2025-01-16 23:29:58.630295038,6569.53,ZAR,1
ACC205331,CUST100643,Fixed Deposit,2016-06-27 18:56:54.226166487,6947.32,ZAR,1
ACC205332,CUST101435,Credit Card,2022-10-01 13:02:34.182276726,42911.79,zar,1
ACC205333,CUST103658,Credit Card,2025-04-24 12:25:17.935748577,26133.46,ZAR,1
ACC205334,CUST101859,Savings,2016-08-05 03:39:03.090660810,63305.7,ZAR,1
ACC205335,CUST102151,Credit Card,2022-07-01 01:39:27.702919006,-16454.59,ZAR,1
ACC205336,CUST103414,Credit Card,2017-05-13 16:25:26.317933321,17497.53,ZAR,1
ACC205337,CUST103026,Credit Card,2022-12-28 01:33:24.903041601,423.62,ZAR ,1
ACC205338,CUST100408,Credit Card,2022-07-02 00:22:15.169610023,27418.65,ZAR,1
ACC205339,CUST101956,Savings,2025-02-03 21:50:55.636705160,35767.03,ZAR,1
ACC205340,CUST103511,Savings,2020-08-16 14:13:11.817214727,-22276.49,ZAR,1
ACC205341,CUST103546,Credit Card,2023-10-15 23:58:01.109425545,48720.65,ZAR,1
ACC205342,CUST102072,Savings,2017-03-22 10:06:09.214710474,111511.65,ZAR,1
ACC205343,CUST101072,Savings,2022-06-11 07:27:38.328324318,31824.81,ZAR,0
ACC205344,CUST100914,Business,2025-02-26 00:32:04.774729729,-9712.53,ZAR,1
ACC205345,CUST100450,Business,2023-05-17 06:08:59.799311161,13320.38,ZAR,1
ACC205346,CUST100560,Savings,2025-03-05 10:21:33.237473488,12033.13,ZAR,1
ACC205347,CUST104849,Savings,2022-04-17 23:53:44.861494064,-1691.37,ZAR,1
ACC205348,CUST102061,Savings,2021-05-21 11:08:16.259824991,53908.93,ZAR,1
ACC205349,CUST101602,Savings,2025-08-06 15:13:26.006628036,-47926.04,ZAR,1
ACC205350,CUST102229,Savings,2018-09-29 23:56:06.631076813,35898.95,ZAR,1
ACC205351,CUST102587,Savings,2023-09-01 13:01:40.449911833,76619.16,ZAR,0
ACC205352,CUST100686,Credit Card,2023-01-10 14:24:00.075349569,74040.05,ZAR,1
ACC205353,CUST104521,Savings,2024-06-06 07:26:03.606735706,65980.26,ZAR,1
ACC205354,CUST102412,Savings,2020-10-05 23:26:56.536101340,-1404.29,ZAR,1
ACC205355,CUST102812,Current,2020-09-18 22:41:52.295095682,83301.8,ZAR,1
ACC205356,CUST102512,Savings,2015-05-25 14:38:20.860443830,39665.02,ZAR,0
ACC205357,CUST104687,Fixed Deposit,2025-10-14 19:44:15.701240063,81930.56,ZAR,1
ACC205358,CUST104905,Savings,2019-06-27 08:00:00.001578569,68262.47,ZAR,1
ACC205359,CUST100629,Savings,2021-05-24 01:09:24.192186356,37575.8,ZAR,1
ACC205360,CUST103566,Savings,2017-04-18 11:29:55.878046751,15211.09,ZAR,1
ACC205361,CUST100815,Savings,2022-02-19 13:37:54.607468843,119564.29,ZAR,1
ACC205362,CUST100060,Savings,2019-01-04 01:29:17.189552546,-46195.01,ZAR,1
ACC205363,CUST102760,Fixed Deposit,2021-10-10 18:47:00.840384483,18061.5,ZAR,1
ACC205364,CUST102384,Fixed Deposit,2023-07-08 11:29:29.153704882,-31216.33,ZAR,1
ACC205365,CUST102460,Fixed Deposit,2022-01-24 06:11:31.066672564,29679.69,ZAR,1
ACC205366,CUST100107,Current,2015-05-10 13:24:02.298875093,39268.56,ZAR,1
ACC205367,CUST103218,Savings,2024-05-02 17:10:16.401859283,-717.16,ZAR,1
ACC205368,CUST102556,Business,2021-06-30 11:16:22.951450586,2291.28,ZAR,1
ACC205369,CUST100290,Credit Card,2017-10-05 10:03:34.810004711,-27824.41,ZAR,1
ACC205370,CUST101689,Current,2018-10-01 02:19:58.356297970,43076.49,ZAR,1
ACC205371,CUST100675,Credit Card,2024-05-23 16:42:10.967234135,6346.78,ZAR,1
ACC205372,CUST104517,Current,2025-11-04 11:31:34.831508398,41896.52,ZAR,1
ACC205373,CUST103711,Current,2024-06-02 22:53:03.589174509,4049.22,ZAR,0
ACC205374,CUST102466,Credit Card,2025-04-06 20:36:40.877213955,34886.74,ZAR,1
ACC205375,CUST100435,Fixed Deposit,2020-09-03 04:18:08.162833691,54583.04,ZAR,1
ACC205376,CUST104249,Credit Card,2019-10-29 21:40:21.453720331,44140.04,ZAR,1
ACC205377,CUST101774,Fixed Deposit,2024-06-25 15:30:14.423225403,33425.96,ZAR,1
ACC205378,CUST102919,Current,2019-07-28 00:59:38.648591518,,ZAR,1
ACC205379,CUST103600,Savings,2023-03-05 18:37:07.442535877,44087.35,ZAR,0
ACC205380,CUST101982,Current,2022-02-06 04:31:07.712692261,891.83,ZAR ,1
ACC205381,CUST104861,Current,2016-10-08 16:29:00.268269062,17177.04,ZAR,1
ACC205382,CUST101148,Savings,2018-07-29 16:07:05.601446152,38863.51,ZAR,1
ACC205383,CUST101716,Current,2017-06-17 17:53:59.699552774,86488.07,ZAR,1
ACC205384,CUST100915,Current,2016-06-14 18:24:00.162803173,520.7,ZAR,0
ACC205385,CUST101717,Savings,2019-11-13 08:33:04.254359961,-10408.35,ZAR,1
ACC205386,CUST103972,Credit Card,2017-04-19 06:53:39.210755587,36408.4,ZAR,1
ACC205387,CUST102357,Fixed Deposit,2015-10-30 06:16:01.891377687,73285.02,ZAR,0
ACC205388,CUST104414,Savings,2017-05-25 10:09:34.843608856,57470.75,ZAR,1
ACC205389,CUST104452,Credit Card,2022-03-02 21:44:18.865422964,25874.14,ZAR,1
ACC205390,CUST101620,Savings,2024-05-12 15:45:05.139765739,74025.25,ZAR,1
ACC205391,CUST103975,Current,2020-05-12 03:43:17.386103630,-47406.11,zar,1
ACC205392,CUST102473,Credit Card,2022-01-21 11:53:36.482931614,65457.66,ZAR,1
ACC205393,CUST102117,Fixed Deposit,2022-07-14 10:20:03.614308357,12432.52,ZAR,1
ACC205394,CUST101437,Savings,2022-07-18 14:42:46.233403444,50199.53,ZAR,1
ACC205395,CUST100332,Credit Card,2026-06-06 09:56:38.330887794,65319.23,ZAR,1
ACC205396,CUST102276,Fixed Deposit,2022-01-19 22:33:28.921986103,32748.56,ZAR,0
ACC205397,CUST103341,Savings,2021-04-29 14:01:09.507638216,27805.63,ZAR,0
ACC205398,CUST104347,Savings,2025-01-14 07:01:20.651487827,9340.23,ZAR ,1
ACC205399,CUST102059,Credit Card,2022-03-11 14:34:45.800456524,92660.0,ZAR,1
ACC205400,CUST100689,Savings,2020-04-21 22:23:05.252838850,38778.94,ZAR,1
ACC205401,CUST102343,Current,2023-08-07 10:14:16.171931505,33893.72,ZAR,1
ACC205402,CUST101457,Current,2017-08-06 12:16:32.125961781,85377.71,ZAR,1
ACC205403,CUST104594,Current,2022-10-15 21:15:30.516364574,4899.71,zar,1
ACC205404,CUST103476,Current,2023-11-20 08:40:10.301471710,15009.01,ZAR,1
ACC205405,CUST104527,Savings,2022-05-25 03:01:21.161257744,62497.21,zar,0
ACC205406,CUST101553,Savings,2017-03-05 02:59:53.709943533,95974.21,ZAR,1
ACC205407,CUST102226,Fixed Deposit,2020-12-18 11:09:58.684041739,26781.33,ZAR,1
ACC205408,CUST100405,Current,2024-05-19 01:21:08.634708166,40463.37,ZAR,0
ACC205409,CUST100675,Current,2019-08-31 14:18:23.426935196,-38537.1,zar,1
ACC205410,CUST101872,Credit Card,2025-09-29 11:18:19.632064819,76288.52,ZAR,1
ACC205411,CUST101984,Savings,2015-07-23 16:33:22.150535345,-18326.41,ZAR,1
ACC205412,CUST103381,Savings,2022-09-14 05:14:30.457323313,3422.63,ZAR,1
ACC205413,CUST101076,Current,2017-09-12 00:05:54.297789574,32536.14,ZAR,1
ACC205414,CUST104920,Savings,2022-07-07 01:53:18.482682943,-961.37,ZAR,1
ACC205415,CUST103901,Savings,2025-12-29 17:27:55.733788490,-52580.84,ZAR,1
ACC205416,CUST104460,Credit Card,2021-08-29 04:04:19.613508701,-24428.33,ZAR,1
ACC205417,CUST101533,Fixed Deposit,2020-01-23 03:10:27.228442430,28937.79,ZAR,1
ACC205418,CUST102809,Savings,2024-12-11 02:35:50.491161346,84851.29,ZAR,1
ACC205419,CUST102588,Savings,2020-05-15 01:04:36.784619331,81632.06,ZAR ,1
ACC205420,CUST103886,Current,2021-07-14 18:03:35.050094843,40280.83,ZAR,0
ACC205421,CUST104240,Credit Card,2018-07-22 22:35:22.696136475,31268.82,ZAR,1
ACC205422,CUST102856,Savings,2021-05-12 16:49:37.921761274,56905.96,ZAR,1
ACC205423,CUST104872,Credit Card,2023-04-16 20:37:28.022972345,78026.55,ZAR,1
ACC205424,CUST102469,Business,2020-11-24 07:31:10.951860666,29682.42,ZAR,1
ACC205425,CUST101372,Savings,2017-06-10 20:45:57.310086250,31056.69,ZAR,1
ACC205426,CUST100853,Savings,2015-03-25 02:20:38.417565823,33141.95,ZAR,1
ACC205427,CUST101886,Credit Card,2017-07-11 02:22:20.077763557,65384.19,ZAR,1
ACC205428,CUST101460,Savings,2024-11-05 14:14:01.253949641,-29739.14,ZAR,1
ACC205429,CUST101001,Savings,2026-02-09 14:19:07.160104275,25655.5,ZAR,1
ACC205430,CUST102260,Credit Card,2021-07-07 01:16:42.515805721,41024.01,ZAR,1
ACC205431,CUST101307,Current,2024-08-07 23:29:40.988789082,-50730.73,ZAR,1
ACC205432,CUST104928,Current,2015-07-18 17:28:35.289588928,61685.56,ZAR,1
ACC205433,CUST101523,Current,2024-11-19 16:29:31.537060738,68047.31,ZAR,1
ACC205434,CUST103042,Current,2018-04-29 20:33:09.286483288,-52844.34,ZAR,1
ACC205435,CUST103761,Credit Card,2017-01-12 04:14:08.743834734,8465.66,ZAR,1
ACC205436,CUST104724,Fixed Deposit,2018-03-18 01:28:58.274077892,9796.82,ZAR,1
ACC205437,CUST103434,Credit Card,2020-10-07 14:49:44.580113411,-10554.07,ZAR,1
ACC205438,CUST101293,Current,2021-10-21 08:32:09.671906710,-5038.08,ZAR,1
ACC205439,CUST102780,Credit Card,2015-01-30 10:38:23.186257601,4103.53,ZAR,1
ACC205440,CUST100344,Credit Card,2018-12-21 21:55:03.837273598,49397.74,ZAR ,1
ACC205441,CUST101351,Current,2023-02-27 21:27:29.938780785,74897.3,ZAR,1
ACC205442,CUST104891,Savings,2023-09-09 19:35:57.193496704,47072.84,ZAR,0
ACC205443,CUST100024,Current,2017-09-18 10:30:00.119707823,-11554.37,ZAR,1
ACC205444,CUST101648,Current,2017-11-08 14:04:29.456901073,56641.27,ZAR ,1
ACC205445,CUST100267,Savings,2022-11-14 23:43:24.279787540,49159.9,ZAR,1
ACC205446,CUST102676,Savings,2022-01-22 12:03:03.576409578,-92324.71,zar,0
ACC205447,CUST103755,Savings,2020-10-04 00:25:03.063390255,74596.22,ZAR,1
ACC205448,CUST100355,Savings,2021-04-30 20:15:44.279706240,30341.15,ZAR,1
ACC205449,CUST100643,Current,2020-10-13 16:41:14.369647980,31826.32,ZAR,1
ACC205450,CUST104301,Current,2019-09-19 12:23:57.199371338,-44716.42,ZAR,1
ACC205451,CUST101394,Current,2024-02-15 17:00:30.125423431,89556.7,ZAR,1
ACC205452,CUST100003,Credit Card,2025-04-16 17:09:22.380476475,38478.53,ZAR,1
ACC205453,CUST100490,Current,2022-05-30 12:54:04.795551300,56004.48,ZAR,1
ACC205454,CUST104530,Credit Card,2018-02-15 00:23:34.002763987,-27951.56,ZAR,1
ACC205455,CUST104616,Credit Card,2026-04-14 19:46:55.971189022,45471.09,ZAR,1
ACC205456,CUST100826,Credit Card,2016-01-09 04:24:56.920847654,46268.3,ZAR,1
ACC205457,CUST101401,Credit Card,2026-01-10 05:06:43.344013453,18777.54,ZAR,0
ACC205458,CUST100917,Savings,2021-06-09 20:45:03.070074558,-26726.98,ZAR,1
ACC205459,CUST102459,Current,2023-03-23 23:21:39.687604666,22542.03,ZAR,1
ACC205460,CUST104128,Credit Card,2019-11-27 14:29:44.376708508,-13202.41,ZAR,0
ACC205461,CUST103797,Savings,2019-02-19 11:32:24.126569986,-2928.74,ZAR,1
ACC205462,CUST101931,Savings,2017-08-02 13:44:24.892010689,71401.36,ZAR ,1
ACC205463,CUST103476,Current,2016-04-19 18:39:23.130288362,28469.88,ZAR,1
ACC205464,CUST101280,Current,2018-08-16 00:50:27.058664799,,zar,1
ACC205465,CUST104545,Fixed Deposit,2017-12-12 14:21:55.838874340,-22018.01,ZAR,1
ACC205466,CUST102982,Credit Card,2021-03-07 13:24:34.060898304,23167.98,ZAR,1
ACC205467,CUST104585,Savings,2024-12-05 02:33:04.937400103,18992.68,ZAR,1
ACC205468,CUST101272,Current,2015-12-20 14:40:14.376978874,-14265.47,ZAR,1
ACC205469,CUST104750,Credit Card,2023-08-26 17:46:08.426413774,68400.16,ZAR,1
ACC205470,CUST101432,Current,2018-02-05 17:46:40.325901031,66485.14,ZAR,1
ACC205471,CUST103421,Current,2022-06-04 19:02:46.855628014,-5979.77,ZAR ,1
ACC205472,CUST100227,Savings,2022-04-07 07:34:25.310039997,40833.2,ZAR,1
ACC205473,CUST101152,Fixed Deposit,2023-07-17 15:24:59.188514709,-49108.81,ZAR,1
ACC205474,CUST102697,Current,2015-03-06 10:53:19.106020212,37729.58,ZAR,1
ACC205475,CUST102522,Savings,2015-01-06 19:54:49.059863329,56253.79,ZAR,1
ACC205476,CUST100647,Savings,2016-12-14 17:58:39.054760218,-19911.1,ZAR,1
ACC205477,CUST100049,Credit Card,2026-05-10 00:14:20.032072544,25600.76,ZAR,1
ACC205478,CUST104185,Current,2018-12-16 06:47:39.549063683,30104.28,ZAR,0
ACC205479,CUST101222,Savings,2022-03-29 19:41:37.491750717,140565.07,ZAR,1
ACC205480,CUST103755,Current,2018-07-26 20:55:45.814459801,128232.46,ZAR,1
ACC205481,CUST100866,Fixed Deposit,2020-08-25 12:08:42.577162504,37876.76,ZAR ,0
ACC205482,CUST101427,Current,2020-01-27 07:18:08.322596073,-1547.73,ZAR,1
ACC205483,CUST100083,Savings,2017-03-06 11:30:13.225597382,34778.33,ZAR,1
ACC205484,CUST102668,Savings,2019-02-24 07:14:01.142829895,,ZAR,0
ACC205485,CUST102584,Savings,2017-03-17 10:00:24.852432251,-41958.54,ZAR,1
ACC205486,CUST102886,Fixed Deposit,2018-03-29 00:47:03.488165140,-58657.55,zar,1
ACC205487,CUST103742,Savings,2019-11-01 02:51:21.531470059,-20838.59,ZAR,1
ACC205488,CUST103332,Savings,2024-03-19 03:35:45.830378532,55493.82,ZAR,1
ACC205489,CUST101012,Savings,2017-04-10 20:49:26.848138809,57825.51,ZAR,1
ACC205490,CUST102094,Savings,2017-04-07 23:46:52.602562428,42691.78,zar,0
ACC205491,CUST100381,Current,2017-11-12 07:58:53.171087980,69430.22,zar,1
ACC205492,CUST103262,Fixed Deposit,2024-02-21 21:48:54.397176743,17736.58,ZAR,1
ACC205493,CUST101981,Savings,2017-11-12 03:08:34.774123192,14161.93,ZAR,1
ACC205494,CUST100846,Savings,2024-06-28 06:52:39.367018700,40403.93,ZAR,1
ACC205495,CUST104389,Current,2018-09-26 20:46:13.027388096,93451.45,ZAR,1
ACC205496,CUST102355,Fixed Deposit,2018-07-05 08:22:08.025806665,41445.81,ZAR,1
ACC205497,CUST100262,Fixed Deposit,2019-05-20 02:42:47.166022539,21170.13,ZAR,1
ACC205498,CUST100470,Business,2020-03-10 13:46:00.489091635,41113.34,ZAR,1
ACC205499,CUST101457,Savings,2019-11-11 15:57:58.278584480,,zar,0
ACC205500,CUST104705,Credit Card,2019-07-27 04:28:49.304354429,10607.21,ZAR,1
ACC205501,CUST100491,Current,2026-07-22 13:35:23.655194283,7082.93,ZAR,0
ACC205502,CUST102007,Savings,2023-01-10 21:22:05.192460775,6038.52,ZAR,1
ACC205503,CUST101987,Current,2025-03-18 06:11:13.345144749,57610.85,ZAR,0
ACC205504,CUST103087,Current,2025-05-08 01:06:22.473083258,-6170.1,ZAR,1
ACC205505,CUST102995,Current,2019-12-11 22:39:09.439487696,50626.53,ZAR,1
ACC205506,CUST102449,Savings,2023-12-24 02:54:19.988438129,-33844.12,ZAR,0
ACC205507,CUST104033,Savings,2020-06-14 07:25:59.069548607,14612.09,ZAR,1
ACC205508,CUST100134,Current,2021-11-20 12:12:02.836508274,22669.75,ZAR,1
ACC205509,CUST101966,Savings,2023-07-04 23:12:08.395787716,96515.05,ZAR,1
ACC205510,CUST100313,Savings,2021-09-27 01:05:54.327309132,63811.94,zar,1
ACC205511,CUST101504,Current,2020-11-15 15:26:58.637974501,10762.13,ZAR,1
ACC205512,CUST101322,Savings,2015-02-20 02:04:20.998223066,4256.42,ZAR,1
ACC205513,CUST104418,Savings,2026-03-26 02:30:04.945978880,-1968.27,ZAR,1
ACC205514,CUST103374,Savings,2015-06-10 16:07:37.114847183,-19889.05,ZAR,0
ACC205515,CUST101198,Savings,2016-05-23 20:23:50.979452133,89629.16,ZAR,1
ACC205516,CUST103207,Savings,2015-06-29 15:53:05.574295282,-5242.42,zar,1
ACC205517,CUST104161,Credit Card,2022-04-02 20:06:55.944971085,93834.2,ZAR,1
ACC205518,CUST100939,Credit Card,2018-07-04 03:18:45.060855389,28971.3,ZAR,1
ACC205519,CUST102822,Savings,2025-05-08 16:00:47.785027027,21700.45,ZAR,1
ACC205520,CUST102443,Current,2021-11-12 02:34:54.167624474,28903.74,ZAR,1
ACC205521,CUST104570,Savings,2024-01-19 20:37:32.118931770,73399.41,ZAR,0
ACC205522,CUST101835,Savings,2016-09-06 06:33:47.673877239,-9176.13,ZAR,1
ACC205523,CUST103392,Credit Card,2019-10-03 22:43:50.464392185,45327.7,ZAR,1
ACC205524,CUST102842,Business,2022-03-26 09:43:08.475785494,,ZAR,0
ACC205525,CUST101614,Savings,2017-03-05 07:26:28.018244743,41131.82,ZAR,0
ACC205526,CUST101673,Credit Card,2019-06-04 21:43:43.675383329,16821.84,ZAR,1
ACC205527,CUST104309,Savings,2023-09-27 08:40:08.396266222,10560.81,ZAR,1
ACC205528,CUST104480,Credit Card,2022-11-25 15:56:52.400078535,46009.81,ZAR,0
ACC205529,CUST101301,Current,2025-06-12 01:09:19.146824360,-30223.09,ZAR,1
ACC205530,CUST102362,Current,2021-06-19 03:57:05.506982088,80757.26,ZAR,1
ACC205531,CUST100713,Credit Card,2017-05-25 00:10:13.332587719,29318.13,ZAR,1
ACC205532,CUST102132,Current,2025-03-06 01:19:58.472692728,3020.75,ZAR,1
ACC205533,CUST104337,Business,2026-02-21 08:45:05.918200016,,ZAR,1
ACC205534,CUST103516,Savings,2020-08-16 02:59:53.683662653,-2780.22,ZAR,1
ACC205535,CUST102428,Business,2015-12-24 07:35:24.505019903,28153.7,zar,1
ACC205536,CUST103903,Credit Card,2017-12-05 18:38:42.028414488,28400.83,ZAR,1
ACC205537,CUST102763,Current,2023-09-17 14:54:51.881594896,75326.12,zar,1
ACC205538,CUST102187,Current,2015-01-01 23:17:47.557152033,36153.72,ZAR,1
ACC205539,CUST100084,Fixed Deposit,2018-05-31 20:26:58.785870314,-19783.88,ZAR,1
ACC205540,CUST100544,Current,2019-04-10 19:56:00.045135498,48247.95,ZAR,1
ACC205541,CUST102693,Savings,2024-02-17 22:10:21.759700060,53840.54,ZAR,1
ACC205542,CUST100425,Savings,2020-01-23 16:59:21.919198990,-39490.14,ZAR,1
ACC205543,CUST100057,Savings,2021-02-01 01:47:53.296007156,-22527.52,ZAR ,1
ACC205544,CUST101634,Savings,2022-10-11 20:39:20.421876907,105393.16,ZAR,1
ACC205545,CUST102780,Savings,2024-02-03 05:47:22.451111317,11732.11,ZAR,1
ACC205546,CUST103662,Current,2018-12-01 03:17:42.599960804,12671.69,ZAR,1
ACC205547,CUST104828,Savings,2016-12-27 20:37:43.966348410,23601.92,ZAR,1
ACC205548,CUST103268,Savings,2017-02-08 18:26:23.159173965,-633.02,ZAR,0
ACC205549,CUST104875,Savings,2016-11-08 10:16:43.611869097,-45901.33,ZAR,1
ACC205550,CUST101438,Savings,2016-04-29 02:17:58.336575985,-19889.79,ZAR,1
ACC205551,CUST103288,Current,2020-02-08 23:41:46.760165453,-558.19,ZAR,1
ACC205552,CUST100021,Current,2017-02-13 13:59:40.588564157,4881.08,ZAR,1
ACC205553,CUST100679,Fixed Deposit,2024-01-24 00:57:15.084271431,-5776.14,ZAR,1
ACC205554,CUST103213,Current,2015-01-01 05:49:13.630652905,-34676.07,ZAR,1
ACC205555,CUST101579,Credit Card,2026-01-16 09:38:15.640059948,2858.49,ZAR,1
ACC205556,CUST102822,Savings,2015-02-25 22:09:35.382119179,69610.39,ZAR,1
ACC205557,CUST104714,Credit Card,2018-10-08 03:51:48.968812943,-1877.04,ZAR,1
ACC205558,CUST103862,Credit Card,2023-09-25 15:58:40.380383253,17707.73,ZAR,1
ACC205559,CUST101759,Business,2025-02-05 19:51:19.008907318,82753.93,ZAR,1
ACC205560,CUST103430,Current,2016-01-04 22:53:56.287812233,-2495.76,ZAR,1
ACC205561,CUST104617,Fixed Deposit,2024-04-11 13:49:22.903703451,147284.39,ZAR,1
ACC205562,CUST101234,Fixed Deposit,2023-09-14 21:24:24.027416468,60678.39,ZAR,1
ACC205563,CUST102774,Fixed Deposit,2020-04-29 06:10:51.333021641,28090.47,ZAR,1
ACC205564,CUST103664,Current,2022-04-05 19:43:15.631669521,15077.66,ZAR,1
ACC205565,CUST103295,Savings,2019-04-03 01:40:06.686071157,78683.55,ZAR,1
ACC205566,CUST102431,Current,2018-08-12 00:49:42.690818310,-2727.69,ZAR,1
ACC205567,CUST102165,Fixed Deposit,2015-05-20 18:16:48.999738216,7692.3,ZAR,1
ACC205568,CUST102873,Business,2015-01-29 21:56:56.553305626,89291.01,ZAR,1
ACC205569,CUST102482,Fixed Deposit,2021-02-03 15:38:33.949720144,9979.53,ZAR,1
ACC205570,CUST101784,Current,2015-02-19 00:24:03.742728710,6332.48,ZAR,1
ACC205571,CUST104372,Credit Card,2016-06-03 14:53:39.694491863,-1496.39,ZAR,1
ACC205572,CUST103952,Current,2016-02-13 06:55:40.191161156,-52294.9,ZAR,0
ACC205573,CUST103205,Current,2022-05-01 22:55:14.663004160,65593.28,ZAR,1
ACC205574,CUST100980,Current,2022-09-30 15:44:31.253385782,23280.46,zar,1
ACC205575,CUST102571,Savings,2023-09-26 17:54:52.060641766,67786.26,ZAR ,1
ACC205576,CUST101022,Current,2026-04-09 14:23:54.551470518,18244.32,ZAR,1
ACC205577,CUST100813,Savings,2026-05-07 22:02:21.789869070,8116.66,ZAR,1
ACC205578,CUST101187,Current,2017-05-28 01:21:13.140184402,-1536.98,ZAR,1
ACC205579,CUST100787,Current,2019-01-27 18:39:11.732780457,52358.94,ZAR,1
ACC205580,CUST103947,Savings,2021-07-03 03:47:05.777889013,-7168.19,ZAR,1
ACC205581,CUST102570,Current,2015-07-06 22:34:31.677632093,40380.11,ZAR,1
ACC205582,CUST103640,Savings,2017-03-24 23:13:09.597621441,26524.83,ZAR,1
ACC205583,CUST104882,Savings,2024-11-19 15:15:10.243206024,-16704.82,ZAR,1
ACC205584,CUST101347,Savings,2019-09-23 11:35:34.754376888,7069.34,ZAR,1
ACC205585,CUST100975,Savings,2020-08-11 22:40:54.363828182,25402.59,ZAR,1
ACC205586,CUST100719,Credit Card,2023-07-13 12:39:59.880464315,12580.35,ZAR ,1
ACC205587,CUST100092,Credit Card,2024-05-13 22:55:43.773086786,100810.81,ZAR,1
ACC205588,CUST100140,Current,2025-01-06 13:18:20.178367615,34400.47,ZAR,0
ACC205589,CUST102975,Credit Card,2025-05-13 07:36:16.559290409,17156.2,ZAR,1
ACC205590,CUST103419,Current,2018-05-30 20:58:47.665388346,10475.55,ZAR,1
ACC205591,CUST101462,Credit Card,2022-07-08 11:29:22.661385536,15830.16,ZAR,1
ACC205592,CUST102694,Current,2016-04-15 11:54:23.543644667,687.7,ZAR,1
ACC205593,CUST101034,Savings,2026-03-22 09:57:43.696732283,-7923.92,ZAR,1
ACC205594,CUST103511,Fixed Deposit,2018-02-06 02:40:20.422426462,48944.56,ZAR,1
ACC205595,CUST103554,Current,2019-07-10 07:03:54.853534460,86599.85,ZAR,1
ACC205596,CUST103541,Fixed Deposit,2025-10-11 18:48:01.682322979,6971.61,ZAR,1
ACC205597,CUST102559,Fixed Deposit,2022-04-19 12:50:33.921936274,42175.31,ZAR,1
ACC205598,CUST104223,Savings,2018-05-04 11:41:06.759527683,-1570.98,ZAR,1
ACC205599,CUST100417,Fixed Deposit,2015-12-31 21:59:04.888040781,29150.79,ZAR,1
ACC205600,CUST102079,Savings,2020-08-29 05:16:24.654371500,-27339.7,ZAR,1
ACC205601,CUST100316,Current,2021-11-03 17:48:17.444128990,-9139.82,ZAR,1
ACC205602,CUST104136,Current,2022-09-28 07:27:35.542515755,-10567.12,ZAR,0
ACC205603,CUST100368,Credit Card,2016-11-27 13:30:48.890107155,19190.97,ZAR,0
ACC205604,CUST102178,Current,2023-03-06 01:02:47.024429083,-21794.36,ZAR,1
ACC205605,CUST100929,Savings,2019-03-14 17:52:19.612266302,-64620.48,ZAR,1
ACC205606,CUST103539,Savings,2025-12-07 03:59:59.090713978,-29802.71,ZAR,1
ACC205607,CUST102011,Current,2022-07-27 02:18:05.998062849,18018.03,ZAR,1
ACC205608,CUST102755,Current,2025-08-19 10:35:58.151759863,-6701.33,ZAR,1
ACC205609,CUST104811,Savings,2015-05-08 10:48:46.636087418,1835.42,ZAR ,1
ACC205610,CUST104607,Current,2025-06-18 06:10:50.584523201,35579.12,ZAR,1
ACC205611,CUST102142,Current,2025-03-02 09:20:29.956625462,-7842.68,ZAR,0
ACC205612,CUST101850,Savings,2020-11-30 15:20:33.611428976,,ZAR,1
ACC205613,CUST101495,Savings,2026-04-23 05:03:01.562167883,110466.58,ZAR,1
ACC205614,CUST103449,Fixed Deposit,2023-09-05 04:51:00.174866199,9759.88,zar,1
ACC205615,CUST104973,Credit Card,2026-07-11 02:39:13.070177078,16779.23,ZAR,0
ACC205616,CUST102990,Current,2023-10-05 07:23:37.442142010,40218.37,ZAR,1
ACC205617,CUST102825,Current,2025-08-07 05:51:57.534397364,-7708.81,ZAR,1
ACC205618,CUST104993,Savings,2017-04-13 22:21:46.969573498,1330.36,ZAR,1
ACC205619,CUST100950,Savings,2017-04-13 06:18:22.737416983,21183.68,ZAR,1
ACC205620,CUST100386,Credit Card,2020-11-17 17:31:46.975257874,32763.54,ZAR,1
ACC205621,CUST100474,Savings,2023-06-12 19:41:16.579051971,-12218.44,ZAR,1
ACC205622,CUST102990,Savings,2018-01-25 22:38:25.578145504,47325.84,ZAR,1
ACC205623,CUST104481,Current,2019-10-30 16:17:55.024463654,86866.11,ZAR,1
ACC205624,CUST101162,Credit Card,2016-12-30 07:35:45.993163824,-51521.23,ZAR,1
ACC205625,CUST103620,Savings,2025-09-19 23:32:51.750456333,40661.41,ZAR,1
ACC205626,CUST104420,Current,2023-08-15 20:57:52.680488586,21346.26,ZAR,1
ACC205627,CUST104582,Fixed Deposit,2015-06-12 08:10:50.276281595,13116.93,zar,1
ACC205628,CUST103972,Fixed Deposit,2015-04-06 04:07:09.639020920,38050.93,ZAR,1
ACC205629,CUST101836,Current,2026-07-05 18:10:05.994703293,80170.83,ZAR ,1
ACC205630,CUST103309,Savings,2019-08-03 10:31:57.159732819,35284.56,ZAR,1
ACC205631,CUST102774,Current,2021-12-22 15:54:12.637095213,63367.15,ZAR,1
ACC205632,CUST102401,Fixed Deposit,2025-12-23 09:35:36.548649073,23440.54,ZAR,1
ACC205633,CUST103540,Current,2026-01-26 01:42:48.714259148,39603.15,ZAR,1
ACC205634,CUST103406,Business,2016-02-10 19:15:58.590687752,3244.43,ZAR,1
ACC205635,CUST104042,Current,2022-05-11 22:09:04.456973553,26515.82,ZAR,1
ACC205636,CUST102771,Savings,2026-07-01 15:52:51.458387613,14121.71,ZAR,1
ACC205637,CUST103292,Current,2017-01-29 22:31:07.673458576,29272.68,ZAR,1
ACC205638,CUST101436,Fixed Deposit,2022-09-04 17:58:00.188489914,-41209.15,ZAR,1
ACC205639,CUST102366,Savings,2023-12-19 00:47:49.303249836,-19604.44,zar,1
ACC205640,CUST104097,Current,2015-11-16 15:16:34.991109848,72524.71,ZAR,0
ACC205641,CUST103858,Savings,2019-06-26 02:34:45.996565104,80762.97,ZAR,1
ACC205642,CUST102562,Current,2017-05-18 09:07:27.765827417,-44258.51,ZAR,1
ACC205643,CUST102834,Current,2015-08-29 04:05:04.405205965,2319.53,ZAR,1
ACC205644,CUST101285,Current,2016-02-25 00:50:54.689108372,-4913.83,ZAR,0
ACC205645,CUST101914,Fixed Deposit,2018-12-16 17:09:14.335747480,35133.82,ZAR,1
ACC205646,CUST103321,Savings,2021-09-15 21:13:06.931508303,21649.33,ZAR,1
ACC205647,CUST100577,Credit Card,2026-01-16 19:30:53.723999262,52209.62,ZAR,1
ACC205648,CUST100093,Savings,2025-11-01 21:27:24.453764439,-29050.28,ZAR,0
ACC205649,CUST102999,Savings,2025-02-07 05:21:43.436650515,38998.0,ZAR,1
ACC205650,CUST103600,Savings,2023-12-08 04:14:44.507577658,11645.65,ZAR,1
ACC205651,CUST104903,Savings,2015-06-22 03:13:55.885132790,-4489.85,ZAR,1
ACC205652,CUST102351,Current,2019-09-12 19:43:56.355605841,42668.71,ZAR,1
ACC205653,CUST100616,Savings,2024-01-10 15:57:22.665200472,15114.08,ZAR,1
ACC205654,CUST103171,Savings,2026-03-16 11:40:55.342909813,,ZAR,1
ACC205655,CUST101539,Fixed Deposit,2020-05-09 07:08:23.570130110,78453.76,ZAR,1
ACC205656,CUST100786,Current,2023-02-14 09:30:14.570675135,27835.95,ZAR,1
ACC205657,CUST103105,Business,2026-07-12 06:18:35.497054815,102798.97,ZAR,1
ACC205658,CUST103591,Credit Card,2022-03-20 08:01:31.391652107,-68190.4,ZAR,0
ACC205659,CUST100274,Current,2024-01-08 06:18:30.812654495,24617.35,ZAR,1
ACC205660,CUST103616,Current,2026-03-11 12:14:03.261349440,-19464.1,ZAR,1
ACC205661,CUST102871,Fixed Deposit,2023-03-23 15:50:08.423509598,-12123.52,ZAR,1
ACC205662,CUST103707,Current,2016-07-11 22:37:46.808999777,-1223.21,ZAR,1
ACC205663,CUST103149,Current,2026-05-04 15:18:47.189376116,61903.2,ZAR,1
ACC205664,CUST102335,Savings,2024-04-23 18:56:07.570853710,8733.34,ZAR,1
ACC205665,CUST101670,Savings,2018-01-24 05:02:30.172181368,-20662.83,ZAR,1
ACC205666,CUST103202,Credit Card,2026-06-08 08:52:09.769783735,51388.96,ZAR,1
ACC205667,CUST100997,Savings,2015-12-03 21:27:24.315131903,-22295.24,ZAR,1
ACC205668,CUST102746,Savings,2025-11-19 13:41:14.293766499,91880.63,ZAR,1
ACC205669,CUST103764,Credit Card,2024-09-27 22:04:22.405820608,-26641.51,ZAR,1
ACC205670,CUST101165,Credit Card,2018-03-09 01:36:49.717851877,13507.49,ZAR,1
ACC205671,CUST100427,Fixed Deposit,2024-12-18 13:11:52.114790201,101976.3,ZAR,1
ACC205672,CUST100115,Current,2015-09-13 12:45:24.788797855,12015.44,ZAR,1
ACC205673,CUST102774,Savings,2026-01-10 21:16:54.965570450,41945.42,ZAR,1
ACC205674,CUST102067,Current,2022-01-02 10:20:15.505688429,20618.89,ZAR,0
ACC205675,CUST103270,Savings,2021-01-13 05:14:02.877940893,24947.11,ZAR,0
ACC205676,CUST104074,Savings,2026-06-24 02:30:30.614434242,-7739.55,ZAR,1
ACC205677,CUST104894,Fixed Deposit,2015-04-22 12:11:24.806343317,43127.7,ZAR,0
ACC205678,CUST101611,Credit Card,2020-12-07 14:08:04.826778412,78093.37,ZAR,0
ACC205679,CUST100562,Savings,2023-07-07 23:25:04.493309975,-52683.62,ZAR,1
ACC205680,CUST103745,Savings,2016-04-19 21:13:01.705059767,-11973.7,ZAR,1
ACC205681,CUST100095,Business,2015-03-05 07:17:34.427854300,2895.06,ZAR,1
ACC205682,CUST103198,Savings,2022-02-15 08:29:23.268586159,-10492.19,ZAR,1
ACC205683,CUST101375,Savings,2018-11-30 20:21:41.340004683,50707.04,ZAR,1
ACC205684,CUST101766,Savings,2020-07-31 00:53:13.460972309,760.58,ZAR,1
ACC205685,CUST100619,Current,2022-03-17 08:01:56.374939919,28238.34,ZAR ,1
ACC205686,CUST100002,Savings,2019-06-22 12:44:08.856227398,84644.13,ZAR ,1
ACC205687,CUST100969,Credit Card,2017-06-26 13:17:59.746016979,-46792.99,zar,1
ACC205688,CUST102155,Savings,2017-10-06 04:47:54.569902658,37680.0,ZAR,1
ACC205689,CUST101469,Current,2017-03-03 14:06:45.227820635,20090.7,ZAR,1
ACC205690,CUST101964,Savings,2023-04-17 15:35:46.736890316,20208.84,ZAR,1
ACC205691,CUST100558,Savings,2016-07-22 01:20:02.425343037,-11202.48,ZAR,1
ACC205692,CUST100693,Savings,2026-04-05 07:49:48.858055592,9776.28,ZAR,1
ACC205693,CUST103737,Current,2015-01-21 05:14:33.642131329,24682.83,ZAR,1
ACC205694,CUST104093,Current,2018-07-08 06:32:02.342511892,17636.63,ZAR,1
ACC205695,CUST103699,Savings,2024-04-18 09:16:10.328825235,52884.66,ZAR,1
ACC205696,CUST104777,Fixed Deposit,2016-01-17 02:35:02.196915388,-18759.39,zar,1
ACC205697,CUST103657,Savings,2021-10-23 03:35:11.621240139,-30873.72,ZAR,1
ACC205698,CUST100606,Credit Card,2018-05-14 09:33:04.524370909,-55247.9,zar,1
ACC205699,CUST103685,Fixed Deposit,2026-03-07 17:54:38.535776138,30653.28,ZAR,1
ACC205700,CUST101154,Savings,2017-07-15 07:00:07.783722878,55258.04,ZAR,1
ACC205701,CUST103886,Savings,2015-10-28 04:46:10.562222004,-21934.07,ZAR,1
ACC205702,CUST103162,Savings,2022-02-09 03:00:17.471880913,-25502.07,ZAR,1
ACC205703,CUST104234,Fixed Deposit,2019-05-10 15:32:12.737061262,100542.3,ZAR,1
ACC205704,CUST104754,Current,2025-06-20 11:38:56.545464516,76095.23,ZAR,1
ACC205705,CUST103442,Savings,2025-08-06 08:38:39.472745895,78350.19,ZAR,1
ACC205706,CUST104669,Savings,2024-03-17 01:44:29.454862356,38968.29,ZAR,1
ACC205707,CUST102701,Savings,2016-06-28 04:17:15.481944561,53215.74,ZAR,1
ACC205708,CUST104656,Current,2022-08-15 14:47:03.204612732,13518.18,ZAR,1
ACC205709,CUST100445,Credit Card,2016-01-25 23:18:24.479120970,-31949.34,ZAR,1
ACC205710,CUST102200,Savings,2015-04-17 18:30:21.482303619,-29927.23,ZAR,1
ACC205711,CUST103813,Savings,2017-04-14 02:14:54.960691214,25127.4,ZAR,1
ACC205712,CUST104929,Credit Card,2020-09-22 12:43:11.985917568,62000.28,ZAR,1
ACC205713,CUST104345,Fixed Deposit,2020-03-23 03:17:22.487681627,18300.76,ZAR,1
ACC205714,CUST101823,Savings,2023-12-27 11:52:36.586370468,49360.37,ZAR,1
ACC205715,CUST103139,Credit Card,2021-01-23 00:16:31.516709565,21411.73,ZAR,1
ACC205716,CUST100433,Fixed Deposit,2018-01-22 16:10:08.074804068,37175.07,ZAR,1
ACC205717,CUST100579,Savings,2016-08-13 23:44:36.948973179,55833.87,ZAR,1
ACC205718,CUST103522,Savings,2021-08-06 21:05:52.023399591,78234.08,ZAR,1
ACC205719,CUST101564,Savings,2022-10-25 13:58:59.561425209,36413.82,ZAR,1
ACC205720,CUST102780,Savings,2017-06-19 15:49:01.911483049,102575.11,zar,1
ACC205721,CUST101031,Savings,2022-04-26 15:33:28.936372519,15676.13,ZAR,1
ACC205722,CUST103997,Credit Card,2024-12-17 16:40:34.212500572,77948.09,ZAR,1
ACC205723,CUST100430,Fixed Deposit,2017-10-21 11:57:31.613670588,48300.2,ZAR,1
ACC205724,CUST103105,Current,2024-06-28 05:08:14.156502724,-48223.83,ZAR,1
ACC205725,CUST103385,Fixed Deposit,2026-01-03 01:55:39.166215658,81545.38,ZAR,1
ACC205726,CUST104103,Fixed Deposit,2025-11-05 08:54:46.736686230,-11727.37,ZAR,1
ACC205727,CUST101277,Current,2016-08-20 05:50:57.685168028,15045.93,ZAR,1
ACC205728,CUST101719,Fixed Deposit,2015-07-27 00:31:45.347587824,59925.88,ZAR,1
ACC205729,CUST102779,Fixed Deposit,2023-06-01 10:10:11.631848097,-4781.35,ZAR,1
ACC205730,CUST101439,Savings,2019-06-05 01:17:28.043969631,22157.02,ZAR,1
ACC205731,CUST103682,Fixed Deposit,2017-01-21 19:28:15.380708456,51288.42,ZAR,1
ACC205732,CUST103786,Business,2020-03-06 03:02:41.870931864,-7888.54,ZAR,1
ACC205733,CUST103778,Savings,2021-04-14 13:25:20.959009647,15566.3,zar,1
ACC205734,CUST102488,Current,2016-11-15 06:46:01.087304831,10862.65,ZAR,1
ACC205735,CUST103139,Savings,2015-06-10 02:52:26.760525227,63558.41,ZAR,1
ACC205736,CUST100896,Savings,2024-01-21 00:49:54.934651375,87732.74,ZAR,1
ACC205737,CUST100988,Current,2020-04-13 06:57:38.997659206,-19001.91,ZAR,1
ACC205738,CUST101875,Savings,2017-10-30 17:01:19.755320072,28108.83,zar,1
ACC205739,CUST101034,Current,2026-01-23 11:23:21.837604046,4034.98,ZAR,1
ACC205740,CUST104003,Current,2023-10-16 19:21:07.675423145,26240.99,ZAR,1
ACC205741,CUST101288,Savings,2019-08-31 05:18:09.487893105,95668.97,ZAR,1
ACC205742,CUST104619,Current,2018-02-28 03:50:53.934725285,40193.02,ZAR ,1
ACC205743,CUST102054,Fixed Deposit,2023-06-12 13:03:23.213833809,2478.28,ZAR,1
ACC205744,CUST103801,Savings,2023-05-23 00:04:16.861853123,-29730.06,ZAR,1
ACC205745,CUST100380,Current,2025-03-28 06:57:59.553479433,64963.72,ZAR,1
ACC205746,CUST103590,Savings,2015-02-25 13:05:27.430252790,6632.58,ZAR,1
ACC205747,CUST102278,Savings,2022-04-17 06:33:47.312874317,-6039.63,ZAR,1
ACC205748,CUST104058,Current,2018-04-06 19:01:35.531329870,37159.76,ZAR,1
ACC205749,CUST100904,Savings,2026-04-15 15:17:26.309979439,48160.05,ZAR,1
ACC205750,CUST101002,Current,2015-04-15 23:48:38.042530298,10259.06,zar,1
ACC205751,CUST104313,Savings,2020-08-23 21:13:48.089219332,-12837.35,ZAR,1
ACC205752,CUST102897,Credit Card,2023-03-26 17:15:09.356655598,79742.33,ZAR,1
ACC205753,CUST102811,Savings,2023-09-13 20:16:54.704904079,52341.53,ZAR,0
ACC205754,CUST102970,Fixed Deposit,2022-05-01 21:43:34.534083365,64490.12,ZAR,1
ACC205755,CUST101788,Current,2020-06-20 01:48:33.743109226,10721.46,ZAR ,1
ACC205756,CUST104729,Savings,2025-07-13 21:20:11.966646671,-8186.52,ZAR,1
ACC205757,CUST102771,Savings,2021-09-05 16:45:04.105026484,3689.95,ZAR,1
ACC205758,CUST100076,Current,2021-01-13 16:53:43.683859348,-35945.81,ZAR,1
ACC205759,CUST101432,Fixed Deposit,2024-12-04 14:25:25.743134975,11619.1,ZAR,1
ACC205760,CUST104852,Current,2020-02-18 17:28:28.806342602,-2014.09,ZAR,1
ACC205761,CUST102430,Current,2022-01-15 08:25:24.969099283,21892.0,ZAR,1
ACC205762,CUST103630,Credit Card,2018-10-23 17:39:26.774847984,26961.21,ZAR,1
ACC205763,CUST100093,Savings,2017-06-16 11:47:42.402863026,28628.27,ZAR,1
ACC205764,CUST100112,Current,2020-05-01 05:30:05.993552923,1585.71,zar,1
ACC205765,CUST101022,Savings,2018-11-22 09:44:14.688159943,-22529.85,ZAR,1
ACC205766,CUST102594,Credit Card,2015-06-09 14:40:34.580670357,-32687.71,ZAR,1
ACC205767,CUST103047,Fixed Deposit,2020-08-20 17:24:04.753893375,32814.65,ZAR,1
ACC205768,CUST100348,Savings,2022-08-07 21:04:25.342923403,30414.24,ZAR,1
ACC205769,CUST104583,Savings,2015-08-08 23:24:36.425894499,-30682.92,ZAR,1
ACC205770,CUST103016,Credit Card,2021-07-27 18:08:19.553994179,82058.53,ZAR,1
ACC205771,CUST101757,Current,2018-08-04 10:50:13.216168404,58390.06,ZAR,1
ACC205772,CUST102258,Current,2015-06-22 12:19:55.996980667,-15859.45,ZAR,1
ACC205773,CUST102529,Current,2016-02-14 20:00:36.381761312,35619.31,ZAR,0
ACC205774,CUST103862,Savings,2023-04-19 00:49:41.605453730,19525.56,ZAR,1
ACC205775,CUST100464,Credit Card,2021-03-30 13:06:33.026738644,35543.4,ZAR,1
ACC205776,CUST102897,Savings,2026-01-26 10:39:07.294859648,31879.77,ZAR,1
ACC205777,CUST102614,Current,2022-11-23 02:31:46.861284256,51866.8,ZAR,1
ACC205778,CUST103931,Savings,2026-02-23 16:14:42.998716354,84167.45,ZAR,0
ACC205779,CUST101800,Savings,2018-04-21 01:43:20.474143267,36967.28,ZAR,0
ACC205780,CUST101843,Credit Card,2021-09-29 21:41:46.676982164,46318.11,ZAR,1
ACC205781,CUST104036,Current,2021-06-21 00:46:37.991747856,83593.05,ZAR,1
ACC205782,CUST104284,Current,2021-01-23 21:06:51.470660210,3485.97,ZAR,1
ACC205783,CUST104117,Fixed Deposit,2025-05-24 01:17:48.007182598,-12322.74,ZAR,1
ACC205784,CUST104331,Current,2021-02-10 04:53:13.454422235,51878.07,ZAR,1
ACC205785,CUST100512,Credit Card,2018-01-20 04:32:37.501457214,-23915.83,ZAR,1
ACC205786,CUST103277,Fixed Deposit,2023-02-17 07:26:03.614694118,-7304.58,ZAR,1
ACC205787,CUST103440,Current,2018-01-25 07:24:24.380825281,85199.38,ZAR,0
ACC205788,CUST101318,Savings,2015-12-19 14:29:01.784397125,-43715.36,ZAR,1
ACC205789,CUST102267,Savings,2021-10-25 22:41:18.552440882,37114.09,ZAR,1
ACC205790,CUST104957,Current,2016-08-04 12:36:06.681538105,-32688.25,ZAR,1
ACC205791,CUST100696,Savings,2023-04-10 03:13:55.492190361,41420.94,ZAR,1
ACC205792,CUST104088,Savings,2020-01-28 13:44:30.350682020,98296.31,ZAR,1
ACC205793,CUST101589,Savings,2025-01-12 00:29:10.619174242,-15509.27,ZAR,1
ACC205794,CUST104258,Savings,2019-09-09 00:36:59.418054581,-59132.88,ZAR,1
ACC205795,CUST102673,Savings,2019-08-03 21:38:32.883387804,39264.11,ZAR,1
ACC205796,CUST100057,Savings,2019-12-20 01:49:08.521880865,-103.12,ZAR ,0
ACC205797,CUST100545,Savings,2023-04-08 01:22:14.263725757,17636.54,ZAR,1
ACC205798,CUST104130,Credit Card,2016-10-18 09:57:03.552886248,39588.5,ZAR,1
ACC205799,CUST103957,Fixed Deposit,2018-12-14 17:15:48.289048195,47517.52,ZAR,1
ACC205800,CUST101088,Current,2018-02-07 03:13:43.274580717,47910.69,ZAR,1
ACC205801,CUST103207,Fixed Deposit,2019-06-30 01:32:34.983653307,23901.6,ZAR,1
ACC205802,CUST102541,Savings,2025-07-23 08:24:40.903910160,42429.08,ZAR,0
ACC205803,CUST100269,Credit Card,2022-04-24 11:56:01.584762573,17480.81,ZAR,1
ACC205804,CUST103521,Current,2020-10-29 20:07:10.352955580,11841.02,ZAR,0
ACC205805,CUST100797,Current,2016-06-29 16:56:40.332869530,24348.74,ZAR,1
ACC205806,CUST102051,Current,2021-09-03 14:29:50.557490349,48090.2,ZAR,1
ACC205807,CUST100040,Credit Card,2024-04-01 15:32:15.813328743,-881.06,ZAR,1
ACC205808,CUST101218,Savings,2019-03-07 19:10:00.578139305,33592.85,ZAR,1
ACC205809,CUST104680,Savings,2025-06-16 03:56:18.777582407,6639.27,zar,1
ACC205810,CUST102500,Credit Card,2019-01-26 16:59:01.939622879,-4438.2,ZAR,1
ACC205811,CUST103617,Current,2016-11-09 17:30:17.029245377,67056.58,ZAR,1
ACC205812,CUST101498,Savings,2024-08-02 06:38:43.815858364,39844.94,ZAR,1
ACC205813,CUST100216,Savings,2021-07-20 10:37:09.047003031,40213.92,ZAR,1
ACC205814,CUST103076,Savings,2020-12-26 01:10:23.345347643,-12814.4,ZAR,1
ACC205815,CUST101201,Current,2025-09-20 16:05:10.055212975,15135.93,ZAR,1
ACC205816,CUST100548,Current,2024-07-20 20:00:23.067240000,49029.85,zar,1
ACC205817,CUST102471,Savings,2026-07-01 06:35:45.118787289,39888.4,ZAR,1
ACC205818,CUST102041,Credit Card,2023-01-04 17:21:09.678223610,127584.16,ZAR,1
ACC205819,CUST100580,Credit Card,2021-09-17 17:49:55.971078873,33795.83,ZAR,1
ACC205820,CUST102958,Savings,2021-03-29 06:52:35.202890873,-1598.91,ZAR,0
ACC205821,CUST102229,Savings,2019-02-14 20:16:16.579299450,7593.69,ZAR,1
ACC205822,CUST104952,Fixed Deposit,2017-02-04 08:05:59.560541391,-9260.56,ZAR,1
ACC205823,CUST100444,Fixed Deposit,2024-07-22 06:58:58.580841303,-854.61,ZAR,1
ACC205824,CUST102477,Business,2015-01-29 01:24:06.607557058,,ZAR,0
ACC205825,CUST103966,Current,2025-04-13 15:12:57.908450842,6449.42,ZAR,1
ACC205826,CUST102129,Fixed Deposit,2018-01-15 06:39:53.806981564,78443.23,ZAR,1
ACC205827,CUST101043,Savings,2017-10-09 15:54:43.896863937,60240.34,zar,0
ACC205828,CUST104946,Savings,2015-01-30 20:54:12.717065096,59562.71,ZAR,1
ACC205829,CUST101626,Savings,2019-03-03 18:56:22.660325050,14924.6,ZAR,1
ACC205830,CUST104626,Current,2016-01-11 15:47:15.619302034,61552.77,ZAR,1
ACC205831,CUST104204,Savings,2017-02-19 14:42:54.123588085,65925.08,ZAR,1
ACC205832,CUST103364,Current,2022-12-21 13:10:33.952606440,88834.07,ZAR,1
ACC205833,CUST103866,Savings,2019-10-23 20:28:02.275443077,3354.53,ZAR,1
ACC205834,CUST102723,Current,2015-02-16 06:49:41.009866476,25464.43,ZAR,1
ACC205835,CUST103344,Fixed Deposit,2018-09-02 09:50:58.719424248,-5033.34,ZAR,1
ACC205836,CUST101354,Credit Card,2015-01-26 22:12:04.890908003,130571.35,ZAR,1
ACC205837,CUST100279,Savings,2025-08-07 05:27:33.346920967,16925.32,ZAR,1
ACC205838,CUST103119,Savings,2024-12-18 19:19:18.269754171,76032.3,ZAR,1
ACC205839,CUST104015,Savings,2019-02-03 08:52:17.992267609,31263.97,ZAR,1
ACC205840,CUST104169,Current,2017-10-14 02:18:43.634842157,60177.07,ZAR,1
ACC205841,CUST103810,Savings,2016-03-28 06:22:12.530490398,24420.56,ZAR,1
ACC205842,CUST104907,Credit Card,2023-03-02 22:46:14.034343004,61926.56,ZAR,1
ACC205843,CUST102972,Fixed Deposit,2016-05-24 10:45:33.655254602,36052.65,ZAR,1
ACC205844,CUST100854,Savings,2022-10-03 03:50:39.502339125,93206.67,ZAR,1
ACC205845,CUST101026,Savings,2017-12-28 20:02:17.940156698,37247.79,ZAR,1
ACC205846,CUST101370,Savings,2023-06-12 22:07:58.742454052,-3898.62,ZAR,1
ACC205847,CUST104877,Credit Card,2019-07-22 09:39:06.863221407,45724.2,zar,1
ACC205848,CUST104422,Savings,2016-08-01 20:01:18.739938498,25370.15,ZAR,1
ACC205849,CUST103628,Credit Card,2018-03-19 07:39:06.016433954,-14463.69,ZAR,1
ACC205850,CUST104304,Current,2022-12-28 22:45:51.901268244,40169.44,ZAR,1
ACC205851,CUST101709,Current,2022-12-07 22:23:42.014976740,327.98,ZAR,1
ACC205852,CUST103583,Credit Card,2021-12-01 09:26:57.924212933,15569.22,ZAR,1
ACC205853,CUST100833,Savings,2018-09-29 08:02:20.397300959,26643.48,ZAR,1
ACC205854,CUST100518,Credit Card,2022-05-11 03:20:51.943132877,-56093.45,ZAR,1
ACC205855,CUST103210,Savings,2015-06-28 13:04:29.860609770,7746.64,ZAR,1
ACC205856,CUST103531,Credit Card,2021-12-31 01:39:58.655376434,61952.47,ZAR,1
ACC205857,CUST102975,Fixed Deposit,2024-01-18 19:53:51.597653389,17308.83,ZAR,0
ACC205858,CUST102345,Savings,2016-08-07 15:08:58.254092692,-51071.0,ZAR,0
ACC205859,CUST103030,Current,2024-06-15 17:20:55.480639219,21732.81,ZAR,1
ACC205860,CUST101856,Current,2025-06-25 04:12:21.163442135,44318.52,ZAR,1
ACC205861,CUST101469,Savings,2026-02-08 15:55:50.984858513,13086.92,zar,0
ACC205862,CUST101253,Current,2015-05-08 01:31:37.200132370,14380.85,ZAR,1
ACC205863,CUST101821,Savings,2025-05-16 12:02:44.393496752,7147.86,ZAR,1
ACC205864,CUST101589,Credit Card,2015-09-26 08:57:25.410189867,49824.6,ZAR,1
ACC205865,CUST100792,Current,2019-05-24 23:08:41.475158691,-7882.8,ZAR,1
ACC205866,CUST102678,Current,2021-05-08 15:26:20.508262157,46850.65,ZAR,1
ACC205867,CUST102056,Credit Card,2017-07-26 20:24:27.489136696,14283.13,ZAR,1
ACC205868,CUST100809,Credit Card,2018-12-28 13:26:39.949215174,75125.56,ZAR,1
ACC205869,CUST104533,Savings,2025-07-08 03:18:04.843529701,5587.49,ZAR,1
ACC205870,CUST102546,Savings,2017-01-10 14:03:05.002893925,-19430.05,ZAR,1
ACC205871,CUST100712,Savings,2021-03-29 02:22:28.662526608,49753.45,ZAR,0
ACC205872,CUST100241,Fixed Deposit,2024-07-30 03:25:48.728549242,44710.4,ZAR,1
ACC205873,CUST100427,Savings,2017-10-16 20:50:35.223577023,41475.29,ZAR,1
ACC205874,CUST102053,Savings,2025-10-30 08:38:14.077034473,58859.26,ZAR,1
ACC205875,CUST101211,Savings,2026-05-08 20:48:33.915435553,-15073.28,ZAR,1
ACC205876,CUST104800,Savings,2018-01-30 12:51:57.699774504,-6535.36,ZAR,1
ACC205877,CUST102348,Current,2020-06-23 19:10:09.979809999,77787.44,ZAR,1
ACC205878,CUST103694,Current,2015-02-17 11:20:01.718240023,42420.37,ZAR ,1
ACC205879,CUST101222,Savings,2026-02-16 00:19:55.781289577,6773.77,ZAR,1
ACC205880,CUST100343,Savings,2016-08-03 18:16:30.755230427,-45544.41,ZAR,1
ACC205881,CUST101674,Credit Card,2019-12-15 14:51:50.860520363,-24769.77,ZAR,1
ACC205882,CUST103439,Current,2022-10-16 09:46:27.148370504,-13297.86,ZAR,1
ACC205883,CUST103820,Current,2022-07-14 19:39:25.589267015,2551.06,ZAR,1
ACC205884,CUST100980,Savings,2022-07-23 07:38:26.353097677,37219.81,ZAR,1
ACC205885,CUST101482,Business,2015-03-14 09:50:52.155367613,-29632.97,ZAR,1
ACC205886,CUST102370,Savings,2023-07-03 14:16:24.455430508,3887.29,ZAR,1
ACC205887,CUST101734,Current,2023-08-22 14:30:39.672217369,-25538.89,ZAR,1
ACC205888,CUST101470,Credit Card,2021-04-25 21:25:57.810110092,8145.32,ZAR,1
ACC205889,CUST104918,Savings,2023-06-21 16:21:17.668589115,120386.27,ZAR,1
ACC205890,CUST104670,Savings,2015-01-03 12:34:26.478035688,72570.32,ZAR,1
ACC205891,CUST101781,Credit Card,2016-12-04 02:05:36.442051172,47941.9,ZAR,1
ACC205892,CUST100272,Current,2015-11-11 01:10:15.557590961,4109.99,ZAR,1
ACC205893,CUST101794,Business,2018-08-16 11:34:40.206366062,-18077.07,ZAR,1
ACC205894,CUST104404,Credit Card,2017-05-11 06:01:50.073784113,21532.86,ZAR,0
ACC205895,CUST104496,Fixed Deposit,2017-02-26 02:39:47.180212259,-37138.32,ZAR,0
ACC205896,CUST103506,Current,2019-11-10 18:53:18.335219145,50924.99,ZAR,1
ACC205897,CUST103378,Current,2022-03-22 22:36:28.359226942,17071.25,ZAR,0
ACC205898,CUST101813,Fixed Deposit,2021-04-17 15:37:22.922051907,23898.56,ZAR,1
ACC205899,CUST102204,Credit Card,2024-09-10 03:22:43.161766052,-41568.14,ZAR,1
ACC205900,CUST104398,Savings,2019-07-24 18:53:00.182929516,26992.48,ZAR,1
ACC205901,CUST101080,Current,2019-09-21 19:09:28.224293470,15438.03,ZAR,1
ACC205902,CUST102031,Savings,2015-02-15 07:31:40.103556633,-13266.18,ZAR,1
ACC205903,CUST104386,Fixed Deposit,2023-10-21 16:33:50.517330170,33978.3,ZAR,1
ACC205904,CUST103491,Current,2021-12-22 12:15:20.706869364,9059.68,ZAR,1
ACC205905,CUST100546,Current,2016-06-16 03:32:48.077711344,36787.58,zar,1
ACC205906,CUST103939,Business,2017-03-21 16:24:34.563496113,49732.57,ZAR ,1
ACC205907,CUST100339,Savings,2016-12-24 23:21:43.591122150,-18393.24,ZAR,1
ACC205908,CUST101431,Current,2019-09-20 20:26:02.167522430,29280.5,ZAR,1
ACC205909,CUST104599,Savings,2015-06-10 18:22:01.345814705,28526.04,ZAR,1
ACC205910,CUST100361,Savings,2024-01-07 17:57:20.102234602,74746.77,ZAR,1
ACC205911,CUST100937,Savings,2018-09-07 18:13:30.516433239,58639.75,ZAR,1
ACC205912,CUST104340,Current,2025-08-22 02:01:10.324096203,11066.77,ZAR ,1
ACC205913,CUST103348,Savings,2018-02-22 22:32:04.949379206,7971.01,ZAR,1
ACC205914,CUST101156,Fixed Deposit,2019-03-30 16:13:26.366317749,30985.68,ZAR,1
ACC205915,CUST101720,Savings,2025-08-31 17:43:02.914788961,-19945.32,ZAR,1
ACC205916,CUST104659,Savings,2016-12-13 14:21:39.762591839,-13945.02,ZAR,1
ACC205917,CUST103026,Savings,2024-10-17 04:32:15.737434387,6284.36,ZAR,1
ACC205918,CUST101575,Savings,2016-10-02 15:25:28.787185907,-70265.84,ZAR,1
ACC205919,CUST100721,Current,2020-09-26 17:52:50.912885904,-14586.45,zar,1
ACC205920,CUST102074,Business,2025-02-13 23:30:19.739681244,11709.75,ZAR ,1
ACC205921,CUST101585,Savings,2016-11-06 18:26:20.290148020,135239.66,ZAR,0
ACC205922,CUST102151,Savings,2015-06-08 09:27:04.612575769,-765.2,ZAR,0
ACC205923,CUST100243,Savings,2017-10-09 13:38:48.667738199,51408.96,ZAR,0
ACC205924,CUST102339,Current,2018-01-13 19:11:05.843608379,17076.78,ZAR,1
ACC205925,CUST101232,Savings,2019-09-18 23:59:56.671192884,42598.43,ZAR,1
ACC205926,CUST104813,Savings,2023-08-13 05:11:41.468691826,-18300.44,ZAR,1
ACC205927,CUST101383,Credit Card,2015-07-22 18:25:22.624039888,-36825.12,ZAR,1
ACC205928,CUST101225,Credit Card,2021-08-16 01:00:51.871287346,80094.03,ZAR,1
ACC205929,CUST101510,Savings,2023-05-26 20:55:05.564307451,-28202.92,ZAR,1
ACC205930,CUST103041,Current,2024-05-07 09:28:45.996488094,84345.04,ZAR ,1
ACC205931,CUST103656,Credit Card,2026-03-12 14:44:49.985322714,10159.84,ZAR,1
ACC205932,CUST101470,Savings,2024-07-23 06:52:03.457684040,-8082.54,zar,1
ACC205933,CUST103470,Current,2016-03-12 12:41:58.279662132,4343.91,ZAR,1
ACC205934,CUST100654,Savings,2017-01-13 12:47:54.111570120,89087.0,ZAR,1
ACC205935,CUST100957,Current,2023-05-07 00:36:50.166073799,-2940.14,ZAR,0
ACC205936,CUST101443,Savings,2017-06-14 15:56:16.429210663,9716.19,ZAR,1
ACC205937,CUST103496,Credit Card,2017-11-10 20:33:48.200521708,64009.8,ZAR,1
ACC205938,CUST102762,Current,2024-10-31 23:56:51.402358055,43950.01,ZAR,1
ACC205939,CUST102306,Credit Card,2020-05-06 14:29:12.320902824,108099.13,ZAR,1
ACC205940,CUST103034,Savings,2019-08-06 16:47:30.547649622,71612.24,ZAR,1
ACC205941,CUST100981,Current,2020-06-08 05:36:11.566178560,-2850.84,ZAR,0
ACC205942,CUST101318,Fixed Deposit,2017-12-21 18:29:54.849582195,77102.72,ZAR,1
ACC205943,CUST103529,Current,2016-01-06 06:02:29.742860317,-51888.2,ZAR,1
ACC205944,CUST104936,Current,2026-04-26 12:59:43.907180309,55809.31,ZAR,1
ACC205945,CUST100000,Current,2018-05-19 22:22:39.013927460,-1186.8,ZAR,1
ACC205946,CUST101813,Fixed Deposit,2020-12-05 23:36:46.641005278,48824.66,ZAR ,1
ACC205947,CUST104417,Current,2015-09-06 02:48:40.174309254,103541.08,ZAR,1
ACC205948,CUST104160,Current,2016-09-23 02:51:34.649764776,-41816.08,ZAR,1
ACC205949,CUST101308,Credit Card,2016-03-08 01:53:50.258618116,61916.61,ZAR,1
ACC205950,CUST100175,Business,2015-08-05 06:55:01.155810356,58605.26,ZAR,1
ACC205951,CUST102838,Fixed Deposit,2022-07-16 15:33:16.233617544,51409.95,ZAR,1
ACC205952,CUST103476,Savings,2015-03-13 13:40:47.239571571,-14207.5,ZAR,1
ACC205953,CUST101272,Current,2020-04-16 13:25:13.640364408,21419.87,ZAR ,1
ACC205954,CUST101517,Savings,2022-09-13 20:40:34.103616714,-13522.16,ZAR,1
ACC205955,CUST103369,Current,2019-03-16 22:07:31.315478802,42199.97,ZAR,1
ACC205956,CUST102684,Current,2016-09-27 07:00:54.506375313,-27172.54,ZAR,1
ACC205957,CUST101411,Savings,2017-08-02 21:58:21.052376032,7508.99,ZAR,1
ACC205958,CUST104183,Current,2016-10-11 19:09:29.189245939,50203.9,ZAR,1
ACC205959,CUST104517,Savings,2018-06-03 12:06:10.994867086,-4309.91,ZAR,1
ACC205960,CUST103624,Credit Card,2019-02-15 23:22:59.490509033,9149.26,ZAR,1
ACC205961,CUST104730,Savings,2019-08-05 19:58:58.298575640,-11260.69,ZAR,1
ACC205962,CUST101798,Savings,2017-08-01 15:40:03.678565264,35267.97,zar,1
ACC205963,CUST100554,Current,2017-09-17 16:11:45.885730028,19493.97,ZAR,1
ACC205964,CUST103662,Credit Card,2022-05-28 14:50:15.975192547,-4305.63,ZAR,1
ACC205965,CUST102801,Current,2015-04-08 12:17:25.580473661,-227.53,ZAR,1
ACC205966,CUST102069,Credit Card,2020-02-11 08:03:22.890363693,31323.73,ZAR,1
ACC205967,CUST101302,Credit Card,2025-10-05 10:55:31.720587254,-17328.79,ZAR,1
ACC205968,CUST100317,Savings,2023-10-26 20:57:35.267715215,23228.38,ZAR,1
ACC205969,CUST100857,Savings,2018-11-09 04:32:23.832235575,26327.51,ZAR,1
ACC205970,CUST103327,Savings,2021-05-09 04:14:52.773243904,31245.04,ZAR,1
ACC205971,CUST101140,Savings,2026-05-16 13:58:03.938492298,3788.7,ZAR,1
ACC205972,CUST104684,Current,2023-04-19 01:14:26.463078499,49203.42,ZAR,1
ACC205973,CUST102366,Savings,2021-10-30 03:25:19.606543064,63464.26,ZAR,1
ACC205974,CUST100418,Savings,2021-06-23 15:02:11.034318924,50892.94,ZAR,1
ACC205975,CUST103271,Current,2025-05-10 16:30:58.417567253,33392.94,ZAR,1
ACC205976,CUST103438,Current,2017-04-03 22:54:55.294891119,-32056.88,zar,1
ACC205977,CUST100897,Business,2021-09-13 19:48:14.703213692,92023.27,ZAR,0
ACC205978,CUST104198,Current,2019-01-21 04:59:53.664756775,27344.36,ZAR,1
ACC205979,CUST103688,Savings,2020-06-03 09:47:38.322846889,37473.2,ZAR,1
ACC205980,CUST102983,Savings,2015-06-18 20:17:21.029211760,-3200.79,ZAR,1
ACC205981,CUST100605,Savings,2024-03-09 07:18:49.024376154,16408.53,ZAR,1
ACC205982,CUST102427,Current,2017-02-18 13:07:28.879288435,72175.36,ZAR,1
ACC205983,CUST104853,Current,2021-07-08 05:42:35.662987947,56306.88,zar,1
ACC205984,CUST101186,Fixed Deposit,2025-09-10 15:40:04.338345051,12548.79,ZAR,1
ACC205985,CUST104679,Savings,2017-12-25 01:22:58.021298885,86106.81,ZAR,1
ACC205986,CUST100969,Savings,2018-10-18 07:21:24.890538216,-15370.7,ZAR,1
ACC205987,CUST103031,Savings,2019-09-14 20:43:22.820258141,-42233.88,ZAR,1
ACC205988,CUST101981,Current,2021-04-20 00:55:44.010064363,-52166.39,ZAR,1
ACC205989,CUST100340,Business,2017-08-31 08:59:15.324569464,56797.91,ZAR,1
ACC205990,CUST103206,Savings,2023-07-21 13:50:03.537726164,-2842.57,ZAR,1
ACC205991,CUST102366,Current,2022-04-17 15:32:29.948849201,19385.26,ZAR,1
ACC205992,CUST101573,Savings,2016-01-30 08:37:50.274312019,68774.92,ZAR,0
ACC205993,CUST101162,Current,2020-11-25 16:41:41.641529083,38149.67,ZAR,1
ACC205994,CUST102442,Savings,2019-03-02 23:08:34.697473764,-22444.8,ZAR,1
ACC205995,CUST100529,Savings,2019-01-23 03:27:11.312906027,89967.73,zar,0
ACC205996,CUST102999,Current,2026-05-21 10:58:45.732699871,13360.2,ZAR,1
ACC205997,CUST100464,Savings,2019-09-12 04:02:08.715864182,22482.25,ZAR,1
ACC205998,CUST101049,Savings,2015-04-12 10:35:51.209184408,-3513.0,ZAR,0
ACC205999,CUST102546,Savings,2019-02-10 08:34:08.392195702,-19625.78,zar,1
ACC206000,CUST103706,Savings,2021-12-11 04:44:54.298956871,34214.4,ZAR,1
ACC206001,CUST101987,Current,2021-02-10 12:18:46.991518974,-32655.58,ZAR,1
ACC206002,CUST103143,Savings,2015-11-23 01:37:15.888953686,21676.75,ZAR,1
ACC206003,CUST104658,Current,2016-12-12 10:09:32.787677050,88415.95,ZAR,1
ACC206004,CUST102959,Current,2023-11-29 09:58:55.027759314,55050.41,ZAR,0
ACC206005,CUST103750,Savings,2015-01-31 15:04:08.473274231,33119.26,ZAR ,1
ACC206006,CUST102390,Savings,2017-09-02 03:40:27.098937750,-18932.19,ZAR,0
ACC206007,CUST101299,Current,2026-05-11 10:30:42.549762011,22571.81,ZAR,1
ACC206008,CUST101824,Current,2022-08-05 08:31:42.299663782,-6842.4,ZAR,1
ACC206009,CUST101758,Credit Card,2017-11-04 14:00:28.399681807,82688.82,ZAR,0
ACC206010,CUST102744,Current,2017-03-31 16:06:56.557524920,6042.41,ZAR,1
ACC206011,CUST100755,Credit Card,2019-10-28 21:11:28.096667290,-6438.96,ZAR,1
ACC206012,CUST103828,Current,2022-06-23 18:01:50.468712807,16291.73,ZAR,1
ACC206013,CUST100762,Credit Card,2016-12-24 12:20:36.473484278,-6268.83,ZAR,1
ACC206014,CUST103530,Current,2023-08-30 19:24:10.765962124,34426.14,ZAR,1
ACC206015,CUST102360,Business,2015-06-27 08:53:35.729074478,97850.9,ZAR,1
ACC206016,CUST103688,Fixed Deposit,2017-03-31 14:29:45.011273146,25286.74,ZAR,1
ACC206017,CUST100875,Savings,2021-11-01 20:45:49.655135632,-11911.13,ZAR,0
ACC206018,CUST101047,Credit Card,2023-03-07 04:04:07.257558583,18679.09,ZAR,1
ACC206019,CUST101261,Savings,2022-10-14 11:09:53.842942715,-25835.68,ZAR,1
ACC206020,CUST103898,Fixed Deposit,2018-01-12 11:18:24.580457926,139939.64,ZAR,1
ACC206021,CUST101326,Savings,2019-06-19 15:43:07.366842031,97035.55,ZAR,1
ACC206022,CUST101677,Current,2015-06-09 04:15:07.887022018,74880.74,ZAR,1
ACC206023,CUST100698,Savings,2015-01-02 23:46:49.204639435,55056.56,ZAR,1
ACC206024,CUST101165,Fixed Deposit,2019-10-28 17:23:53.552598715,18380.52,ZAR,1
ACC206025,CUST104280,Fixed Deposit,2021-04-17 09:17:58.851245642,19263.41,ZAR,1
ACC206026,CUST100607,Current,2024-07-05 08:36:47.907295942,16184.64,ZAR,1
ACC206027,CUST104561,Savings,2026-02-24 01:51:20.616170406,120074.36,ZAR,1
ACC206028,CUST104151,Current,2021-12-09 09:17:20.279465914,17314.01,ZAR,1
ACC206029,CUST104740,Savings,2024-06-16 00:28:04.462253094,2436.49,ZAR ,0
ACC206030,CUST103115,Business,2016-07-05 22:00:37.488620758,20818.25,ZAR,1
ACC206031,CUST103420,Savings,2024-06-16 11:46:32.310224533,45679.01,ZAR,1
ACC206032,CUST104206,Current,2017-12-07 20:24:02.168825388,-114294.8,ZAR,1
ACC206033,CUST103547,Savings,2019-09-30 06:23:41.209540367,40732.93,zar,1
ACC206034,CUST102807,Business,2015-04-01 04:52:38.332285881,-76700.44,ZAR,1
ACC206035,CUST102105,Current,2020-06-02 19:47:17.755331755,83883.02,ZAR,0
ACC206036,CUST104301,Business,2022-07-17 23:34:48.557200909,-43965.36,ZAR,1
ACC206037,CUST101580,Savings,2017-12-02 04:49:53.999525785,-7127.21,zar,1
ACC206038,CUST102782,Current,2024-05-13 16:28:14.716315746,-51681.96,ZAR,1
ACC206039,CUST100301,Savings,2025-09-22 19:16:36.980064154,97032.73,ZAR,1
ACC206040,CUST103229,Credit Card,2021-08-10 23:21:05.477202415,24508.69,ZAR,1
ACC206041,CUST100659,Savings,2017-10-29 08:45:46.603011608,114063.33,ZAR,1
ACC206042,CUST100281,Current,2023-03-03 07:18:27.699635506,104516.31,ZAR,1
ACC206043,CUST101482,Current,2018-05-31 04:24:54.760861874,74971.09,ZAR,1
ACC206044,CUST103348,Savings,2016-11-19 14:38:13.027676582,-31068.53,ZAR,1
ACC206045,CUST104119,Credit Card,2018-04-21 08:35:48.675658464,31619.17,ZAR,1
ACC206046,CUST102988,Credit Card,2020-02-01 00:19:11.616899490,79648.43,ZAR,1
ACC206047,CUST103270,Current,2017-08-12 15:44:15.063574791,40553.17,ZAR,1
ACC206048,CUST101210,Current,2018-11-27 15:06:08.365462303,10206.29,ZAR,1
ACC206049,CUST100533,Savings,2019-08-01 11:29:02.453635693,39061.46,ZAR,1
ACC206050,CUST100563,Current,2023-09-24 19:33:12.790678978,42908.02,ZAR,1
ACC206051,CUST100375,Credit Card,2024-12-06 20:05:52.300860882,-34089.23,ZAR,0
ACC206052,CUST101735,Savings,2024-07-21 07:56:05.930874109,2325.73,ZAR,1
ACC206053,CUST103739,Business,2017-03-28 07:47:17.186110973,51125.59,ZAR,1
ACC206054,CUST100300,Current,2024-05-18 06:17:08.178053379,59975.58,ZAR,1
ACC206055,CUST101733,Savings,2022-06-02 11:08:16.364098072,34735.41,ZAR,1
ACC206056,CUST103004,Savings,2017-10-02 21:15:10.702828646,8684.76,ZAR,1
ACC206057,CUST100298,Current,2019-05-10 12:02:05.281349421,17321.32,ZAR,1
ACC206058,CUST102729,Business,2019-01-01 10:51:08.515934467,-5172.92,ZAR,1
ACC206059,CUST101987,Credit Card,2020-01-15 16:06:43.014076233,20837.49,ZAR,0
ACC206060,CUST104589,Current,2024-10-13 16:34:21.361448526,59002.96,ZAR,1
ACC206061,CUST102481,Business,2019-10-08 02:21:19.904735327,122127.57,ZAR,1
ACC206062,CUST102587,Savings,2015-08-20 05:26:38.690880775,-23169.8,zar,1
ACC206063,CUST104251,Savings,2023-07-16 21:58:25.695449591,75670.47,ZAR,1
ACC206064,CUST103648,Credit Card,2024-02-12 02:47:36.421108007,40312.21,ZAR,1
ACC206065,CUST102739,Current,2021-08-17 17:58:09.024043083,-39049.45,ZAR,1
ACC206066,CUST103319,Savings,2020-07-02 18:57:55.307711840,21092.21,ZAR,1
ACC206067,CUST102018,Credit Card,2023-12-10 23:59:32.958657742,17720.41,ZAR,1
ACC206068,CUST103498,Savings,2015-04-04 09:34:56.691333055,24935.28,ZAR,1
ACC206069,CUST101543,Current,2021-10-07 03:52:59.096319437,66911.2,zar,0
ACC206070,CUST101568,Fixed Deposit,2026-01-09 16:46:51.123764038,103995.02,ZAR,1
ACC206071,CUST104142,Savings,2024-03-13 20:49:16.803457260,76803.0,ZAR,1
ACC206072,CUST102076,Credit Card,2018-03-11 10:58:03.836735487,33512.34,ZAR,1
ACC206073,CUST102656,Fixed Deposit,2025-08-17 19:18:39.411956549,37956.29,ZAR,1
ACC206074,CUST100598,Savings,2017-05-06 10:10:10.596308708,108158.2,ZAR,1
ACC206075,CUST101718,Savings,2021-05-02 12:55:53.639423370,-17348.43,ZAR,1
ACC206076,CUST103252,Fixed Deposit,2022-03-28 17:25:36.173386097,74683.23,ZAR,1
ACC206077,CUST102651,Current,2015-05-24 23:25:34.709559917,-20891.1,ZAR,1
ACC206078,CUST101512,Savings,2016-06-22 05:45:15.638139248,-36018.97,ZAR,1
ACC206079,CUST100149,Savings,2021-04-21 13:53:21.025674582,50246.77,ZAR,1
ACC206080,CUST102743,Savings,2017-02-04 05:14:42.871429920,-41305.28,ZAR,1
ACC206081,CUST101744,Current,2019-11-08 23:57:55.384222984,9287.3,ZAR,1
ACC206082,CUST104607,Credit Card,2023-03-05 12:57:18.624460936,79970.57,ZAR,1
ACC206083,CUST100218,Current,2022-03-30 06:56:16.803266287,-11555.48,ZAR,1
ACC206084,CUST103414,Savings,2025-02-15 01:14:02.072197437,96871.22,ZAR,1
ACC206085,CUST101915,Fixed Deposit,2025-09-01 13:22:47.756783009,-65302.03,ZAR ,1
ACC206086,CUST101338,Savings,2025-09-24 12:06:59.547428846,66770.72,ZAR,1
ACC206087,CUST103569,Savings,2019-07-18 19:29:43.947748184,-563831.8566836084,zar,1
ACC206088,CUST102573,Fixed Deposit,2016-05-30 17:34:06.381465435,17227.09,ZAR ,1
ACC206089,CUST100373,Savings,2022-09-23 01:52:31.928143740,33629.78,ZAR,1
ACC206090,CUST103010,Current,2025-08-23 09:41:00.578692913,13707.98,ZAR,1
ACC206091,CUST100892,Credit Card,2023-11-28 23:40:33.320637226,14709.61,ZAR,1
ACC206092,CUST104250,Savings,2023-01-27 09:49:52.736069441,-33032.06,ZAR,1
ACC206093,CUST101206,Current,2024-04-17 23:33:25.221861362,81599.13,ZAR,1
ACC206094,CUST103968,Fixed Deposit,2019-09-30 12:24:11.752918959,-24192.37,ZAR,1
ACC206095,CUST101645,Savings,2020-10-23 10:53:09.931495428,-24228.2,ZAR,1
ACC206096,CUST101576,Fixed Deposit,2017-04-25 11:53:48.796142340,21110.6,ZAR,1
ACC206097,CUST100010,Savings,2022-10-11 15:01:52.845473289,-2873.14,ZAR,1
ACC206098,CUST104598,Fixed Deposit,2019-01-11 22:48:30.385021448,58543.3,ZAR,1
ACC206099,CUST102760,Savings,2018-02-05 08:47:28.354870319,3657.26,ZAR,1
ACC206100,CUST100736,Current,2017-11-26 08:40:42.166699171,24952.93,ZAR,1
ACC206101,CUST100172,Current,2020-11-30 07:27:26.057519197,29579.72,ZAR,1
ACC206102,CUST101380,Savings,2021-04-03 02:11:09.015976191,63951.99,ZAR,1
ACC206103,CUST102463,Savings,2024-07-26 23:59:32.162478924,3892.37,ZAR,1
ACC206104,CUST100169,Credit Card,2025-08-12 01:59:11.279224634,-41871.52,ZAR,1
ACC206105,CUST101804,Credit Card,2018-07-31 16:50:18.054225683,-7385.12,ZAR,1
ACC206106,CUST101556,Savings,2018-11-04 14:50:18.722922802,70492.26,ZAR ,1
ACC206107,CUST104364,Credit Card,2018-04-04 10:32:38.767725468,38922.43,ZAR,1
ACC206108,CUST102070,Savings,2018-07-01 16:37:56.638144255,10183.54,ZAR,1
ACC206109,CUST100522,Current,2023-06-09 11:58:08.487251997,27444.82,ZAR,1
ACC206110,CUST101206,Current,2022-04-15 02:04:25.121738434,14374.74,ZAR,1
ACC206111,CUST104131,Credit Card,2015-11-26 05:44:38.126831770,56507.65,ZAR,1
ACC206112,CUST100063,Current,2021-08-18 19:51:28.566281796,38499.1,ZAR,1
ACC206113,CUST100665,Savings,2024-10-25 21:07:44.170451164,13844.63,ZAR,1
ACC206114,CUST100052,Savings,2015-09-12 15:19:27.069383144,61706.4,zar,1
ACC206115,CUST100246,Savings,2025-06-27 03:34:28.539945126,72072.2,ZAR,1
ACC206116,CUST104619,Current,2017-12-22 06:26:52.741937160,-11773.77,ZAR,1
ACC206117,CUST104953,Savings,2018-10-18 10:22:18.597654819,-11042.3,ZAR,1
ACC206118,CUST103674,Savings,2019-08-17 21:02:09.377503633,121039.8,ZAR,0
ACC206119,CUST100459,Savings,2016-08-24 20:37:24.518258809,50043.22,ZAR,1
ACC206120,CUST103491,Savings,2016-02-21 12:38:06.602205276,91773.36,ZAR,1
ACC206121,CUST103863,Current,2017-10-14 20:16:10.250290871,60694.71,ZAR,1
ACC206122,CUST103928,Fixed Deposit,2015-01-23 19:14:26.440234423,43377.11,ZAR ,1
ACC206123,CUST103735,Savings,2021-09-07 18:35:56.183795452,-60467.58,ZAR,1
ACC206124,CUST103470,Savings,2016-07-22 19:58:46.676295519,-23846.53,ZAR,1
ACC206125,CUST102211,Savings,2016-01-30 20:49:10.521765232,51012.91,ZAR,1
ACC206126,CUST100307,Current,2021-07-10 11:17:12.770584583,-11197.23,ZAR,1
ACC206127,CUST104119,Current,2021-11-11 19:09:56.681886196,19069.62,ZAR,0
ACC206128,CUST104628,Savings,2022-08-23 08:02:11.058459044,61413.82,ZAR,1
ACC206129,CUST102500,Savings,2020-10-31 23:16:53.642744541,30425.64,ZAR,1
ACC206130,CUST102144,Fixed Deposit,2025-03-29 16:28:14.795553446,,ZAR,1
ACC206131,CUST104588,Current,2016-06-12 03:48:44.350663424,80518.18,ZAR,1
ACC206132,CUST102267,Credit Card,2024-02-09 00:11:26.022437811,84479.11,ZAR,1
ACC206133,CUST101853,Savings,2019-10-06 09:08:43.179496288,22747.4,ZAR,1
ACC206134,CUST104432,Credit Card,2025-06-18 14:52:25.149442911,75958.08,ZAR,1
ACC206135,CUST104634,Credit Card,2017-09-19 01:31:15.493308067,-13433.32,ZAR,1
ACC206136,CUST101022,Savings,2025-12-22 23:50:19.336050749,34071.56,ZAR,1
ACC206137,CUST101376,Savings,2025-01-16 03:27:37.098519564,47640.68,ZAR,1
ACC206138,CUST101564,Savings,2017-01-02 12:14:40.671547174,20783.95,ZAR,1
ACC206139,CUST100798,Credit Card,2020-01-14 16:56:17.016571760,16117.98,ZAR,1
ACC206140,CUST104275,Savings,2017-10-25 05:03:03.528279780,-19776.56,ZAR,1
ACC206141,CUST104869,Savings,2016-08-23 20:21:47.680441380,23577.25,ZAR,1
ACC206142,CUST102598,Current,2019-06-30 07:37:52.728857040,-39339.01,ZAR,1
ACC206143,CUST103556,Current,2021-03-13 17:37:31.134439468,19672.78,ZAR,0
ACC206144,CUST102100,Current,2019-08-26 16:20:03.700057983,27412.27,ZAR,1
ACC206145,CUST104977,Current,2018-11-04 01:36:49.104257107,54809.22,ZAR,1
ACC206146,CUST104772,Savings,2018-10-18 22:34:54.548123360,-22051.85,ZAR,1
ACC206147,CUST103747,Savings,2016-11-12 03:54:59.952728748,38595.1,ZAR,1
ACC206148,CUST104443,Savings,2017-07-31 05:10:41.072895765,47788.01,ZAR,1
ACC206149,CUST100673,Fixed Deposit,2021-02-17 10:38:34.798277140,24117.66,ZAR,1
ACC206150,CUST104436,Business,2016-11-03 20:18:14.801470757,42896.96,ZAR,1
ACC206151,CUST102133,Credit Card,2024-08-09 17:25:43.311405182,35795.19,ZAR,1
ACC206152,CUST101061,Savings,2023-07-11 23:34:33.145624638,-79027.42,ZAR,1
ACC206153,CUST104656,Savings,2026-06-14 20:26:40.604786396,-11885.06,ZAR,1
ACC206154,CUST104219,Current,2018-09-01 19:32:26.251772642,110710.2,ZAR,1
ACC206155,CUST100674,Savings,2017-02-10 12:44:02.136431932,51241.17,ZAR,1
ACC206156,CUST103283,Fixed Deposit,2015-11-16 10:27:50.832977295,935.79,ZAR,0
ACC206157,CUST104410,Credit Card,2019-01-20 07:34:57.733313322,39665.1,ZAR,1
ACC206158,CUST103457,Business,2025-08-31 14:17:34.971514940,53439.16,ZAR,1
ACC206159,CUST102410,Fixed Deposit,2021-11-05 18:11:42.697873354,86644.91,ZAR,1
ACC206160,CUST100239,Current,2026-02-06 15:04:25.099340200,9427.19,ZAR,1
ACC206161,CUST102479,Savings,2025-08-02 06:51:03.785255432,1159.17,zar,1
ACC206162,CUST102778,Credit Card,2019-05-26 07:22:16.904812098,5089.95,ZAR,1
ACC206163,CUST104214,Current,2020-01-27 09:46:26.952100039,2144.36,ZAR,1
ACC206164,CUST101092,Fixed Deposit,2018-06-20 06:36:46.908130646,799.67,ZAR,1
ACC206165,CUST101032,Savings,2023-08-05 06:40:58.148884773,32495.58,zar,1
ACC206166,CUST104635,Current,2021-08-05 12:31:08.888988733,8158.03,ZAR,1
ACC206167,CUST104189,Current,2015-09-26 06:36:18.414474487,22516.7,ZAR,1
ACC206168,CUST102808,Savings,2025-08-21 23:59:08.036370277,99894.35,ZAR,0
ACC206169,CUST102229,Current,2024-02-05 14:39:44.491906643,-13315.72,ZAR,1
ACC206170,CUST103086,Savings,2025-10-21 10:26:32.348273516,38473.29,ZAR,1
ACC206171,CUST100761,Savings,2017-11-21 05:02:57.860553265,-20424.17,ZAR,1
ACC206172,CUST101216,Current,2023-09-21 03:45:56.485635042,62080.5,ZAR,1
ACC206173,CUST102708,Savings,2022-05-05 05:03:51.164612532,69759.35,ZAR,1
ACC206174,CUST102106,Credit Card,2016-06-05 01:23:03.114032745,-9706.86,ZAR,1
ACC206175,CUST100890,Savings,2018-01-02 23:36:25.431855202,-2834.74,ZAR,1
ACC206176,CUST102647,Credit Card,2017-03-22 03:43:08.099178553,51668.6,ZAR,1
ACC206177,CUST103265,Savings,2016-10-10 19:02:20.475794315,14020.53,ZAR,1
ACC206178,CUST104060,Current,2022-07-09 21:41:38.722578287,81686.24,ZAR,1
ACC206179,CUST103149,Current,2025-01-11 09:54:57.273723364,-23073.25,ZAR ,1
ACC206180,CUST103057,Credit Card,2026-06-10 16:32:39.450706482,68081.96,ZAR,1
ACC206181,CUST102783,Current,2017-06-28 13:39:10.567716599,114501.03,ZAR,1
ACC206182,CUST100565,Savings,2022-10-22 23:38:59.902337074,40683.42,ZAR,1
ACC206183,CUST101921,Current,2015-11-28 05:56:14.374959946,-475.65,ZAR,1
ACC206184,CUST102253,Savings,2017-10-08 02:52:07.294174194,-6084.1,ZAR,1
ACC206185,CUST102619,Savings,2024-10-24 09:45:08.881847143,18519.11,ZAR,1
ACC206186,CUST101477,Current,2025-11-26 15:03:46.955605984,52042.49,ZAR,1
ACC206187,CUST103720,Credit Card,2026-03-29 21:15:14.071559906,-34743.35,zar,1
ACC206188,CUST102694,Current,2020-05-18 16:49:19.146223068,12608.72,ZAR,1
ACC206189,CUST101528,Fixed Deposit,2023-07-10 11:34:17.266310692,30264.59,ZAR,1
ACC206190,CUST102349,Savings,2019-04-11 09:55:20.948262453,87166.44,ZAR,1
ACC206191,CUST103549,Savings,2023-02-13 05:43:46.887995481,99468.1,ZAR,1
ACC206192,CUST100111,Current,2016-10-05 18:26:18.895659685,19735.87,ZAR,1
ACC206193,CUST101705,Current,2016-05-31 13:18:38.983107090,-19334.57,ZAR,1
ACC206194,CUST101037,Savings,2026-05-24 12:31:06.380100250,30605.76,ZAR,1
ACC206195,CUST101607,Savings,2018-08-10 18:13:16.418048620,32038.36,ZAR,1
ACC206196,CUST103300,Business,2025-05-23 00:32:44.454343319,72445.04,ZAR ,1
ACC206197,CUST101067,Savings,2015-04-07 03:32:53.016478062,7252.44,ZAR,1
ACC206198,CUST102721,Savings,2024-08-18 03:05:12.913677692,-14560.17,ZAR,1
ACC206199,CUST101885,Savings,2025-11-06 04:23:05.894796848,24534.17,ZAR,1
ACC206200,CUST100266,Savings,2015-03-07 18:50:15.957893848,11395.63,ZAR,1
ACC206201,CUST104427,Savings,2019-07-05 13:52:01.739995003,10334.56,ZAR,1
ACC206202,CUST102988,Savings,2024-05-11 23:40:36.610973358,,ZAR,1
ACC206203,CUST101485,Savings,2015-01-19 22:42:38.558057070,-25218.41,ZAR,1
ACC206204,CUST102516,Savings,2018-07-13 13:53:13.728455067,49414.38,ZAR,1
ACC206205,CUST104935,Current,2017-12-28 07:04:31.087780952,35560.41,ZAR,1
ACC206206,CUST100751,Savings,2016-07-19 15:26:42.306484222,-7141.53,ZAR,1
ACC206207,CUST104258,Fixed Deposit,2016-01-08 02:49:04.995711327,57797.44,ZAR,1
ACC206208,CUST100009,Savings,2017-11-19 03:36:27.528661966,-48704.08,ZAR,1
ACC206209,CUST104320,Savings,2017-04-25 18:29:41.784571648,8680.22,ZAR,1
ACC206210,CUST101677,Credit Card,2026-04-14 17:25:07.226366520,33614.11,ZAR,1
ACC206211,CUST101480,Credit Card,2015-04-04 11:49:34.991107225,69313.92,ZAR,1
ACC206212,CUST103898,Current,2016-07-01 20:27:24.405643463,2779.77,ZAR,1
ACC206213,CUST100818,Savings,2024-05-07 05:19:36.429294109,69961.48,ZAR,1
ACC206214,CUST100665,Credit Card,2023-10-31 08:13:54.722409964,-1069.13,ZAR,1
ACC206215,CUST102333,Current,2020-06-03 17:01:53.309627771,57858.43,ZAR,1
ACC206216,CUST104722,Savings,2019-06-18 17:14:07.742634535,92286.52,ZAR,1
ACC206217,CUST101657,Savings,2019-01-05 01:18:30.288502693,-14997.66,ZAR,1
ACC206218,CUST102712,Savings,2026-04-10 19:54:15.031473875,31057.32,ZAR,1
ACC206219,CUST101989,Savings,2025-01-15 10:57:11.227756262,46624.79,ZAR,1
ACC206220,CUST103791,Savings,2018-01-12 06:00:07.451880693,-24770.24,ZAR,1
ACC206221,CUST104496,Savings,2020-05-04 14:16:22.790863037,42299.57,ZAR,1
ACC206222,CUST104884,Fixed Deposit,2023-08-22 09:05:05.048553228,2343.36,ZAR,1
ACC206223,CUST101345,Credit Card,2024-07-20 23:25:00.650598526,-8716.64,ZAR ,1
ACC206224,CUST101313,Savings,2016-05-30 23:41:22.849414349,8067.39,ZAR,1
ACC206225,CUST104622,Savings,2026-01-26 02:09:17.920094252,5156.46,ZAR,1
ACC206226,CUST102914,Current,2024-06-27 21:18:39.507099867,57027.54,ZAR,1
ACC206227,CUST101640,Savings,2020-10-31 00:18:47.794265509,24963.65,ZAR,0
ACC206228,CUST101703,Credit Card,2020-10-18 14:34:02.523295878,117429.07,ZAR,1
ACC206229,CUST100882,Business,2020-11-15 00:07:25.011737823,3556.46,ZAR,1
ACC206230,CUST100422,Current,2024-06-12 18:33:56.713720798,43955.33,ZAR,1
ACC206231,CUST101733,Savings,2021-04-30 11:28:57.532873630,18973.37,ZAR,1
ACC206232,CUST103967,Fixed Deposit,2024-05-30 01:57:46.073738337,-26047.15,ZAR,1
ACC206233,CUST103297,Current,2024-12-31 18:16:40.055755377,88617.58,zar,1
ACC206234,CUST100060,Current,2023-02-19 11:32:00.099030256,29782.73,ZAR,1
ACC206235,CUST100223,Credit Card,2015-07-18 06:49:00.454713821,-6238.39,ZAR,1
ACC206236,CUST104344,Savings,2020-03-09 09:14:26.091934681,40994.13,ZAR,1
ACC206237,CUST103967,Savings,2017-12-17 08:53:53.229525805,66336.45,ZAR,0
ACC206238,CUST103972,Credit Card,2015-07-03 21:45:57.671393156,-8954.47,ZAR,0
ACC206239,CUST104308,Savings,2022-07-06 13:08:25.181699753,27013.98,ZAR,1
ACC206240,CUST103192,Savings,2020-12-09 06:49:00.998695612,66613.52,zar,1
ACC206241,CUST101688,Current,2015-09-16 11:52:32.780892611,31603.06,zar,1
ACC206242,CUST102955,Savings,2022-03-15 05:04:59.932334661,47166.89,ZAR,1
ACC206243,CUST103210,Credit Card,2017-03-14 22:21:40.973312140,14437.7,ZAR,1
ACC206244,CUST104228,Business,2025-11-08 14:13:17.002734423,-37915.31,ZAR,1
ACC206245,CUST102658,Fixed Deposit,2023-01-27 20:32:57.561130762,14928.49,ZAR,1
ACC206246,CUST100278,Savings,2015-01-16 20:51:49.588540316,2574.73,ZAR,1
ACC206247,CUST103112,Fixed Deposit,2025-02-03 01:17:34.942390203,20639.63,ZAR,1
ACC206248,CUST103681,Savings,2015-10-03 05:45:08.067875147,3012.93,ZAR,1
ACC206249,CUST104727,Savings,2015-02-19 01:53:03.782875776,31811.62,ZAR,1
ACC206250,CUST100902,Savings,2019-07-30 19:18:12.681233883,11131.39,ZAR,1
ACC206251,CUST104301,Credit Card,2016-10-20 14:47:29.109186172,57354.03,ZAR,1
ACC206252,CUST100101,Savings,2024-06-21 15:35:45.067213535,49626.7,ZAR,1
ACC206253,CUST103652,Current,2025-12-10 00:05:44.816190243,-11977.51,ZAR,1
ACC206254,CUST101561,Credit Card,2024-01-27 20:21:01.399327517,75262.46,ZAR,1
ACC206255,CUST100587,Savings,2019-04-07 12:08:08.606793642,-3930.57,ZAR,1
ACC206256,CUST101635,Credit Card,2018-05-20 17:21:36.327419043,-19972.74,ZAR,1
ACC206257,CUST102759,Savings,2018-12-20 08:29:16.706806183,67214.23,ZAR,1
ACC206258,CUST100963,Savings,2016-01-02 05:20:57.501299143,1307.79,ZAR,1
ACC206259,CUST102752,Current,2025-06-19 05:28:01.006123781,28913.04,ZAR,1
ACC206260,CUST103554,Credit Card,2017-10-29 07:42:07.775573254,-26512.83,ZAR,1
ACC206261,CUST104380,Savings,2017-11-24 06:23:29.804152966,10358.76,ZAR,1
ACC206262,CUST102794,Credit Card,2023-04-17 03:50:44.234756947,20385.21,ZAR,1
ACC206263,CUST103007,Savings,2022-02-25 23:41:10.415484190,9298.2,ZAR,1
ACC206264,CUST104600,Current,2026-02-07 22:21:51.969191790,4447.71,ZAR,1
ACC206265,CUST100173,Savings,2026-05-13 18:50:52.808105469,26638.9,ZAR,1
ACC206266,CUST103808,Savings,2019-11-01 02:29:20.500926971,64601.31,ZAR,1
ACC206267,CUST104887,Current,2025-08-31 12:22:12.169542789,-12664.86,ZAR,1
ACC206268,CUST104130,Current,2026-01-23 05:17:22.248967409,-76098.85,ZAR,1
ACC206269,CUST104613,Savings,2024-11-30 09:30:26.181436539,74580.8,ZAR,1
ACC206270,CUST104512,Current,2025-10-19 13:36:27.812781096,-1332.64,ZAR,0
ACC206271,CUST102944,Savings,2021-12-12 23:16:09.723807573,2074.8,ZAR,1
ACC206272,CUST104031,Savings,2016-04-28 14:18:54.764214039,3185.14,ZAR,1
ACC206273,CUST101820,Savings,2024-12-15 00:00:04.830018044,-28134.15,ZAR,1
ACC206274,CUST100590,Fixed Deposit,2018-07-24 22:17:53.177229643,9203.76,ZAR,1
ACC206275,CUST100424,Savings,2025-09-18 08:04:54.857381821,13807.64,ZAR,1
ACC206276,CUST100927,Savings,2021-01-05 09:16:29.730729580,42409.92,ZAR,1
ACC206277,CUST103620,Savings,2020-09-02 11:37:32.315913677,3092.91,ZAR,1
ACC206278,CUST102009,Current,2024-08-17 10:48:19.626746178,-72655.05,ZAR,1
ACC206279,CUST104057,Savings,2019-07-01 08:47:25.681317329,-28494.26,ZAR,1
ACC206280,CUST101660,Savings,2016-03-25 07:31:44.960603476,69619.46,zar,1
ACC206281,CUST103954,Business,2024-01-29 05:08:21.802618742,-8606.14,ZAR ,1
ACC206282,CUST104427,Business,2018-05-14 06:25:43.960520744,46832.65,ZAR,1
ACC206283,CUST101634,Savings,2024-10-18 04:38:20.423633337,,ZAR,1
ACC206284,CUST102620,Current,2025-08-09 21:26:22.031088352,57513.26,ZAR,1
ACC206285,CUST102682,Fixed Deposit,2019-07-16 18:58:47.086603880,28963.36,ZAR,1
ACC206286,CUST104379,Business,2022-10-06 20:20:07.383463383,-33053.32,ZAR,1
ACC206287,CUST101874,Savings,2015-03-16 11:18:30.243726254,-21837.7,ZAR,1
ACC206288,CUST101935,Credit Card,2024-03-12 16:48:54.485198021,-34591.14,ZAR,1
ACC206289,CUST103877,Savings,2020-04-27 02:50:41.514408588,61498.7,ZAR,1
ACC206290,CUST104532,Current,2018-01-23 05:47:06.763982058,-25350.8,ZAR ,1
ACC206291,CUST100141,Current,2025-02-19 10:29:50.567117214,10229.58,ZAR,0
ACC206292,CUST100358,Credit Card,2019-09-28 07:28:55.744466782,21789.53,ZAR,1
ACC206293,CUST104666,Fixed Deposit,2024-07-15 00:53:41.347844124,33880.01,ZAR,1
ACC206294,CUST102227,Savings,2019-11-14 23:40:35.270778656,6558.67,ZAR,1
ACC206295,CUST102795,Savings,2025-12-30 09:48:20.131214856,-38020.93,ZAR,1
ACC206296,CUST104505,Current,2022-10-06 19:09:51.991061449,-23271.95,ZAR,1
ACC206297,CUST101984,Savings,2022-09-23 05:41:52.761698484,-17078.63,ZAR,1
ACC206298,CUST102248,Current,2016-06-07 13:02:50.788027763,-80929.11,zar,1
ACC206299,CUST104235,Credit Card,2023-08-28 23:38:23.796908379,42263.44,ZAR,1
ACC206300,CUST103663,Current,2021-01-09 14:38:33.457238674,45217.25,ZAR,1
ACC206301,CUST103468,Credit Card,2023-04-27 15:30:39.276659012,-17872.05,ZAR,1
ACC206302,CUST101804,Savings,2025-01-17 08:48:55.672869682,77181.28,ZAR,1
ACC206303,CUST103508,Savings,2023-02-22 09:54:17.739903212,20744.01,ZAR,0
ACC206304,CUST104146,Fixed Deposit,2020-10-12 08:19:51.578317642,58899.59,ZAR,1
ACC206305,CUST104565,Current,2024-11-13 04:51:41.670943737,56035.96,ZAR,0
ACC206306,CUST103157,Current,2023-07-20 10:17:39.525695801,19633.58,ZAR,1
ACC206307,CUST104358,Savings,2023-11-09 21:55:23.666584015,-56172.6,ZAR ,1
ACC206308,CUST104059,Credit Card,2025-07-22 17:18:24.433090448,32961.64,ZAR,1
ACC206309,CUST103657,Savings,2016-08-07 05:35:58.576371193,46056.36,ZAR,1
ACC206310,CUST102682,Credit Card,2020-10-11 21:23:21.509513377,-1102.43,ZAR,1
ACC206311,CUST102174,Savings,2016-06-08 03:56:54.872581959,31432.81,ZAR,1
ACC206312,CUST103188,Savings,2023-09-06 22:11:23.362537861,23853.05,ZAR,1
ACC206313,CUST104426,Savings,2020-01-02 07:56:57.419485569,-13131.35,ZAR,1
ACC206314,CUST102643,Savings,2023-05-06 00:32:29.197625637,21004.72,ZAR,1
ACC206315,CUST103499,Business,2016-05-30 00:41:44.769968271,4631.64,ZAR ,1
ACC206316,CUST102836,Current,2022-03-08 10:28:52.130869626,40002.82,ZAR,1
ACC206317,CUST103243,Current,2016-04-22 06:38:24.556960583,1399.75,ZAR,1
ACC206318,CUST103445,Savings,2019-02-02 20:20:55.068229198,-881973.8056939703,ZAR,1
ACC206319,CUST100260,Current,2021-03-15 22:44:05.127774239,-40509.52,ZAR,1
ACC206320,CUST100604,Savings,2023-01-04 11:43:56.630607128,113257.9,ZAR,1
ACC206321,CUST100194,Current,2020-10-20 13:48:38.991015434,6897.2,ZAR,1
ACC206322,CUST103842,Business,2023-06-19 00:40:27.831161499,-20220.56,ZAR,1
ACC206323,CUST104476,Savings,2017-01-05 11:06:37.251359224,49140.51,ZAR,1
ACC206324,CUST101776,Credit Card,2022-06-08 10:40:19.910372019,32477.09,ZAR,1
ACC206325,CUST100378,Business,2019-06-20 19:11:53.378329992,46927.95,ZAR,1
ACC206326,CUST100062,Business,2016-10-14 08:38:10.197612524,51163.76,zar,1
ACC206327,CUST102224,Credit Card,2024-11-18 20:42:53.816212654,68882.6,ZAR,1
ACC206328,CUST103218,Fixed Deposit,2026-04-21 00:53:08.272767067,-17590.38,ZAR,1
ACC206329,CUST101665,Savings,2017-10-10 11:29:15.829223156,30863.04,ZAR,1
ACC206330,CUST103068,Current,2016-10-28 09:21:22.556889772,-38161.69,ZAR ,1
ACC206331,CUST100767,Current,2023-11-08 16:59:13.778713942,12731.18,ZAR,1
ACC206332,CUST103629,Savings,2026-06-22 08:18:17.945663691,51826.13,ZAR,1
ACC206333,CUST101652,Savings,2019-11-06 13:54:07.022067308,-10808.43,ZAR,1
ACC206334,CUST104991,Savings,2024-02-28 13:55:15.827856064,114234.82,ZAR,1
ACC206335,CUST103847,Savings,2016-09-14 10:49:29.848197222,25721.18,ZAR,1
ACC206336,CUST102307,Current,2017-08-22 16:37:30.787074566,-47413.02,ZAR,1
ACC206337,CUST104732,Credit Card,2016-08-19 01:25:01.649657011,53209.47,ZAR,1
ACC206338,CUST104866,Current,2022-09-18 17:28:17.829269886,113807.72,ZAR,0
ACC206339,CUST100986,Current,2021-10-21 03:06:48.619994402,-64456.95,ZAR,1
ACC206340,CUST102888,Current,2022-08-31 19:26:01.378445148,53577.6,ZAR,1
ACC206341,CUST103272,Savings,2016-12-15 10:00:50.193300724,-14573.69,ZAR,1
ACC206342,CUST101789,Savings,2015-12-10 15:07:10.322016001,22838.67,ZAR,1
ACC206343,CUST104995,Savings,2021-03-08 16:23:55.800993681,-27366.99,ZAR,1
ACC206344,CUST103388,Fixed Deposit,2021-02-19 01:38:58.342472792,59140.0,ZAR,1
ACC206345,CUST103807,Fixed Deposit,2019-11-19 07:51:37.789264202,12263.08,ZAR ,1
ACC206346,CUST100982,Current,2022-11-28 22:13:24.485939026,71415.49,ZAR,1
ACC206347,CUST104510,Savings,2019-11-07 09:26:55.572524071,-16184.59,ZAR,1
ACC206348,CUST104831,Business,2024-12-01 21:58:31.293802261,16736.61,ZAR,0
ACC206349,CUST104521,Savings,2024-01-03 16:01:31.318039417,-67550.38,ZAR,1
ACC206350,CUST102205,Savings,2018-11-21 07:30:46.644538641,128908.35,ZAR,1
ACC206351,CUST104671,Current,2025-05-10 12:45:39.786394358,101786.29,ZAR,1
ACC206352,CUST100053,Current,2020-09-12 08:14:13.048472881,112170.7,ZAR,0
ACC206353,CUST101018,Business,2020-05-18 10:13:32.832366228,86324.17,ZAR,1
ACC206354,CUST103276,Credit Card,2023-05-08 19:06:59.761365652,1363.88,ZAR,1
ACC206355,CUST103863,Fixed Deposit,2026-01-28 02:27:12.072406530,23234.23,ZAR,1
ACC206356,CUST100601,Credit Card,2015-05-21 20:40:59.941280842,36657.65,ZAR,1
ACC206357,CUST101466,Fixed Deposit,2017-01-11 05:47:09.508778334,39978.18,ZAR,1
ACC206358,CUST100444,Current,2024-04-29 08:48:06.252074717,-18820.29,ZAR ,1
ACC206359,CUST100518,Current,2020-02-12 16:20:44.915165424,-20832.36,ZAR,0
ACC206360,CUST100117,Current,2024-12-11 04:58:50.870519876,-28483.17,ZAR,1
ACC206361,CUST104956,Fixed Deposit,2019-01-26 16:41:17.964002132,7938.82,ZAR,1
ACC206362,CUST104414,Savings,2026-04-19 11:04:05.835550547,12202.05,ZAR,1
ACC206363,CUST103042,Current,2017-07-02 12:20:48.357592106,6893.07,ZAR,1
ACC206364,CUST100168,Savings,2025-12-27 21:25:58.681045532,35048.88,ZAR,1
ACC206365,CUST103651,Current,2024-02-23 13:27:35.171993256,-30315.3,ZAR,1
ACC206366,CUST102686,Current,2026-04-13 11:03:30.658106804,-9175.04,ZAR,1
ACC206367,CUST103881,Savings,2016-11-15 06:39:01.229054928,-5412.71,ZAR,1
ACC206368,CUST102447,Current,2019-02-03 08:09:24.764272451,57758.07,ZAR,1
ACC206369,CUST100042,Current,2017-04-15 20:27:15.873130322,32899.58,ZAR,1
ACC206370,CUST104555,Savings,2024-08-10 21:08:43.100935936,38527.9,ZAR,1
ACC206371,CUST104398,Current,2018-02-08 23:15:52.004182339,-12357.75,ZAR,1
ACC206372,CUST104555,Savings,2021-02-02 03:13:11.572759867,26619.76,ZAR,1
ACC206373,CUST103307,Credit Card,2017-03-28 11:31:19.293976307,-5976.59,ZAR,1
ACC206374,CUST104604,Fixed Deposit,2023-03-12 08:05:09.105729103,-4607.34,zar,1
ACC206375,CUST100356,Savings,2023-08-09 23:09:23.542250633,39783.06,ZAR,1
ACC206376,CUST102000,Savings,2016-05-01 23:33:52.255064010,-875.77,zar,1
ACC206377,CUST101600,Savings,2022-12-11 06:53:37.106951237,20779.47,ZAR,1
ACC206378,CUST102367,Credit Card,2016-11-30 23:49:26.053372145,14204.36,ZAR,1
ACC206379,CUST100207,Savings,2026-01-19 07:55:02.175125599,-21969.12,ZAR,1
ACC206380,CUST104128,Current,2025-03-11 01:51:59.485704422,1899.88,ZAR,1
ACC206381,CUST101494,Savings,2017-05-02 14:57:32.696089506,2540.01,ZAR,1
ACC206382,CUST100600,Credit Card,2018-12-09 09:43:01.188249588,9732.74,ZAR,1
ACC206383,CUST100988,Current,2021-11-25 03:16:22.941208363,-47116.49,zar,1
ACC206384,CUST100572,Current,2024-05-05 20:59:09.603703022,-4171.38,ZAR,1
ACC206385,CUST103431,Current,2025-12-04 02:24:57.961716413,61474.17,ZAR,1
ACC206386,CUST104608,Credit Card,2019-11-08 11:25:03.077755928,42495.53,ZAR,1
ACC206387,CUST100418,Current,2020-08-29 19:00:15.180120230,9021.76,ZAR,1
ACC206388,CUST100147,Current,2016-10-24 05:54:13.511105061,-22189.68,zar,1
ACC206389,CUST104401,Savings,2019-01-18 04:50:50.382084370,29016.0,ZAR,1
ACC206390,CUST101914,Savings,2026-06-28 00:00:28.322733641,63707.22,ZAR,1
ACC206391,CUST100602,Savings,2025-11-09 09:36:08.920490265,85681.69,ZAR,1
ACC206392,CUST100974,Current,2019-10-17 08:37:03.337901831,4040.33,ZAR,1
ACC206393,CUST103382,Current,2017-08-02 14:43:22.594184875,-17403.34,ZAR,0
ACC206394,CUST100419,Business,2021-08-20 13:51:37.590542793,44270.42,ZAR,1
ACC206395,CUST102012,Savings,2019-11-26 11:36:51.930300713,39364.33,ZAR,0
ACC206396,CUST104869,Current,2023-09-19 10:41:30.369375229,25417.43,zar,1
ACC206397,CUST102154,Credit Card,2022-04-18 12:12:32.717049122,-408.25,ZAR,1
ACC206398,CUST100829,Savings,2022-08-27 01:29:58.133566856,-27353.56,ZAR,1
ACC206399,CUST103794,Current,2019-05-03 08:44:09.167808533,51983.87,ZAR ,1
ACC206400,CUST102159,Current,2022-02-23 12:14:51.977445602,60861.49,ZAR,1
ACC206401,CUST101989,Savings,2022-12-27 00:18:29.715030432,10600.95,ZAR,1
ACC206402,CUST101280,Savings,2022-07-04 01:16:04.155586243,93421.64,zar,1
ACC206403,CUST103765,Savings,2023-01-20 23:36:24.425321102,34448.89,ZAR,0
ACC206404,CUST102455,Savings,2025-04-23 12:26:44.408824205,18001.76,ZAR,1
ACC206405,CUST102419,Fixed Deposit,2018-02-08 09:49:48.453875780,-22314.73,ZAR,1
ACC206406,CUST103834,Savings,2016-10-23 00:06:32.632619858,-43018.8,ZAR,1
ACC206407,CUST101814,Savings,2015-05-27 14:08:18.907728910,4521.59,ZAR,1
ACC206408,CUST103298,Current,2023-02-09 06:20:32.677452803,39750.09,ZAR,1
ACC206409,CUST100860,Business,2018-11-19 18:54:49.574505091,,ZAR,1
ACC206410,CUST102858,Savings,2020-11-09 22:36:37.956896544,27702.49,ZAR,1
ACC206411,CUST102143,Credit Card,2015-11-07 04:41:35.117681265,48690.31,ZAR,1
ACC206412,CUST102553,Savings,2025-09-25 22:03:58.908533335,-8090.03,ZAR,1
ACC206413,CUST101825,Savings,2021-10-25 07:46:02.195250988,33346.12,ZAR,1
ACC206414,CUST100659,Fixed Deposit,2016-06-11 10:32:12.968518972,28119.16,ZAR,1
ACC206415,CUST104602,Credit Card,2019-09-15 18:51:28.211017132,-12818.95,ZAR,1
ACC206416,CUST102012,Current,2018-08-16 10:53:11.196224689,78527.32,ZAR,1
ACC206417,CUST103736,Savings,2025-01-14 01:18:40.638082981,19637.86,ZAR,1
ACC206418,CUST104526,Current,2025-02-23 08:29:24.002592802,69214.45,ZAR,1
ACC206419,CUST102217,Savings,2024-02-26 16:40:15.355669022,25385.9,ZAR,1
ACC206420,CUST104102,Savings,2019-06-30 20:50:57.008273363,11744.05,ZAR,0
ACC206421,CUST102195,Credit Card,2025-12-03 15:01:07.760274172,-6251.13,ZAR,1
ACC206422,CUST100323,Current,2018-03-10 11:08:45.437432051,10985.57,zar,1
ACC206423,CUST104411,Current,2022-08-30 05:27:08.687974453,83587.92,ZAR,1
ACC206424,CUST104202,Savings,2021-01-23 06:14:34.683755398,-10946.88,ZAR,1
ACC206425,CUST102830,Credit Card,2020-01-26 09:02:04.388380527,51652.89,ZAR,1
ACC206426,CUST104140,Business,2017-03-08 06:11:56.088635921,12552.7,ZAR ,1
ACC206427,CUST103346,Fixed Deposit,2017-10-11 20:36:58.594224930,48579.77,ZAR,1
ACC206428,CUST104009,Savings,2024-07-08 01:39:46.993957520,33274.9,ZAR,1
ACC206429,CUST100283,Savings,2022-09-29 15:52:52.462996721,-28331.63,ZAR,0
ACC206430,CUST104074,Current,2025-10-13 22:11:44.372287273,31627.58,ZAR,1
ACC206431,CUST101071,Current,2022-11-21 20:11:34.053282261,111629.42,ZAR,1
ACC206432,CUST104915,Fixed Deposit,2015-09-15 01:54:39.759495974,37299.13,ZAR,1
ACC206433,CUST104831,Savings,2016-05-06 21:56:33.807041168,62082.51,ZAR,1
ACC206434,CUST100276,Current,2023-05-19 10:36:17.374066830,36889.12,zar,1
ACC206435,CUST103258,Savings,2017-11-27 09:49:10.782534122,56529.08,ZAR,1
ACC206436,CUST101919,Fixed Deposit,2017-11-17 20:48:18.605742455,-3721.15,ZAR,1
ACC206437,CUST101274,Savings,2019-09-15 18:06:00.987021208,20142.75,ZAR,0
ACC206438,CUST104842,Fixed Deposit,2023-08-19 09:25:58.265938759,60203.03,ZAR,1
ACC206439,CUST102007,Fixed Deposit,2022-05-26 04:26:00.602660656,10993.41,ZAR,1
ACC206440,CUST102763,Savings,2017-04-01 17:47:45.971820593,67886.53,ZAR,1
ACC206441,CUST101567,Credit Card,2025-05-19 05:41:30.165031433,-15141.67,ZAR,1
ACC206442,CUST103411,Savings,2026-04-05 14:44:13.477832794,27352.39,ZAR,1
ACC206443,CUST101262,Savings,2024-03-03 23:57:22.538270712,14645.19,ZAR,1
ACC206444,CUST101809,Current,2017-03-27 15:59:58.144592285,130531.02,ZAR,0
ACC206445,CUST103525,Fixed Deposit,2024-03-11 09:10:51.637519836,9408.61,ZAR,1
ACC206446,CUST101059,Savings,2021-01-15 09:54:30.346812248,41808.82,ZAR,1
ACC206447,CUST103923,Savings,2015-05-01 19:00:03.036664009,-54655.97,ZAR,1
ACC206448,CUST104892,Current,2022-09-24 15:33:52.718708038,-21713.04,ZAR,1
ACC206449,CUST103519,Current,2026-04-25 11:35:17.090647697,37230.34,ZAR,1
ACC206450,CUST101808,Savings,2019-12-31 14:58:13.483541965,14444.34,ZAR,1
ACC206451,CUST100907,Savings,2015-09-25 18:52:56.874450207,15214.07,ZAR,1
ACC206452,CUST102804,Savings,2017-09-02 11:09:04.193036318,12000.91,ZAR,1
ACC206453,CUST102189,Current,2021-06-20 07:32:45.486694813,17598.96,zar,1
ACC206454,CUST101219,Current,2024-02-29 07:57:12.093865395,-43459.86,ZAR,1
ACC206455,CUST101835,Credit Card,2017-02-23 17:50:37.435672760,21529.15,ZAR,1
ACC206456,CUST104834,Savings,2017-07-16 23:27:43.245260477,16227.75,ZAR,1
ACC206457,CUST100844,Credit Card,2025-09-06 11:48:25.077731371,67659.15,ZAR,1
ACC206458,CUST101292,Current,2025-03-18 14:27:42.142947197,58405.89,ZAR,1
ACC206459,CUST101743,Savings,2025-08-09 07:15:28.898633003,-88149.32,ZAR,0
ACC206460,CUST104569,Fixed Deposit,2017-01-13 13:11:53.413920403,-4385.63,ZAR,1
ACC206461,CUST101791,Current,2025-10-20 07:17:14.451532364,97084.04,ZAR ,0
ACC206462,CUST101459,Current,2018-12-08 22:36:37.144426107,61236.71,ZAR,1
ACC206463,CUST101487,Savings,2020-12-26 07:28:24.322751760,44634.29,ZAR,1
ACC206464,CUST104734,Savings,2020-04-14 14:18:51.747469902,4890.79,ZAR,0
ACC206465,CUST101768,Current,2026-04-29 06:49:28.413239479,54603.96,ZAR,1
ACC206466,CUST101836,Fixed Deposit,2018-01-16 02:11:22.694493294,-35612.15,ZAR,1
ACC206467,CUST101822,Current,2026-02-03 09:51:52.659931660,2362.69,ZAR,1
ACC206468,CUST104360,Savings,2026-02-09 05:08:34.549118996,38793.53,ZAR,1
ACC206469,CUST103551,Current,2025-08-16 19:14:48.279656887,49304.45,ZAR,1
ACC206470,CUST102999,Savings,2019-02-20 01:11:28.540527344,33655.81,ZAR,1
ACC206471,CUST101066,Savings,2019-05-06 09:24:56.364329338,40742.97,ZAR,1
ACC206472,CUST100569,Credit Card,2017-05-13 04:50:19.945503712,31567.38,ZAR,0
ACC206473,CUST100440,Current,2020-07-04 08:26:19.259256840,12389.81,ZAR,1
ACC206474,CUST101478,Credit Card,2017-11-17 17:03:33.714547396,78627.86,ZAR,1
ACC206475,CUST103957,Savings,2022-04-06 17:40:05.786613941,99054.02,ZAR,1
ACC206476,CUST103804,Savings,2025-01-18 07:57:12.664550304,22968.34,ZAR,1
ACC206477,CUST103911,Current,2025-12-31 02:10:50.340548515,-22010.49,ZAR,1
ACC206478,CUST103337,Current,2020-01-26 02:03:14.081806660,15603.05,ZAR,1
ACC206479,CUST102578,Current,2019-12-31 09:48:56.986989021,28473.82,ZAR,1
ACC206480,CUST101780,Credit Card,2020-12-16 15:57:22.978667974,-63399.35,ZAR,0
ACC206481,CUST103633,Current,2025-07-23 06:50:07.969907761,78538.99,ZAR,1
ACC206482,CUST100976,Current,2015-11-29 22:39:23.633523226,-531.54,ZAR,1
ACC206483,CUST100342,Savings,2018-07-19 12:26:02.651029348,-8071.19,ZAR,1
ACC206484,CUST104144,Current,2017-04-13 19:28:55.938984394,11417.74,ZAR,1
ACC206485,CUST102372,Current,2023-12-24 01:54:51.999623775,6090.05,ZAR,1
ACC206486,CUST103111,Current,2019-05-20 01:37:12.219141245,27267.21,ZAR,1
ACC206487,CUST104785,Savings,2026-03-03 00:39:45.580695152,56586.24,ZAR,1
ACC206488,CUST103409,Fixed Deposit,2026-05-05 00:19:33.450273514,76021.94,ZAR,1
ACC206489,CUST103821,Savings,2025-03-15 00:23:16.105521917,56621.43,ZAR,1
ACC206490,CUST102395,Business,2020-11-22 22:11:25.475451708,-12711.09,ZAR,1
ACC206491,CUST101592,Credit Card,2025-10-12 20:12:41.752982616,20638.47,ZAR,1
ACC206492,CUST101751,Current,2019-05-14 08:51:39.082027912,29186.84,ZAR,1
ACC206493,CUST104504,Savings,2019-07-20 14:40:36.811306953,37288.27,ZAR,1
ACC206494,CUST101911,Current,2020-06-23 11:39:04.304424047,44571.03,ZAR,0
ACC206495,CUST104667,Savings,2023-01-27 22:50:34.426466227,28111.8,ZAR,1
ACC206496,CUST100155,Fixed Deposit,2015-09-26 12:28:58.231218815,21542.87,ZAR,1
ACC206497,CUST101463,Savings,2021-03-16 17:19:27.110790253,61429.42,ZAR,1
ACC206498,CUST104718,Savings,2026-03-09 12:32:32.038373947,19688.37,ZAR,1
ACC206499,CUST102899,Current,2015-10-12 18:02:15.339659929,63277.6,ZAR,1
ACC206500,CUST101832,Savings,2016-01-01 01:10:18.824525118,57537.91,ZAR,1
ACC206501,CUST100878,Current,2025-12-06 06:29:33.450019836,83109.56,ZAR,1
ACC206502,CUST102414,Credit Card,2024-08-16 23:49:16.812167645,33710.03,ZAR,1
ACC206503,CUST104787,Savings,2015-01-03 16:55:09.781620264,82747.62,ZAR,1
ACC206504,CUST101785,Savings,2020-03-24 05:34:06.861007929,12860.15,ZAR,1
ACC206505,CUST102408,Current,2018-08-02 06:01:51.520359515,38824.75,ZAR,1
ACC206506,CUST101775,Current,2016-12-09 18:53:54.272716284,55600.5,ZAR,1
ACC206507,CUST104303,Current,2015-08-10 02:20:08.469540119,-15426.78,ZAR,0
ACC206508,CUST103428,Savings,2017-11-23 02:46:23.434467554,9289.11,ZAR,1
ACC206509,CUST103084,Current,2022-07-24 01:35:21.228332520,-1714.81,ZAR,1
ACC206510,CUST103351,Savings,2018-07-09 11:45:56.596036673,,ZAR,1
ACC206511,CUST102058,Savings,2018-07-25 06:49:35.963510513,3691.8,ZAR,1
ACC206512,CUST104051,Current,2018-01-15 10:02:55.995124102,29261.81,ZAR,1
ACC206513,CUST103068,Savings,2016-02-15 18:43:53.094823360,21882.45,ZAR ,1
ACC206514,CUST100358,Current,2021-11-13 09:44:20.563810825,13822.59,ZAR ,1
ACC206515,CUST101867,Savings,2023-06-21 15:31:29.038690805,31032.09,ZAR,1
ACC206516,CUST104370,Current,2026-05-08 11:40:32.460898638,-2295.4,ZAR,1
ACC206517,CUST101273,Savings,2017-08-16 12:16:23.125698090,-9487.59,ZAR ,1
ACC206518,CUST104783,Savings,2016-11-20 04:38:11.795936108,-22729.9,ZAR,1
ACC206519,CUST104074,Credit Card,2023-03-11 18:23:59.670301437,-46518.66,ZAR,1
ACC206520,CUST104945,Business,2018-09-29 01:16:02.003548384,-2188.06,ZAR,1
ACC206521,CUST103988,Business,2020-11-21 05:36:43.293648481,46552.74,ZAR,1
ACC206522,CUST100643,Current,2023-03-17 01:23:34.891913652,,zar,1
ACC206523,CUST100954,Savings,2019-11-10 17:43:04.714397192,25487.4,ZAR,1
ACC206524,CUST102433,Credit Card,2019-04-20 21:04:09.953615427,8812.14,ZAR,1
ACC206525,CUST101791,Current,2020-02-03 13:27:23.253737688,102288.75,ZAR,1
ACC206526,CUST104695,Business,2020-04-16 21:36:00.497112036,31621.91,ZAR,1
ACC206527,CUST104243,Current,2015-01-04 04:36:42.255021094,2252.59,ZAR,1
ACC206528,CUST103794,Current,2017-03-08 19:30:08.434460402,-17273.79,ZAR,1
ACC206529,CUST104704,Savings,2022-01-21 11:04:46.863270521,93527.77,ZAR,1
ACC206530,CUST100301,Savings,2015-03-15 19:03:30.920104742,-31076.11,ZAR,1
ACC206531,CUST103509,Current,2018-03-15 08:21:15.078171968,-6790.15,ZAR,1
ACC206532,CUST104351,Business,2020-02-07 00:17:45.501468420,-6766.73,ZAR,1
ACC206533,CUST104875,Current,2020-02-12 22:23:46.271193504,23611.91,ZAR,1
ACC206534,CUST104192,Savings,2015-07-22 04:11:31.424654007,39202.08,ZAR,1
ACC206535,CUST104045,Savings,2025-02-19 18:18:52.918708801,27737.64,ZAR,1
ACC206536,CUST103900,Savings,2016-01-18 17:23:54.893583298,10414.11,ZAR,1
ACC206537,CUST100641,Business,2025-02-21 08:06:02.016282797,-30887.2,ZAR,1
ACC206538,CUST102059,Savings,2026-06-23 03:17:53.518856764,99264.88,ZAR,1
ACC206539,CUST104378,Savings,2017-01-25 15:12:38.959825039,35596.48,ZAR,1
ACC206540,CUST103161,Current,2015-10-26 12:49:15.220540285,47704.48,ZAR,1
ACC206541,CUST101300,Current,2016-05-27 07:01:57.094325304,-2040.57,ZAR,1
ACC206542,CUST103579,Credit Card,2024-11-15 05:37:27.476876259,13115.81,ZAR,1
ACC206543,CUST100130,Savings,2026-04-06 01:42:26.106594801,71914.19,ZAR,1
ACC206544,CUST101983,Fixed Deposit,2021-11-06 21:37:29.820460081,-63208.14,ZAR,1
ACC206545,CUST103771,Current,2025-12-20 21:50:56.248891592,55539.97,ZAR,1
ACC206546,CUST103920,Savings,2023-11-30 18:30:30.738877296,15119.16,ZAR,1
ACC206547,CUST102545,Savings,2021-08-02 14:50:55.816287994,41639.38,ZAR,0
ACC206548,CUST101366,Current,2025-08-03 11:35:27.560105324,91596.09,ZAR,1
ACC206549,CUST102483,Current,2020-06-03 16:58:34.913406372,5887.62,ZAR,1
ACC206550,CUST100918,Current,2019-10-08 05:53:36.816799879,-83080.48,ZAR,1
ACC206551,CUST104680,Savings,2023-05-04 04:50:52.971927643,-18654.62,ZAR,1
ACC206552,CUST104294,Savings,2023-09-02 20:37:40.830383062,25516.85,ZAR,1
ACC206553,CUST103610,Savings,2019-02-08 13:48:54.112903357,90963.98,ZAR,1
ACC206554,CUST101696,Credit Card,2020-07-04 19:08:03.812373877,9473.2,ZAR,1
ACC206555,CUST100717,Current,2017-07-01 22:34:44.928622961,86921.68,ZAR,1
ACC206556,CUST100283,Savings,2016-05-21 17:44:45.815215588,-67984.3,ZAR,1
ACC206557,CUST101916,Current,2019-01-28 04:05:12.110231638,4856.87,ZAR,1
ACC206558,CUST104163,Fixed Deposit,2020-09-15 12:12:52.006897211,66515.79,ZAR,1
ACC206559,CUST101849,Savings,2016-10-27 07:48:17.139968634,62754.71,ZAR,1
ACC206560,CUST103995,Savings,2016-11-20 13:05:59.157614231,-53168.9,ZAR,1
ACC206561,CUST100883,Savings,2016-06-08 09:57:43.383585930,-8601.65,ZAR ,1
ACC206562,CUST104011,Savings,2025-02-21 10:51:59.629489422,19464.2,ZAR,1
ACC206563,CUST100384,Savings,2023-01-15 01:00:39.401820421,-1564.13,ZAR,1
ACC206564,CUST101704,Business,2016-09-07 13:54:34.504896401,71771.54,ZAR,1
ACC206565,CUST100750,Credit Card,2022-08-29 04:29:47.517838478,25515.03,ZAR,1
ACC206566,CUST103016,Credit Card,2020-08-17 01:03:18.234448433,-32774.51,ZAR,1
ACC206567,CUST100938,Fixed Deposit,2021-07-20 04:42:12.668143988,43427.6,ZAR,1
ACC206568,CUST100069,Savings,2024-08-06 00:25:41.454969406,45547.13,ZAR,1
ACC206569,CUST101609,Fixed Deposit,2020-07-06 12:58:52.854850054,-20969.86,ZAR,1
ACC206570,CUST100011,Business,2018-05-03 16:13:30.133782624,-10639.83,ZAR,1
ACC206571,CUST101896,Current,2024-01-14 00:06:26.258128405,-3467.22,ZAR,1
ACC206572,CUST101296,Fixed Deposit,2016-11-05 07:44:45.864405155,79663.43,ZAR,1
ACC206573,CUST104666,Credit Card,2025-09-16 14:43:40.655623198,21468.81,ZAR,1
ACC206574,CUST102626,Savings,2025-11-26 15:10:33.341832399,-63373.91,ZAR,1
ACC206575,CUST102199,Savings,2018-12-30 00:21:29.393204927,-23136.55,ZAR ,0
ACC206576,CUST103001,Current,2023-12-11 15:09:37.420792580,53634.77,ZAR,1
ACC206577,CUST100684,Current,2025-09-05 01:42:50.726241589,,ZAR,1
ACC206578,CUST100667,Savings,2025-08-24 07:45:19.659382343,-24095.8,ZAR,1
ACC206579,CUST100770,Savings,2016-04-28 19:26:00.163300753,9862.24,ZAR,0
ACC206580,CUST104338,Savings,2016-12-10 16:25:15.004551888,64252.43,ZAR,1
ACC206581,CUST103726,Savings,2020-09-05 10:05:09.016120434,112044.77,ZAR,1
ACC206582,CUST104797,Current,2021-05-24 07:27:23.571598053,22681.4,ZAR,1
ACC206583,CUST104062,Savings,2018-12-26 13:12:25.282437325,44583.68,ZAR,1
ACC206584,CUST100596,Savings,2015-11-21 02:48:38.431711912,20992.3,ZAR,1
ACC206585,CUST100826,Business,2019-12-22 16:20:02.540537596,33757.86,zar,1
ACC206586,CUST104119,Current,2018-04-04 03:52:09.375857830,-12000.17,ZAR,0
ACC206587,CUST102735,Fixed Deposit,2020-03-08 14:14:08.746590614,82800.7,ZAR,0
ACC206588,CUST103071,Savings,2018-03-02 01:55:18.465933084,6664.14,ZAR,1
ACC206589,CUST101168,Savings,2020-01-18 22:20:26.854327679,-18978.15,ZAR,1
ACC206590,CUST102511,Current,2021-10-23 16:18:54.508560896,-5765.46,ZAR,1
ACC206591,CUST104510,Business,2019-03-05 07:59:05.258902550,51598.81,ZAR,0
ACC206592,CUST102445,Current,2017-06-10 01:30:51.955208063,-2955.76,ZAR,1
ACC206593,CUST103439,Fixed Deposit,2019-08-05 13:11:22.309608936,85667.33,ZAR,1
ACC206594,CUST103749,Savings,2018-01-06 21:38:04.025342226,50582.26,ZAR,1
ACC206595,CUST104624,Savings,2015-09-29 14:16:01.618548393,,ZAR,1
ACC206596,CUST101044,Fixed Deposit,2022-05-05 01:20:35.935235023,8251.49,ZAR,1
ACC206597,CUST104552,Current,2022-05-05 05:33:08.897621393,142.13,zar,1
ACC206598,CUST103044,Savings,2018-09-07 06:16:58.966770649,26317.06,ZAR,1
ACC206599,CUST104165,Savings,2026-02-09 14:13:06.526448727,-22486.14,ZAR ,1
ACC206600,CUST101306,Credit Card,2024-02-20 14:19:14.200780392,43896.45,ZAR,1
ACC206601,CUST100589,Savings,2025-06-14 04:24:43.695468426,61690.42,ZAR,0
ACC206602,CUST100425,Current,2020-06-08 15:25:15.226443052,-2680.94,ZAR,1
ACC206603,CUST101916,Savings,2021-01-24 14:17:13.212557077,52590.59,zar,1
ACC206604,CUST102764,Savings,2023-01-03 15:52:35.766840219,35186.06,ZAR,1
ACC206605,CUST101439,Savings,2021-10-23 14:48:34.241760492,69649.91,ZAR,1
ACC206606,CUST101343,Savings,2022-09-27 14:26:05.307091951,90744.31,ZAR,1
ACC206607,CUST104080,Current,2020-01-04 04:53:14.564228058,56269.85,ZAR,1
ACC206608,CUST103713,Savings,2016-07-15 22:21:54.760086298,22748.72,ZAR,1
ACC206609,CUST103171,Credit Card,2024-05-27 22:34:47.890150785,73230.73,ZAR,0
ACC206610,CUST103252,Current,2019-06-27 11:12:48.185042381,26892.38,ZAR,1
ACC206611,CUST104231,Savings,2022-01-17 10:10:44.582498074,14378.01,ZAR,1
ACC206612,CUST101121,Current,2019-04-10 22:45:05.106519222,609.14,ZAR,1
ACC206613,CUST104698,Current,2020-08-01 14:43:22.136076927,28910.39,ZAR,1
ACC206614,CUST104307,Savings,2022-05-26 19:39:36.529014349,65206.15,zar,1
ACC206615,CUST101719,Savings,2021-09-13 02:18:24.720200777,-16259.34,zar,0
ACC206616,CUST101734,Current,2016-08-19 02:56:27.978011847,-24606.18,zar,1
ACC206617,CUST100922,Savings,2017-09-22 18:55:31.050738573,-23811.72,ZAR,1
ACC206618,CUST103545,Credit Card,2017-01-05 11:50:17.267093181,65875.25,ZAR,1
ACC206619,CUST101519,Savings,2021-09-02 00:38:15.092036247,40929.37,ZAR,1
ACC206620,CUST101336,Savings,2019-07-28 01:13:45.678165913,83978.96,ZAR,1
ACC206621,CUST103361,Savings,2017-11-08 09:11:11.075936079,,zar,1
ACC206622,CUST100982,Savings,2015-07-06 11:09:25.944261789,-23908.29,ZAR,1
ACC206623,CUST100565,Savings,2023-11-21 16:07:43.617813587,87279.38,ZAR,1
ACC206624,CUST104301,Savings,2015-08-17 14:24:05.845264196,-4417.96,ZAR,1
ACC206625,CUST100198,Savings,2019-05-30 14:32:58.069676399,52034.55,zar,1
ACC206626,CUST104593,Current,2020-04-11 22:42:53.752028227,-28368.76,ZAR,0
ACC206627,CUST103417,Savings,2020-03-31 09:46:59.230862379,32231.08,ZAR,1
ACC206628,CUST101760,Business,2016-08-08 20:19:31.242110252,18474.59,ZAR,1
ACC206629,CUST102821,Current,2023-03-21 00:12:43.270614862,-31958.0,zar,1
ACC206630,CUST101574,Credit Card,2017-08-18 21:29:34.015094757,100677.67,ZAR ,1
ACC206631,CUST102045,Current,2022-04-14 22:44:13.260972977,-10533.49,ZAR,1
ACC206632,CUST103512,Savings,2019-05-19 01:56:19.461502790,-12407.96,zar,0
ACC206633,CUST104545,Current,2021-01-13 12:55:40.888333321,-1174.28,ZAR,1
ACC206634,CUST101136,Current,2020-03-27 21:35:28.091602087,-62164.41,ZAR,1
ACC206635,CUST102667,Current,2026-01-23 18:02:13.944141388,11913.79,ZAR,1
ACC206636,CUST104321,Fixed Deposit,2019-01-05 13:45:01.833790064,-1163.52,ZAR,1
ACC206637,CUST100070,Savings,2016-10-09 04:28:37.574732304,64692.53,ZAR,1
ACC206638,CUST100042,Savings,2019-03-07 07:24:48.295259953,37637.46,ZAR,1
ACC206639,CUST103074,Credit Card,2020-10-11 23:02:38.290719271,-25712.15,ZAR,1
ACC206640,CUST100710,Savings,2015-10-08 04:40:15.504029751,-1134.51,ZAR,1
ACC206641,CUST104965,Credit Card,2025-08-21 00:55:32.046110630,111228.88,ZAR,1
ACC206642,CUST100603,Credit Card,2017-04-20 14:39:42.555731773,-11475.13,ZAR,1
ACC206643,CUST103691,Credit Card,2025-10-11 11:15:21.428825378,57941.52,ZAR,1
ACC206644,CUST101589,Savings,2019-09-06 16:14:41.109454155,-2204.13,ZAR,1
ACC206645,CUST104619,Savings,2021-06-07 09:59:42.256840228,-15121.78,ZAR,1
ACC206646,CUST104330,Current,2022-11-29 04:19:30.429033279,3325.23,ZAR ,1
ACC206647,CUST103992,Savings,2015-10-02 17:34:57.759137630,83815.86,ZAR,1
ACC206648,CUST103200,Credit Card,2019-10-17 21:41:48.621534109,-33694.09,ZAR,1
ACC206649,CUST101080,Current,2018-04-06 05:55:38.809970617,51263.09,ZAR,1
ACC206650,CUST100537,Current,2016-12-13 21:12:49.923408270,73777.52,ZAR,1
ACC206651,CUST101310,Savings,2022-09-30 20:31:02.856294155,2920.66,ZAR,1
ACC206652,CUST100394,Current,2016-12-01 13:37:11.540298462,64880.88,ZAR,0
ACC206653,CUST103925,Savings,2021-10-01 14:19:05.097652435,58655.73,ZAR,1
ACC206654,CUST101442,Current,2019-07-10 12:57:39.158019066,-7262.99,zar,1
ACC206655,CUST102200,Savings,2026-04-22 11:15:03.333912611,-12992.24,ZAR,1
ACC206656,CUST103099,Current,2025-07-01 20:14:23.024474382,18841.58,ZAR,1
ACC206657,CUST103507,Credit Card,2015-02-02 00:09:53.617347717,29326.83,ZAR,1
ACC206658,CUST102968,Savings,2024-05-22 21:25:20.783384323,,ZAR,1
ACC206659,CUST103679,Savings,2016-12-14 10:03:46.581043482,47601.88,ZAR,1
ACC206660,CUST100571,Current,2020-06-13 04:19:01.062811852,-5951.27,ZAR,1
ACC206661,CUST101399,Credit Card,2024-05-27 18:57:27.671693802,-11464.92,ZAR,1
ACC206662,CUST103803,Savings,2018-04-30 23:42:31.394257307,25157.95,ZAR,1
ACC206663,CUST103590,Savings,2023-07-02 04:29:04.121033192,34139.41,ZAR,1
ACC206664,CUST103161,Credit Card,2017-10-16 02:51:56.526895046,77477.05,ZAR,1
ACC206665,CUST104699,Current,2025-02-09 15:33:21.700570345,43173.11,ZAR,1
ACC206666,CUST104915,Savings,2020-02-01 01:33:49.441008568,,ZAR,1
ACC206667,CUST100419,Savings,2017-04-22 23:45:11.511294365,11199.34,ZAR,1
ACC206668,CUST102762,Current,2015-08-14 19:07:18.239541531,11470.18,ZAR,1
ACC206669,CUST104503,Savings,2022-01-09 14:10:46.776743412,-422.0,ZAR,1
ACC206670,CUST101636,Current,2022-11-28 14:39:49.258642197,32312.17,ZAR,1
ACC206671,CUST100294,Credit Card,2022-11-18 15:23:00.363583565,30823.46,ZAR,1
ACC206672,CUST100596,Current,2020-10-05 11:46:33.494613886,28873.59,ZAR,1
ACC206673,CUST103611,Savings,2019-08-31 16:14:53.877442837,16895.81,ZAR,0
ACC206674,CUST104595,Savings,2022-03-03 10:39:36.959392786,23294.49,ZAR ,1
ACC206675,CUST103535,Credit Card,2015-05-21 23:36:26.941842318,91274.3,ZAR ,1
ACC206676,CUST100188,Fixed Deposit,2017-10-09 20:43:16.556239367,35973.15,zar,1
ACC206677,CUST102063,Business,2017-12-16 20:25:28.192936897,48336.55,ZAR,1
ACC206678,CUST101743,Credit Card,2024-01-06 17:31:47.869662285,43754.84,ZAR ,1
ACC206679,CUST104559,Current,2020-02-10 20:11:15.228876352,18030.99,ZAR,1
ACC206680,CUST102653,Fixed Deposit,2015-07-13 18:38:51.765969992,46475.05,ZAR,1
ACC206681,CUST101174,Savings,2025-05-14 02:30:34.811908245,25832.44,ZAR,1
ACC206682,CUST102848,Fixed Deposit,2019-06-19 03:27:09.934009075,-25011.61,ZAR,1
ACC206683,CUST103743,Current,2015-11-22 14:28:45.627838850,1774.44,ZAR,1
ACC206684,CUST102911,Current,2019-11-06 02:07:22.546227694,104739.83,zar,1
ACC206685,CUST102087,Savings,2025-12-30 12:46:53.066726922,71673.01,ZAR,1
ACC206686,CUST103585,Current,2024-04-13 04:32:38.203629971,13045.4,ZAR,1
ACC206687,CUST101521,Savings,2021-11-15 11:58:35.600133181,51997.12,ZAR,1
ACC206688,CUST100641,Savings,2023-10-17 01:04:47.392278194,33747.63,ZAR,0
ACC206689,CUST104313,Current,2020-12-24 12:10:46.004050731,94711.01,ZAR,1
ACC206690,CUST103596,Fixed Deposit,2024-04-23 20:21:29.891001225,19816.46,ZAR,1
ACC206691,CUST103655,Credit Card,2024-09-23 23:54:10.071727991,33978.97,ZAR,1
ACC206692,CUST104447,Savings,2018-11-28 03:16:05.169569731,-6882.68,ZAR,1
ACC206693,CUST103566,Credit Card,2020-02-28 00:13:52.543851376,19624.1,ZAR,1
ACC206694,CUST100152,Current,2017-08-15 23:31:57.846540213,-84646.54,ZAR,1
ACC206695,CUST104217,Savings,2022-12-07 16:25:15.410945892,35388.31,ZAR,1
ACC206696,CUST100179,Fixed Deposit,2016-08-02 15:52:30.283230305,65141.05,ZAR ,1
ACC206697,CUST103464,Savings,2020-06-19 17:48:09.960484982,92689.32,ZAR,1
ACC206698,CUST104956,Credit Card,2026-03-12 11:51:47.103338718,44238.89,ZAR,1
ACC206699,CUST102015,Savings,2020-05-25 00:01:18.337953329,10384.29,ZAR,1
ACC206700,CUST101559,Fixed Deposit,2015-10-16 21:04:22.589648485,-7857.71,ZAR,1
ACC206701,CUST104639,Credit Card,2015-03-19 13:45:43.262030125,5987.64,ZAR,1
ACC206702,CUST102275,Current,2026-01-02 02:06:55.072967052,-38939.51,ZAR ,1
ACC206703,CUST104610,Savings,2023-03-11 06:55:51.383732319,14926.75,ZAR,0
ACC206704,CUST101550,Savings,2023-03-21 15:33:46.490032673,-24025.72,ZAR,1
ACC206705,CUST100921,Savings,2019-04-14 17:25:41.218924999,1110.94,ZAR,1
ACC206706,CUST102782,Credit Card,2020-10-20 19:31:56.944854498,16826.34,ZAR,1
ACC206707,CUST101860,Current,2021-06-20 00:44:37.437964201,38174.79,zar,1
ACC206708,CUST103557,Savings,2023-11-19 13:02:23.853209019,-41045.15,ZAR,1
ACC206709,CUST101492,Savings,2020-11-24 17:15:35.788760185,11275.54,zar,1
ACC206710,CUST103799,Savings,2018-07-21 10:36:38.281770468,52440.88,ZAR,1
ACC206711,CUST101770,Current,2021-03-02 19:07:18.272485733,80989.94,ZAR,1
ACC206712,CUST101776,Savings,2022-11-21 13:31:16.448400497,22026.61,ZAR,1
ACC206713,CUST103548,Credit Card,2015-09-02 23:03:21.924603939,112887.78,ZAR,1
ACC206714,CUST101302,Current,2020-06-26 10:20:12.565966368,53011.65,ZAR,1
ACC206715,CUST101428,Savings,2018-12-28 14:28:26.827174187,27466.86,ZAR,1
ACC206716,CUST102733,Savings,2025-05-18 15:52:03.745515347,74736.99,ZAR,1
ACC206717,CUST101656,Current,2019-07-01 19:52:49.678233862,4716.3,ZAR,1
ACC206718,CUST101921,Fixed Deposit,2022-04-14 08:46:57.025564194,-16914.73,ZAR,1
ACC206719,CUST101693,Savings,2020-04-10 18:12:38.436664104,62154.89,ZAR,1
ACC206720,CUST103110,Savings,2024-06-02 02:09:34.181912899,46226.77,zar,1
ACC206721,CUST101675,Current,2025-10-07 21:39:41.083282471,66769.41,zar,1
ACC206722,CUST103057,Savings,2015-12-20 15:39:36.452569723,65845.63,ZAR,0
ACC206723,CUST101170,Savings,2015-03-25 04:37:37.513116121,105412.39,ZAR,1
ACC206724,CUST104472,Current,2023-02-28 14:09:05.379560232,-33057.44,zar,1
ACC206725,CUST104756,Savings,2022-04-25 04:45:40.689454317,,ZAR,1
ACC206726,CUST100019,Current,2021-06-03 06:19:58.640972137,13484.85,ZAR,1
ACC206727,CUST100522,Fixed Deposit,2019-12-28 03:26:59.372960329,71668.38,ZAR,1
ACC206728,CUST100509,Fixed Deposit,2023-09-07 14:03:15.214886427,39909.83,ZAR,0
ACC206729,CUST100913,Current,2023-02-24 10:59:44.356851101,71823.61,ZAR,1
ACC206730,CUST103933,Savings,2019-10-29 07:47:27.228159666,36325.55,ZAR,1
ACC206731,CUST101234,Savings,2018-10-06 16:20:35.801745892,24260.91,ZAR,1
ACC206732,CUST102917,Savings,2026-02-20 17:55:19.553776026,52228.69,ZAR,1
ACC206733,CUST101258,Current,2019-09-13 08:54:52.487189293,35451.4,zar,1
ACC206734,CUST100312,Savings,2017-06-03 02:24:01.326491117,40590.3,zar,1
ACC206735,CUST100419,Savings,2026-02-13 09:05:29.408947229,51075.66,ZAR,0
ACC206736,CUST104712,Savings,2023-03-07 09:08:05.237692595,42349.87,ZAR,1
ACC206737,CUST102790,Savings,2021-06-19 21:46:43.526999950,64309.74,ZAR,1
ACC206738,CUST103252,Current,2023-11-22 12:04:39.635154009,27072.16,ZAR ,1
ACC206739,CUST100940,Business,2017-07-27 21:09:48.961521149,31784.27,ZAR,1
ACC206740,CUST102429,Current,2021-06-18 08:06:17.387921810,-15036.34,ZAR,1
ACC206741,CUST103287,Savings,2018-03-03 03:14:06.423899889,,ZAR,1
ACC206742,CUST103897,Current,2024-12-29 07:41:54.604742527,93452.24,ZAR,1
ACC206743,CUST103284,Current,2016-08-01 08:18:41.464512110,-47084.59,ZAR,1
ACC206744,CUST102980,Fixed Deposit,2017-07-09 01:09:18.620657444,50638.66,ZAR,1
ACC206745,CUST103122,Credit Card,2017-10-28 04:52:32.114633560,19161.14,zar,0
ACC206746,CUST101866,Savings,2020-01-26 03:53:40.774363995,17625.94,ZAR,1
ACC206747,CUST103495,Current,2016-07-16 16:09:47.056549788,50106.4,ZAR,1
ACC206748,CUST101483,Savings,2021-04-21 23:20:35.059109688,23811.43,ZAR,1
ACC206749,CUST103598,Savings,2023-06-27 18:14:03.505656242,40701.55,ZAR,1
ACC206750,CUST102267,Business,2015-02-04 07:36:11.055370331,10612.74,ZAR,1
ACC206751,CUST102885,Fixed Deposit,2025-04-10 23:09:03.017209291,85191.14,ZAR,1
ACC206752,CUST102376,Savings,2024-11-13 22:52:59.266583204,15680.31,ZAR,1
ACC206753,CUST102841,Credit Card,2015-08-03 23:39:43.793976545,-5449.17,ZAR,0
ACC206754,CUST103560,Savings,2015-10-17 03:19:14.209140778,38878.74,ZAR,1
ACC206755,CUST101405,Savings,2021-08-24 14:43:20.113190413,-8397.53,ZAR,1
ACC206756,CUST102365,Fixed Deposit,2018-08-19 09:30:15.941473722,34393.1,ZAR,1
ACC206757,CUST102015,Credit Card,2020-09-05 13:13:38.919355631,90883.55,ZAR,1
ACC206758,CUST100091,Savings,2021-07-28 08:28:38.683063507,23207.32,ZAR,1
ACC206759,CUST104260,Credit Card,2022-05-21 17:34:58.477214336,-29173.55,ZAR,1
ACC206760,CUST103423,Savings,2023-06-22 18:27:05.382795572,8395.51,ZAR,1
ACC206761,CUST100225,Current,2024-12-04 07:40:50.036505222,57498.07,ZAR,1
ACC206762,CUST100348,Business,2022-01-10 04:22:16.419431925,29275.5,ZAR,1
ACC206763,CUST104632,Credit Card,2016-03-20 08:38:29.728137016,53051.48,ZAR,1
ACC206764,CUST104231,Current,2016-07-30 04:26:31.768612146,-306.98,ZAR ,1
ACC206765,CUST103646,Savings,2022-02-09 00:52:48.747137547,8521.59,ZAR,1
ACC206766,CUST103541,Credit Card,2023-03-18 04:16:52.302485704,50345.82,ZAR,1
ACC206767,CUST104206,Business,2023-09-25 18:13:25.518234490,89435.9,ZAR,1
ACC206768,CUST102989,Savings,2021-01-02 22:31:59.074219227,9509.02,ZAR,1
ACC206769,CUST100028,Savings,2021-12-14 15:29:48.286363602,26495.91,ZAR,1
ACC206770,CUST102270,Savings,2026-04-15 08:21:49.421000004,68996.21,ZAR,1
ACC206771,CUST101655,Current,2019-01-13 00:49:51.579183102,30241.98,ZAR,1
ACC206772,CUST100860,Savings,2017-06-24 22:32:46.355131388,50510.95,ZAR,0
ACC206773,CUST104297,Current,2026-03-22 19:51:40.289362431,-4605.92,ZAR ,1
ACC206774,CUST103274,Savings,2025-08-22 08:48:43.062760592,25142.09,ZAR,1
ACC206775,CUST104509,Business,2015-01-30 23:21:33.404544592,144.72,ZAR,1
ACC206776,CUST100547,Savings,2019-08-27 22:54:33.948426247,-42422.79,ZAR,1
ACC206777,CUST104877,Credit Card,2023-07-06 09:15:07.264575481,-10378.72,zar,1
ACC206778,CUST103022,Business,2017-01-20 16:13:19.881485224,42928.39,ZAR,1
ACC206779,CUST102841,Current,2015-05-15 22:27:06.426022291,,ZAR,1
ACC206780,CUST100916,Savings,2015-06-04 02:04:38.055113077,55743.69,ZAR,1
ACC206781,CUST103121,Fixed Deposit,2021-07-17 01:52:39.993488789,45358.61,ZAR,1
ACC206782,CUST102984,Current,2017-09-01 01:54:58.632873535,16119.93,ZAR,1
ACC206783,CUST103508,Current,2017-12-26 20:48:59.344226122,-48324.1,ZAR,1
ACC206784,CUST100755,Savings,2015-03-06 02:05:09.435590029,-20764.39,ZAR,1
ACC206785,CUST103180,Savings,2023-05-29 13:40:21.324967384,69189.82,ZAR,1
ACC206786,CUST100472,Current,2024-10-08 13:07:35.138442755,-8685.64,ZAR,1
ACC206787,CUST100355,Current,2023-06-30 19:27:40.753116131,22020.07,ZAR,1
ACC206788,CUST102354,Business,2016-07-30 11:31:13.739737749,27510.01,ZAR,1
ACC206789,CUST100593,Current,2026-02-01 01:41:22.909172058,-30408.02,ZAR,1
ACC206790,CUST103548,Savings,2026-02-21 19:46:19.151987553,38288.4,ZAR,1
ACC206791,CUST102412,Current,2018-01-01 02:57:35.007814646,,ZAR,1
ACC206792,CUST101192,Savings,2026-05-21 09:12:22.318617344,24249.86,ZAR,1
ACC206793,CUST101362,Savings,2020-02-22 22:22:25.870293856,14228.43,ZAR,1
ACC206794,CUST102488,Savings,2015-06-26 07:20:16.746747255,-21335.64,ZAR,1
ACC206795,CUST102991,Savings,2021-08-30 22:59:03.381101608,14044.66,ZAR,1
ACC206796,CUST103994,Savings,2021-02-05 23:10:22.015815735,46650.58,ZAR,1
ACC206797,CUST102864,Savings,2024-12-09 14:04:32.255034924,24745.15,ZAR,1
ACC206798,CUST102747,Savings,2019-02-13 11:56:00.582812786,7411.58,ZAR,1
ACC206799,CUST103033,Credit Card,2023-11-17 20:39:55.889915228,,ZAR,1
ACC206800,CUST102985,Savings,2024-02-10 20:20:15.659389973,14537.03,ZAR,1
ACC206801,CUST101744,Fixed Deposit,2015-05-28 20:09:57.695274830,7886.27,ZAR,1
ACC206802,CUST101100,Fixed Deposit,2022-10-18 09:27:17.579088926,30648.37,ZAR,0
ACC206803,CUST102628,Fixed Deposit,2020-07-21 04:00:37.119303226,77279.75,ZAR,1
ACC206804,CUST100622,Savings,2017-05-06 06:28:08.627955675,18818.41,ZAR,1
ACC206805,CUST101208,Savings,2019-10-30 11:08:09.766835690,-10421.53,ZAR,1
ACC206806,CUST100745,Current,2024-12-05 00:46:34.960226774,46832.68,zar,1
ACC206807,CUST102450,Current,2022-12-27 17:43:04.331530333,11729.74,ZAR,1
ACC206808,CUST104864,Savings,2022-04-07 00:58:43.344583750,47193.56,ZAR,0
ACC206809,CUST104375,Savings,2015-12-11 19:16:33.267733096,-56948.34,ZAR,0
ACC206810,CUST100433,Current,2022-09-21 00:29:05.156627178,26472.81,ZAR,0
ACC206811,CUST104106,Current,2023-10-14 13:27:51.461962461,15055.25,ZAR,1
ACC206812,CUST100757,Savings,2026-01-01 10:27:00.882021666,-13383.56,zar,1
ACC206813,CUST104552,Savings,2024-03-29 17:17:55.763906956,-23518.06,ZAR,1
ACC206814,CUST101028,Current,2015-12-05 03:47:30.676774740,13797.78,zar,1
ACC206815,CUST100629,Current,2025-12-05 03:02:58.731697321,-17777.23,ZAR,1
ACC206816,CUST103939,Credit Card,2024-03-03 20:19:29.782371044,-93633.41,ZAR,1
ACC206817,CUST104166,Credit Card,2015-01-15 02:55:30.784509420,-22011.62,ZAR,1
ACC206818,CUST101989,Current,2023-04-03 15:46:54.745184183,-23743.87,ZAR,1
ACC206819,CUST102732,Savings,2018-07-09 19:04:21.884758472,26170.43,ZAR,1
ACC206820,CUST103954,Savings,2022-01-03 06:49:32.934774637,-22552.69,ZAR,1
ACC206821,CUST104264,Savings,2018-04-11 04:32:31.442402363,24973.35,ZAR,1
ACC206822,CUST102094,Current,2023-06-16 02:05:10.025253534,-13125.82,ZAR,1
ACC206823,CUST103923,Fixed Deposit,2017-02-28 20:32:18.319440365,56300.06,ZAR,0
ACC206824,CUST103973,Current,2024-08-31 01:50:36.433616400,39986.0,ZAR,1
ACC206825,CUST103964,Current,2015-11-05 08:56:19.331601381,12995.29,ZAR,1
ACC206826,CUST104477,Savings,2015-04-12 21:56:17.508703708,30757.25,ZAR,0
ACC206827,CUST104180,Current,2016-07-12 01:11:43.519678831,47990.12,ZAR,1
ACC206828,CUST102236,Savings,2019-06-15 15:00:23.610183001,27445.87,ZAR,1
ACC206829,CUST101574,Savings,2022-08-09 18:24:14.796568394,30647.01,ZAR,1
ACC206830,CUST104931,Current,2020-07-25 22:19:37.307242632,-59292.92,ZAR,1
ACC206831,CUST102231,Savings,2020-07-05 06:04:07.577146769,4265.73,ZAR,1
ACC206832,CUST104664,Savings,2025-01-09 09:39:16.545588493,-6143.05,ZAR,0
ACC206833,CUST104985,Savings,2021-06-23 16:54:34.435902834,67033.45,ZAR,1
ACC206834,CUST100076,Savings,2020-11-17 04:15:55.699951172,9383.38,zar,0
ACC206835,CUST100704,Savings,2019-11-10 04:34:59.064373016,-1989.42,ZAR,1
ACC206836,CUST102820,Current,2026-05-01 16:35:05.116640568,48236.45,ZAR,1
ACC206837,CUST100439,Savings,2017-10-24 02:00:44.697835922,-35759.64,ZAR,1
ACC206838,CUST103285,Savings,2016-10-20 01:05:28.641785622,21552.81,ZAR,1
ACC206839,CUST100056,Savings,2020-09-13 17:11:50.927818537,-54055.35,ZAR,1
ACC206840,CUST104215,Savings,2022-11-06 22:37:48.322265387,-3810.9,ZAR,1
ACC206841,CUST102140,Credit Card,2015-04-02 15:43:17.237719536,6482.78,ZAR,1
ACC206842,CUST103366,Credit Card,2024-12-04 01:51:14.021121740,83282.68,ZAR,1
ACC206843,CUST102325,Current,2018-04-12 13:57:09.515442610,19043.58,ZAR,1
ACC206844,CUST103441,Current,2022-06-22 23:24:06.704565287,-10619.56,ZAR,1
ACC206845,CUST103401,Credit Card,2017-01-03 00:01:20.345623255,19660.78,ZAR,1
ACC206846,CUST101448,Savings,2025-02-05 05:16:31.425137043,82625.33,ZAR,1
ACC206847,CUST104001,Current,2019-02-27 02:42:12.852674484,-57182.05,ZAR,1
ACC206848,CUST104102,Current,2017-03-01 20:17:47.201925993,55903.16,ZAR,1
ACC206849,CUST101606,Current,2015-03-25 12:28:03.806191444,40172.67,zar,1
ACC206850,CUST100316,Credit Card,2018-07-30 03:53:50.269310713,20333.47,ZAR,0
ACC206851,CUST102240,Credit Card,2019-05-24 01:17:41.752176762,12576.18,ZAR,1
ACC206852,CUST103286,Current,2015-05-29 13:08:40.572479725,82484.41,ZAR,1
ACC206853,CUST103890,Fixed Deposit,2021-06-07 04:10:24.805261135,53735.84,ZAR,1
ACC206854,CUST101010,Current,2020-04-07 09:41:42.626303673,-16505.56,ZAR,1
ACC206855,CUST102400,Current,2020-09-16 15:42:03.660118341,25893.62,ZAR,1
ACC206856,CUST103827,Current,2016-07-18 14:10:02.081542969,74809.13,ZAR,1
ACC206857,CUST102628,Credit Card,2019-06-09 09:55:47.127237319,46515.38,ZAR,0
ACC206858,CUST103951,Business,2026-03-17 23:19:44.509778022,35494.33,ZAR ,1
ACC206859,CUST103370,Current,2019-02-20 20:50:32.878224373,-27124.02,ZAR,0
ACC206860,CUST100873,Savings,2024-03-08 05:25:33.397634029,117534.19,ZAR,1
ACC206861,CUST101052,Current,2016-06-09 05:20:47.430150747,53857.4,ZAR,1
ACC206862,CUST103967,Savings,2016-06-03 12:50:16.869719267,96338.56,ZAR ,0
ACC206863,CUST103517,Current,2026-07-27 10:56:26.206107140,37051.26,ZAR,1
ACC206864,CUST104187,Business,2022-07-05 13:48:30.046496868,24270.58,ZAR,1
ACC206865,CUST101471,Fixed Deposit,2022-09-13 05:59:32.367965698,-775.03,ZAR,1
ACC206866,CUST100265,Current,2019-12-07 15:47:33.715031147,64009.0,ZAR,1
ACC206867,CUST101188,Savings,2023-10-25 15:34:15.919672966,84903.57,ZAR,1
ACC206868,CUST102150,Current,2025-10-01 04:34:02.895514965,66653.04,ZAR,1
ACC206869,CUST100609,Savings,2015-12-13 20:58:08.791889191,115226.72,ZAR,1
ACC206870,CUST100963,Business,2016-12-30 06:12:06.828600645,30242.28,ZAR,1
ACC206871,CUST100722,Savings,2025-01-11 11:38:39.249373674,164.66,ZAR,1
ACC206872,CUST100632,Credit Card,2015-12-01 18:27:27.817308187,35291.55,ZAR,1
ACC206873,CUST101912,Current,2019-02-28 03:20:02.072738171,57163.15,ZAR,1
ACC206874,CUST104017,Current,2015-12-18 23:06:51.721097946,14489.31,ZAR,1
ACC206875,CUST101894,Fixed Deposit,2019-09-22 17:11:40.348471642,23262.76,ZAR,1
ACC206876,CUST101465,Current,2020-03-06 11:43:23.586696625,33553.26,ZAR,1
ACC206877,CUST102742,Current,2017-01-31 23:01:54.538476944,44742.97,ZAR,1
ACC206878,CUST103219,Savings,2015-12-12 08:34:51.709447861,30391.93,ZAR,1
ACC206879,CUST101746,Savings,2019-11-01 13:09:49.633991480,33436.7,ZAR,1
ACC206880,CUST100018,Current,2020-12-16 07:01:25.228780508,50436.3,ZAR,1
ACC206881,CUST101488,Savings,2023-07-15 15:25:53.991565228,55746.01,ZAR,1
ACC206882,CUST100397,Current,2023-05-29 23:06:59.722563028,5199.83,ZAR,1
ACC206883,CUST100723,Savings,2015-10-23 18:00:36.306670666,-48451.78,ZAR,1
ACC206884,CUST103051,Savings,2020-01-27 14:08:31.608272552,-16529.06,ZAR,1
ACC206885,CUST100895,Credit Card,2024-10-09 03:24:48.041448116,43441.68,zar,1
ACC206886,CUST101851,Credit Card,2021-11-30 06:21:33.641881704,-4232.84,ZAR,1
ACC206887,CUST101963,Business,2024-11-25 01:07:36.434931040,35622.02,ZAR,1
ACC206888,CUST104398,Savings,2026-01-05 03:12:55.375363111,22710.2,ZAR,1
ACC206889,CUST100767,Savings,2018-11-14 23:37:37.714257002,27677.83,ZAR,1
ACC206890,CUST100411,Savings,2016-07-16 09:43:11.033174753,44654.16,ZAR,1
ACC206891,CUST102674,Fixed Deposit,2015-12-21 23:52:01.859115124,72599.79,ZAR,1
ACC206892,CUST103118,Current,2016-06-18 18:06:42.983264923,24334.13,ZAR,1
ACC206893,CUST102510,Fixed Deposit,2022-11-26 21:52:00.750963926,-16684.52,ZAR,1
ACC206894,CUST103514,Fixed Deposit,2016-05-20 18:14:46.861054897,37439.12,ZAR,1
ACC206895,CUST104318,Savings,2026-01-11 16:24:41.900919199,53518.13,ZAR,1
ACC206896,CUST103056,Current,2022-08-19 11:56:55.958444357,-65146.41,ZAR,1
ACC206897,CUST102688,Current,2026-01-24 21:19:44.814763546,-3893.12,ZAR ,1
ACC206898,CUST103403,Current,2021-07-11 15:07:35.204083443,26169.52,ZAR,1
ACC206899,CUST101068,Business,2017-05-05 19:24:37.535769224,5788.0,ZAR,1
ACC206900,CUST101246,Savings,2016-12-12 09:18:12.273460388,30378.4,ZAR ,1
ACC206901,CUST101851,Credit Card,2023-11-23 04:05:33.549085617,36.84,ZAR,1
ACC206902,CUST103835,Savings,2015-01-01 10:56:46.398623705,62483.1,ZAR,1
ACC206903,CUST104259,Credit Card,2025-02-19 10:51:43.315609455,27055.56,ZAR,1
ACC206904,CUST102773,Savings,2015-05-05 19:24:10.420770407,-46990.88,ZAR,1
ACC206905,CUST103099,Current,2021-12-31 18:12:45.420144558,54255.51,ZAR ,0
ACC206906,CUST103940,Current,2019-07-03 21:40:20.586323261,56796.09,ZAR,1
ACC206907,CUST101211,Current,2022-01-30 22:25:35.811207056,23506.59,ZAR,1
ACC206908,CUST100608,Business,2024-01-22 13:22:49.024726629,-48574.91,ZAR,1
ACC206909,CUST103732,Credit Card,2016-04-18 13:35:36.244832754,61078.29,ZAR,0
ACC206910,CUST100635,Savings,2025-12-16 19:56:40.912195444,-15880.69,ZAR,1
ACC206911,CUST100789,Savings,2021-11-25 03:29:24.825263739,10548.06,ZAR,1
ACC206912,CUST101977,Savings,2019-06-04 16:39:00.299490452,2033.63,ZAR,1
ACC206913,CUST103927,Savings,2026-05-04 12:18:38.575064182,-32580.99,ZAR,1
ACC206914,CUST101949,Savings,2024-05-26 04:06:52.431884527,25245.27,ZAR,1
ACC206915,CUST100593,Savings,2016-11-16 13:07:37.514331579,33109.89,ZAR ,1
ACC206916,CUST100642,Fixed Deposit,2016-01-10 13:20:34.994357109,29535.84,ZAR,1
ACC206917,CUST101265,Business,2025-09-08 19:18:26.009595871,16626.76,ZAR,1
ACC206918,CUST100406,Savings,2021-10-09 23:44:04.087449074,-4799.0,ZAR,0
ACC206919,CUST101640,Credit Card,2020-05-14 08:40:10.906774998,83763.94,zar,1
ACC206920,CUST100403,Savings,2015-11-23 23:52:31.214711905,32413.57,ZAR,1
ACC206921,CUST104227,Current,2021-04-10 17:02:45.912987709,-12419.55,ZAR,1
ACC206922,CUST100261,Savings,2018-02-22 09:25:10.749755383,42618.16,ZAR,0
ACC206923,CUST100988,Savings,2017-03-27 19:01:18.367944956,39577.04,ZAR,1
ACC206924,CUST100165,Current,2019-07-13 04:29:36.805625439,49613.43,ZAR,0
ACC206925,CUST101457,Credit Card,2015-05-31 23:08:21.801813364,23711.3,ZAR,1
ACC206926,CUST104038,Current,2021-12-03 23:10:14.253479481,94.91,ZAR,1
ACC206927,CUST102885,Credit Card,2022-03-12 06:22:28.937494755,-29777.51,ZAR,1
ACC206928,CUST104674,Savings,2023-01-18 20:19:38.930495977,3788.12,ZAR,1
ACC206929,CUST103083,Current,2015-04-07 15:10:52.855449677,-41253.32,ZAR,1
ACC206930,CUST102128,Savings,2017-01-12 17:06:26.697570562,37032.02,ZAR,1
ACC206931,CUST104792,Savings,2023-12-12 01:12:10.771685362,-39246.29,ZAR,1
ACC206932,CUST100933,Savings,2021-08-27 21:24:07.640639305,10781.78,ZAR,1
ACC206933,CUST100563,Savings,2015-02-08 07:13:37.982462406,54158.54,ZAR,1
ACC206934,CUST101641,Credit Card,2023-06-18 20:55:30.981663942,15316.69,ZAR,0
ACC206935,CUST104648,Current,2019-10-29 05:25:54.785517693,22636.23,ZAR,1
ACC206936,CUST104092,Current,2018-01-17 19:11:23.148466349,42739.08,ZAR,1
ACC206937,CUST102685,Savings,2023-09-26 11:45:23.696766615,45532.26,zar,1
ACC206938,CUST104646,Savings,2019-03-05 08:13:59.153858185,66516.28,ZAR,1
ACC206939,CUST103232,Current,2020-04-02 18:50:28.141098261,47533.45,ZAR,1
ACC206940,CUST101193,Savings,2024-12-20 02:06:39.126804829,39312.72,ZAR,1
ACC206941,CUST100027,Savings,2016-09-25 04:36:34.462039709,-53458.01,ZAR,1
ACC206942,CUST100153,Savings,2021-07-20 17:33:51.702090979,34666.39,ZAR,1
ACC206943,CUST104246,Fixed Deposit,2016-03-15 16:54:58.707361937,91342.79,ZAR,1
ACC206944,CUST101543,Current,2026-04-29 07:58:15.007674217,50896.23,ZAR,1
ACC206945,CUST102109,Savings,2018-08-12 03:34:08.675919056,63785.77,ZAR,1
ACC206946,CUST101926,Current,2025-07-17 06:20:20.123786211,-1971.17,ZAR,1
ACC206947,CUST100442,Fixed Deposit,2019-04-02 10:43:34.442248821,22245.59,ZAR,1
ACC206948,CUST100015,Savings,2024-10-19 07:24:40.491058350,47582.84,ZAR,1
ACC206949,CUST103635,Savings,2023-11-09 06:46:22.011967182,,ZAR,1
ACC206950,CUST103407,Business,2017-09-10 16:26:05.165399313,56604.18,ZAR,1
ACC206951,CUST101126,Fixed Deposit,2022-06-29 11:26:16.114629745,-20372.92,ZAR,1
ACC206952,CUST100622,Current,2017-09-14 00:51:15.693462610,-6724.02,ZAR,1
ACC206953,CUST102579,Savings,2015-03-22 06:28:10.496550322,-26751.78,ZAR,1
ACC206954,CUST100409,Savings,2018-06-25 00:34:22.358400583,35346.06,ZAR,1
ACC206955,CUST101450,Fixed Deposit,2023-03-25 15:50:35.132601976,17508.48,zar,1
ACC206956,CUST103595,Current,2017-01-25 05:42:16.633056164,17217.05,ZAR,1
ACC206957,CUST100867,Savings,2022-04-09 14:26:27.721044779,-2226.27,ZAR,1
ACC206958,CUST103853,Savings,2023-11-10 11:14:46.427783966,-8738.09,ZAR,1
ACC206959,CUST104419,Savings,2018-08-05 17:38:36.412284613,25073.95,ZAR,1
ACC206960,CUST100920,Credit Card,2016-03-07 18:49:45.414454937,69294.38,ZAR,1
ACC206961,CUST103327,Current,2021-11-28 14:00:03.859008074,87696.06,ZAR,1
ACC206962,CUST103842,Savings,2016-07-09 15:15:15.088148355,87836.81,ZAR,1
ACC206963,CUST102597,Current,2015-01-11 23:45:25.206052303,6263.04,ZAR,0
ACC206964,CUST101487,Credit Card,2016-07-07 00:07:30.805923223,-22320.87,ZAR,1
ACC206965,CUST104917,Current,2018-02-01 22:04:47.695825815,60348.04,ZAR,1
ACC206966,CUST101540,Savings,2022-11-05 07:32:26.124025345,75984.68,ZAR,1
ACC206967,CUST101237,Business,2018-11-07 21:00:15.308996677,41704.33,ZAR,1
ACC206968,CUST100612,Savings,2025-08-21 13:04:53.079618454,24081.55,ZAR,1
ACC206969,CUST104531,Current,2023-08-06 18:30:50.620450258,-74.84,ZAR,1
ACC206970,CUST101132,Savings,2026-06-09 00:03:44.310394526,49222.01,ZAR,1
ACC206971,CUST100666,Credit Card,2022-09-15 04:47:32.688049078,48028.51,ZAR,0
ACC206972,CUST100193,Current,2015-04-01 11:25:46.987391949,36319.41,ZAR,1
ACC206973,CUST101454,Savings,2016-09-21 18:24:22.223721981,-19258.14,ZAR,0
ACC206974,CUST103359,Current,2018-02-14 09:06:49.383436203,-14743.17,ZAR,1
ACC206975,CUST103418,Current,2023-02-23 02:11:10.601314068,21243.53,ZAR,1
ACC206976,CUST104256,Current,2022-06-22 11:02:12.569263458,66675.18,ZAR,1
ACC206977,CUST103341,Savings,2017-05-18 02:19:07.876510620,61387.12,zar,1
ACC206978,CUST100241,Savings,2023-01-31 19:08:36.095310688,9036.15,ZAR,0
ACC206979,CUST104213,Business,2018-03-26 09:06:07.695431948,-48075.07,ZAR,1
ACC206980,CUST101277,Savings,2022-09-28 13:56:05.715369940,78410.17,ZAR,1
ACC206981,CUST104784,Current,2018-08-07 15:12:51.629186153,74636.24,ZAR,1
ACC206982,CUST101731,Savings,2017-06-08 15:43:53.357191801,29956.98,ZAR,1
ACC206983,CUST100082,Credit Card,2020-09-24 04:18:09.345492363,7800.59,ZAR,1
ACC206984,CUST101962,Current,2026-05-11 13:41:06.244499207,12712.19,ZAR,1
ACC206985,CUST102250,Credit Card,2022-06-28 01:48:20.807492733,62245.34,ZAR,1
ACC206986,CUST104121,Current,2019-01-27 10:38:01.256898880,46475.78,ZAR,1
ACC206987,CUST102761,Current,2021-01-02 00:30:18.571667194,7879.64,ZAR,1
ACC206988,CUST100214,Business,2020-01-30 07:28:00.816302299,113064.65,ZAR,1
ACC206989,CUST100239,Credit Card,2015-05-13 14:01:08.551490307,-36199.37,ZAR,1
ACC206990,CUST103070,Current,2022-10-23 05:43:38.349181414,936.56,ZAR,1
ACC206991,CUST100419,Current,2017-05-19 06:07:10.643858910,1830.61,ZAR,0
ACC206992,CUST102661,Current,2021-03-09 18:47:24.894922495,29242.4,ZAR,1
ACC206993,CUST104484,Current,2015-10-27 22:49:09.786326885,70294.97,ZAR,1
ACC206994,CUST104192,Current,2024-02-25 22:58:47.326912403,58146.74,ZAR,1
ACC206995,CUST103157,Fixed Deposit,2015-03-15 17:24:09.698130369,30067.84,ZAR,1
ACC206996,CUST101529,Business,2018-09-21 18:55:45.380821466,-28084.71,ZAR,1
ACC206997,CUST102576,Current,2019-06-10 10:20:51.141353607,63206.24,ZAR ,0
ACC206998,CUST100509,Current,2023-12-12 03:21:29.111068964,-20409.27,ZAR,1
ACC206999,CUST103696,Savings,2026-04-11 06:34:13.038221121,8927.24,ZAR,1
