customer_id,first_name,last_name,date_of_birth,signup_date,city,occupation,monthly_income,credit_score,email
CUST100000,ROBERT,Jones,1958-04-23,2023-07-05,Durban,Entrepreneur,8996.01,788.0,robert.jones916@outlook.com
CUST100001,Wei,Smith,1985-06-09,2023-03-28,Pretoria,Sales Rep,21230.35,644.0,wei.smith380@outlook.com
CUST100002,Kagiso,Mokoena,1991-10-11,2017-07-05,Nelspruit,Student,9423.48,869.0,kagiso.mokoena7@gmail.com
CUST100003,Joseph,Patel,1955-03-02,2015-05-06,Cape Town,,91575.89,698.0,joseph.patel751@outlook.com
CUST100004,Susan,Khan,1947-09-05,2018-09-07,Cape Town  ,Engineer,30561.45,999.0,susan.khan126@webmail.co.za
CUST100005,Priya,Pretorius,1971-10-25,2016-10-26,Pretoria,Teacher,29012.95,700.0,priya.pretorius103@outlook.com
CUST100006,Robert,Ndlovu,1992-03-19,2019-02-08,East London,Civil Servant,30922.65,660.0,robert.ndlovu895@yahoo.com
CUST100007,Amara,Van der Merwe,1984-09-11,2026-05-05,Nelspruit,Consultant,38665.86,771.0,amara.van der merwe101@gmail.com
CUST100008,Michael,Patel,1987-10-25,2017-04-02,Bloemfontein,Artisan,,545.0,michael.patel507@outlook.com
CUST100009,Patricia,Miller,1969-07-28,2018-10-09,Port Elizabeth,Manager,10528.78,488.0,patricia.miller519@yahoo.com
CUST100010,THABO,Van der Merwe,1959-05-02,2023-05-26,Nelspruit,Entrepreneur,59048.04,682.0,thabo.van der merwe600@outlook.com
CUST100011,Sofia,Johnson,1977-06-09,2020-11-23,Cape Town,Artisan,56811.56,725.0,sofia.johnson788@gmail.com
CUST100012,Chidi,Mokoena,1957-06-20,2015-05-07,Kimberley,Accountant,25853.26,676.0,chidi.mokoena197@yahoo.com
CUST100013,WEI,Pretorius,1989-04-19,2016-11-14,pretoria,Artisan,25053.35,711.0,wei.pretorius271@webmail.co.za
CUST100014,Amara,Chen,1957-01-06,2025-10-31,Durban,Engineer,4181.16,697.0,amara.chen991@webmail.co.za
CUST100015,Mei,Pretorius,1962-10-08,2016-12-03,Kimberley,Accountant,12754.06,517.0,mei.pretorius889@yahoo.com
CUST100016,Thabo,Johnson,1975-11-25,2022-10-05,East London,Accountant,36728.55,675.0,thabo.johnson687@webmail.co.za
CUST100017,John,Dlamini,1974-09-09,2024-05-03,Port Elizabeth  ,Retired,55291.28,769.0,john.dlamini294@webmail.co.za
CUST100018,RAJ,Silva,1981-08-26,2018-01-27,Pretoria  ,Retired,41660.23,665.0,raj.silva535@webmail.co.za
CUST100019,Joseph,Chen,1971-09-07,2023-05-26,Port Elizabeth,Teacher,25708.35,532.0,joseph.chen252@yahoo.com
CUST100020,Thabo,Botha,2001-01-31,2016-12-19,Polokwane,,85436.07,620.0,thabo.botha857@webmail.co.za
CUST100021,Barbara,Ndlovu,1996-03-26,2018-04-19,Cape Town,Entrepreneur,49173.26,700.0,barbara.ndlovu131@webmail.co.za
CUST100022,Jennifer,Patel,1998-08-16,2018-12-08,Cape Town,Sales Rep,21241.33,812.0,jennifer.patel618@outlook.com
CUST100023,FATIMA,Martinez,1983-05-26,2026-07-16,pretoria,Accountant,99634.76,474.0,fatima.martinez852@webmail.co.za
CUST100024,Mei,Botha,1983-09-26,2017-06-26,Port Elizabeth,Sales Rep,13936.96,683.0,mei.botha13@yahoo.com
CUST100025,Kagiso,Williams,1982-02-28,2016-06-30,Nelspruit,Consultant,11124.4,566.0,kagiso.williams207@gmail.com
CUST100026,Richard,Garcia,1971-07-12,2025-09-20,durban,Artisan,20896.5,696.0,richard.garcia922@gmail.com
CUST100027,RAJ,Williams,1964-08-25,2016-11-15,Polokwane,Manager,17065.53,703.0,raj.williams246@yahoo.com
CUST100028,Naledi,Patel,1981-02-10,2025-08-03,Kimberley,,21612.8,629.0,naledi.patel465@webmail.co.za
CUST100029,Joseph,Garcia,1946-07-23,2022-07-14,Port Elizabeth,Artisan,43427.77,,joseph.garcia310@outlook.com
CUST100030,Joseph,Miller,1945-06-16,2021-06-09,Kimberley,Student,26360.24,753.0,joseph.miller158@outlook.com
CUST100031,Linda,Van der Merwe,1996-12-12,2023-09-14,Nelspruit,Driver,26769.59,635.0,linda.van der merwe855@webmail.co.za
CUST100032,Robert,Davis,1947-11-01,2023-05-29,Polokwane,Artisan,27869.52,530.0,robert.davis49@webmail.co.za
CUST100033,Naledi,Brown,1977-01-04,2016-12-04,Pretoria,Consultant,6718.4,778.0,naledi.brown703@webmail.co.za
CUST100034,Ahmed,Smith,1982-07-07,2026-07-29,pretoria,Technician,10838.32,725.0,ahmed.smith280@yahoo.com
CUST100035,Robert,Jones,1957-02-02,2025-11-28,Nelspruit  ,Engineer,21350.13,701.0,robert.jones415@webmail.co.za
CUST100036,Priya,Pretorius,1999-08-21,2025-05-20,Port Elizabeth  ,Driver,16223.93,588.0,priya.pretorius331@yahoo.com
CUST100037,Raj,Khumalo,1956-08-06,2022-03-17,Johannesburg,Manager,23410.21,739.0,raj.khumalo907@yahoo.com
CUST100038,William,Nkosi,1998-12-15,2021-01-20,Polokwane,Entrepreneur,62472.21,834.0,william.nkosi594@outlook.com
CUST100039,Kagiso,Jones,1991-07-17,2021-03-18,Pretoria,Entrepreneur,25727.87,639.0,kagiso.jones944@webmail.co.za
CUST100040,Jennifer,Davis,1959-09-08,2015-05-03,Kimberley,Civil Servant,12169.63,659.0,jennifer.davis265@gmail.com
CUST100041,Wei,Brown,1954-03-13,2020-10-13,Nelspruit,Sales Rep,16716.31,554.0,wei.brown859@webmail.co.za
CUST100042,Amara,Rodriguez,1964-04-16,2022-03-23,Cape Town,Driver,75082.71,585.0,amara.rodriguez566@outlook.com
CUST100043,Barbara,Khumalo,1969-04-10,2022-08-18,Kimberley,Technician,67473.92,553.0,barbara.khumalo371@gmail.com
CUST100044,Robert,Silva,1959-12-29,2018-05-11,Kimberley,Retired,38465.86,662.0,robert.silva673@outlook.com
CUST100045,Sofia,Rodriguez,2005-12-06,2020-06-16,Polokwane,Artisan,10535.55,619.0,sofia.rodriguez170@outlook.com
CUST100046,Joseph,Khan,1959-01-04,2022-05-15,Durban,,32340.74,684.0,joseph.khan541@webmail.co.za
CUST100047,Ahmed,Mokoena,1995-09-01,2019-12-17,East London,Sales Rep,33867.74,,ahmed.mokoena958@yahoo.com
CUST100048,Lerato,Miller,1954-09-15,2026-02-21,Nelspruit,,27318.63,635.0,lerato.miller744@gmail.com
CUST100049,Wei,Pretorius,2004-10-16,2023-04-03,Nelspruit,Civil Servant,19110.5,564.0,wei.pretorius671@gmail.com
CUST100050,Wei,Martinez,1958-10-04,2015-06-01,Port Elizabeth,Student,21642.65,667.0,wei.martinez5@yahoo.com
CUST100051,Michael,Brown,1970-09-21,2015-09-04,polokwane  ,Sales Rep,18327.74,503.0,michael.brown372@outlook.com
CUST100052,Barbara,Nkosi,1979-01-27,2022-12-29,Pretoria,Entrepreneur,13533.94,664.0,barbara.nkosi890@outlook.com
CUST100053,Joseph,Pretorius,1952-05-03,2019-12-10,Durban  ,,61058.81,625.0,joseph.pretorius623@gmail.com
CUST100054,JESSICA,Johnson,1994-10-28,2024-09-20,east london,Retired,45678.74,666.0,jessica.johnson670@yahoo.com
CUST100055,Mary,Botha,1961-10-03,2017-01-01,Port Elizabeth,Civil Servant,22675.55,501.0,mary.botha529@webmail.co.za
CUST100056,Naledi,Pretorius,1978-07-04,2015-02-28,Durban,Accountant,33233.28,709.0,naledi.pretorius882@yahoo.com
CUST100057,John,Van der Merwe,1978-07-12,2019-06-30,East London,Sales Rep,33989.96,623.0,john.van der merwe963@webmail.co.za
CUST100058,Chidi,Garcia,1981-10-05,2023-11-07,Pretoria,Accountant,109724.74,670.0,chidi.garcia687@outlook.com
CUST100059,Lerato,Mokoena,1948-05-21,2026-03-04,Bloemfontein,Manager,45412.43,482.0,lerato.mokoena813@yahoo.com
CUST100060,Fatima,Dlamini,1955-04-15,2025-03-26,Pretoria,Retired,44394.1,538.0,fatima.dlamini204@gmail.com
CUST100061,Chidi,Mokoena,1954-11-01,2020-09-08,Nelspruit,Student,27523.31,615.0,chidi.mokoena364@webmail.co.za
CUST100062,Barbara,Mokoena,1963-06-05,2024-05-31,Nelspruit,Engineer,20730.17,774.0,barbara.mokoena797@gmail.com
CUST100063,Carlos,Chen,1953-11-03,2015-10-25,Port Elizabeth,Retired,61674.52,697.0,carlos.chen462@outlook.com
CUST100064,Susan,Dlamini,2001-03-27,2021-08-17,Polokwane,Nurse,39789.7,662.0,susan.dlamini821@outlook.com
CUST100065,David,Patel,1976-04-16,2025-09-14,Cape Town  ,Nurse,16354.77,567.0,
CUST100066,Ahmed,Dlamini,1983-01-14,2019-04-08,Kimberley,Consultant,35324.07,550.0,ahmed.dlamini680@webmail.co.za
CUST100067,Barbara,Smith,1966-10-22,2026-02-13,durban,Accountant,44463.84,675.0,barbara.smith477@outlook.com
CUST100068,ROBERT,Smith,1961-11-07,2017-07-22,Nelspruit,,7650.31,713.0,
CUST100069,Jessica,Nkosi,1975-09-11,2016-03-22,Nelspruit,Nurse,15468.61,669.0,jessica.nkosi648@yahoo.com
CUST100070,Mei,Pretorius,1962-12-15,2021-01-28,Cape Town,Nurse,33445.04,804.0,mei.pretorius635@outlook.com
CUST100071,MICHAEL,Khumalo,1965-12-18,2025-04-07,Johannesburg,Retired,8478.79,589.0,michael.khumalo810@gmail.com
CUST100072,JOSEPH,Brown,1972-08-13,2018-09-08,polokwane,Driver,9323.76,666.0,joseph.brown866@webmail.co.za
CUST100073,John,Silva,1975-11-07,2024-07-04,nelspruit,Student,22873.24,498.0,john.silva584@gmail.com
CUST100074,Lerato,Brown,2005-01-15,2016-12-16,Polokwane  ,Student,36131.72,669.0,lerato.brown445@yahoo.com
CUST100075,Jessica,Rodriguez,1958-08-16,2023-08-20,Johannesburg,Nurse,37148.19,,jessica.rodriguez88@outlook.com
CUST100076,David,Davis,1974-10-07,2021-06-14,East London,Consultant,69524.86,556.0,david.davis129@webmail.co.za
CUST100077,Linda,Smith,1954-02-13,2017-10-01,Pretoria,Consultant,28264.4,726.0,linda.smith744@webmail.co.za
CUST100078,Sipho,Silva,1966-05-08,2023-04-26,,Teacher,21512.91,780.0,sipho.silva839@gmail.com
CUST100079,Lerato,Dlamini,1988-10-02,2023-08-04,Nelspruit,Retired,12278.24,588.0,lerato.dlamini17@outlook.com
CUST100080,Carlos,Miller,1955-08-23,2020-12-20,Polokwane,Entrepreneur,21358.89,692.0,carlos.miller183@yahoo.com
CUST100081,Susan,Dlamini,1980-06-17,2017-11-08,Port Elizabeth,,41131.01,792.0,susan.dlamini689@webmail.co.za
CUST100082,Jennifer,Smith,1970-06-02,2016-07-13,Pretoria,Teacher,42261.56,671.0,jennifer.smith201@gmail.com
CUST100083,Raj,Martinez,1948-02-24,2026-01-02,Nelspruit,Nurse,31532.42,721.0,raj.martinez835@webmail.co.za
CUST100084,Kagiso,Dlamini,2001-11-30,2022-06-08,Cape Town,,37356.75,490.0,kagiso.dlamini921@webmail.co.za
CUST100085,Amara,Davis,1970-03-25,2024-05-16,Cape Town,Driver,57862.81,704.0,amara.davis663@yahoo.com
CUST100086,Patricia,Van der Merwe,1992-10-26,2023-01-27,Johannesburg,Artisan,28146.07,697.0,patricia.van der merwe30@webmail.co.za
CUST100087,ELIZABETH,Garcia,1970-05-25,2024-09-08,Bloemfontein,,61107.59,531.0,elizabeth.garcia729@yahoo.com
CUST100088,Wei,Brown,2002-03-06,2016-11-18,Johannesburg,Accountant,17396.28,563.0,wei.brown859@webmail.co.za
CUST100089,Raj,Dlamini,1962-09-20,2020-03-10,Bloemfontein,Artisan,25745.76,704.0,raj.dlamini506@webmail.co.za
CUST100090,Susan,Botha,1970-02-23,2022-09-22,Cape Town,Accountant,20160.89,623.0,susan.botha227@outlook.com
CUST100091,MEI,Rodriguez,1991-04-16,2016-03-13,Nelspruit,Nurse,43287.67,750.0,mei.rodriguez60@gmail.com
CUST100092,Raj,Johnson,1965-12-18,2016-09-26,Port Elizabeth,Technician,14637.02,678.0,raj.johnson783@gmail.com
CUST100093,RICHARD,Nkosi,1967-03-24,2022-05-05,Johannesburg,Nurse,22179.88,655.0,richard.nkosi509@gmail.com
CUST100094,Ahmed,Martinez,2005-09-06,2025-01-22,East London,Nurse,8814.86,635.0,ahmed.martinez680@gmail.com
CUST100095,Elizabeth,Brown,1978-11-22,2022-08-25,Pretoria  ,Retired,38431.23,676.0,elizabeth.brown265@webmail.co.za
CUST100096,Linda,Mokoena,1987-01-19,2015-03-06,Durban,Technician,56844.47,722.0,linda.mokoena378@gmail.com
CUST100097,Lerato,Davis,1984-04-01,2026-03-28,East London,Consultant,46463.61,698.0,lerato.davis63@gmail.com
CUST100098,KAGISO,Pretorius,1995-07-03,2016-08-13,,Nurse,43808.21,612.0,kagiso.pretorius192@yahoo.com
CUST100099,John,Miller,1997-07-27,2017-10-09,Kimberley,Nurse,44517.62,762.0,john.miller120@webmail.co.za
CUST100100,RAJ,Khumalo,1979-05-11,2026-04-17,Port Elizabeth  ,Manager,40938.09,709.0,raj.khumalo884@webmail.co.za
CUST100101,Michael,Dlamini,1962-12-20,2023-06-12,Nelspruit,Manager,38895.64,685.0,michael.dlamini307@yahoo.com
CUST100102,Mei,Garcia,1946-05-23,2025-05-11,,Sales Rep,40430.84,658.0,mei.garcia768@outlook.com
CUST100103,James,Ndlovu,1982-06-24,2024-05-05,Nelspruit,,18152.99,695.0,james.ndlovu551@gmail.com
CUST100104,Mei,Williams,1995-05-09,2022-07-19,Kimberley,Civil Servant,23858.22,485.0,mei.williams866@webmail.co.za
CUST100105,Mei,Chen,1972-06-25,2018-04-18,Bloemfontein,Manager,28061.28,672.0,mei.chen30@yahoo.com
CUST100106,WEI,Khan,1955-01-18,2018-10-14,Bloemfontein,Entrepreneur,21995.14,798.0,wei.khan532@outlook.com
CUST100107,Lerato,Pretorius,1962-07-29,2025-12-20,Bloemfontein,Sales Rep,10511.38,670.0,lerato.pretorius851@gmail.com
CUST100108,Jessica,Davis,1976-02-10,2024-12-19,Johannesburg,,12822.99,658.0,jessica.davis722@outlook.com
CUST100109,Amara,Miller,1996-01-14,2019-01-03,Nelspruit,Teacher,30883.76,596.0,amara.miller798@webmail.co.za
CUST100110,WILLIAM,Khumalo,1955-06-24,2019-04-28,Polokwane,Student,46326.32,694.0,william.khumalo795@webmail.co.za
CUST100111,Wei,Patel,1982-05-05,2018-06-13,Nelspruit  ,Engineer,27054.41,,wei.patel606@webmail.co.za
CUST100112,NALEDI,Nkosi,1990-12-15,2018-11-10,Cape Town,,141335.69,768.0,naledi.nkosi954@yahoo.com
CUST100113,JOSEPH,Smith,2002-02-05,2024-12-19,Nelspruit,Civil Servant,15492.98,572.0,joseph.smith776@gmail.com
CUST100114,Thabo,Garcia,1952-02-14,2015-02-14,Pretoria,Manager,35135.43,609.0,thabo.garcia418@outlook.com
CUST100115,Sipho,Garcia,2001-07-05,2020-01-19,Nelspruit,Civil Servant,58379.59,596.0,sipho.garcia243@outlook.com
CUST100116,MARY,Garcia,1981-09-09,2025-02-12,Kimberley  ,Student,50991.09,815.0,mary.garcia502@gmail.com
CUST100117,John,Ndlovu,1991-10-08,2021-04-14,Nelspruit,Engineer,39856.47,633.0,john.ndlovu107@gmail.com
CUST100118,Linda,Botha,1948-04-13,2020-03-20,Kimberley,Accountant,51131.31,601.0,linda.botha465@yahoo.com
CUST100119,Patricia,Smith,1975-11-16,2018-08-14,Cape Town,Artisan,27812.38,462.0,patricia.smith893@outlook.com
CUST100120,Joseph,Silva,1982-12-24,2015-09-11,Pretoria,Student,72964.55,568.0,joseph.silva143@webmail.co.za
CUST100121,Lerato,Mokoena,1963-09-19,2017-07-08,durban,Teacher,58098.52,698.0,lerato.mokoena765@webmail.co.za
CUST100122,KAGISO,Mokoena,1971-05-01,2016-01-18,Bloemfontein,Student,16133.67,697.0,kagiso.mokoena10@gmail.com
CUST100123,Jessica,Chen,1978-10-24,2016-06-19,Kimberley  ,Entrepreneur,32628.48,591.0,jessica.chen583@outlook.com
CUST100124,Priya,Williams,1978-09-15,2016-11-22,East London,Teacher,10631.98,596.0,priya.williams51@gmail.com
CUST100125,Sipho,Khan,1947-07-22,2018-01-07,Bloemfontein,Civil Servant,67041.92,817.0,sipho.khan189@yahoo.com
CUST100126,Robert,Garcia,1971-10-23,2015-02-16,Nelspruit,Technician,30777.49,893.0,robert.garcia889@outlook.com
CUST100127,Wei,Dlamini,1958-01-16,2026-02-01,Cape Town,Artisan,60431.38,753.0,wei.dlamini306@webmail.co.za
CUST100128,Sipho,Chen,2000-12-01,2016-07-06,East London  ,Engineer,25194.61,,sipho.chen11@webmail.co.za
CUST100129,Kagiso,Mokoena,2004-07-27,2019-09-06,Bloemfontein,Artisan,8832.91,809.0,kagiso.mokoena627@outlook.com
CUST100130,Sipho,Davis,1963-04-12,2025-09-03,Durban,Sales Rep,130930.32,849.0,sipho.davis821@gmail.com
CUST100131,Naledi,Rodriguez,1955-09-08,2016-03-26,East London,Manager,29104.65,623.0,naledi.rodriguez413@gmail.com
CUST100132,Robert,Ndlovu,1958-05-23,2020-07-08,Nelspruit,Retired,14762.93,571.0,robert.ndlovu10@gmail.com
CUST100133,Naledi,Smith,1974-02-21,2024-10-13,Nelspruit,Accountant,53501.09,815.0,naledi.smith932@yahoo.com
CUST100134,Mei,Patel,1998-05-06,2021-06-13,Nelspruit,,91264.24,563.0,mei.patel739@webmail.co.za
CUST100135,ELIZABETH,Williams,1975-07-03,2017-08-06,Nelspruit,Technician,23826.1,557.0,elizabeth.williams866@webmail.co.za
CUST100136,ZANELE,Ndlovu,1948-05-19,2023-09-07,Port Elizabeth,Retired,25347.99,559.0,zanele.ndlovu974@yahoo.com
CUST100137,James,Chen,1947-06-08,2022-11-22,johannesburg,Nurse,31033.66,638.0,james.chen786@outlook.com
CUST100138,Barbara,Johnson,1958-11-15,2019-03-13,Kimberley  ,,13813.72,471.0,barbara.johnson543@yahoo.com
CUST100139,Susan,Nkosi,1996-05-29,2015-07-15,Port Elizabeth,Student,17775.91,,susan.nkosi159@gmail.com
CUST100140,Sofia,Rodriguez,1982-11-28,2015-03-02,East London,,78366.79,594.0,sofia.rodriguez499@yahoo.com
CUST100141,Michael,Smith,1979-05-05,2024-07-23,johannesburg,,24851.57,542.0,michael.smith209@outlook.com
CUST100142,William,Chen,1964-06-16,2018-09-22,Nelspruit,Teacher,16276.31,746.0,william.chen163@yahoo.com
CUST100143,SUSAN,Khumalo,2001-09-10,2016-05-08,Nelspruit,Nurse,20512.19,651.0,susan.khumalo428@outlook.com
CUST100144,Sofia,Chen,1965-03-15,2021-02-01,kimberley,Technician,51210.21,702.0,sofia.chen105@outlook.com
CUST100145,Priya,Khan,1995-12-06,2025-08-31,Cape Town,Consultant,,692.0,
CUST100146,Mary,Ndlovu,1999-08-25,2015-05-02,Nelspruit,Retired,31344.37,631.0,mary.ndlovu777@outlook.com
CUST100147,Linda,Van der Merwe,1974-06-26,2015-08-26,East London,Retired,117869.25,739.0,linda.van der merwe435@webmail.co.za
CUST100148,Raj,Rodriguez,1999-07-20,2019-10-31,Cape Town,Retired,91002.07,691.0,raj.rodriguez365@outlook.com
CUST100149,Mary,Dlamini,1961-11-19,2022-10-30,Bloemfontein,Consultant,37946.09,621.0,mary.dlamini226@webmail.co.za
CUST100150,Priya,Brown,1985-03-01,2020-06-07,Port Elizabeth  ,,59270.42,498.0,priya.brown211@yahoo.com
CUST100151,Elizabeth,Mokoena,1950-05-14,2025-05-24,east london,Technician,58929.42,697.0,elizabeth.mokoena962@gmail.com
CUST100152,Fatima,Garcia,1973-11-28,2015-06-07,Johannesburg,Entrepreneur,24946.5,536.0,fatima.garcia885@outlook.com
CUST100153,ELIZABETH,Patel,1958-04-04,2018-09-12,Bloemfontein,Entrepreneur,46857.96,684.0,elizabeth.patel366@yahoo.com
CUST100154,Susan,Silva,1948-10-30,2019-01-26,east london,Entrepreneur,78680.44,657.0,susan.silva6@outlook.com
CUST100155,LERATO,Van der Merwe,1945-03-25,2018-09-12,,Engineer,12603.66,528.0,lerato.van der merwe665@outlook.com
CUST100156,John,Pretorius,1964-10-23,2020-08-24,Polokwane,Sales Rep,38024.67,673.0,john.pretorius292@yahoo.com
CUST100157,Naledi,Williams,1980-12-17,2024-02-27,East London,Artisan,33419.18,667.0,naledi.williams686@yahoo.com
CUST100158,Thabo,Brown,1972-10-08,2018-06-09,Polokwane,Accountant,28621.08,668.0,thabo.brown319@gmail.com
CUST100159,Mei,Pretorius,1963-05-30,2023-08-16,Johannesburg  ,Sales Rep,27140.44,663.0,mei.pretorius987@yahoo.com
CUST100160,Sofia,Rodriguez,2005-06-17,2016-11-09,Polokwane  ,Teacher,30915.16,,sofia.rodriguez769@webmail.co.za
CUST100161,Lerato,Smith,2002-04-23,2021-06-29,Pretoria,Nurse,32511.31,703.0,lerato.smith599@yahoo.com
CUST100162,SUSAN,Miller,1952-08-31,2019-06-05,Bloemfontein,Engineer,52636.72,588.0,susan.miller315@yahoo.com
CUST100163,Susan,Van der Merwe,1970-04-28,2021-03-30,Bloemfontein  ,,35807.36,553.0,susan.van der merwe136@webmail.co.za
CUST100164,Susan,Davis,1984-07-30,2016-03-31,Kimberley,Entrepreneur,24179.83,711.0,susan.davis91@yahoo.com
CUST100165,Raj,Johnson,1989-09-28,2026-01-16,Pretoria,Sales Rep,16253.23,734.0,raj.johnson632@gmail.com
CUST100166,David,Patel,1967-05-08,2025-06-30,Pretoria,Engineer,20262.65,705.0,david.patel45@gmail.com
CUST100167,Jennifer,Jones,1990-07-10,2024-07-27,,Manager,31467.16,631.0,jennifer.jones755@outlook.com
CUST100168,David,Davis,1952-07-28,2025-04-05,East London  ,Sales Rep,17612.38,,david.davis1@yahoo.com
CUST100169,James,Smith,1965-03-29,2016-12-09,Pretoria,Nurse,47454.48,783.0,james.smith57@gmail.com
CUST100170,Patricia,Mokoena,1988-09-13,2020-10-31,Pretoria,Artisan,34822.99,474.0,patricia.mokoena941@yahoo.com
CUST100171,Robert,Martinez,1983-03-02,2018-06-09,Nelspruit,,53429.4,703.0,robert.martinez794@webmail.co.za
CUST100172,Wei,Botha,1996-01-26,2025-11-04,Nelspruit,Entrepreneur,18337.59,840.0,wei.botha449@outlook.com
CUST100173,Chidi,Davis,1947-11-10,2017-12-03,,Entrepreneur,16339.8,663.0,chidi.davis249@yahoo.com
CUST100174,Amara,Jones,1955-08-22,2017-07-19,Pretoria,Entrepreneur,53190.46,676.0,amara.jones378@webmail.co.za
CUST100175,Joseph,Brown,1947-12-17,2022-12-14,Polokwane,Teacher,29084.84,684.0,joseph.brown211@webmail.co.za
CUST100176,Amara,Jones,1956-09-20,2016-12-01,Cape Town,Consultant,23824.98,668.0,amara.jones841@outlook.com
CUST100177,Jennifer,Martinez,1945-04-06,2023-06-25,Cape Town,Consultant,40912.72,862.0,jennifer.martinez893@webmail.co.za
CUST100178,Ahmed,Johnson,1975-10-04,2018-08-02,Cape Town,,40009.39,574.0,ahmed.johnson797@webmail.co.za
CUST100179,Thabo,Rodriguez,1977-03-24,2022-08-27,,Nurse,12664.29,563.0,thabo.rodriguez952@gmail.com
CUST100180,CARLOS,Van der Merwe,1985-02-17,2025-09-02,Port Elizabeth,Consultant,61746.16,621.0,carlos.van der merwe199@yahoo.com
CUST100181,John,Khan,1968-06-24,2022-01-22,Pretoria,Student,21031.06,807.0,john.khan620@outlook.com
CUST100182,JESSICA,Chen,1945-03-13,2017-06-18,Cape Town,Accountant,74608.58,598.0,jessica.chen95@gmail.com
CUST100183,Amara,Botha,1986-02-08,2015-07-27,East London,Technician,12086.82,689.0,amara.botha859@yahoo.com
CUST100184,JESSICA,Silva,1948-04-24,2015-08-07,nelspruit,Teacher,32546.96,746.0,jessica.silva17@webmail.co.za
CUST100185,Joseph,Chen,1997-11-01,2016-11-01,Durban  ,Teacher,,720.0,joseph.chen876@outlook.com
CUST100186,JENNIFER,Van der Merwe,1946-05-20,2021-09-18,East London,Consultant,8224.39,742.0,jennifer.van der merwe853@gmail.com
CUST100187,RICHARD,Williams,1977-05-11,2019-12-01,Polokwane,Consultant,39931.66,778.0,richard.williams135@outlook.com
CUST100188,Linda,Van der Merwe,1999-08-03,2017-10-25,Bloemfontein,Retired,8481.46,678.0,linda.van der merwe692@gmail.com
CUST100189,Elizabeth,Miller,1979-12-03,2017-07-16,bloemfontein  ,Civil Servant,22584.07,609.0,elizabeth.miller387@outlook.com
CUST100190,Lerato,Khan,1982-02-10,2025-12-26,cape town  ,Nurse,52185.78,663.0,lerato.khan927@outlook.com
CUST100191,KAGISO,Pretorius,1986-07-30,2016-05-17,Kimberley,Manager,19574.41,619.0,kagiso.pretorius460@outlook.com
CUST100192,Zanele,Ndlovu,1952-06-20,2018-07-13,Kimberley,Entrepreneur,15642.7,877.0,zanele.ndlovu45@outlook.com
CUST100193,Barbara,Johnson,1986-03-03,2020-06-17,Polokwane,Engineer,43486.85,602.0,barbara.johnson222@outlook.com
CUST100194,Carlos,Rodriguez,1998-09-13,2015-02-01,Kimberley,Entrepreneur,23162.48,693.0,carlos.rodriguez17@outlook.com
CUST100195,Robert,Rodriguez,2004-06-04,2025-08-31,East London,,21098.65,515.0,robert.rodriguez526@webmail.co.za
CUST100196,DAVID,Pretorius,1972-01-10,2016-02-24,East London,Teacher,57814.53,662.0,david.pretorius676@yahoo.com
CUST100197,Patricia,Pretorius,1966-01-06,2022-11-26,Nelspruit,Nurse,13354.82,624.0,patricia.pretorius949@gmail.com
CUST100198,David,Khumalo,1990-12-13,2022-04-14,Johannesburg,,20419.3,711.0,david.khumalo655@gmail.com
CUST100199,Carlos,Pretorius,1978-02-11,2024-05-15,Durban,Technician,45245.94,713.0,carlos.pretorius38@webmail.co.za
CUST100200,BARBARA,Martinez,1960-09-11,2022-07-18,Durban,,12846.56,778.0,barbara.martinez677@gmail.com
CUST100201,Fatima,Martinez,1955-07-03,2023-11-29,East London  ,Consultant,78058.07,770.0,fatima.martinez726@outlook.com
CUST100202,Jessica,Van der Merwe,1955-05-21,2019-11-17,durban,Artisan,23621.0,644.0,jessica.van der merwe695@gmail.com
CUST100203,Amara,Chen,1973-01-04,2020-08-29,Pretoria,Accountant,45465.83,565.0,amara.chen85@gmail.com
CUST100204,Joseph,Dlamini,1955-05-19,2023-02-16,Port Elizabeth,Driver,45408.8,576.0,joseph.dlamini618@gmail.com
CUST100205,William,Ndlovu,1946-03-16,2021-01-08,Polokwane,Nurse,24553.93,677.0,william.ndlovu371@gmail.com
CUST100206,Wei,Patel,1948-03-06,2020-03-12,Bloemfontein,Nurse,20182.94,664.0,wei.patel440@gmail.com
CUST100207,Sofia,Khan,2001-09-20,2017-05-19,johannesburg,Teacher,26218.52,673.0,sofia.khan428@webmail.co.za
CUST100208,William,Ndlovu,1949-06-14,2017-12-27,East London,,41258.42,602.0,william.ndlovu959@yahoo.com
CUST100209,Wei,Smith,1949-06-19,2019-02-25,Port Elizabeth,Teacher,14885.53,779.0,wei.smith321@outlook.com
CUST100210,William,Williams,1972-07-10,2015-09-02,Cape Town,Technician,13069.61,517.0,william.williams952@yahoo.com
CUST100211,Amara,Brown,1959-12-14,2019-01-11,East London,Technician,65546.93,597.0,amara.brown345@webmail.co.za
CUST100212,Mei,Ndlovu,2003-09-21,2015-12-01,Durban,Engineer,17310.82,553.0,mei.ndlovu751@webmail.co.za
CUST100213,Joseph,Mokoena,2000-07-26,2021-07-18,Port Elizabeth,Entrepreneur,6654260.000000001,631.0,joseph.mokoena639@gmail.com
CUST100214,Chidi,Silva,1969-09-09,2023-02-26,Kimberley,Technician,23829.45,762.0,chidi.silva262@gmail.com
CUST100215,William,Garcia,1972-05-16,2021-05-07,Durban,Teacher,,624.0,william.garcia390@outlook.com
CUST100216,Robert,Silva,1967-11-19,2023-12-01,Nelspruit,Teacher,63464.36,659.0,robert.silva224@webmail.co.za
CUST100217,Patricia,Chen,1947-04-24,2015-01-01,port elizabeth,Student,25562.93,710.0,patricia.chen420@gmail.com
CUST100218,Joseph,Johnson,1962-11-12,2015-09-09,kimberley,Artisan,21718.17,620.0,joseph.johnson223@webmail.co.za
CUST100219,Ahmed,Davis,1952-06-26,2023-02-02,Nelspruit,Sales Rep,22883.48,684.0,ahmed.davis790@yahoo.com
CUST100220,John,Miller,1951-03-31,2024-04-19,Nelspruit,Sales Rep,19889.06,673.0,john.miller916@gmail.com
CUST100221,Joseph,Botha,1979-03-19,2023-04-24,Durban,Engineer,,548.0,joseph.botha574@gmail.com
CUST100222,Amara,Pretorius,1951-01-10,2022-05-09,Polokwane,Engineer,19936.99,608.0,amara.pretorius891@outlook.com
CUST100223,Michael,Van der Merwe,1951-04-13,2023-12-03,Pretoria,Consultant,72978.93,682.0,michael.van der merwe59@yahoo.com
CUST100224,Chidi,Dlamini,1974-04-24,2023-07-26,Kimberley,Manager,41228.84,765.0,chidi.dlamini745@webmail.co.za
CUST100225,ELIZABETH,Ndlovu,1971-12-24,2023-05-23,Kimberley,Accountant,21870.24,765.0,elizabeth.ndlovu489@gmail.com
CUST100226,Mei,Miller,1953-05-25,2023-07-19,East London,Manager,48484.21,839.0,mei.miller570@gmail.com
CUST100227,Sipho,Silva,1945-04-10,2015-10-11,Kimberley,Artisan,10380.49,694.0,sipho.silva319@gmail.com
CUST100228,Naledi,Johnson,1956-10-09,2015-09-25,Bloemfontein,Driver,61414.85,,naledi.johnson656@yahoo.com
CUST100229,Jennifer,Garcia,1959-05-23,2019-08-03,Johannesburg,Manager,58518.22,644.0,jennifer.garcia425@outlook.com
CUST100230,Joseph,Williams,1993-10-24,2021-09-02,nelspruit  ,Driver,102929.59,640.0,joseph.williams389@outlook.com
CUST100231,Priya,Ndlovu,2000-11-03,2023-10-31,Bloemfontein  ,,49361.74,613.0,priya.ndlovu887@gmail.com
CUST100232,James,Miller,1969-10-06,2018-11-16,Johannesburg,Engineer,34973.32,684.0,james.miller744@gmail.com
CUST100233,Wei,Jones,1969-09-15,2018-09-03,Johannesburg,Civil Servant,58377.41,689.0,wei.jones640@gmail.com
CUST100234,Jessica,Rodriguez,1988-06-17,2024-01-19,Polokwane,Consultant,18481.29,544.0,jessica.rodriguez256@outlook.com
CUST100235,Chidi,Van der Merwe,1983-03-30,2017-11-20,Kimberley,Accountant,21221.08,748.0,chidi.van der merwe187@webmail.co.za
CUST100236,Lerato,Khumalo,1956-03-26,2024-04-07,East London  ,Retired,25885.88,485.0,lerato.khumalo780@outlook.com
CUST100237,Susan,Van der Merwe,1951-07-28,2017-01-19,port elizabeth,,61164.91,630.0,susan.van der merwe205@yahoo.com
CUST100238,Elizabeth,Pretorius,1971-09-11,2019-01-03,Pretoria,Engineer,16098.36,753.0,elizabeth.pretorius561@webmail.co.za
CUST100239,Kagiso,Botha,1979-06-15,2019-08-24,Port Elizabeth,Accountant,15104.73,705.0,kagiso.botha164@webmail.co.za
CUST100240,John,Davis,1953-06-18,2018-06-20,Pretoria,Nurse,31005.59,618.0,john.davis2@webmail.co.za
CUST100241,Sipho,Botha,1962-11-21,2015-01-15,Durban,Teacher,41378.57,,sipho.botha735@yahoo.com
CUST100242,Patricia,Pretorius,1963-08-31,2017-09-23,Cape Town,,17644.01,610.0,patricia.pretorius245@gmail.com
CUST100243,Kagiso,Nkosi,1960-12-09,2018-11-29,Bloemfontein,Nurse,40225.27,470.0,kagiso.nkosi689@yahoo.com
CUST100244,Kagiso,Davis,1973-02-08,2018-08-19,Durban,Manager,61147.22,691.0,kagiso.davis928@outlook.com
CUST100245,Robert,Garcia,1984-11-01,2024-05-02,Cape Town,Entrepreneur,55286.11,490.0,
CUST100246,Wei,Khumalo,1976-01-27,2015-07-20,Durban,,33255.51,575.0,wei.khumalo811@webmail.co.za
CUST100247,Susan,Pretorius,1957-04-16,2019-04-07,Polokwane,Student,25479.8,706.0,susan.pretorius165@outlook.com
CUST100248,Mei,Botha,1951-04-13,2015-08-06,Bloemfontein,Teacher,76219.62,609.0,mei.botha200@webmail.co.za
CUST100249,Mary,Khumalo,1995-02-18,2025-11-10,Port Elizabeth,,27152.99,702.0,mary.khumalo187@yahoo.com
CUST100250,JENNIFER,Brown,1974-03-28,2024-02-25,Bloemfontein,Teacher,9459500.0,546.0,jennifer.brown624@gmail.com
CUST100251,Jessica,Martinez,1948-10-16,2026-05-17,Bloemfontein,Student,87113.65,727.0,jessica.martinez259@outlook.com
CUST100252,Michael,Patel,1960-09-29,2025-07-16,Port Elizabeth,Artisan,44407.38,498.0,michael.patel954@outlook.com
CUST100253,David,Khumalo,1994-01-17,2018-08-28,Nelspruit,Sales Rep,14790.57,769.0,david.khumalo751@outlook.com
CUST100254,Lerato,Davis,1990-11-08,2023-04-01,polokwane,Entrepreneur,12792.14,607.0,lerato.davis165@gmail.com
CUST100255,John,Davis,1998-06-04,2018-07-20,Cape Town,Civil Servant,22503.41,788.0,john.davis405@outlook.com
CUST100256,LERATO,Johnson,1981-09-22,2025-04-15,Nelspruit,,41179.65,574.0,lerato.johnson798@yahoo.com
CUST100257,Patricia,Miller,1970-10-18,2019-04-10,Cape Town,,35132.14,823.0,patricia.miller17@webmail.co.za
CUST100258,Jennifer,Chen,1971-01-10,2019-10-05,Johannesburg,Accountant,101138.81,564.0,jennifer.chen309@gmail.com
CUST100259,SIPHO,Garcia,1956-11-01,2025-02-08,Port Elizabeth  ,Retired,34927.64,489.0,sipho.garcia214@gmail.com
CUST100260,Mei,Nkosi,1984-09-12,2024-09-09,Pretoria,Entrepreneur,22104.47,654.0,mei.nkosi319@webmail.co.za
CUST100261,Jennifer,Johnson,1980-09-08,2026-11-03,Polokwane,Consultant,13629.54,761.0,jennifer.johnson164@yahoo.com
CUST100262,Elizabeth,Khumalo,1954-06-13,2015-09-10,East London,,54625.85,721.0,elizabeth.khumalo920@outlook.com
CUST100263,Fatima,Ndlovu,1999-01-09,2017-10-26,Johannesburg,Entrepreneur,26805.52,755.0,fatima.ndlovu828@yahoo.com
CUST100264,Sofia,Van der Merwe,1967-06-24,2018-06-26,Port Elizabeth,Technician,10897.8,723.0,sofia.van der merwe147@outlook.com
CUST100265,Sipho,Botha,1948-01-14,2019-01-12,Polokwane,Nurse,27264.93,576.0,sipho.botha404@yahoo.com
CUST100266,Joseph,Dlamini,1964-12-31,2020-06-24,Polokwane  ,Sales Rep,14802.59,719.0,joseph.dlamini426@gmail.com
CUST100267,Barbara,Mokoena,1998-01-22,2018-05-17,Bloemfontein,Civil Servant,20839.75,658.0,barbara.mokoena720@gmail.com
CUST100268,ZANELE,Patel,2000-12-06,2024-02-26,East London,Accountant,27003.32,586.0,zanele.patel233@outlook.com
CUST100269,Sipho,Dlamini,1974-11-30,2017-02-08,Bloemfontein,,15629.15,666.0,sipho.dlamini712@outlook.com
CUST100270,Elizabeth,Jones,2003-05-03,2023-01-25,Durban,Nurse,20078.91,,elizabeth.jones705@gmail.com
CUST100271,James,Martinez,1998-05-22,2024-11-11,Bloemfontein,Artisan,17214.86,777.0,james.martinez417@yahoo.com
CUST100272,John,Garcia,1995-05-04,2021-12-28,East London,Artisan,17494.23,604.0,john.garcia321@yahoo.com
CUST100273,Carlos,Ndlovu,1997-06-10,2019-07-02,Johannesburg,Nurse,14693.9,599.0,carlos.ndlovu497@webmail.co.za
CUST100274,Susan,Mokoena,1968-04-17,2017-05-03,East London,Technician,20137.54,587.0,susan.mokoena959@webmail.co.za
CUST100275,Jessica,Jones,1991-02-22,2016-07-22,Durban,Nurse,15727.73,821.0,jessica.jones931@outlook.com
CUST100276,JOSEPH,Garcia,1980-03-20,2023-08-14,Johannesburg,Manager,38251.97,,joseph.garcia733@yahoo.com
CUST100277,Mei,Van der Merwe,1988-11-24,2020-07-06,Polokwane,,30347.82,767.0,mei.van der merwe577@gmail.com
CUST100278,Robert,Rodriguez,1955-11-05,2015-07-15,pretoria,Engineer,55095.82,557.0,robert.rodriguez923@gmail.com
CUST100279,Robert,Jones,1989-08-12,2026-05-24,,,83451.59,696.0,robert.jones239@outlook.com
CUST100280,William,Patel,2003-05-31,2022-10-10,East London,Student,40392.32,674.0,william.patel122@webmail.co.za
CUST100281,JESSICA,Patel,1963-06-19,2024-10-10,Bloemfontein,Retired,35233.49,761.0,jessica.patel574@gmail.com
CUST100282,Lerato,Van der Merwe,2005-02-25,2020-01-28,East London,Driver,41948.68,748.0,lerato.van der merwe389@outlook.com
CUST100283,Jessica,Khan,1968-01-30,2026-01-24,Kimberley,,35594.74,657.0,jessica.khan711@webmail.co.za
CUST100284,Joseph,Nkosi,1957-03-08,2017-04-23,East London,Accountant,27725.83,602.0,joseph.nkosi543@yahoo.com
CUST100285,Carlos,Khumalo,1951-11-07,2017-02-22,Johannesburg,Technician,26433.95,796.0,carlos.khumalo623@gmail.com
CUST100286,Jennifer,Miller,1992-11-18,2025-04-24,Durban,Engineer,14574.05,593.0,jennifer.miller71@outlook.com
CUST100287,Sipho,Van der Merwe,1978-11-04,2025-04-29,Port Elizabeth,Civil Servant,44504.77,,sipho.van der merwe174@webmail.co.za
CUST100288,Naledi,Garcia,1963-09-26,2020-11-10,Port Elizabeth,Student,26402.74,483.0,naledi.garcia17@yahoo.com
CUST100289,Jessica,Miller,1982-02-11,2016-06-16,Pretoria,Nurse,64196.98,505.0,jessica.miller937@yahoo.com
CUST100290,Mei,Van der Merwe,1965-04-04,2018-07-15,Cape Town,Artisan,46587.22,704.0,mei.van der merwe981@yahoo.com
CUST100291,William,Botha,1972-05-07,2023-09-26,Cape Town,Nurse,18479.72,849.0,william.botha635@webmail.co.za
CUST100292,Carlos,Davis,1997-08-15,2024-10-18,Cape Town,Sales Rep,56841.08,466.0,carlos.davis633@yahoo.com
CUST100293,David,Khan,1985-10-04,2019-10-01,Kimberley,,5788.07,580.0,david.khan758@yahoo.com
CUST100294,Naledi,Pretorius,1991-07-04,2015-09-17,pretoria  ,Civil Servant,85659.5,658.0,naledi.pretorius813@yahoo.com
CUST100295,Thabo,Silva,1980-08-04,2022-09-17,Kimberley  ,Driver,12051.36,789.0,thabo.silva836@outlook.com
CUST100296,Priya,Smith,2005-06-22,2023-07-26,Pretoria,Engineer,36209.16,579.0,priya.smith754@yahoo.com
CUST100297,JOSEPH,Chen,1959-09-23,2019-11-29,Pretoria,Sales Rep,,703.0,joseph.chen423@yahoo.com
CUST100298,Elizabeth,Brown,1960-12-31,2021-02-10,,Civil Servant,52798.08,627.0,elizabeth.brown351@yahoo.com
CUST100299,James,Van der Merwe,1950-08-25,2026-08-06,Kimberley,Retired,22087.83,885.0,james.van der merwe485@webmail.co.za
CUST100300,Barbara,Johnson,1978-10-18,2017-02-11,bloemfontein,Engineer,7425.6,663.0,barbara.johnson888@outlook.com
CUST100301,Raj,Nkosi,1982-06-01,2021-08-20,Johannesburg,Engineer,22106.51,682.0,raj.nkosi604@outlook.com
CUST100302,James,Brown,1989-04-13,2022-01-28,Durban,Retired,23588.22,658.0,james.brown892@yahoo.com
CUST100303,Ahmed,Martinez,1965-06-18,2021-11-05,Kimberley,Student,7867.41,613.0,ahmed.martinez412@yahoo.com
CUST100304,Naledi,Garcia,1945-10-01,2025-01-24,Cape Town,Consultant,27645.63,735.0,naledi.garcia24@yahoo.com
CUST100305,JOHN,Silva,1983-07-26,2022-03-01,nelspruit,Teacher,14107.88,546.0,john.silva383@outlook.com
CUST100306,Elizabeth,Rodriguez,2005-12-01,2020-11-18,Kimberley,Driver,39713.68,470.0,elizabeth.rodriguez263@webmail.co.za
CUST100307,Naledi,Khan,1962-12-20,2016-04-06,Durban,Entrepreneur,23210.32,636.0,naledi.khan322@yahoo.com
CUST100308,David,Johnson,1956-03-21,2023-02-22,Bloemfontein,Nurse,87260.83,723.0,
CUST100309,Patricia,Martinez,1962-03-10,2016-12-07,,Accountant,23070.1,598.0,patricia.martinez98@gmail.com
CUST100310,Lerato,Pretorius,1970-12-13,2015-04-23,Polokwane,Sales Rep,34830.01,667.0,lerato.pretorius501@webmail.co.za
CUST100311,LERATO,Pretorius,1960-04-22,2020-08-28,Polokwane,Retired,23674.58,540.0,lerato.pretorius404@yahoo.com
CUST100312,Patricia,Jones,1966-03-01,2021-08-18,Johannesburg,Entrepreneur,10158.23,746.0,patricia.jones896@yahoo.com
CUST100313,WILLIAM,Rodriguez,1983-12-06,2026-07-27,pretoria,Consultant,23793.61,709.0,william.rodriguez321@gmail.com
CUST100314,LINDA,Martinez,1966-01-17,2023-02-04,Kimberley,Technician,42279.1,652.0,linda.martinez352@gmail.com
CUST100315,Lerato,Khumalo,1969-02-27,2024-10-29,Pretoria,Manager,38607.19,665.0,lerato.khumalo354@gmail.com
CUST100316,Chidi,Dlamini,1947-06-11,2019-05-01,Durban,Engineer,22562.38,525.0,chidi.dlamini197@webmail.co.za
CUST100317,Chidi,Williams,2000-12-28,2020-11-22,East London,Driver,11225.53,529.0,chidi.williams474@webmail.co.za
CUST100318,Carlos,Khan,1969-10-27,2026-04-14,Cape Town,Accountant,39603.59,639.0,carlos.khan576@webmail.co.za
CUST100319,Wei,Jones,1965-01-06,2019-01-11,Cape Town,Engineer,34602.87,696.0,wei.jones466@yahoo.com
CUST100320,David,Miller,1950-04-11,2024-07-05,Polokwane  ,Retired,44624.87,701.0,david.miller262@outlook.com
CUST100321,Patricia,Van der Merwe,1983-09-07,2021-02-02,Cape Town,Manager,22823.2,617.0,patricia.van der merwe409@outlook.com
CUST100322,Zanele,Patel,1997-09-10,2017-05-08,Nelspruit,Technician,9792.53,717.0,zanele.patel767@webmail.co.za
CUST100323,Fatima,Rodriguez,1947-07-06,2021-09-21,Durban,Accountant,37058.61,778.0,fatima.rodriguez842@webmail.co.za
CUST100324,SOFIA,Pretorius,1953-11-11,2017-11-07,Cape Town  ,Consultant,26756.01,642.0,sofia.pretorius815@outlook.com
CUST100325,Linda,Rodriguez,1953-12-06,2015-01-13,Polokwane,Nurse,62007.48,678.0,linda.rodriguez645@webmail.co.za
CUST100326,Linda,Khumalo,1981-09-27,2017-09-24,Cape Town,Student,27371.01,631.0,linda.khumalo816@gmail.com
CUST100327,Mary,Garcia,2001-03-12,2017-03-27,Pretoria  ,Retired,26179.18,639.0,mary.garcia875@webmail.co.za
CUST100328,JOHN,Jones,1971-09-15,2019-04-18,pretoria,Driver,,,john.jones123@gmail.com
CUST100329,Naledi,Ndlovu,1965-12-21,2025-04-16,Bloemfontein,Accountant,18804.31,803.0,naledi.ndlovu749@outlook.com
CUST100330,NALEDI,Khumalo,1991-09-19,2019-06-29,Port Elizabeth,Retired,18268.23,732.0,naledi.khumalo653@webmail.co.za
CUST100331,BARBARA,Silva,1990-04-18,2024-10-15,Cape Town,Accountant,25368.48,724.0,barbara.silva864@outlook.com
CUST100332,Elizabeth,Rodriguez,1960-01-20,2021-08-06,Durban,Nurse,15487.0,609.0,elizabeth.rodriguez831@gmail.com
CUST100333,Raj,Botha,1954-10-24,2015-02-02,Cape Town,,23448.05,569.0,raj.botha801@webmail.co.za
CUST100334,Joseph,Mokoena,1966-10-29,2017-09-03,Johannesburg,,86140.66,685.0,joseph.mokoena797@webmail.co.za
CUST100335,Mei,Johnson,1992-04-23,2025-10-14,East London,Sales Rep,50290.94,762.0,mei.johnson677@outlook.com
CUST100336,CARLOS,Khan,1987-05-26,2021-12-30,Port Elizabeth,Accountant,32364.67,805.0,carlos.khan151@outlook.com
CUST100337,David,Khumalo,1985-08-13,2025-06-10,Cape Town  ,Technician,68255.03,429.0,david.khumalo347@gmail.com
CUST100338,Michael,Rodriguez,1995-08-05,2018-04-08,Pretoria,Manager,16400.42,870.0,michael.rodriguez719@outlook.com
CUST100339,CARLOS,Ndlovu,1961-11-27,2023-04-20,East London,Artisan,119882.09,688.0,carlos.ndlovu88@outlook.com
CUST100340,Kagiso,Miller,1965-09-20,2023-10-12,Durban,Sales Rep,20408.33,732.0,kagiso.miller342@outlook.com
CUST100341,Elizabeth,Mokoena,1947-08-02,2026-04-20,Port Elizabeth  ,Consultant,89525.93,493.0,elizabeth.mokoena50@webmail.co.za
CUST100342,Zanele,Khumalo,1997-12-28,2015-03-18,Polokwane,Sales Rep,89289.74,629.0,zanele.khumalo534@outlook.com
CUST100343,Thabo,Martinez,1980-07-11,2026-10-01,east london,Technician,9396.21,724.0,thabo.martinez471@gmail.com
CUST100344,AHMED,Miller,1963-03-09,2019-07-15,Polokwane,Sales Rep,64877.44,544.0,ahmed.miller184@yahoo.com
CUST100345,William,Rodriguez,1949-03-27,2024-09-14,Pretoria,Manager,22689.43,390.0,william.rodriguez870@gmail.com
CUST100346,SOFIA,Ndlovu,1989-02-15,2021-04-23,Port Elizabeth,,19133.94,680.0,sofia.ndlovu838@webmail.co.za
CUST100347,Fatima,Ndlovu,1990-09-03,2021-07-16,Nelspruit,Accountant,36856.34,646.0,fatima.ndlovu565@outlook.com
CUST100348,Jennifer,Miller,1985-08-20,2019-01-03,Nelspruit  ,Entrepreneur,14694.83,,jennifer.miller766@webmail.co.za
CUST100349,Jennifer,Khumalo,1957-06-07,2024-05-08,Johannesburg,Student,36359.04,636.0,jennifer.khumalo823@yahoo.com
CUST100350,Naledi,Jones,2000-09-14,2018-01-21,Nelspruit,Technician,15298.7,642.0,naledi.jones930@outlook.com
CUST100351,Mary,Dlamini,1990-12-10,2020-09-13,Nelspruit,Driver,29918.96,713.0,
CUST100352,Elizabeth,Williams,1985-02-14,2021-06-27,kimberley,Technician,,743.0,elizabeth.williams642@yahoo.com
CUST100353,Susan,Ndlovu,1984-09-15,2023-07-08,Durban,Entrepreneur,33925.11,586.0,susan.ndlovu924@webmail.co.za
CUST100354,SOFIA,Silva,2000-03-01,2020-06-18,Bloemfontein,Nurse,21679.56,735.0,sofia.silva159@webmail.co.za
CUST100355,Sofia,Silva,2001-08-16,2022-11-17,johannesburg,Consultant,37229.13,603.0,sofia.silva133@webmail.co.za
CUST100356,John,Patel,1981-05-02,2020-08-14,Cape Town  ,Retired,11569.32,651.0,john.patel699@outlook.com
CUST100357,AHMED,Khan,1970-06-01,2022-08-20,Bloemfontein  ,Artisan,16263.58,710.0,ahmed.khan154@yahoo.com
CUST100358,Robert,Johnson,1967-03-10,2022-10-22,Durban,Nurse,20781.91,726.0,robert.johnson354@yahoo.com
CUST100359,Chidi,Davis,1994-12-18,2023-03-20,Durban,Technician,43135.87,679.0,chidi.davis938@webmail.co.za
CUST100360,Priya,Chen,1984-04-27,2024-07-14,,Nurse,34319.85,553.0,priya.chen443@outlook.com
CUST100361,Ahmed,Silva,1949-09-18,2021-06-04,Port Elizabeth,Civil Servant,37089.9,482.0,ahmed.silva531@yahoo.com
CUST100362,Linda,Khumalo,1953-09-03,2017-03-28,Cape Town,Manager,,0.0,linda.khumalo540@outlook.com
CUST100363,Ahmed,Van der Merwe,1999-11-29,2022-11-14,Nelspruit,Sales Rep,16766.53,737.0,ahmed.van der merwe452@webmail.co.za
CUST100364,PATRICIA,Miller,1998-12-14,2015-11-23,East London,,65701.05,690.0,patricia.miller179@gmail.com
CUST100365,Thabo,Brown,2003-01-22,2017-07-15,Polokwane,Sales Rep,17700.07,672.0,thabo.brown68@yahoo.com
CUST100366,Jessica,Johnson,1971-02-06,2024-04-03,Kimberley,Nurse,34593.58,649.0,jessica.johnson718@gmail.com
CUST100367,David,Khumalo,1992-10-29,2020-01-15,East London,Civil Servant,25153.12,678.0,david.khumalo942@gmail.com
CUST100368,James,Chen,1995-07-10,2020-07-10,Pretoria,Artisan,37714.35,561.0,james.chen695@gmail.com
CUST100369,Wei,Miller,1964-04-04,2026-08-06,Kimberley,Artisan,18708.02,720.0,wei.miller59@webmail.co.za
CUST100370,David,Silva,1953-11-12,2017-09-21,Bloemfontein,Teacher,50594.91,726.0,david.silva518@webmail.co.za
CUST100371,Lerato,Khan,2005-10-25,2015-03-24,Port Elizabeth,Sales Rep,61510.72,618.0,lerato.khan940@webmail.co.za
CUST100372,Susan,Davis,1946-11-05,2016-04-16,Port Elizabeth,Sales Rep,48766.25,689.0,susan.davis840@yahoo.com
CUST100373,Barbara,Garcia,1981-06-09,2017-10-31,Johannesburg,Accountant,29571.76,496.0,barbara.garcia349@yahoo.com
CUST100374,Ahmed,Khan,1984-08-30,2023-05-29,kimberley,Consultant,20721.45,666.0,ahmed.khan345@outlook.com
CUST100375,Patricia,Chen,1986-08-03,2023-12-26,Nelspruit  ,,146278.42,638.0,patricia.chen511@outlook.com
CUST100376,Chidi,Brown,1960-08-05,2021-07-20,East London,Technician,14839.17,763.0,chidi.brown251@outlook.com
CUST100377,Chidi,Garcia,1989-01-06,2017-12-14,Durban,Entrepreneur,45649.03,632.0,chidi.garcia116@yahoo.com
CUST100378,Richard,Ndlovu,1958-03-15,2021-01-15,Kimberley,Retired,32848.81,728.0,richard.ndlovu34@outlook.com
CUST100379,William,Dlamini,1995-07-28,2015-05-03,Cape Town,,25912.42,615.0,william.dlamini298@outlook.com
CUST100380,James,Brown,1958-05-14,2022-11-24,Durban,Accountant,30064.42,444.0,james.brown425@gmail.com
CUST100381,Fatima,Pretorius,1987-07-01,2022-11-02,Johannesburg,Engineer,19808.59,630.0,fatima.pretorius344@yahoo.com
CUST100382,CARLOS,Rodriguez,1992-10-14,2015-03-04,Durban,Manager,34760.37,668.0,carlos.rodriguez508@yahoo.com
CUST100383,Linda,Rodriguez,1956-07-11,2024-06-17,Pretoria,Engineer,32535.75,664.0,linda.rodriguez675@webmail.co.za
CUST100384,Mary,Johnson,1959-07-09,2023-04-11,Polokwane,Teacher,134133.65,665.0,mary.johnson156@webmail.co.za
CUST100385,Patricia,Botha,1992-07-10,2018-07-27,Pretoria,,51148.75,604.0,patricia.botha578@yahoo.com
CUST100386,Robert,Garcia,1950-03-31,2022-11-05,Kimberley,Entrepreneur,36663.23,621.0,robert.garcia771@gmail.com
CUST100387,Raj,Nkosi,1956-08-20,2021-12-19,Pretoria,,,549.0,raj.nkosi870@yahoo.com
CUST100388,Ahmed,Ndlovu,1972-10-14,2016-08-28,Bloemfontein,Retired,81123.06,470.0,ahmed.ndlovu366@webmail.co.za
CUST100389,John,Botha,2001-09-27,2017-03-28,Bloemfontein,Technician,15029.11,640.0,
CUST100390,Chidi,Brown,1979-04-11,2022-11-29,Nelspruit,Artisan,24109.48,583.0,chidi.brown686@yahoo.com
CUST100391,Jennifer,Brown,1968-08-25,2025-10-23,Polokwane,Civil Servant,8567.38,747.0,jennifer.brown808@webmail.co.za
CUST100392,Barbara,Silva,2004-09-05,2021-03-09,nelspruit,Teacher,37618.99,454.0,barbara.silva213@outlook.com
CUST100393,Zanele,Van der Merwe,1973-04-15,2021-07-29,Kimberley,Manager,44752.57,676.0,zanele.van der merwe864@gmail.com
CUST100394,Chidi,Dlamini,1971-06-17,2022-06-28,Cape Town,Teacher,14803.81,,chidi.dlamini783@webmail.co.za
CUST100395,Priya,Smith,1970-02-10,2020-07-02,Johannesburg,Retired,63643.22,,priya.smith769@yahoo.com
CUST100396,Mary,Pretorius,1964-01-17,2015-08-18,port elizabeth  ,Entrepreneur,17477.54,650.0,mary.pretorius244@gmail.com
CUST100397,Michael,Rodriguez,1964-11-13,2019-05-08,Cape Town,Student,21906.07,688.0,michael.rodriguez66@outlook.com
CUST100398,William,Pretorius,1986-12-16,2025-05-06,Port Elizabeth,Artisan,28904.12,695.0,william.pretorius312@outlook.com
CUST100399,Elizabeth,Botha,1947-06-29,2024-04-27,,Technician,70018.71,613.0,elizabeth.botha226@yahoo.com
CUST100400,Sofia,Van der Merwe,1986-08-04,2025-09-28,Durban,Engineer,16075.98,559.0,sofia.van der merwe878@yahoo.com
CUST100401,Wei,Patel,1957-04-10,2016-08-10,Johannesburg,Retired,32040.25,709.0,wei.patel757@gmail.com
CUST100402,David,Chen,1968-06-08,2020-10-11,Kimberley,Civil Servant,42826.08,478.0,david.chen953@webmail.co.za
CUST100403,Sofia,Dlamini,1953-12-09,2021-09-10,Pretoria,,37838.49,725.0,sofia.dlamini749@gmail.com
CUST100404,Jessica,Smith,1978-09-19,2017-06-06,Nelspruit,,38686.29,615.0,jessica.smith963@yahoo.com
CUST100405,Thabo,Rodriguez,1989-06-28,2017-04-30,east london,Accountant,,650.0,thabo.rodriguez212@gmail.com
CUST100406,Susan,Khan,1966-08-20,2024-01-21,East London,Artisan,19286.61,603.0,susan.khan87@webmail.co.za
CUST100407,John,Silva,1954-12-20,2022-12-10,Polokwane,Engineer,74062.74,779.0,john.silva213@outlook.com
CUST100408,FATIMA,Khumalo,1958-10-26,2022-06-30,Durban,Engineer,25167.54,672.0,fatima.khumalo228@gmail.com
CUST100409,James,Patel,1994-11-26,2018-03-02,Durban,Entrepreneur,23241.41,621.0,james.patel852@outlook.com
CUST100410,Jennifer,Smith,1961-04-29,2020-11-13,Kimberley,,60389.79,619.0,jennifer.smith518@outlook.com
CUST100411,Linda,Ndlovu,1992-04-03,2015-08-04,East London,Sales Rep,18428.61,637.0,linda.ndlovu725@gmail.com
CUST100412,William,Dlamini,1965-03-15,2016-03-07,Durban,Technician,32603.24,866.0,william.dlamini415@outlook.com
CUST100413,John,Botha,1956-07-06,2021-01-01,East London,Consultant,17436.12,531.0,john.botha677@webmail.co.za
CUST100414,James,Miller,1989-05-13,2018-02-08,Pretoria,Nurse,,747.0,james.miller177@webmail.co.za
CUST100415,Lerato,Garcia,1973-07-31,2026-08-03,Nelspruit  ,,107494.26,701.0,lerato.garcia166@webmail.co.za
CUST100416,Sofia,Davis,1946-11-28,2020-06-17,Bloemfontein,Driver,25181.26,789.0,sofia.davis222@yahoo.com
CUST100417,Patricia,Brown,2003-07-22,2015-12-20,Pretoria,Entrepreneur,36750.76,707.0,patricia.brown573@gmail.com
CUST100418,Elizabeth,Khumalo,1954-01-05,2015-03-17,East London,Sales Rep,26987.25,650.0,elizabeth.khumalo699@yahoo.com
CUST100419,Thabo,Chen,1966-07-23,2023-05-26,polokwane,Student,21825.63,742.0,thabo.chen512@webmail.co.za
CUST100420,Fatima,Silva,1968-06-21,2016-12-26,Pretoria,Nurse,28905.26,671.0,fatima.silva769@outlook.com
CUST100421,AMARA,Nkosi,1974-11-09,2017-05-03,polokwane,,26255.72,718.0,amara.nkosi180@yahoo.com
CUST100422,Wei,Johnson,1992-11-28,2019-11-28,Durban,Civil Servant,10803.22,779.0,wei.johnson96@yahoo.com
CUST100423,Sipho,Garcia,1945-05-16,2018-01-21,Durban  ,Technician,,658.0,sipho.garcia551@gmail.com
CUST100424,Susan,Miller,2001-11-17,2022-02-21,Nelspruit,Accountant,26229.09,612.0,susan.miller445@outlook.com
CUST100425,Michael,Garcia,1984-05-27,2020-08-16,East London,,32445.61,592.0,michael.garcia71@gmail.com
CUST100426,Priya,Van der Merwe,2002-12-27,2016-04-16,Johannesburg,Entrepreneur,25680.55,691.0,priya.van der merwe283@outlook.com
CUST100427,MEI,Brown,1994-11-10,2024-02-02,East London,Technician,21672.43,571.0,mei.brown733@gmail.com
CUST100428,James,Smith,2001-08-06,2019-07-12,Pretoria,Driver,45476.27,619.0,james.smith700@gmail.com
CUST100429,Amara,Van der Merwe,1981-08-29,2022-01-27,Durban,Artisan,37044.7,563.0,amara.van der merwe797@gmail.com
CUST100430,ROBERT,Nkosi,1966-10-18,2015-01-17,Port Elizabeth  ,Manager,62170.03,696.0,robert.nkosi711@yahoo.com
CUST100431,Chidi,Jones,1972-01-07,2022-03-04,Port Elizabeth  ,,36200.85,582.0,chidi.jones733@yahoo.com
CUST100432,Raj,Davis,1985-02-20,2018-11-04,Nelspruit,Entrepreneur,23895.28,534.0,raj.davis530@outlook.com
CUST100433,John,Dlamini,1971-01-16,2020-09-22,,Technician,38951.05,550.0,john.dlamini802@webmail.co.za
CUST100434,Susan,Dlamini,1989-08-18,2018-06-13,Durban,Engineer,8197.89,599.0,susan.dlamini921@gmail.com
CUST100435,Patricia,Nkosi,1950-08-09,2026-07-16,Polokwane,Consultant,,607.0,patricia.nkosi699@webmail.co.za
CUST100436,Sipho,Rodriguez,1995-08-18,2017-03-09,Bloemfontein,Entrepreneur,31717.63,673.0,sipho.rodriguez257@yahoo.com
CUST100437,Fatima,Smith,1957-06-16,2025-07-28,Johannesburg,Accountant,99775.06,635.0,fatima.smith405@webmail.co.za
CUST100438,Robert,Martinez,2002-07-31,2025-08-18,East London,,15968.81,683.0,robert.martinez624@outlook.com
CUST100439,Richard,Khumalo,1954-06-28,2019-11-16,Bloemfontein,Manager,13758.51,691.0,richard.khumalo656@outlook.com
CUST100440,Sofia,Dlamini,1952-11-17,2018-09-07,Bloemfontein,Student,33506.68,717.0,sofia.dlamini829@webmail.co.za
CUST100441,Elizabeth,Dlamini,1994-07-10,2019-05-31,Cape Town,Student,33440.43,478.0,elizabeth.dlamini19@yahoo.com
CUST100442,John,Pretorius,1994-12-09,2026-06-16,Port Elizabeth,Nurse,32956.6,549.0,john.pretorius128@yahoo.com
CUST100443,Jessica,Silva,1990-01-23,2022-02-03,East London,Engineer,30076.39,700.0,jessica.silva992@yahoo.com
CUST100444,Thabo,Garcia,2003-08-04,2021-04-23,East London,,18455.72,669.0,thabo.garcia816@yahoo.com
CUST100445,Lerato,Davis,1961-07-03,2015-01-06,east london,Student,11034.55,738.0,lerato.davis576@gmail.com
CUST100446,David,Chen,1995-06-04,2024-10-26,Kimberley,Artisan,31884.98,511.0,david.chen687@gmail.com
CUST100447,Carlos,Martinez,1966-06-23,2015-12-21,bloemfontein,Driver,12462.07,607.0,carlos.martinez460@outlook.com
CUST100448,Thabo,Martinez,1977-10-12,2015-07-18,Port Elizabeth,Teacher,11775.73,,thabo.martinez223@outlook.com
CUST100449,Elizabeth,Brown,1972-03-07,2018-08-03,Bloemfontein,Driver,21410.16,665.0,elizabeth.brown828@gmail.com
CUST100450,Carlos,Garcia,1945-05-11,2020-05-07,Pretoria,Consultant,34835.61,653.0,carlos.garcia369@outlook.com
CUST100451,Fatima,Khan,1980-01-16,2025-05-15,Pretoria,Student,88668.11,692.0,fatima.khan454@outlook.com
CUST100452,Jessica,Van der Merwe,1990-08-06,2024-02-25,East London,Driver,48414.55,640.0,
CUST100453,James,Silva,1955-08-25,2017-04-15,Pretoria,Accountant,63572.14,774.0,james.silva730@outlook.com
CUST100454,Zanele,Miller,2001-10-30,2019-04-23,Polokwane,,39822.88,,zanele.miller577@outlook.com
CUST100455,Naledi,Brown,1977-05-09,2024-01-14,Polokwane,,33527.2,549.0,naledi.brown698@webmail.co.za
CUST100456,John,Brown,1955-11-16,2021-07-02,Kimberley,Artisan,120991.33,654.0,john.brown124@outlook.com
CUST100457,Kagiso,Rodriguez,1984-05-27,2017-08-01,Cape Town,,12164.62,722.0,kagiso.rodriguez854@yahoo.com
CUST100458,RAJ,Dlamini,1956-09-15,2019-03-08,Pretoria,Engineer,20995.47,703.0,raj.dlamini158@webmail.co.za
CUST100459,Patricia,Botha,1948-11-16,2022-01-04,Polokwane,Sales Rep,22002.08,613.0,patricia.botha937@webmail.co.za
CUST100460,Chidi,Botha,1986-10-21,2026-09-04,Port Elizabeth,Sales Rep,45987.93,673.0,chidi.botha809@webmail.co.za
CUST100461,John,Smith,1951-10-03,2022-08-31,east london,Sales Rep,14954.0,507.0,john.smith417@yahoo.com
CUST100462,Chidi,Patel,1951-06-25,2015-10-03,Polokwane,Manager,42533.95,648.0,chidi.patel806@webmail.co.za
CUST100463,SUSAN,Miller,1990-02-19,2023-02-03,Nelspruit,Teacher,38093.16,519.0,susan.miller747@outlook.com
CUST100464,James,Jones,1948-05-14,2017-11-27,Durban,Engineer,43827.14,696.0,james.jones978@outlook.com
CUST100465,Carlos,Khumalo,1994-05-24,2024-12-25,Durban,Retired,43353.11,550.0,
CUST100466,Jennifer,Smith,1993-07-25,2019-12-06,Port Elizabeth,Sales Rep,67710.18,665.0,jennifer.smith559@yahoo.com
CUST100467,ZANELE,Davis,1953-08-17,2017-04-24,Bloemfontein,Nurse,26120.46,679.0,
CUST100468,JENNIFER,Khumalo,1976-08-15,2020-02-06,kimberley,Manager,36978.6,657.0,jennifer.khumalo855@webmail.co.za
CUST100469,Fatima,Garcia,1950-11-23,2017-12-15,Johannesburg,Civil Servant,17293.23,593.0,fatima.garcia71@gmail.com
CUST100470,Chidi,Mokoena,1983-08-03,2017-09-24,Durban  ,Technician,15079.98,631.0,chidi.mokoena63@outlook.com
CUST100471,Mei,Ndlovu,1948-11-03,2021-08-21,Kimberley,,77566.99,756.0,mei.ndlovu644@webmail.co.za
CUST100472,Susan,Silva,2002-08-12,2023-11-20,east london,Nurse,16526.64,612.0,susan.silva519@yahoo.com
CUST100473,JOSEPH,Brown,1957-09-03,2024-01-09,East London,Teacher,39528.9,652.0,joseph.brown171@webmail.co.za
CUST100474,Kagiso,Johnson,1986-08-28,2019-10-08,Durban,Consultant,36998.24,600.0,kagiso.johnson132@gmail.com
CUST100475,MEI,Dlamini,1952-10-29,2015-10-10,East London,Student,54447.3,742.0,mei.dlamini975@gmail.com
CUST100476,Priya,Garcia,1957-10-14,2020-09-08,pretoria,,9947.53,657.0,priya.garcia950@gmail.com
CUST100477,James,Patel,1972-07-04,2020-09-01,Polokwane,,45923.13,581.0,james.patel486@webmail.co.za
CUST100478,Lerato,Williams,1979-12-17,2017-04-13,Johannesburg,Accountant,25982.56,651.0,lerato.williams114@outlook.com
CUST100479,Patricia,Khumalo,2005-12-05,2025-05-18,Durban,Consultant,18770.74,628.0,patricia.khumalo956@gmail.com
CUST100480,Elizabeth,Nkosi,1946-08-01,2026-04-13,East London  ,Driver,23144.43,775.0,elizabeth.nkosi222@outlook.com
CUST100481,Raj,Williams,1945-01-08,2015-07-08,East London,Nurse,50114.34,,raj.williams371@gmail.com
CUST100482,WILLIAM,Miller,1966-05-16,2024-03-20,nelspruit,Teacher,41720.35,526.0,william.miller749@yahoo.com
CUST100483,Mei,Van der Merwe,1967-05-03,2022-06-24,Nelspruit  ,Student,24915.51,695.0,mei.van der merwe407@webmail.co.za
CUST100484,Joseph,Dlamini,1998-11-30,2018-10-01,johannesburg,Artisan,13582.47,,joseph.dlamini576@outlook.com
CUST100485,Linda,Brown,2000-08-31,2022-10-05,Johannesburg,Nurse,14169.87,758.0,linda.brown797@outlook.com
CUST100486,DAVID,Jones,1998-09-17,2016-06-28,Pretoria,Consultant,42269.37,551.0,david.jones917@webmail.co.za
CUST100487,Thabo,Khan,1953-09-25,2015-10-21,Kimberley,Civil Servant,12498.38,626.0,thabo.khan556@yahoo.com
CUST100488,Wei,Van der Merwe,1970-02-20,2026-04-07,Port Elizabeth,Entrepreneur,25061.98,647.0,wei.van der merwe664@gmail.com
CUST100489,Zanele,Davis,1990-07-01,2022-05-15,Nelspruit,Sales Rep,134409.08,648.0,zanele.davis402@yahoo.com
CUST100490,Fatima,Ndlovu,1964-01-26,2017-07-12,Johannesburg,Engineer,35444.97,,fatima.ndlovu556@outlook.com
CUST100491,Priya,Silva,1985-06-16,2020-03-18,Kimberley,Artisan,41996.83,619.0,priya.silva481@webmail.co.za
CUST100492,Wei,Brown,1959-06-20,2026-01-01,Johannesburg  ,Technician,14233.86,,wei.brown402@yahoo.com
CUST100493,Zanele,Jones,1964-09-23,2020-01-30,Nelspruit,Civil Servant,12882.42,736.0,zanele.jones680@gmail.com
CUST100494,Elizabeth,Silva,1997-06-26,2025-05-06,Nelspruit,Consultant,43368.7,549.0,elizabeth.silva878@gmail.com
CUST100495,Susan,Jones,1960-04-13,2025-01-23,Durban,Retired,22710.64,578.0,susan.jones222@outlook.com
CUST100496,Patricia,Khan,2003-10-28,2018-12-26,Pretoria,Technician,54402.91,548.0,patricia.khan83@yahoo.com
CUST100497,Barbara,Ndlovu,1963-09-07,2023-01-23,Bloemfontein  ,Consultant,29315.74,705.0,barbara.ndlovu378@outlook.com
CUST100498,Fatima,Nkosi,1946-06-09,2022-08-25,Polokwane,Driver,227252.65,660.0,fatima.nkosi159@yahoo.com
CUST100499,Susan,Smith,1960-07-19,2023-07-12,Cape Town,Sales Rep,20264.14,730.0,susan.smith459@outlook.com
CUST100500,Patricia,Pretorius,1955-06-12,2019-03-28,Durban,Driver,33978.35,579.0,patricia.pretorius540@gmail.com
CUST100501,Kagiso,Jones,1975-12-01,2015-09-08,Polokwane  ,Sales Rep,16705.82,537.0,kagiso.jones869@gmail.com
CUST100502,Carlos,Smith,1951-11-17,2016-12-24,Nelspruit  ,,53063.68,610.0,carlos.smith694@yahoo.com
CUST100503,Priya,Patel,1983-03-10,2022-02-21,Cape Town,Manager,37209.06,634.0,priya.patel122@gmail.com
CUST100504,William,Dlamini,1998-05-14,2023-12-23,Nelspruit,Sales Rep,16047.14,669.0,william.dlamini943@outlook.com
CUST100505,Joseph,Van der Merwe,1967-02-11,2023-04-10,Nelspruit,,23614.8,499.0,joseph.van der merwe600@outlook.com
CUST100506,Thabo,Williams,1955-04-12,2021-04-10,Nelspruit,Nurse,65062.32,693.0,thabo.williams902@yahoo.com
CUST100507,Linda,Johnson,1969-05-27,2015-12-25,Durban,Accountant,60537.93,,linda.johnson757@webmail.co.za
CUST100508,William,Khumalo,1992-12-10,2015-03-15,East London,Technician,12226.52,592.0,william.khumalo173@webmail.co.za
CUST100509,LINDA,Botha,1981-01-29,2024-01-22,Cape Town,Sales Rep,21599.34,756.0,linda.botha46@webmail.co.za
CUST100510,Sofia,Rodriguez,1951-03-04,2021-12-05,Cape Town  ,Manager,85206.93,454.0,sofia.rodriguez260@gmail.com
CUST100511,Chidi,Silva,1977-10-07,2024-01-24,Johannesburg,Retired,25840.37,679.0,chidi.silva704@yahoo.com
CUST100512,RAJ,Botha,1973-07-21,2016-11-19,Port Elizabeth,Technician,31890.18,679.0,raj.botha447@gmail.com
CUST100513,Raj,Botha,1964-12-14,2019-09-20,Polokwane,Manager,52900.03,576.0,raj.botha80@outlook.com
CUST100514,Carlos,Dlamini,1951-09-21,2025-08-24,Cape Town,Technician,12844.91,610.0,carlos.dlamini599@yahoo.com
CUST100515,Patricia,Patel,2004-11-05,2016-12-26,Cape Town,Civil Servant,16255.42,760.0,patricia.patel665@webmail.co.za
CUST100516,Ahmed,Dlamini,1955-09-28,2015-09-18,durban,,23524.1,827.0,ahmed.dlamini114@outlook.com
CUST100517,Robert,Chen,1956-10-04,2022-07-27,Cape Town,Accountant,58851.59,746.0,robert.chen655@yahoo.com
CUST100518,Jessica,Khumalo,1953-11-18,2021-11-19,Nelspruit  ,Engineer,52673.05,820.0,jessica.khumalo269@gmail.com
CUST100519,ZANELE,Dlamini,1979-10-13,2026-10-01,,Engineer,43996.26,588.0,zanele.dlamini257@yahoo.com
CUST100520,Barbara,Martinez,1972-01-24,2025-01-07,Durban,Sales Rep,26278.44,508.0,barbara.martinez213@webmail.co.za
CUST100521,John,Chen,1960-03-22,2023-06-09,Pretoria,Artisan,56260.16,645.0,john.chen253@yahoo.com
CUST100522,Michael,Khan,1971-03-13,2015-03-23,Durban,Engineer,26066.67,722.0,michael.khan558@gmail.com
CUST100523,Raj,Pretorius,1986-01-31,2020-07-25,Kimberley,Technician,40407.91,483.0,raj.pretorius169@gmail.com
CUST100524,David,Mokoena,1962-03-09,2025-05-18,Durban  ,Manager,49376.18,567.0,david.mokoena690@webmail.co.za
CUST100525,Elizabeth,Williams,2000-10-29,2020-09-01,Port Elizabeth,Civil Servant,79070.26,577.0,elizabeth.williams130@webmail.co.za
CUST100526,Fatima,Khumalo,1963-09-09,2026-02-21,Bloemfontein,Artisan,,682.0,fatima.khumalo810@gmail.com
CUST100527,John,Miller,1957-02-02,2022-07-23,Durban,Sales Rep,22981.25,670.0,john.miller117@outlook.com
CUST100528,Fatima,Smith,2003-03-24,2016-08-04,Port Elizabeth,Consultant,62133.79,580.0,fatima.smith309@yahoo.com
CUST100529,FATIMA,Johnson,1994-06-11,2020-11-24,cape town,Nurse,65063.02,666.0,fatima.johnson588@gmail.com
CUST100530,Zanele,Mokoena,1965-12-06,2023-01-21,Port Elizabeth,Technician,20619.15,547.0,zanele.mokoena437@yahoo.com
CUST100531,Jennifer,Pretorius,1996-04-29,2015-04-10,Johannesburg,Driver,14720.26,612.0,jennifer.pretorius822@webmail.co.za
CUST100532,John,Dlamini,1976-08-24,2018-12-28,Port Elizabeth,Nurse,59362.66,536.0,john.dlamini287@webmail.co.za
CUST100533,ELIZABETH,Martinez,1966-02-25,2023-04-22,Pretoria,,,636.0,elizabeth.martinez402@yahoo.com
CUST100534,Sipho,Johnson,1996-03-19,2016-10-26,Pretoria,Artisan,10345.63,578.0,sipho.johnson734@yahoo.com
CUST100535,John,Chen,1990-11-18,2019-01-13,Cape Town,Consultant,24319.24,712.0,john.chen578@yahoo.com
CUST100536,Joseph,Johnson,1963-03-04,2022-12-28,kimberley,,28608.63,648.0,joseph.johnson649@yahoo.com
CUST100537,PATRICIA,Van der Merwe,1982-01-03,2023-12-25,Johannesburg,,14243.11,630.0,patricia.van der merwe934@yahoo.com
CUST100538,Naledi,Silva,1967-07-14,2021-02-01,Cape Town,Student,,809.0,naledi.silva110@yahoo.com
CUST100539,JAMES,Nkosi,1945-01-24,2026-01-30,Cape Town,Consultant,31567.46,684.0,james.nkosi239@yahoo.com
CUST100540,Amara,Miller,2003-09-02,2025-09-19,Kimberley,Civil Servant,20166.28,617.0,amara.miller919@gmail.com
CUST100541,MARY,Brown,1978-07-12,2020-06-25,Pretoria  ,Civil Servant,91133.3,597.0,
CUST100542,Michael,Miller,1981-07-03,2016-08-11,Port Elizabeth,,34816.85,544.0,michael.miller436@gmail.com
CUST100543,Jennifer,Silva,1981-08-04,2023-12-14,Polokwane,Sales Rep,52949.47,644.0,jennifer.silva695@webmail.co.za
CUST100544,RAJ,Jones,1978-08-03,2017-10-25,Johannesburg,Consultant,11229.19,,raj.jones701@yahoo.com
CUST100545,Mary,Botha,1962-09-10,2024-05-10,Johannesburg,Artisan,11171.21,478.0,mary.botha929@webmail.co.za
CUST100546,Susan,Brown,2004-04-06,2021-10-19,Cape Town,Entrepreneur,35455.64,527.0,
CUST100547,Sipho,Johnson,1982-12-03,2019-07-26,East London,Accountant,81872.19,604.0,sipho.johnson667@yahoo.com
CUST100548,THABO,Jones,1985-12-04,2021-11-06,Kimberley,Civil Servant,14677.02,551.0,thabo.jones193@gmail.com
CUST100549,Lerato,Khan,1972-09-28,2021-03-03,East London,Entrepreneur,29320.02,654.0,lerato.khan197@gmail.com
CUST100550,MEI,Mokoena,1962-07-24,2025-09-16,Nelspruit,Teacher,12822.31,666.0,mei.mokoena454@outlook.com
CUST100551,Richard,Davis,1948-12-04,2017-06-25,Nelspruit,Driver,17480.24,639.0,richard.davis463@gmail.com
CUST100552,Raj,Chen,1966-05-13,2025-01-10,Durban,Accountant,30208.14,700.0,raj.chen706@gmail.com
CUST100553,David,Chen,1955-09-29,2015-05-13,,Consultant,20018.92,597.0,
CUST100554,Sofia,Khumalo,1985-05-21,2023-11-28,Cape Town,Accountant,12291.78,646.0,sofia.khumalo2@yahoo.com
CUST100555,Thabo,Dlamini,1998-08-14,2025-08-26,polokwane,Driver,12127.72,560.0,thabo.dlamini831@outlook.com
CUST100556,Chidi,Williams,1963-06-21,2019-07-25,,Nurse,8676.69,676.0,chidi.williams422@outlook.com
CUST100557,Ahmed,Garcia,1965-04-22,2015-06-11,Nelspruit,Teacher,35808.85,657.0,ahmed.garcia232@yahoo.com
CUST100558,MEI,Dlamini,1985-11-22,2024-04-26,Bloemfontein,Sales Rep,38505.2,,mei.dlamini458@gmail.com
CUST100559,Priya,Williams,1954-02-08,2024-05-10,,Driver,38389.22,636.0,priya.williams383@yahoo.com
CUST100560,NALEDI,Ndlovu,2001-09-10,2018-11-23,Nelspruit,Technician,15591.71,647.0,naledi.ndlovu699@yahoo.com
CUST100561,MARY,Williams,1967-03-13,2021-02-01,Nelspruit,Accountant,49196.16,675.0,mary.williams104@yahoo.com
CUST100562,JESSICA,Silva,1951-03-05,2024-05-17,Nelspruit,,41112.49,679.0,jessica.silva847@gmail.com
CUST100563,Jennifer,Williams,1955-08-28,2017-03-23,Cape Town,Civil Servant,27021.19,585.0,jennifer.williams997@gmail.com
CUST100564,Ahmed,Williams,2001-11-23,2022-04-14,Polokwane,Entrepreneur,24487.13,719.0,ahmed.williams10@gmail.com
CUST100565,Linda,Chen,1960-01-28,2019-12-27,Kimberley,Accountant,18224.66,697.0,linda.chen250@yahoo.com
CUST100566,Linda,Jones,1985-05-25,2017-07-01,Durban,Nurse,30190.94,585.0,linda.jones828@webmail.co.za
CUST100567,Linda,Davis,1954-07-12,2024-08-17,Nelspruit,,70993.86,547.0,linda.davis638@outlook.com
CUST100568,Kagiso,Miller,1956-11-03,2018-05-10,Pretoria,Student,53247.92,,kagiso.miller132@gmail.com
CUST100569,Sipho,Jones,1998-08-19,2025-10-27,Durban,Technician,23069.66,518.0,sipho.jones967@outlook.com
CUST100570,CARLOS,Khan,1954-01-12,2021-03-08,Polokwane,Student,37166.86,669.0,carlos.khan60@gmail.com
CUST100571,Susan,Patel,1946-02-22,2020-12-16,Cape Town,Accountant,13893.02,,susan.patel373@gmail.com
CUST100572,Elizabeth,Garcia,1975-07-29,2019-11-26,Port Elizabeth,Sales Rep,41690.99,778.0,elizabeth.garcia582@webmail.co.za
CUST100573,Mary,Patel,1997-08-16,2019-08-22,Kimberley,Manager,16341.87,552.0,mary.patel336@gmail.com
CUST100574,James,Patel,1964-11-19,2024-06-21,Cape Town,Student,40706.92,721.0,james.patel425@outlook.com
CUST100575,BARBARA,Dlamini,1952-10-26,2022-05-11,Cape Town,Nurse,159762.45,658.0,barbara.dlamini718@outlook.com
CUST100576,Fatima,Khumalo,2004-11-30,2023-12-17,Kimberley,Technician,19110.49,434.0,fatima.khumalo552@gmail.com
CUST100577,Thabo,Pretorius,1986-04-13,2019-11-17,Polokwane,Entrepreneur,155388.23,620.0,thabo.pretorius60@gmail.com
CUST100578,AHMED,Martinez,1996-11-21,2018-10-01,Port Elizabeth,Nurse,36112.03,610.0,ahmed.martinez520@gmail.com
CUST100579,Patricia,Rodriguez,1990-11-17,2016-03-01,Port Elizabeth,Teacher,17158.08,759.0,patricia.rodriguez317@outlook.com
CUST100580,Robert,Dlamini,1987-08-05,2023-12-30,Kimberley,Entrepreneur,16692.69,572.0,robert.dlamini44@gmail.com
CUST100581,Raj,Van der Merwe,1968-06-16,2019-10-23,Polokwane,Civil Servant,111187.51,701.0,raj.van der merwe389@outlook.com
CUST100582,Patricia,Patel,1964-10-13,2020-11-24,Kimberley,Sales Rep,36163.05,640.0,patricia.patel823@yahoo.com
CUST100583,Mary,Johnson,1988-09-25,2020-08-06,Johannesburg,Engineer,19154.79,520.0,mary.johnson291@webmail.co.za
CUST100584,Richard,Ndlovu,1988-09-19,2019-12-29,Bloemfontein,Consultant,23811.49,600.0,richard.ndlovu865@gmail.com
CUST100585,Fatima,Khan,2002-12-26,2022-02-12,Polokwane,Driver,34838.05,788.0,fatima.khan891@outlook.com
CUST100586,Amara,Jones,1979-09-09,2022-01-18,Johannesburg,Consultant,26762.79,634.0,amara.jones268@webmail.co.za
CUST100587,Patricia,Nkosi,1962-12-21,2026-04-04,bloemfontein,Nurse,33108.31,732.0,patricia.nkosi628@gmail.com
CUST100588,Raj,Silva,1974-11-11,2016-10-08,Johannesburg,,77976.79,727.0,raj.silva401@gmail.com
CUST100589,Raj,Van der Merwe,1982-06-08,2021-08-22,Kimberley,Student,13673.54,610.0,raj.van der merwe68@yahoo.com
CUST100590,Mei,Johnson,1971-01-12,2015-09-25,,Artisan,39607.68,534.0,mei.johnson702@webmail.co.za
CUST100591,Ahmed,Khumalo,1993-04-04,2024-10-05,Cape Town,Technician,25751.84,546.0,ahmed.khumalo89@outlook.com
CUST100592,Linda,Dlamini,1980-08-29,2022-02-19,Bloemfontein  ,Accountant,19941.79,781.0,linda.dlamini71@yahoo.com
CUST100593,Sofia,Mokoena,1945-07-30,2019-12-18,Cape Town,,51190.26,664.0,sofia.mokoena568@outlook.com
CUST100594,DAVID,Van der Merwe,1979-10-05,2024-04-16,Nelspruit,Accountant,11194.13,494.0,david.van der merwe753@gmail.com
CUST100595,Mei,Davis,1983-08-26,2020-08-04,Cape Town,Manager,6503.79,725.0,mei.davis427@outlook.com
CUST100596,SIPHO,Dlamini,2000-10-30,2017-08-21,East London,Civil Servant,30783.06,489.0,sipho.dlamini248@outlook.com
CUST100597,Wei,Chen,1970-03-28,2020-06-21,Johannesburg,Engineer,24762.66,576.0,wei.chen533@webmail.co.za
CUST100598,Kagiso,Khan,1980-01-16,2015-10-27,Cape Town,Teacher,11947.67,657.0,kagiso.khan662@outlook.com
CUST100599,KAGISO,Khan,1973-12-22,2025-05-25,Kimberley,Retired,9639.92,877.0,kagiso.khan687@yahoo.com
CUST100600,Zanele,Davis,1977-06-06,2023-06-19,Pretoria,Manager,85680.46,723.0,zanele.davis589@webmail.co.za
CUST100601,Wei,Nkosi,1949-02-08,2023-10-22,Cape Town,Consultant,35518.5,607.0,wei.nkosi597@gmail.com
CUST100602,Chidi,Smith,1999-09-25,2025-02-16,east london,Consultant,27222.18,653.0,chidi.smith901@yahoo.com
CUST100603,John,Ndlovu,2000-07-14,2024-02-03,Durban,,100423.04,733.0,john.ndlovu650@webmail.co.za
CUST100604,Raj,Mokoena,1978-06-07,2020-01-01,Bloemfontein,Artisan,49674.03,778.0,raj.mokoena120@outlook.com
CUST100605,Naledi,Johnson,1978-12-13,2016-05-16,Nelspruit,,77774.28,628.0,naledi.johnson84@outlook.com
CUST100606,David,Martinez,1948-07-06,2019-04-29,East London,Consultant,13253.64,630.0,david.martinez920@webmail.co.za
CUST100607,THABO,Mokoena,1981-06-22,2025-10-26,Durban,Retired,12959.24,575.0,thabo.mokoena953@outlook.com
CUST100608,Carlos,Mokoena,1971-03-07,2025-12-28,Durban,Manager,38958.22,710.0,carlos.mokoena899@outlook.com
CUST100609,Priya,Williams,1988-04-01,2023-11-23,durban,Nurse,34499.48,742.0,priya.williams928@outlook.com
CUST100610,Raj,Miller,1947-11-16,2017-05-14,East London,Technician,56942.5,476.0,raj.miller879@gmail.com
CUST100611,Joseph,Garcia,1988-05-12,2017-02-04,East London  ,,10112.49,614.0,joseph.garcia427@yahoo.com
CUST100612,Mei,Chen,1962-07-02,2025-10-03,Bloemfontein,Teacher,41034.09,541.0,mei.chen908@yahoo.com
CUST100613,Richard,Davis,1984-10-02,2016-08-23,Pretoria,Nurse,48706.18,664.0,richard.davis439@outlook.com
CUST100614,Lerato,Khumalo,1983-04-03,2021-06-10,Johannesburg,,47178.96,539.0,lerato.khumalo649@webmail.co.za
CUST100615,Kagiso,Khan,1958-11-02,2019-05-20,Nelspruit,Entrepreneur,21077.96,531.0,kagiso.khan912@outlook.com
CUST100616,LINDA,Silva,1971-11-13,2018-01-07,East London,Teacher,36723.39,,linda.silva710@outlook.com
CUST100617,William,Jones,1995-12-22,2022-05-11,East London,Accountant,16892.17,635.0,william.jones49@webmail.co.za
CUST100618,MARY,Botha,1981-12-09,2026-10-02,Cape Town,Student,22566.74,645.0,mary.botha31@outlook.com
CUST100619,John,Brown,1949-03-12,2024-03-01,Durban,Retired,14389.27,689.0,
CUST100620,Susan,Smith,1972-01-07,2020-08-18,Pretoria,Retired,17065.27,737.0,susan.smith782@webmail.co.za
CUST100621,Jessica,Smith,1964-01-07,2020-08-02,Bloemfontein,Entrepreneur,23281.69,612.0,jessica.smith59@yahoo.com
CUST100622,JENNIFER,Jones,1984-02-21,2025-06-07,Polokwane  ,Technician,20039.05,614.0,jennifer.jones779@outlook.com
CUST100623,Susan,Botha,1982-06-27,2021-11-09,Nelspruit,Civil Servant,17063.98,615.0,susan.botha897@outlook.com
CUST100624,Zanele,Jones,1945-08-20,2020-01-10,,Consultant,12335.56,747.0,zanele.jones307@outlook.com
CUST100625,LINDA,Patel,1982-01-25,2022-11-28,Pretoria,Technician,87260.87,644.0,linda.patel167@yahoo.com
CUST100626,David,Martinez,1989-10-28,2017-09-30,Port Elizabeth  ,Artisan,19923.64,1200.0,david.martinez283@yahoo.com
CUST100627,Barbara,Smith,1991-11-22,2015-09-27,Polokwane,Sales Rep,32793.29,685.0,barbara.smith874@outlook.com
CUST100628,Thabo,Martinez,1948-08-06,2024-11-26,Pretoria,Artisan,9363.9,815.0,thabo.martinez891@outlook.com
CUST100629,BARBARA,Smith,1963-07-11,2022-12-01,,Entrepreneur,60754.08,657.0,barbara.smith28@outlook.com
CUST100630,Chidi,Ndlovu,1970-09-12,2016-11-28,Polokwane,,29741.43,626.0,chidi.ndlovu876@webmail.co.za
CUST100631,David,Khumalo,1955-12-20,2018-06-14,Bloemfontein,Consultant,20612.96,825.0,david.khumalo81@webmail.co.za
CUST100632,Susan,Dlamini,1970-08-31,2026-06-19,Port Elizabeth,Engineer,20721.26,770.0,susan.dlamini675@gmail.com
CUST100633,Richard,Miller,1949-05-04,2022-07-05,Polokwane,Artisan,45326.44,757.0,richard.miller202@outlook.com
CUST100634,Jennifer,Khan,1951-11-28,2022-05-14,Durban,Accountant,4574.0,605.0,jennifer.khan167@yahoo.com
CUST100635,Lerato,Mokoena,1985-10-15,2015-02-11,Johannesburg  ,Accountant,16407.34,596.0,lerato.mokoena607@outlook.com
CUST100636,Linda,Garcia,1961-01-06,2026-03-22,Polokwane,Civil Servant,25048.01,485.0,linda.garcia284@gmail.com
CUST100637,Elizabeth,Martinez,1988-05-24,2025-04-05,Port Elizabeth,Sales Rep,24875.37,737.0,elizabeth.martinez850@outlook.com
CUST100638,Mei,Williams,1947-12-08,2021-06-05,Pretoria,Retired,120956.61,657.0,mei.williams853@yahoo.com
CUST100639,Carlos,Pretorius,1979-04-29,2018-01-08,Johannesburg,Manager,21970.24,488.0,carlos.pretorius719@gmail.com
CUST100640,Lerato,Khan,1968-11-17,2023-01-31,Kimberley,Artisan,48734.19,758.0,lerato.khan637@webmail.co.za
CUST100641,Fatima,Miller,1993-08-12,2024-08-26,Polokwane,Artisan,79777.3,620.0,fatima.miller635@webmail.co.za
CUST100642,Priya,Chen,1992-10-26,2024-08-02,Durban,Civil Servant,40230.01,631.0,priya.chen888@outlook.com
CUST100643,Jessica,Chen,1967-11-29,2026-04-25,East London,Nurse,17956.55,514.0,jessica.chen37@webmail.co.za
CUST100644,Wei,Mokoena,1982-12-26,2022-05-17,Port Elizabeth,Consultant,12447.9,694.0,wei.mokoena729@webmail.co.za
CUST100645,David,Johnson,1958-11-18,2018-09-20,Pretoria,Sales Rep,42076.82,695.0,david.johnson623@gmail.com
CUST100646,Joseph,Botha,1980-05-27,2020-07-10,Pretoria,Sales Rep,72186.99,646.0,joseph.botha262@outlook.com
CUST100647,Naledi,Nkosi,1949-12-16,2024-06-15,Johannesburg,Entrepreneur,37330.94,612.0,naledi.nkosi3@outlook.com
CUST100648,Carlos,Nkosi,1971-07-06,2018-01-27,kimberley,Nurse,56391.23,886.0,carlos.nkosi223@outlook.com
CUST100649,Priya,Nkosi,1956-02-23,2017-05-09,Kimberley,Consultant,127410.35,542.0,priya.nkosi220@gmail.com
CUST100650,JESSICA,Pretorius,1998-11-19,2023-05-25,Nelspruit,Manager,44463.53,585.0,jessica.pretorius604@outlook.com
CUST100651,Kagiso,Khan,1972-02-20,2020-02-23,pretoria,Civil Servant,13899.67,714.0,kagiso.khan86@yahoo.com
CUST100652,MICHAEL,Johnson,1981-01-13,2024-06-16,Kimberley,Accountant,27740.16,559.0,michael.johnson304@outlook.com
CUST100653,Mei,Ndlovu,1966-12-25,2016-08-30,Durban,Accountant,61213.87,552.0,mei.ndlovu310@gmail.com
CUST100654,NALEDI,Garcia,1962-08-12,2018-11-20,Nelspruit,Teacher,23172.75,752.0,naledi.garcia984@gmail.com
CUST100655,Naledi,Jones,1957-05-18,2018-08-02,Cape Town,Sales Rep,66398.08,704.0,
CUST100656,Wei,Van der Merwe,2000-08-15,2023-01-30,Pretoria,Engineer,25844.11,694.0,wei.van der merwe252@outlook.com
CUST100657,Kagiso,Silva,1993-10-07,2023-10-17,Bloemfontein,Technician,32879.63,666.0,kagiso.silva136@webmail.co.za
CUST100658,Robert,Dlamini,1953-02-16,2020-12-04,Kimberley,Accountant,21797.6,588.0,robert.dlamini566@webmail.co.za
CUST100659,Elizabeth,Khan,1990-07-20,2020-07-15,Durban,Sales Rep,29605.69,627.0,
CUST100660,Jennifer,Williams,1970-07-13,2016-12-07,Port Elizabeth,Artisan,30560.65,643.0,jennifer.williams4@outlook.com
CUST100661,Chidi,Jones,1945-12-10,2023-02-16,Nelspruit,Student,10248.38,726.0,chidi.jones988@yahoo.com
CUST100662,Mary,Van der Merwe,1977-03-25,2026-06-29,port elizabeth,Engineer,20641.19,688.0,mary.van der merwe529@gmail.com
CUST100663,Michael,Martinez,1952-12-07,2024-04-01,East London,Nurse,12836.85,566.0,michael.martinez875@outlook.com
CUST100664,Zanele,Khumalo,1957-10-22,2017-01-08,Port Elizabeth  ,Driver,21072.73,721.0,zanele.khumalo115@webmail.co.za
CUST100665,Amara,Ndlovu,1987-06-17,2022-03-20,Johannesburg,,16695.62,499.0,amara.ndlovu172@webmail.co.za
CUST100666,Thabo,Jones,1960-09-07,2018-01-06,Durban,Civil Servant,49369.73,621.0,thabo.jones656@yahoo.com
CUST100667,Priya,Van der Merwe,1999-05-28,2015-08-05,Bloemfontein,Nurse,49713.91,547.0,priya.van der merwe441@webmail.co.za
CUST100668,Fatima,Khan,1985-02-01,2017-01-30,Johannesburg,Teacher,37653.32,573.0,fatima.khan156@gmail.com
CUST100669,John,Patel,1995-10-08,2016-09-03,Durban,,12574.3,823.0,john.patel416@yahoo.com
CUST100670,CARLOS,Davis,1982-07-11,2017-08-04,Kimberley,,25364.84,518.0,carlos.davis286@yahoo.com
CUST100671,ZANELE,Chen,1997-12-31,2024-03-19,,Entrepreneur,11988.28,,zanele.chen103@webmail.co.za
CUST100672,Kagiso,Pretorius,1967-01-23,2018-05-23,Durban  ,Consultant,24627.62,696.0,kagiso.pretorius765@yahoo.com
CUST100673,Patricia,Chen,1978-07-01,2023-08-10,East London,Engineer,39674.05,608.0,patricia.chen651@gmail.com
CUST100674,ZANELE,Ndlovu,1976-06-20,2025-12-27,Bloemfontein,Consultant,48789.12,664.0,zanele.ndlovu395@yahoo.com
CUST100675,Chidi,Garcia,2000-02-17,2021-08-26,Durban,Sales Rep,35728.6,779.0,chidi.garcia969@yahoo.com
CUST100676,Sipho,Dlamini,1955-01-23,2020-08-15,johannesburg,Sales Rep,57244.28,709.0,sipho.dlamini632@gmail.com
CUST100677,Robert,Rodriguez,1980-04-05,2023-09-09,Nelspruit,Technician,31440.55,608.0,robert.rodriguez926@webmail.co.za
CUST100678,Thabo,Mokoena,1991-01-07,2016-02-15,Bloemfontein,Consultant,23385.32,638.0,thabo.mokoena106@yahoo.com
CUST100679,Fatima,Johnson,1967-07-29,2019-12-17,Bloemfontein,,45442.19,698.0,fatima.johnson505@yahoo.com
CUST100680,Chidi,Jones,1997-12-02,2020-11-10,Johannesburg,Nurse,46345.79,707.0,chidi.jones800@webmail.co.za
CUST100681,John,Silva,1967-10-03,2024-08-16,Durban  ,Teacher,19643.41,,john.silva557@yahoo.com
CUST100682,Carlos,Rodriguez,1955-07-29,2024-06-06,Johannesburg,Engineer,33772.07,682.0,carlos.rodriguez843@webmail.co.za
CUST100683,Carlos,Martinez,1980-08-17,2024-10-28,Kimberley,Sales Rep,22548.23,683.0,carlos.martinez705@webmail.co.za
CUST100684,Jennifer,Dlamini,1970-08-27,2023-01-31,Polokwane  ,Technician,8061.4,642.0,jennifer.dlamini664@outlook.com
CUST100685,Mei,Martinez,1945-12-05,2021-02-22,Bloemfontein,Retired,35033.64,596.0,mei.martinez234@webmail.co.za
CUST100686,Susan,Khan,1949-04-05,2024-02-08,East London,Sales Rep,12373.18,717.0,susan.khan131@yahoo.com
CUST100687,Sipho,Garcia,1956-11-29,2025-10-02,Cape Town,Technician,32759.05,676.0,sipho.garcia291@gmail.com
CUST100688,Joseph,Khan,1991-12-05,2020-07-25,Kimberley  ,,10708.75,463.0,joseph.khan547@yahoo.com
CUST100689,Mei,Jones,1999-05-31,2026-01-06,Bloemfontein,Retired,17469.29,576.0,mei.jones454@outlook.com
CUST100690,Sofia,Rodriguez,1978-04-14,2025-02-17,Bloemfontein,Student,20740.44,607.0,sofia.rodriguez362@gmail.com
CUST100691,Mei,Khumalo,1951-06-10,2020-11-29,Kimberley  ,Manager,55328.03,632.0,mei.khumalo790@gmail.com
CUST100692,Fatima,Botha,1977-08-07,2015-10-21,Johannesburg,Nurse,19533.59,758.0,fatima.botha972@webmail.co.za
CUST100693,Carlos,Garcia,1997-03-11,2017-07-08,Port Elizabeth,Civil Servant,14115.34,938.0,carlos.garcia256@webmail.co.za
CUST100694,ROBERT,Khumalo,1990-09-19,2023-12-29,Johannesburg,Consultant,33476.77,429.0,robert.khumalo931@outlook.com
CUST100695,WILLIAM,Johnson,1962-10-04,2016-04-15,port elizabeth,Teacher,,677.0,william.johnson397@gmail.com
CUST100696,Chidi,Johnson,1952-07-23,2020-10-06,Durban,Technician,43232.0,656.0,chidi.johnson80@outlook.com
CUST100697,Sipho,Khan,1999-12-10,2022-02-01,Port Elizabeth,Teacher,14659.91,634.0,sipho.khan660@webmail.co.za
CUST100698,Mary,Patel,1997-02-05,2025-04-03,Polokwane,,30531.44,699.0,mary.patel721@outlook.com
CUST100699,Patricia,Rodriguez,1948-04-11,2024-10-23,Durban  ,Technician,118390.06,663.0,patricia.rodriguez508@yahoo.com
CUST100700,Thabo,Mokoena,1995-03-30,2023-07-11,Johannesburg,Retired,23305.22,617.0,thabo.mokoena235@yahoo.com
CUST100701,Zanele,Rodriguez,1950-12-06,2019-09-21,Cape Town,Technician,30092.71,653.0,zanele.rodriguez749@gmail.com
CUST100702,Jennifer,Miller,1948-11-10,2016-08-24,Polokwane,Engineer,9930.6,,jennifer.miller146@outlook.com
CUST100703,Jennifer,Martinez,1991-04-10,2022-03-10,Bloemfontein,Artisan,16126.39,692.0,jennifer.martinez648@gmail.com
CUST100704,John,Miller,1977-09-18,2017-05-02,Kimberley,Artisan,35448.37,667.0,john.miller37@gmail.com
CUST100705,Sipho,Silva,1970-04-15,2021-02-07,Nelspruit,Accountant,22071.92,597.0,sipho.silva119@yahoo.com
CUST100706,James,Martinez,2000-02-19,2026-11-05,Cape Town,Student,38896.51,904.0,james.martinez832@outlook.com
CUST100707,Sipho,Davis,1996-03-12,2021-05-16,polokwane,Accountant,34716.25,682.0,sipho.davis287@yahoo.com
CUST100708,Jessica,Dlamini,1948-07-07,2022-06-23,Johannesburg,Student,12199.89,719.0,jessica.dlamini825@yahoo.com
CUST100709,JOSEPH,Khan,1982-07-31,2022-06-11,Johannesburg,Retired,49473.07,604.0,joseph.khan214@webmail.co.za
CUST100710,Lerato,Miller,1992-02-09,2024-08-13,Polokwane  ,Nurse,12764.06,667.0,lerato.miller490@outlook.com
CUST100711,Thabo,Pretorius,1978-07-31,2020-01-14,Port Elizabeth,Driver,17001.33,666.0,thabo.pretorius876@outlook.com
CUST100712,CHIDI,Ndlovu,2004-12-17,2020-05-10,Kimberley,Nurse,30874.66,478.0,chidi.ndlovu971@webmail.co.za
CUST100713,Wei,Chen,1986-11-06,2017-01-14,Johannesburg,,68886.38,586.0,wei.chen547@gmail.com
CUST100714,Fatima,Nkosi,1951-05-10,2022-02-13,,Accountant,14730.48,584.0,fatima.nkosi168@gmail.com
CUST100715,Mei,Martinez,1957-02-04,2018-05-06,Pretoria,Artisan,29395.91,596.0,mei.martinez920@yahoo.com
CUST100716,Thabo,Jones,1995-05-26,2020-11-17,kimberley,Sales Rep,29543.3,554.0,thabo.jones621@yahoo.com
CUST100717,Jessica,Khan,2005-10-19,2023-11-17,East London,Teacher,39911.35,654.0,jessica.khan764@yahoo.com
CUST100718,Linda,Smith,1950-12-31,2015-03-16,Polokwane,Civil Servant,54743.74,776.0,linda.smith936@webmail.co.za
CUST100719,Zanele,Ndlovu,1951-02-14,2021-07-13,Durban  ,Student,21111.11,662.0,zanele.ndlovu244@yahoo.com
CUST100720,John,Nkosi,1991-07-26,2017-03-01,Nelspruit,Accountant,49370.56,544.0,john.nkosi365@webmail.co.za
CUST100721,Fatima,Martinez,1948-12-04,2018-03-27,Nelspruit,Civil Servant,59766.05,557.0,fatima.martinez324@gmail.com
CUST100722,PRIYA,Patel,1949-03-08,2015-05-27,Polokwane,,78462.45,616.0,priya.patel783@outlook.com
CUST100723,Patricia,Dlamini,1999-03-20,2016-12-17,Port Elizabeth,,36357.43,523.0,patricia.dlamini251@outlook.com
CUST100724,Mei,Jones,1993-10-29,2026-05-06,Kimberley,Nurse,29568.42,677.0,mei.jones40@yahoo.com
CUST100725,Patricia,Miller,1998-10-10,2026-07-25,East London,Engineer,20236.62,772.0,patricia.miller12@yahoo.com
CUST100726,Chidi,Dlamini,1984-09-05,2023-03-05,Johannesburg,Engineer,11210.52,598.0,chidi.dlamini609@outlook.com
CUST100727,Robert,Williams,1964-09-03,2022-01-02,Nelspruit,Consultant,,657.0,robert.williams840@outlook.com
CUST100728,JESSICA,Martinez,2000-04-13,2023-12-31,Johannesburg,Retired,28779.04,611.0,jessica.martinez652@yahoo.com
CUST100729,Lerato,Martinez,1963-03-23,2025-05-20,East London,Civil Servant,25192.58,593.0,lerato.martinez905@gmail.com
CUST100730,Chidi,Van der Merwe,1961-10-22,2021-05-01,Durban,,38508.37,667.0,chidi.van der merwe814@outlook.com
CUST100731,Susan,Williams,1999-01-26,2015-05-30,Nelspruit,Consultant,11242.94,590.0,susan.williams23@webmail.co.za
CUST100732,Fatima,Van der Merwe,1986-07-13,2023-03-20,Polokwane,Artisan,24120.45,577.0,fatima.van der merwe875@webmail.co.za
CUST100733,Wei,Martinez,1999-08-20,2026-05-27,Nelspruit,Driver,89041.84,504.0,wei.martinez974@yahoo.com
CUST100734,Michael,Chen,1954-07-06,2017-12-27,East London,Engineer,48891.52,656.0,michael.chen638@outlook.com
CUST100735,Lerato,Khumalo,2003-02-02,2020-05-14,Bloemfontein,Nurse,38937.54,746.0,lerato.khumalo70@webmail.co.za
CUST100736,Chidi,Miller,1982-05-18,2019-09-03,Nelspruit,Engineer,34009.98,714.0,chidi.miller959@yahoo.com
CUST100737,David,Pretorius,1985-10-01,2019-10-07,Durban,Student,21606.31,784.0,david.pretorius815@webmail.co.za
CUST100738,Chidi,Jones,2000-10-03,2023-10-05,Bloemfontein,Technician,9391.48,589.0,chidi.jones270@yahoo.com
CUST100739,Ahmed,Smith,1968-03-23,2019-05-20,Durban,Retired,35393.28,727.0,ahmed.smith490@yahoo.com
CUST100740,Raj,Khan,1988-11-22,2025-11-24,Cape Town,Nurse,6191.56,551.0,raj.khan595@webmail.co.za
CUST100741,Wei,Mokoena,1984-01-23,2024-02-23,Nelspruit,Civil Servant,,714.0,wei.mokoena413@webmail.co.za
CUST100742,Kagiso,Botha,1993-01-19,2015-04-27,Port Elizabeth,Student,26844.18,798.0,kagiso.botha658@outlook.com
CUST100743,William,Ndlovu,1999-09-17,2024-06-24,johannesburg,Civil Servant,20571.99,695.0,
CUST100744,Mei,Smith,1986-06-26,2023-12-14,Nelspruit,Artisan,98995.52,800.0,mei.smith177@yahoo.com
CUST100745,Barbara,Smith,1949-02-15,2020-12-24,kimberley,Manager,80386.83,596.0,barbara.smith331@yahoo.com
CUST100746,Naledi,Martinez,1956-03-04,2020-02-10,east london,Artisan,49995.44,638.0,naledi.martinez945@webmail.co.za
CUST100747,David,Garcia,2003-03-11,2024-04-09,Pretoria,Artisan,15441.35,568.0,david.garcia988@gmail.com
CUST100748,David,Pretorius,2004-02-01,2019-02-12,Nelspruit,Nurse,85207.88,653.0,david.pretorius712@webmail.co.za
CUST100749,Jennifer,Williams,2004-01-05,2016-05-11,Polokwane,Teacher,39002.52,674.0,jennifer.williams762@yahoo.com
CUST100750,Carlos,Botha,1947-03-31,2018-08-16,Durban,Artisan,15287.83,652.0,carlos.botha519@yahoo.com
CUST100751,John,Jones,1968-04-30,2018-01-26,Pretoria,Teacher,27436.52,607.0,john.jones696@gmail.com
CUST100752,ROBERT,Williams,1991-05-04,2022-11-20,Kimberley,Teacher,47817.4,606.0,robert.williams659@yahoo.com
CUST100753,Fatima,Miller,1990-12-04,2017-01-26,Kimberley,Teacher,18782.35,681.0,fatima.miller796@gmail.com
CUST100754,Naledi,Brown,1950-03-29,2022-06-20,East London,,29270.03,636.0,naledi.brown182@webmail.co.za
CUST100755,Joseph,Rodriguez,1982-03-06,2020-05-25,Johannesburg,Civil Servant,32528.95,546.0,joseph.rodriguez374@yahoo.com
CUST100756,Chidi,Davis,1953-09-18,2024-09-21,Durban,Technician,13897.82,479.0,chidi.davis932@outlook.com
CUST100757,Richard,Dlamini,1975-02-01,2020-08-13,pretoria,Nurse,22878.3,596.0,richard.dlamini92@webmail.co.za
CUST100758,JOHN,Dlamini,1959-08-15,2025-08-10,Bloemfontein,Technician,14540.93,526.0,john.dlamini666@outlook.com
CUST100759,Chidi,Smith,1948-03-30,2025-05-06,nelspruit,Technician,45306.27,575.0,chidi.smith203@outlook.com
CUST100760,JENNIFER,Williams,1949-11-18,2017-02-22,Nelspruit,Consultant,15602.19,612.0,jennifer.williams655@outlook.com
CUST100761,Naledi,Brown,2000-07-24,2022-12-12,Durban,Sales Rep,32050.95,637.0,naledi.brown680@outlook.com
CUST100762,Carlos,Jones,1990-06-03,2017-06-26,Cape Town  ,Technician,11683.19,590.0,carlos.jones30@gmail.com
CUST100763,Fatima,Williams,2001-11-03,2024-07-14,Durban,Driver,13628.76,847.0,fatima.williams532@yahoo.com
CUST100764,Barbara,Miller,1973-09-01,2022-05-13,Durban,Civil Servant,13238.32,537.0,barbara.miller198@webmail.co.za
CUST100765,Wei,Khumalo,1970-03-18,2018-05-29,Nelspruit,Consultant,22612.43,759.0,wei.khumalo991@webmail.co.za
CUST100766,Zanele,Miller,1966-11-11,2017-11-19,Johannesburg,Driver,29978.3,635.0,zanele.miller608@webmail.co.za
CUST100767,JESSICA,Davis,1982-08-05,2019-12-23,Nelspruit,Engineer,33485.01,591.0,jessica.davis417@webmail.co.za
CUST100768,John,Ndlovu,1966-06-12,2024-10-04,East London,Student,9289.68,703.0,john.ndlovu805@gmail.com
CUST100769,Richard,Khumalo,1990-07-10,2024-03-21,Cape Town,,24314.21,609.0,richard.khumalo275@gmail.com
CUST100770,KAGISO,Davis,1993-11-17,2015-05-22,East London,Accountant,17148.34,577.0,kagiso.davis791@webmail.co.za
CUST100771,SOFIA,Jones,1998-06-04,2018-02-07,Bloemfontein,Technician,37067.92,811.0,sofia.jones671@webmail.co.za
CUST100772,James,Martinez,1959-10-24,2019-11-24,Johannesburg,,22912.05,452.0,james.martinez532@outlook.com
CUST100773,Amara,Smith,1977-02-23,2021-10-13,Durban,Entrepreneur,25629.55,628.0,amara.smith157@webmail.co.za
CUST100774,Priya,Ndlovu,1958-08-19,2016-09-24,Pretoria,Consultant,17206.3,667.0,priya.ndlovu833@gmail.com
CUST100775,Carlos,Pretorius,1947-04-17,2018-11-19,Durban,Student,75719.32,777.0,carlos.pretorius709@gmail.com
CUST100776,SUSAN,Rodriguez,1988-03-05,2025-04-04,Bloemfontein,Artisan,12454.69,614.0,susan.rodriguez164@yahoo.com
CUST100777,Patricia,Williams,1978-06-27,2020-08-07,East London,Entrepreneur,21166.17,889.0,patricia.williams998@yahoo.com
CUST100778,William,Patel,1989-02-27,2023-08-14,Cape Town,Engineer,28697.32,718.0,william.patel429@outlook.com
CUST100779,Priya,Williams,1950-05-07,2020-12-08,Cape Town,Manager,23136.89,437.0,priya.williams797@webmail.co.za
CUST100780,Ahmed,Jones,2005-09-22,2020-05-20,East London  ,Student,17011.39,519.0,ahmed.jones31@outlook.com
CUST100781,Kagiso,Brown,2005-08-27,2022-03-15,Port Elizabeth,Nurse,9072.38,671.0,kagiso.brown261@webmail.co.za
CUST100782,Patricia,Botha,1973-05-13,2018-02-01,Durban,,17766.94,547.0,patricia.botha731@yahoo.com
CUST100783,Patricia,Nkosi,1997-10-29,2017-11-22,Durban,Sales Rep,15129.01,699.0,patricia.nkosi685@webmail.co.za
CUST100784,JESSICA,Khumalo,1959-11-10,2026-06-16,Johannesburg,Entrepreneur,73683.54,609.0,jessica.khumalo156@gmail.com
CUST100785,Sipho,Mokoena,1989-12-28,2025-01-23,Nelspruit,,104696.14,542.0,sipho.mokoena762@gmail.com
CUST100786,Mary,Chen,1998-08-19,2023-07-18,Nelspruit,Teacher,26095.68,563.0,mary.chen381@yahoo.com
CUST100787,Lerato,Mokoena,1994-09-10,2016-03-08,Bloemfontein,Accountant,11581.29,727.0,lerato.mokoena384@yahoo.com
CUST100788,Naledi,Dlamini,1994-07-08,2015-08-05,Pretoria,Retired,41891.01,468.0,naledi.dlamini970@gmail.com
CUST100789,James,Nkosi,1973-03-30,2017-11-01,Durban  ,Nurse,14933.38,744.0,james.nkosi980@webmail.co.za
CUST100790,Patricia,Khan,1995-01-07,2025-10-11,pretoria,Technician,19350.96,747.0,patricia.khan917@webmail.co.za
CUST100791,Joseph,Johnson,1987-02-18,2024-06-14,Kimberley,,18447.61,620.0,joseph.johnson942@gmail.com
CUST100792,Chidi,Rodriguez,1953-01-29,2021-01-21,Johannesburg,,19924.32,524.0,chidi.rodriguez717@webmail.co.za
CUST100793,Raj,Nkosi,1951-12-19,2026-03-21,Nelspruit,,21745.62,700.0,raj.nkosi930@gmail.com
CUST100794,Susan,Rodriguez,1992-02-01,2016-12-09,Pretoria  ,Nurse,12233.08,606.0,susan.rodriguez508@webmail.co.za
CUST100795,Elizabeth,Jones,1983-02-25,2021-06-23,Durban,Nurse,17655.31,514.0,elizabeth.jones95@webmail.co.za
CUST100796,Carlos,Botha,1976-09-06,2017-02-14,Nelspruit  ,Nurse,49610.93,822.0,carlos.botha480@yahoo.com
CUST100797,JOSEPH,Mokoena,2000-05-04,2018-07-20,kimberley,Retired,26366.93,570.0,joseph.mokoena681@webmail.co.za
CUST100798,David,Khumalo,1985-03-27,2025-11-20,Kimberley,Nurse,29003.98,518.0,david.khumalo661@yahoo.com
CUST100799,Joseph,Martinez,1969-03-01,2025-01-20,Durban,Sales Rep,7049.07,676.0,joseph.martinez962@gmail.com
CUST100800,James,Williams,1970-04-01,2016-06-03,Bloemfontein,Entrepreneur,47508.8,644.0,james.williams340@yahoo.com
CUST100801,Elizabeth,Rodriguez,1981-12-02,2017-11-21,Durban,Technician,17830.9,784.0,elizabeth.rodriguez312@yahoo.com
CUST100802,Thabo,Martinez,1991-05-18,2021-11-19,Cape Town,,52806.05,616.0,thabo.martinez926@gmail.com
CUST100803,Fatima,Pretorius,1979-06-05,2015-09-17,Pretoria,Technician,29512.37,617.0,fatima.pretorius511@yahoo.com
CUST100804,Chidi,Miller,1976-01-13,2021-05-15,Johannesburg,Manager,19201.97,680.0,chidi.miller87@gmail.com
CUST100805,Mei,Brown,1989-05-04,2021-08-10,Cape Town,,9831.3,668.0,mei.brown273@yahoo.com
CUST100806,Naledi,Martinez,1988-01-08,2018-05-15,Bloemfontein,Consultant,99201.42,671.0,naledi.martinez416@webmail.co.za
CUST100807,PATRICIA,Nkosi,1995-08-26,2018-05-24,East London,Nurse,43562.34,674.0,patricia.nkosi376@outlook.com
CUST100808,RICHARD,Ndlovu,1948-10-25,2017-08-27,Durban,Artisan,45154.47,665.0,richard.ndlovu367@outlook.com
CUST100809,Sofia,Rodriguez,1991-01-19,2025-01-11,bloemfontein,Retired,80121.27,613.0,sofia.rodriguez998@webmail.co.za
CUST100810,Mary,Chen,1976-05-04,2019-03-07,Polokwane,Entrepreneur,30774.82,725.0,mary.chen102@outlook.com
CUST100811,Ahmed,Chen,1949-07-23,2021-11-10,Nelspruit,Engineer,60563.04,618.0,ahmed.chen816@webmail.co.za
CUST100812,LERATO,Miller,1986-06-02,2018-06-29,Bloemfontein,Teacher,20188.23,722.0,lerato.miller340@webmail.co.za
CUST100813,ELIZABETH,Nkosi,1988-09-15,2023-02-20,Durban,Artisan,41879.31,,elizabeth.nkosi615@outlook.com
CUST100814,Wei,Mokoena,1976-12-09,2016-05-03,Polokwane,Retired,18433.81,589.0,wei.mokoena645@outlook.com
CUST100815,Raj,Johnson,1993-06-03,2015-10-31,Cape Town,Artisan,19884.28,866.0,raj.johnson966@outlook.com
CUST100816,Mary,Rodriguez,1963-04-26,2023-08-15,,Manager,,586.0,mary.rodriguez318@outlook.com
CUST100817,PATRICIA,Pretorius,1957-04-26,2023-01-06,Pretoria,Retired,12576.19,587.0,patricia.pretorius826@yahoo.com
CUST100818,Lerato,Rodriguez,1966-05-25,2018-01-25,Pretoria,Consultant,32782.64,699.0,lerato.rodriguez60@outlook.com
CUST100819,Sofia,Khumalo,1970-01-05,2019-10-02,Cape Town  ,Civil Servant,22310.78,690.0,sofia.khumalo540@yahoo.com
CUST100820,James,Mokoena,1987-06-14,2026-01-02,Johannesburg,Manager,8163.79,656.0,james.mokoena606@gmail.com
CUST100821,Lerato,Patel,1996-07-29,2016-03-17,Kimberley,Retired,20443.14,724.0,lerato.patel825@gmail.com
CUST100822,John,Botha,1988-12-22,2017-02-13,East London,Nurse,21872.1,673.0,john.botha258@webmail.co.za
CUST100823,Kagiso,Brown,1955-08-13,2019-12-25,Polokwane,Student,44877.95,836.0,kagiso.brown663@gmail.com
CUST100824,Zanele,Dlamini,1967-05-04,2018-08-04,johannesburg,Student,31924.17,645.0,zanele.dlamini580@gmail.com
CUST100825,Robert,Dlamini,1954-08-31,2022-08-07,Polokwane,Accountant,64118.19,573.0,robert.dlamini953@yahoo.com
CUST100826,Lerato,Brown,1986-11-21,2022-12-31,Pretoria  ,Engineer,36756.33,600.0,lerato.brown490@webmail.co.za
CUST100827,Ahmed,Chen,1960-02-21,2021-04-02,Polokwane,,19295.43,692.0,ahmed.chen157@gmail.com
CUST100828,Priya,Williams,1977-01-18,2022-01-29,Port Elizabeth,Teacher,25977.46,694.0,priya.williams958@webmail.co.za
CUST100829,James,Ndlovu,1993-04-20,2020-08-01,Durban,Technician,21832.85,669.0,james.ndlovu227@webmail.co.za
CUST100830,Linda,Davis,1985-12-04,2023-10-22,Durban,Engineer,36054.38,574.0,
CUST100831,Linda,Brown,1963-03-15,2015-06-28,Cape Town,Sales Rep,,750.0,linda.brown400@webmail.co.za
CUST100832,Joseph,Van der Merwe,1965-04-21,2018-08-16,nelspruit  ,Entrepreneur,18450.82,824.0,joseph.van der merwe894@yahoo.com
CUST100833,John,Garcia,1984-11-08,2022-05-12,Port Elizabeth,Technician,27042.37,653.0,john.garcia789@outlook.com
CUST100834,Priya,Garcia,1978-07-08,2018-10-26,Polokwane,Accountant,7095886.0,,priya.garcia345@outlook.com
CUST100835,Wei,Van der Merwe,1950-11-18,2015-11-29,nelspruit,Manager,14708.0,728.0,wei.van der merwe23@yahoo.com
CUST100836,Mei,Botha,1998-04-24,2018-12-30,cape town,Teacher,32539.35,850.0,mei.botha276@gmail.com
CUST100837,Michael,Smith,1976-04-08,2023-03-29,Pretoria,Consultant,10433.64,693.0,michael.smith602@webmail.co.za
CUST100838,James,Miller,1973-11-16,2016-05-30,Cape Town  ,Engineer,52226.37,662.0,james.miller379@outlook.com
CUST100839,Fatima,Patel,1957-02-08,2023-05-24,Johannesburg,Manager,36912.61,726.0,fatima.patel248@outlook.com
CUST100840,Elizabeth,Silva,1967-12-31,2023-12-25,Kimberley,Engineer,71508.37,611.0,elizabeth.silva635@outlook.com
CUST100841,LERATO,Nkosi,1965-04-21,2022-11-05,East London,Accountant,13767.17,687.0,lerato.nkosi7@outlook.com
CUST100842,Fatima,Khumalo,1961-07-07,2017-10-30,Port Elizabeth,Teacher,53107.37,770.0,fatima.khumalo3@webmail.co.za
CUST100843,Mary,Smith,1979-08-12,2024-04-29,Durban,Civil Servant,47167.86,724.0,mary.smith752@gmail.com
CUST100844,James,Botha,1973-03-14,2017-06-26,bloemfontein,Retired,24116.72,647.0,james.botha36@gmail.com
CUST100845,James,Brown,1999-03-29,2025-06-28,Bloemfontein,Civil Servant,21461.46,668.0,james.brown130@gmail.com
CUST100846,Jennifer,Williams,2002-06-03,2023-09-03,Durban  ,Student,14029.43,718.0,jennifer.williams966@gmail.com
CUST100847,Mary,Chen,1958-05-22,2015-08-20,Johannesburg,Technician,11998.23,715.0,mary.chen804@gmail.com
CUST100848,Raj,Mokoena,1951-02-09,2024-03-04,Port Elizabeth,Nurse,17141.53,718.0,raj.mokoena654@yahoo.com
CUST100849,Zanele,Johnson,1992-11-26,2020-12-11,Bloemfontein,,12664.2,681.0,zanele.johnson540@outlook.com
CUST100850,Sofia,Brown,2005-09-07,2020-03-29,Polokwane,Civil Servant,70082.86,576.0,sofia.brown210@gmail.com
CUST100851,Mei,Khumalo,1997-09-05,2019-11-14,Pretoria,Sales Rep,10924.56,590.0,mei.khumalo221@outlook.com
CUST100852,Carlos,Garcia,1946-06-12,2022-10-01,Johannesburg  ,Accountant,29417.27,692.0,carlos.garcia591@outlook.com
CUST100853,Linda,Patel,1960-04-29,2023-05-23,Nelspruit,Manager,34941.24,725.0,linda.patel833@gmail.com
CUST100854,Elizabeth,Martinez,1947-08-24,2025-05-17,Port Elizabeth,Manager,33339.55,713.0,elizabeth.martinez58@gmail.com
CUST100855,Priya,Khumalo,1995-01-25,2018-02-28,Polokwane,Civil Servant,35142.73,589.0,priya.khumalo189@yahoo.com
CUST100856,Linda,Ndlovu,1980-06-19,2022-04-22,Johannesburg,Teacher,47469.38,636.0,linda.ndlovu17@outlook.com
CUST100857,MARY,Rodriguez,1976-05-03,2022-12-13,Johannesburg,Artisan,20587.65,544.0,mary.rodriguez478@webmail.co.za
CUST100858,Lerato,Davis,1978-10-27,2022-10-25,Johannesburg,Retired,28354.2,525.0,lerato.davis872@gmail.com
CUST100859,Mei,Patel,1960-05-26,2020-09-16,Polokwane  ,Retired,22558.41,657.0,mei.patel434@webmail.co.za
CUST100860,Carlos,Dlamini,1981-09-12,2019-07-13,Durban,Nurse,58777.56,,carlos.dlamini995@outlook.com
CUST100861,Fatima,Mokoena,1946-11-15,2023-10-30,Polokwane,Sales Rep,94837.44,659.0,fatima.mokoena217@yahoo.com
CUST100862,PATRICIA,Khumalo,1984-05-28,2018-06-23,Kimberley,Manager,13142.94,822.0,patricia.khumalo798@webmail.co.za
CUST100863,Wei,Jones,1989-10-19,2017-05-30,,Sales Rep,7953.28,635.0,wei.jones250@yahoo.com
CUST100864,PRIYA,Pretorius,1986-01-20,2021-04-27,Kimberley,Teacher,37853.51,653.0,priya.pretorius928@gmail.com
CUST100865,AMARA,Khumalo,1965-04-05,2018-05-02,Kimberley,Teacher,51134.96,561.0,amara.khumalo330@outlook.com
CUST100866,Raj,Patel,1995-05-27,2015-05-21,Polokwane,Engineer,87045.51,619.0,raj.patel672@gmail.com
CUST100867,Raj,Botha,1988-08-24,2015-07-08,Nelspruit,,41887.14,543.0,raj.botha287@outlook.com
CUST100868,Joseph,Pretorius,1952-10-29,2023-01-18,East London,Sales Rep,62160.1,511.0,joseph.pretorius280@webmail.co.za
CUST100869,MARY,Chen,1956-11-26,2026-09-04,Durban,Accountant,72841.16,544.0,mary.chen495@gmail.com
CUST100870,Joseph,Silva,1983-11-12,2020-07-04,Cape Town,Retired,64787.42,658.0,joseph.silva368@webmail.co.za
CUST100871,Michael,Ndlovu,1962-08-27,2016-09-14,Pretoria,Technician,45647.14,584.0,michael.ndlovu801@gmail.com
CUST100872,Patricia,Khan,1952-04-14,2024-06-22,Port Elizabeth,,12464.93,605.0,patricia.khan904@gmail.com
CUST100873,PATRICIA,Davis,1954-06-15,2018-10-01,Pretoria,Teacher,26768.55,687.0,patricia.davis648@yahoo.com
CUST100874,Amara,Patel,1955-02-07,2026-07-13,Cape Town,Manager,32209.71,511.0,amara.patel268@outlook.com
CUST100875,Thabo,Johnson,1974-02-22,2021-10-07,Bloemfontein,Artisan,25339.36,657.0,thabo.johnson700@outlook.com
CUST100876,Naledi,Pretorius,1982-01-18,2017-11-09,Port Elizabeth  ,Artisan,26295.06,726.0,naledi.pretorius21@yahoo.com
CUST100877,Chidi,Garcia,1955-10-06,2020-09-29,Kimberley,Manager,68894.86,734.0,chidi.garcia49@yahoo.com
CUST100878,Naledi,Chen,1988-06-17,2018-11-19,Kimberley,,17084.06,696.0,naledi.chen461@outlook.com
CUST100879,Kagiso,Smith,1962-02-21,2024-11-01,East London,,43452.84,645.0,kagiso.smith231@webmail.co.za
CUST100880,Robert,Brown,1964-01-03,2016-03-23,Nelspruit,Civil Servant,32528.27,594.0,robert.brown993@gmail.com
CUST100881,Priya,Nkosi,1958-08-20,2024-04-12,Pretoria,,16082.4,643.0,priya.nkosi445@yahoo.com
CUST100882,Joseph,Van der Merwe,1992-11-23,2023-11-20,Kimberley,,14101.54,799.0,joseph.van der merwe27@yahoo.com
CUST100883,John,Jones,2003-07-19,2024-12-22,Kimberley,Teacher,9693.5,675.0,john.jones254@yahoo.com
CUST100884,Raj,Williams,1975-01-16,2025-05-13,Cape Town,Nurse,36002.59,640.0,raj.williams213@webmail.co.za
CUST100885,CHIDI,Silva,1947-07-26,2017-08-29,Polokwane,Engineer,25901.42,701.0,chidi.silva398@webmail.co.za
CUST100886,Mary,Nkosi,1960-11-23,2021-12-01,,Consultant,16391.75,654.0,mary.nkosi353@webmail.co.za
CUST100887,MICHAEL,Brown,1954-08-23,2024-04-11,Durban,Accountant,8728.4,670.0,michael.brown527@yahoo.com
CUST100888,James,Chen,1996-05-28,2019-05-16,Port Elizabeth,Accountant,34878.52,628.0,james.chen822@webmail.co.za
CUST100889,William,Miller,1950-03-06,2015-09-13,Kimberley,Student,24240.1,613.0,william.miller525@webmail.co.za
CUST100890,Patricia,Khan,2003-12-15,2018-05-18,Kimberley,Driver,17532.01,740.0,patricia.khan763@outlook.com
CUST100891,Amara,Martinez,1980-11-24,2017-10-20,Pretoria,Entrepreneur,15086.81,474.0,amara.martinez711@gmail.com
CUST100892,Thabo,Williams,1976-07-31,2025-01-28,Port Elizabeth,Nurse,23315.06,693.0,thabo.williams230@yahoo.com
CUST100893,Sofia,Davis,1996-09-08,2020-05-16,Bloemfontein,Manager,35667.6,607.0,sofia.davis575@yahoo.com
CUST100894,Chidi,Dlamini,1946-09-06,2022-01-12,Polokwane,Engineer,22070.79,479.0,chidi.dlamini827@yahoo.com
CUST100895,Zanele,Silva,1992-05-28,2026-02-21,Port Elizabeth,Consultant,13185.65,562.0,zanele.silva544@webmail.co.za
CUST100896,Thabo,Smith,1952-02-11,2018-06-19,Pretoria,Teacher,25981.11,,thabo.smith377@webmail.co.za
CUST100897,Mary,Nkosi,1996-04-14,2023-10-25,Kimberley,Accountant,50378.94,659.0,mary.nkosi726@yahoo.com
CUST100898,Robert,Chen,1977-04-12,2015-07-04,Pretoria,Retired,27561.1,,robert.chen969@webmail.co.za
CUST100899,Zanele,Botha,1948-09-23,2016-03-16,Durban,Civil Servant,28030.66,723.0,zanele.botha785@webmail.co.za
CUST100900,James,Pretorius,1995-10-29,2016-11-15,Pretoria,Consultant,22127.99,511.0,james.pretorius813@webmail.co.za
CUST100901,Mary,Brown,1946-09-01,2018-08-14,Pretoria,,15775.32,684.0,mary.brown538@outlook.com
CUST100902,Linda,Williams,1953-06-10,2019-01-09,Bloemfontein,Retired,15463.87,716.0,linda.williams466@outlook.com
CUST100903,Ahmed,Silva,1993-08-31,2020-10-07,East London,Retired,9925.75,670.0,ahmed.silva501@webmail.co.za
CUST100904,Joseph,Jones,1973-05-10,2017-03-11,cape town,,,695.0,joseph.jones207@gmail.com
CUST100905,Amara,Brown,1998-10-06,2015-08-10,Nelspruit  ,Teacher,35506.55,476.0,amara.brown564@outlook.com
CUST100906,Susan,Ndlovu,1983-10-05,2022-05-11,Durban,Accountant,28268.18,561.0,susan.ndlovu733@yahoo.com
CUST100907,Jennifer,Pretorius,1983-01-13,2015-11-04,Cape Town,Sales Rep,32123.71,773.0,jennifer.pretorius855@webmail.co.za
CUST100908,Barbara,Silva,1962-10-29,2024-05-17,East London,Artisan,32982.01,625.0,barbara.silva556@outlook.com
CUST100909,Robert,Dlamini,1953-02-26,2025-05-10,Durban,,17314.03,850.0,robert.dlamini778@yahoo.com
CUST100910,Wei,Jones,2003-08-18,2023-03-24,Polokwane,Teacher,22133.39,535.0,wei.jones65@yahoo.com
CUST100911,Jennifer,Davis,1951-05-24,2021-11-25,,Accountant,20241.19,791.0,jennifer.davis177@gmail.com
CUST100912,Richard,Patel,1977-04-08,2022-11-08,East London,Driver,,595.0,richard.patel522@outlook.com
CUST100913,Sofia,Brown,1961-08-17,2022-07-21,Polokwane,Student,49618.61,728.0,sofia.brown648@yahoo.com
CUST100914,Sipho,Dlamini,1961-02-10,2025-10-16,Port Elizabeth,,29754.31,623.0,sipho.dlamini248@outlook.com
CUST100915,Joseph,Smith,1981-04-08,2026-03-03,pretoria,,61058.67,660.0,
CUST100916,Naledi,Davis,1993-09-03,2019-10-12,East London,Retired,56602.76,704.0,naledi.davis466@gmail.com
CUST100917,Mei,Garcia,1992-05-28,2022-02-23,Pretoria,Retired,,595.0,mei.garcia498@gmail.com
CUST100918,William,Chen,1997-12-30,2024-04-18,Nelspruit,Sales Rep,23536.04,722.0,william.chen214@outlook.com
CUST100919,Kagiso,Pretorius,1962-11-13,2015-05-01,Port Elizabeth,Artisan,26640.97,626.0,kagiso.pretorius169@gmail.com
CUST100920,Priya,Brown,1973-05-30,2021-07-02,Port Elizabeth,Nurse,38828.77,666.0,priya.brown221@outlook.com
CUST100921,SIPHO,Silva,1945-07-27,2022-07-24,East London,Technician,23519.95,412.0,sipho.silva947@webmail.co.za
CUST100922,Joseph,Chen,1990-07-23,2023-04-22,Cape Town,Driver,,620.0,joseph.chen779@outlook.com
CUST100923,John,Nkosi,1963-06-11,2019-09-04,Bloemfontein,Civil Servant,20397.97,764.0,john.nkosi296@yahoo.com
CUST100924,Linda,Pretorius,1979-04-02,2018-04-06,Polokwane,Manager,50481.44,713.0,linda.pretorius28@webmail.co.za
CUST100925,Carlos,Williams,1955-04-30,2017-09-02,Polokwane,Manager,11316.26,730.0,carlos.williams924@gmail.com
CUST100926,Naledi,Khan,1994-12-25,2021-06-17,Durban,Sales Rep,20818.29,655.0,naledi.khan711@yahoo.com
CUST100927,Elizabeth,Mokoena,1994-11-08,2025-08-24,Johannesburg,Civil Servant,8899.89,801.0,elizabeth.mokoena964@webmail.co.za
CUST100928,Susan,Williams,1998-07-10,2025-05-17,Cape Town  ,Civil Servant,14504.53,676.0,susan.williams405@gmail.com
CUST100929,Sipho,Garcia,1947-10-21,2019-03-03,Nelspruit,Sales Rep,32542.64,591.0,sipho.garcia560@outlook.com
CUST100930,Naledi,Pretorius,2005-07-15,2017-12-26,Durban,,32915.29,727.0,naledi.pretorius13@gmail.com
CUST100931,Amara,Dlamini,1960-02-12,2024-02-19,Johannesburg  ,Retired,22294.27,733.0,amara.dlamini889@yahoo.com
CUST100932,William,Davis,1963-11-16,2023-05-25,Bloemfontein,Entrepreneur,52806.58,707.0,william.davis607@webmail.co.za
CUST100933,Kagiso,Davis,1960-03-17,2020-07-11,Nelspruit,Civil Servant,60622.76,614.0,kagiso.davis480@yahoo.com
CUST100934,Joseph,Van der Merwe,1961-04-27,2019-04-07,Durban,Driver,25808.61,675.0,joseph.van der merwe687@gmail.com
CUST100935,Carlos,Miller,1978-09-17,2016-07-06,Johannesburg  ,Consultant,31265.16,775.0,carlos.miller180@outlook.com
CUST100936,Jennifer,Brown,1959-08-18,2024-04-02,Cape Town,Driver,,693.0,jennifer.brown9@gmail.com
CUST100937,JOHN,Khumalo,1969-01-07,2022-02-24,Cape Town,Driver,39188.27,517.0,john.khumalo728@webmail.co.za
CUST100938,Joseph,Nkosi,1984-12-28,2019-05-14,Durban,Sales Rep,13141.94,593.0,joseph.nkosi322@gmail.com
CUST100939,Thabo,Jones,1995-12-30,2025-08-22,Cape Town,Engineer,79023.53,589.0,thabo.jones367@gmail.com
CUST100940,Amara,Garcia,1987-04-04,2022-08-22,East London,Accountant,53315.97,582.0,amara.garcia553@yahoo.com
CUST100941,Richard,Ndlovu,1981-04-02,2025-05-10,Durban,Entrepreneur,13103.62,460.0,richard.ndlovu918@outlook.com
CUST100942,Fatima,Jones,1954-01-05,2020-06-29,Bloemfontein,Nurse,16757.29,820.0,fatima.jones469@webmail.co.za
CUST100943,Jessica,Chen,1994-10-13,2020-07-04,Port Elizabeth  ,Artisan,34639.48,1200.0,jessica.chen688@yahoo.com
CUST100944,John,Garcia,1947-04-11,2025-08-11,East London,Retired,21961.57,578.0,john.garcia600@gmail.com
CUST100945,Patricia,Williams,1961-02-11,2026-11-02,east london,Accountant,37300.41,475.0,patricia.williams937@outlook.com
CUST100946,Sofia,Garcia,1948-06-25,2026-02-16,Bloemfontein  ,Sales Rep,21684.7,,sofia.garcia888@gmail.com
CUST100947,JOHN,Pretorius,1985-09-17,2024-06-25,nelspruit,Civil Servant,67163.62,642.0,john.pretorius787@webmail.co.za
CUST100948,Carlos,Pretorius,1967-06-21,2020-09-05,Cape Town,Entrepreneur,27037.61,618.0,carlos.pretorius982@gmail.com
CUST100949,William,Dlamini,1984-10-09,2017-08-06,Bloemfontein  ,Civil Servant,114959.26,623.0,william.dlamini397@gmail.com
CUST100950,Robert,Rodriguez,1966-03-03,2019-10-06,Pretoria,Artisan,38623.08,703.0,robert.rodriguez945@gmail.com
CUST100951,Elizabeth,Van der Merwe,1972-10-19,2025-12-11,Bloemfontein,Civil Servant,11972.38,,elizabeth.van der merwe39@gmail.com
CUST100952,Zanele,Jones,1972-12-07,2019-03-18,Cape Town,,94079.74,471.0,zanele.jones964@webmail.co.za
CUST100953,Susan,Chen,1947-10-13,2023-06-10,Pretoria,Artisan,52010.84,534.0,susan.chen108@yahoo.com
CUST100954,MEI,Chen,1971-03-31,2025-09-09,Kimberley,Student,33795.69,529.0,mei.chen425@outlook.com
CUST100955,Zanele,Patel,1984-02-08,2026-03-28,Nelspruit,,39655.31,675.0,zanele.patel220@gmail.com
CUST100956,Richard,Jones,1978-04-23,2025-12-22,Port Elizabeth,Manager,13181.53,734.0,richard.jones749@yahoo.com
CUST100957,Kagiso,Patel,1949-08-05,2021-05-06,Cape Town,Civil Servant,9112.24,782.0,kagiso.patel124@yahoo.com
CUST100958,Sofia,Mokoena,1985-10-01,2020-11-09,East London  ,Technician,26237.64,503.0,sofia.mokoena426@gmail.com
CUST100959,SUSAN,Botha,1963-11-04,2026-09-06,Pretoria,Teacher,61528.9,706.0,susan.botha201@gmail.com
CUST100960,John,Brown,1945-11-18,2017-11-07,Pretoria,Artisan,34112.71,595.0,john.brown839@gmail.com
CUST100961,Susan,Mokoena,1954-06-29,2017-04-03,Johannesburg,,,913.0,susan.mokoena508@gmail.com
CUST100962,Raj,Van der Merwe,1975-05-09,2026-02-26,Durban,Sales Rep,59440.58,775.0,raj.van der merwe803@yahoo.com
CUST100963,Michael,Miller,1963-12-08,2022-12-25,Durban,Consultant,27237.92,803.0,michael.miller980@gmail.com
CUST100964,Carlos,Khan,1987-05-11,2021-03-18,Johannesburg,Civil Servant,54734.75,722.0,carlos.khan332@yahoo.com
CUST100965,Sipho,Williams,1959-09-06,2016-12-07,Bloemfontein,Civil Servant,67074.37,684.0,sipho.williams69@yahoo.com
CUST100966,Zanele,Patel,1992-02-21,2020-11-12,Kimberley,Sales Rep,25639.54,614.0,zanele.patel459@yahoo.com
CUST100967,David,Mokoena,1962-06-23,2025-08-12,Cape Town,Retired,23664.58,596.0,david.mokoena533@gmail.com
CUST100968,Fatima,Jones,1982-11-15,2021-12-25,Johannesburg  ,Artisan,29268.59,578.0,fatima.jones239@yahoo.com
CUST100969,Mary,Johnson,1993-10-01,2019-08-09,Cape Town,Artisan,6328.73,706.0,mary.johnson643@yahoo.com
CUST100970,Elizabeth,Khan,1968-07-08,2021-05-20,Bloemfontein,Student,31833.01,790.0,elizabeth.khan457@outlook.com
CUST100971,Susan,Garcia,1947-11-09,2025-06-04,Nelspruit  ,Driver,41450.81,618.0,susan.garcia645@gmail.com
CUST100972,Jessica,Ndlovu,1977-08-30,2025-07-28,Pretoria,Driver,29339.99,585.0,jessica.ndlovu360@gmail.com
CUST100973,JESSICA,Johnson,2005-09-19,2019-08-20,Cape Town,Engineer,33083.99,516.0,jessica.johnson874@outlook.com
CUST100974,John,Nkosi,2004-02-09,2022-01-16,Johannesburg,Entrepreneur,26210.47,672.0,john.nkosi465@yahoo.com
CUST100975,Linda,Khumalo,1958-06-26,2018-03-27,East London,Driver,8117.58,761.0,linda.khumalo718@gmail.com
CUST100976,Patricia,Pretorius,1991-02-05,2020-03-23,Pretoria  ,Student,72951.99,,patricia.pretorius769@outlook.com
CUST100977,Sipho,Brown,1966-01-16,2017-07-19,Pretoria  ,Student,21575.26,774.0,sipho.brown180@webmail.co.za
CUST100978,Barbara,Jones,1954-10-11,2021-02-26,Durban  ,Student,18570.65,687.0,barbara.jones155@webmail.co.za
CUST100979,Sipho,Mokoena,1985-08-14,2021-11-09,Nelspruit  ,Entrepreneur,60766.24,658.0,sipho.mokoena674@gmail.com
CUST100980,Sipho,Mokoena,1975-07-21,2018-11-30,Pretoria,Civil Servant,48398.32,765.0,sipho.mokoena943@yahoo.com
CUST100981,AMARA,Silva,1977-11-22,2018-02-25,Polokwane,Engineer,31692.63,,
CUST100982,Naledi,Pretorius,1995-06-21,2016-09-30,Polokwane,Entrepreneur,42685.81,610.0,naledi.pretorius904@outlook.com
CUST100983,Kagiso,Van der Merwe,1965-07-12,2016-08-13,Johannesburg,Accountant,13453.67,,kagiso.van der merwe988@yahoo.com
CUST100984,Sipho,Brown,1985-09-10,2023-03-29,Durban,Artisan,25628.58,553.0,sipho.brown562@webmail.co.za
CUST100985,Kagiso,Miller,1967-05-04,2017-07-26,Nelspruit,Student,58505.17,647.0,kagiso.miller230@outlook.com
CUST100986,Zanele,Pretorius,1947-08-10,2016-05-14,Nelspruit,Engineer,17920.76,707.0,zanele.pretorius863@outlook.com
CUST100987,David,Khumalo,1968-01-22,2026-07-27,Port Elizabeth,,14779.55,657.0,david.khumalo457@gmail.com
CUST100988,Linda,Botha,2002-12-13,2018-04-01,Cape Town,Civil Servant,28202.4,753.0,linda.botha159@webmail.co.za
CUST100989,Mei,Khumalo,1974-06-24,2025-05-18,Durban,Nurse,28602.07,787.0,mei.khumalo817@webmail.co.za
CUST100990,David,Johnson,1951-08-09,2022-01-20,Kimberley,Accountant,39677.65,693.0,david.johnson732@outlook.com
CUST100991,Naledi,Ndlovu,1986-12-16,2023-04-13,East London,Teacher,11767.64,775.0,naledi.ndlovu842@outlook.com
CUST100992,Michael,Van der Merwe,2003-10-07,2021-06-30,Johannesburg,Nurse,5827.68,,michael.van der merwe363@webmail.co.za
CUST100993,Susan,Chen,2000-05-20,2017-03-02,Polokwane,Artisan,46757.93,636.0,susan.chen278@webmail.co.za
CUST100994,Thabo,Williams,1979-11-21,2024-10-23,Cape Town,Entrepreneur,14047.66,866.0,thabo.williams56@gmail.com
CUST100995,Kagiso,Jones,1967-12-15,2024-03-08,Pretoria,Consultant,18657.54,825.0,kagiso.jones200@webmail.co.za
CUST100996,Thabo,Van der Merwe,1980-06-02,2019-01-19,Port Elizabeth,Driver,7259.45,535.0,thabo.van der merwe909@webmail.co.za
CUST100997,Barbara,Nkosi,1994-10-09,2023-06-11,Pretoria,Entrepreneur,49699.37,649.0,barbara.nkosi561@webmail.co.za
CUST100998,CARLOS,Khan,1997-07-14,2021-04-16,East London,Manager,33196.61,662.0,carlos.khan885@webmail.co.za
CUST100999,Thabo,Williams,1994-12-13,2025-12-07,Cape Town,Driver,32406.58,687.0,thabo.williams737@yahoo.com
CUST101000,Mei,Mokoena,1972-10-13,2024-04-18,Nelspruit,Technician,32275.8,765.0,mei.mokoena994@yahoo.com
CUST101001,CHIDI,Van der Merwe,1952-04-02,2015-06-23,Bloemfontein  ,,7815.8,816.0,chidi.van der merwe892@outlook.com
CUST101002,Naledi,Chen,1979-09-20,2025-08-03,Pretoria,Manager,14896.78,653.0,naledi.chen881@yahoo.com
CUST101003,AHMED,Mokoena,1954-07-18,2026-03-21,Kimberley,Retired,20516.07,751.0,ahmed.mokoena373@outlook.com
CUST101004,John,Ndlovu,1948-09-20,2023-06-08,Port Elizabeth,Artisan,17167.17,708.0,john.ndlovu927@webmail.co.za
CUST101005,Fatima,Garcia,1975-06-02,2016-05-22,Port Elizabeth,,22858.84,648.0,fatima.garcia776@yahoo.com
CUST101006,Priya,Miller,1984-12-23,2024-08-05,Johannesburg,Retired,31185.85,497.0,priya.miller856@yahoo.com
CUST101007,Thabo,Khan,1997-02-06,2022-01-07,Kimberley,,49210.53,742.0,thabo.khan621@webmail.co.za
CUST101008,Chidi,Johnson,1992-10-01,2018-04-12,Nelspruit  ,Retired,11068.71,704.0,chidi.johnson835@outlook.com
CUST101009,Thabo,Johnson,1997-04-16,2025-03-28,Cape Town,Entrepreneur,26760.94,685.0,thabo.johnson838@gmail.com
CUST101010,William,Rodriguez,1991-05-13,2021-07-20,Kimberley,Artisan,41230.2,562.0,william.rodriguez246@outlook.com
CUST101011,Mei,Silva,1987-11-24,2024-11-16,Polokwane,Retired,15452.87,826.0,mei.silva131@outlook.com
CUST101012,Linda,Chen,1945-08-14,2022-05-10,Port Elizabeth,Technician,23963.82,664.0,linda.chen634@yahoo.com
CUST101013,David,Khumalo,1983-03-11,2018-05-05,kimberley,Civil Servant,35593.96,547.0,david.khumalo38@gmail.com
CUST101014,Thabo,Dlamini,1952-05-08,2026-04-17,,Accountant,27084.73,533.0,thabo.dlamini891@gmail.com
CUST101015,Raj,Williams,1948-07-31,2021-12-08,East London,Sales Rep,40316.6,711.0,raj.williams744@gmail.com
CUST101016,Richard,Davis,1954-07-17,2020-12-25,Cape Town,,,714.0,richard.davis397@gmail.com
CUST101017,Jessica,Johnson,1995-03-22,2019-03-09,Cape Town,Teacher,22312.06,608.0,jessica.johnson636@gmail.com
CUST101018,Mary,Khan,1990-05-17,2016-07-30,Bloemfontein,Artisan,13311.37,,mary.khan626@outlook.com
CUST101019,Patricia,Khan,2002-11-15,2022-12-12,Pretoria,Teacher,31203.99,710.0,patricia.khan741@webmail.co.za
CUST101020,Mary,Garcia,2004-09-18,2019-12-28,Kimberley  ,Accountant,28566.32,663.0,mary.garcia905@outlook.com
CUST101021,Robert,Miller,1999-06-28,2025-10-28,Johannesburg  ,Retired,14828.42,587.0,robert.miller732@webmail.co.za
CUST101022,Priya,Miller,1953-02-09,2026-06-03,Polokwane,,38148.19,737.0,priya.miller390@webmail.co.za
CUST101023,Raj,Botha,1998-07-31,2023-11-22,East London,Entrepreneur,57569.84,725.0,raj.botha107@outlook.com
CUST101024,Raj,Ndlovu,1996-02-26,2017-10-22,Nelspruit  ,Engineer,18105.01,701.0,raj.ndlovu884@yahoo.com
CUST101025,MARY,Khan,1998-02-18,2023-04-17,Kimberley,Sales Rep,17386.0,,mary.khan756@webmail.co.za
CUST101026,Robert,Martinez,1954-04-03,2015-03-28,Nelspruit,Teacher,17009.22,530.0,robert.martinez853@outlook.com
CUST101027,William,Patel,1952-02-16,2024-07-27,pretoria,Engineer,9826.16,657.0,william.patel743@outlook.com
CUST101028,Sipho,Dlamini,2001-05-08,2020-09-19,East London,Retired,89562.23,734.0,sipho.dlamini325@yahoo.com
CUST101029,DAVID,Miller,1955-08-09,2025-06-11,Cape Town,Teacher,20551.08,744.0,david.miller149@outlook.com
CUST101030,Jessica,Botha,1967-06-27,2019-05-17,Port Elizabeth,Civil Servant,,703.0,jessica.botha277@webmail.co.za
CUST101031,Jennifer,Patel,1972-10-24,2018-01-18,Durban,Consultant,13683.35,609.0,jennifer.patel163@yahoo.com
CUST101032,Chidi,Khan,1952-08-04,2026-11-07,Durban,Technician,,578.0,chidi.khan674@yahoo.com
CUST101033,DAVID,Pretorius,1946-04-05,2021-02-22,Bloemfontein,Civil Servant,17727.54,648.0,david.pretorius515@yahoo.com
CUST101034,Robert,Garcia,2005-08-21,2024-12-30,Cape Town,Manager,63757.62,649.0,robert.garcia614@yahoo.com
CUST101035,Chidi,Williams,1998-06-23,2025-07-20,Bloemfontein,Manager,12717.79,750.0,chidi.williams484@gmail.com
CUST101036,Ahmed,Khumalo,2000-08-25,2021-02-01,Port Elizabeth,Sales Rep,10688.03,607.0,ahmed.khumalo518@gmail.com
CUST101037,James,Davis,1962-05-11,2020-11-04,Durban,Artisan,37461.55,614.0,james.davis727@outlook.com
CUST101038,Susan,Martinez,1958-06-05,2021-05-27,Bloemfontein,,25227.15,835.0,susan.martinez401@outlook.com
CUST101039,Raj,Garcia,1970-12-23,2024-10-25,Polokwane,Consultant,23534.74,790.0,raj.garcia392@outlook.com
CUST101040,Amara,Rodriguez,1972-08-26,2026-04-03,East London,Driver,37638.46,571.0,amara.rodriguez519@webmail.co.za
CUST101041,Priya,Rodriguez,1945-05-05,2018-10-20,Johannesburg,Civil Servant,29203.01,782.0,priya.rodriguez408@outlook.com
CUST101042,Susan,Davis,1992-07-13,2023-07-22,Bloemfontein,Consultant,26157.98,549.0,susan.davis705@yahoo.com
CUST101043,Barbara,Khan,2005-10-17,2018-04-22,East London,Entrepreneur,11575.11,611.0,
CUST101044,Amara,Mokoena,1977-04-01,2022-01-28,East London,Sales Rep,9888.65,621.0,amara.mokoena875@yahoo.com
CUST101045,John,Ndlovu,1968-09-07,2024-04-27,Port Elizabeth,Nurse,17672.11,643.0,john.ndlovu809@yahoo.com
CUST101046,Linda,Williams,1968-12-16,2025-07-04,johannesburg,,14036.0,706.0,linda.williams566@webmail.co.za
CUST101047,Zanele,Khumalo,1950-11-11,2020-03-13,cape town,Student,31619.32,660.0,zanele.khumalo527@yahoo.com
CUST101048,Lerato,Brown,1961-03-27,2019-04-14,Pretoria,Driver,9143.25,705.0,lerato.brown2@outlook.com
CUST101049,Patricia,Miller,1975-08-19,2017-08-12,East London,Entrepreneur,20572.36,614.0,patricia.miller216@gmail.com
CUST101050,Thabo,Martinez,1971-05-06,2016-07-18,Polokwane,Engineer,24249.59,684.0,thabo.martinez810@gmail.com
CUST101051,Barbara,Brown,1978-03-31,2019-03-24,east london,Civil Servant,26270.63,657.0,barbara.brown762@yahoo.com
CUST101052,Thabo,Rodriguez,1996-10-16,2025-05-02,Pretoria,Consultant,34179.41,525.0,thabo.rodriguez719@gmail.com
CUST101053,CARLOS,Garcia,1958-09-28,2019-07-11,Port Elizabeth,Consultant,22116.43,693.0,carlos.garcia702@outlook.com
CUST101054,Robert,Van der Merwe,1946-09-09,2018-04-09,Johannesburg,Engineer,18024.82,659.0,robert.van der merwe504@webmail.co.za
CUST101055,Sofia,Van der Merwe,1947-05-02,2023-07-24,polokwane,Nurse,56765.73,586.0,sofia.van der merwe612@yahoo.com
CUST101056,Joseph,Smith,1953-03-09,2017-06-30,Pretoria,Student,22202.95,,joseph.smith550@webmail.co.za
CUST101057,Wei,Mokoena,1979-10-19,2017-12-20,Bloemfontein,Consultant,63037.07,614.0,wei.mokoena25@yahoo.com
CUST101058,Susan,Chen,1994-04-19,2025-02-11,Port Elizabeth,Teacher,22135.18,628.0,susan.chen526@gmail.com
CUST101059,Elizabeth,Rodriguez,1999-02-04,2015-12-12,Durban,Artisan,26641.84,808.0,elizabeth.rodriguez470@yahoo.com
CUST101060,Wei,Ndlovu,1983-09-28,2019-10-20,Cape Town,Retired,24754.23,838.0,wei.ndlovu554@yahoo.com
CUST101061,Amara,Silva,1969-08-04,2021-05-09,Kimberley,,30906.79,405.0,amara.silva897@webmail.co.za
CUST101062,John,Rodriguez,1954-06-05,2017-01-09,Cape Town,Student,20912.26,694.0,john.rodriguez626@outlook.com
CUST101063,Amara,Johnson,1969-06-27,2018-03-04,Kimberley,,28500.62,736.0,amara.johnson22@yahoo.com
CUST101064,Wei,Rodriguez,1965-04-11,2017-07-27,Cape Town,,67405.94,631.0,wei.rodriguez181@webmail.co.za
CUST101065,RICHARD,Garcia,1998-01-26,2018-12-31,Johannesburg,,50478.92,734.0,richard.garcia342@webmail.co.za
CUST101066,Fatima,Rodriguez,1974-09-09,2025-05-28,kimberley,,50687.93,799.0,fatima.rodriguez941@yahoo.com
CUST101067,Kagiso,Garcia,1958-10-19,2019-12-31,Kimberley,Civil Servant,12026.19,527.0,kagiso.garcia330@yahoo.com
CUST101068,David,Brown,1962-08-14,2019-03-11,nelspruit  ,Sales Rep,13252.32,662.0,david.brown489@yahoo.com
CUST101069,James,Nkosi,1953-04-29,2019-06-24,Polokwane,Sales Rep,30658.05,826.0,james.nkosi346@yahoo.com
CUST101070,Lerato,Williams,2001-01-12,2026-02-03,Port Elizabeth,,42720.87,539.0,lerato.williams487@yahoo.com
CUST101071,Michael,Patel,1948-01-27,2016-11-05,Cape Town,Engineer,19702.85,640.0,michael.patel456@yahoo.com
CUST101072,Wei,Patel,1945-10-14,2025-05-02,Bloemfontein,Driver,17702.29,,wei.patel633@yahoo.com
CUST101073,Thabo,Mokoena,1956-02-29,2018-10-15,Bloemfontein  ,Consultant,62087.86,745.0,thabo.mokoena229@outlook.com
CUST101074,Joseph,Pretorius,1994-06-18,2026-01-29,Polokwane,Artisan,40600.11,,joseph.pretorius879@yahoo.com
CUST101075,Jennifer,Smith,1976-12-06,2018-08-26,Johannesburg  ,Artisan,50756.35,665.0,jennifer.smith522@outlook.com
CUST101076,Amara,Miller,1983-03-06,2015-12-17,Johannesburg,,20642.97,,
CUST101077,Jennifer,Jones,1966-10-27,2021-08-01,Bloemfontein,Civil Servant,,495.0,jennifer.jones346@yahoo.com
CUST101078,Susan,Khumalo,1949-03-11,2017-08-21,Nelspruit,Artisan,47540.36,,susan.khumalo443@webmail.co.za
CUST101079,RAJ,Mokoena,1997-03-23,2023-09-21,Kimberley,Consultant,22979.65,618.0,raj.mokoena276@webmail.co.za
CUST101080,Fatima,Botha,1956-09-15,2022-12-08,bloemfontein,,18647.84,637.0,fatima.botha108@outlook.com
CUST101081,Sofia,Rodriguez,1947-01-07,2022-12-13,Pretoria  ,Teacher,15554.14,737.0,sofia.rodriguez295@yahoo.com
CUST101082,CARLOS,Garcia,1979-12-08,2017-03-29,Port Elizabeth,Student,19795.76,668.0,carlos.garcia161@yahoo.com
CUST101083,Naledi,Pretorius,1950-01-30,2023-03-17,Bloemfontein,Civil Servant,45481.01,740.0,naledi.pretorius973@webmail.co.za
CUST101084,MICHAEL,Chen,1950-11-04,2018-09-08,East London,Artisan,10874.77,704.0,michael.chen666@webmail.co.za
CUST101085,RAJ,Khan,1993-10-27,2026-07-26,Durban,Consultant,39239.2,668.0,raj.khan334@outlook.com
CUST101086,Mei,Martinez,1974-12-27,2023-06-23,Pretoria,Manager,17589.7,678.0,mei.martinez343@outlook.com
CUST101087,Sofia,Martinez,1959-09-25,2021-02-11,Bloemfontein,Driver,23713.97,549.0,sofia.martinez984@gmail.com
CUST101088,Kagiso,Rodriguez,1966-04-08,2025-01-15,Nelspruit,Consultant,24643.11,637.0,kagiso.rodriguez167@outlook.com
CUST101089,John,Khan,1989-06-25,2021-10-28,,Civil Servant,23565.83,748.0,john.khan121@webmail.co.za
CUST101090,Thabo,Jones,1949-01-18,2021-05-27,Polokwane,Sales Rep,22645.66,569.0,thabo.jones246@webmail.co.za
CUST101091,JOSEPH,Nkosi,1952-02-09,2017-09-30,Durban,Teacher,20607.01,586.0,joseph.nkosi651@yahoo.com
CUST101092,Raj,Brown,1982-08-04,2022-08-11,Port Elizabeth,Technician,19094.3,571.0,raj.brown856@outlook.com
CUST101093,Richard,Ndlovu,1982-01-09,2019-04-05,Bloemfontein,Teacher,59388.99,664.0,richard.ndlovu219@webmail.co.za
CUST101094,David,Miller,2004-04-26,2015-02-07,Kimberley,,27310.58,776.0,david.miller672@yahoo.com
CUST101095,Robert,Chen,1967-11-06,2024-06-13,Pretoria,Consultant,24945.06,699.0,robert.chen815@yahoo.com
CUST101096,Raj,Chen,1948-12-20,2015-08-08,Kimberley,Accountant,18273.52,454.0,raj.chen256@webmail.co.za
CUST101097,Wei,Pretorius,1977-10-15,2022-10-14,Polokwane,Artisan,21062.17,708.0,wei.pretorius120@outlook.com
CUST101098,MARY,Silva,1983-12-09,2016-10-24,East London,Consultant,18311.73,610.0,mary.silva384@yahoo.com
CUST101099,SUSAN,Garcia,1953-07-08,2020-04-01,Polokwane,Technician,42582.83,696.0,susan.garcia679@outlook.com
CUST101100,Jessica,Jones,1978-09-22,2024-12-12,Polokwane,Consultant,17117.23,637.0,jessica.jones769@yahoo.com
CUST101101,Jessica,Botha,1957-01-24,2016-04-02,East London,Civil Servant,6990.12,573.0,jessica.botha749@yahoo.com
CUST101102,Fatima,Ndlovu,1996-07-11,2022-09-23,East London,Entrepreneur,27861.05,644.0,fatima.ndlovu516@webmail.co.za
CUST101103,John,Williams,1995-12-11,2022-04-02,pretoria,Accountant,22751.03,610.0,john.williams550@gmail.com
CUST101104,Elizabeth,Van der Merwe,1971-03-17,2025-01-17,Port Elizabeth,Accountant,18930.45,678.0,elizabeth.van der merwe45@gmail.com
CUST101105,Jennifer,Chen,2003-12-21,2016-12-31,Bloemfontein,,46487.26,570.0,jennifer.chen84@webmail.co.za
CUST101106,Linda,Smith,2004-10-06,2024-06-04,Nelspruit,Artisan,5218.1,549.0,linda.smith192@gmail.com
CUST101107,Fatima,Silva,1952-11-19,2020-03-19,East London,Engineer,69268.56,716.0,fatima.silva314@gmail.com
CUST101108,Carlos,Mokoena,1967-06-07,2019-12-19,Kimberley,Technician,50655.68,750.0,carlos.mokoena867@gmail.com
CUST101109,MARY,Mokoena,1981-08-14,2019-11-03,East London,Teacher,18456.43,702.0,mary.mokoena192@gmail.com
CUST101110,KAGISO,Botha,1950-03-06,2019-06-19,Port Elizabeth,Engineer,20527.68,592.0,kagiso.botha85@yahoo.com
CUST101111,Linda,Ndlovu,1968-05-05,2021-08-01,Bloemfontein  ,Nurse,36411.22,583.0,linda.ndlovu186@yahoo.com
CUST101112,Michael,Ndlovu,1960-12-06,2016-03-27,East London,Accountant,37002.09,589.0,michael.ndlovu153@outlook.com
CUST101113,Elizabeth,Mokoena,2003-01-27,2019-04-12,Nelspruit,Teacher,18392.0,730.0,elizabeth.mokoena785@webmail.co.za
CUST101114,Michael,Jones,1970-02-08,2022-07-20,Durban  ,Entrepreneur,10197.87,576.0,michael.jones592@webmail.co.za
CUST101115,Jessica,Brown,1991-07-10,2020-08-10,Durban,Sales Rep,95627.49,730.0,jessica.brown940@gmail.com
CUST101116,Sofia,Van der Merwe,1968-08-03,2016-02-12,Durban,Consultant,47747.14,707.0,sofia.van der merwe531@gmail.com
CUST101117,Sipho,Jones,1953-01-15,2019-03-16,Johannesburg,Entrepreneur,29558.06,761.0,sipho.jones452@outlook.com
CUST101118,Chidi,Dlamini,1997-08-26,2020-02-17,,Entrepreneur,29895.56,746.0,chidi.dlamini630@webmail.co.za
CUST101119,Jessica,Garcia,1945-01-10,2022-09-30,Kimberley,Entrepreneur,39057.5,699.0,jessica.garcia96@outlook.com
CUST101120,JAMES,Garcia,1948-05-31,2025-07-06,East London,Nurse,41966.96,518.0,james.garcia714@yahoo.com
CUST101121,Robert,Mokoena,1967-03-25,2021-05-17,Johannesburg,Retired,7693.88,705.0,robert.mokoena333@webmail.co.za
CUST101122,William,Silva,1986-11-25,2022-01-11,Pretoria,,21795.89,660.0,william.silva758@webmail.co.za
CUST101123,LINDA,Martinez,1965-11-04,2015-11-23,Kimberley  ,Engineer,,616.0,linda.martinez855@gmail.com
CUST101124,RAJ,Brown,1949-01-17,2026-01-20,Johannesburg,Civil Servant,24419.55,773.0,raj.brown689@outlook.com
CUST101125,Raj,Garcia,1964-05-22,2018-08-26,East London,Entrepreneur,42722.3,636.0,raj.garcia706@yahoo.com
CUST101126,Priya,Brown,1959-12-11,2019-07-02,Port Elizabeth,Entrepreneur,9190.74,602.0,priya.brown463@yahoo.com
CUST101127,Kagiso,Botha,1945-05-01,2017-07-31,Kimberley,Manager,11974.26,751.0,kagiso.botha309@gmail.com
CUST101128,Naledi,Davis,1977-08-15,2015-12-25,Bloemfontein,Nurse,17871.33,614.0,naledi.davis187@webmail.co.za
CUST101129,Kagiso,Rodriguez,1952-02-12,2024-02-24,Bloemfontein,Student,29513.62,598.0,kagiso.rodriguez225@outlook.com
CUST101130,Susan,Johnson,1962-07-16,2017-10-14,Polokwane,Artisan,44323.73,549.0,susan.johnson791@yahoo.com
CUST101131,Lerato,Martinez,1984-02-11,2018-10-04,Nelspruit,Student,71595.97,576.0,lerato.martinez364@outlook.com
CUST101132,Mei,Pretorius,1989-03-25,2017-07-02,bloemfontein,Accountant,,584.0,mei.pretorius13@yahoo.com
CUST101133,WEI,Martinez,1961-01-26,2026-04-16,Polokwane,Nurse,44280.01,706.0,wei.martinez690@outlook.com
CUST101134,Zanele,Chen,1965-01-30,2024-01-17,Nelspruit,Civil Servant,41196.04,558.0,
CUST101135,Mary,Jones,1960-01-23,2025-08-10,Bloemfontein,Technician,37234.89,483.0,mary.jones218@outlook.com
CUST101136,Chidi,Brown,2003-05-15,2024-12-24,polokwane,Entrepreneur,26514.09,677.0,chidi.brown582@webmail.co.za
CUST101137,Barbara,Khan,1956-08-15,2025-06-30,Pretoria,Civil Servant,21168.74,593.0,barbara.khan176@yahoo.com
CUST101138,Chidi,Johnson,1956-03-05,2020-07-19,pretoria,Sales Rep,14196.64,649.0,chidi.johnson727@yahoo.com
CUST101139,Naledi,Martinez,1972-02-23,2016-12-22,Johannesburg  ,Accountant,13643.85,765.0,naledi.martinez959@outlook.com
CUST101140,Ahmed,Miller,1956-07-19,2018-10-14,east london,Civil Servant,33131.81,656.0,ahmed.miller129@outlook.com
CUST101141,David,Smith,1954-07-24,2018-05-22,Durban  ,Student,26038.89,786.0,david.smith383@webmail.co.za
CUST101142,Fatima,Dlamini,1950-11-07,2023-04-22,Nelspruit,Artisan,20966.8,644.0,fatima.dlamini408@webmail.co.za
CUST101143,Priya,Nkosi,1984-01-19,2015-04-19,Kimberley,,,741.0,priya.nkosi429@yahoo.com
CUST101144,David,Johnson,1982-05-03,2016-08-23,Nelspruit,Accountant,23853.98,601.0,david.johnson582@gmail.com
CUST101145,JESSICA,Silva,1984-08-28,2022-11-28,Durban,Manager,15554.3,660.0,jessica.silva426@gmail.com
CUST101146,Naledi,Dlamini,1992-03-03,2016-06-06,East London,Engineer,22927.7,566.0,naledi.dlamini59@webmail.co.za
CUST101147,Wei,Patel,1964-11-27,2015-07-24,Polokwane,Manager,44019.06,577.0,wei.patel278@webmail.co.za
CUST101148,AMARA,Williams,2001-01-08,2016-06-04,Bloemfontein,Sales Rep,14557.94,630.0,amara.williams759@webmail.co.za
CUST101149,PRIYA,Botha,1989-09-22,2022-12-31,Bloemfontein,Sales Rep,30502.57,530.0,priya.botha421@webmail.co.za
CUST101150,Barbara,Smith,1994-02-01,2016-12-08,Port Elizabeth,Nurse,26023.22,664.0,barbara.smith782@yahoo.com
CUST101151,Thabo,Botha,1988-12-23,2016-10-09,Pretoria,Entrepreneur,17043.33,623.0,thabo.botha417@gmail.com
CUST101152,Susan,Chen,1966-11-13,2017-01-09,Bloemfontein,Technician,22561.24,671.0,susan.chen201@gmail.com
CUST101153,Fatima,Davis,1962-04-07,2023-12-09,Kimberley,Sales Rep,10477.55,532.0,fatima.davis71@gmail.com
CUST101154,Elizabeth,Smith,1970-10-10,2017-04-27,Durban,Entrepreneur,28732.5,713.0,elizabeth.smith768@webmail.co.za
CUST101155,Sipho,Mokoena,1950-12-02,2015-05-30,Johannesburg,Technician,11862.77,803.0,sipho.mokoena88@outlook.com
CUST101156,Patricia,Johnson,1972-07-12,2025-06-28,Johannesburg,Civil Servant,51198.34,784.0,patricia.johnson749@outlook.com
CUST101157,PRIYA,Mokoena,1947-08-20,2025-02-23,Bloemfontein,Accountant,25458.8,821.0,priya.mokoena967@gmail.com
CUST101158,RICHARD,Silva,1945-03-29,2017-02-20,Durban,Entrepreneur,19089.85,654.0,richard.silva523@outlook.com
CUST101159,David,Garcia,2001-10-26,2018-01-27,Port Elizabeth,,53978.2,618.0,david.garcia239@webmail.co.za
CUST101160,Sipho,Garcia,1987-01-18,2017-08-03,Kimberley,Retired,14485.32,694.0,sipho.garcia91@yahoo.com
CUST101161,Jessica,Jones,1979-04-10,2023-02-05,Johannesburg,Civil Servant,17178.09,629.0,jessica.jones978@webmail.co.za
CUST101162,Priya,Jones,1965-10-22,2017-11-23,Cape Town,Retired,8977.28,493.0,priya.jones261@outlook.com
CUST101163,Naledi,Williams,1979-10-21,2025-10-15,Durban  ,Artisan,59024.26,724.0,naledi.williams203@yahoo.com
CUST101164,Thabo,Garcia,1999-05-21,2024-01-08,Port Elizabeth,Retired,,629.0,thabo.garcia444@webmail.co.za
CUST101165,Patricia,Chen,1984-10-17,2021-10-24,East London,,9856.08,518.0,patricia.chen262@yahoo.com
CUST101166,JAMES,Miller,1981-10-01,2015-07-02,Cape Town,Artisan,16490.45,604.0,james.miller670@gmail.com
CUST101167,Richard,Silva,1973-01-26,2025-03-26,Cape Town,Student,28054.05,631.0,richard.silva143@gmail.com
CUST101168,Sofia,Van der Merwe,1966-02-01,2023-06-06,Johannesburg,Teacher,19743.58,651.0,sofia.van der merwe328@gmail.com
CUST101169,Fatima,Khan,1987-08-11,2024-02-15,Nelspruit,,26402.42,652.0,fatima.khan36@webmail.co.za
CUST101170,Kagiso,Dlamini,2004-11-02,2015-10-31,Johannesburg,Retired,25070.35,773.0,kagiso.dlamini541@gmail.com
CUST101171,Kagiso,Miller,1970-11-29,2023-03-17,East London,Nurse,34355.97,534.0,kagiso.miller255@webmail.co.za
CUST101172,Richard,Pretorius,1968-12-03,2024-04-26,Bloemfontein,Driver,15114.66,636.0,richard.pretorius801@outlook.com
CUST101173,Jennifer,Jones,1971-02-11,2026-01-29,Cape Town,Accountant,30199.96,571.0,jennifer.jones218@outlook.com
CUST101174,James,Ndlovu,1970-12-16,2021-09-21,Bloemfontein  ,Driver,13771.05,763.0,james.ndlovu426@yahoo.com
CUST101175,David,Martinez,2005-06-05,2020-11-19,Durban  ,Civil Servant,21012.76,599.0,david.martinez576@gmail.com
CUST101176,David,Khan,1988-02-11,2019-05-12,Bloemfontein  ,Sales Rep,9489.58,619.0,david.khan463@yahoo.com
CUST101177,MICHAEL,Khumalo,1966-11-29,2023-02-14,Cape Town,Sales Rep,21105.12,744.0,michael.khumalo595@gmail.com
CUST101178,WILLIAM,Silva,1967-08-30,2025-08-31,East London,Retired,19079.27,769.0,william.silva62@yahoo.com
CUST101179,James,Pretorius,1971-04-12,2021-11-12,Polokwane,Manager,47389.1,783.0,james.pretorius982@webmail.co.za
CUST101180,Zanele,Rodriguez,1947-03-29,2017-08-19,johannesburg,Civil Servant,25963.42,502.0,zanele.rodriguez547@webmail.co.za
CUST101181,Fatima,Botha,1977-03-13,2015-03-16,Bloemfontein  ,Retired,28955.11,693.0,fatima.botha508@gmail.com
CUST101182,Amara,Brown,1994-06-29,2022-03-03,East London,Accountant,26543.2,674.0,amara.brown984@gmail.com
CUST101183,Joseph,Pretorius,1985-04-17,2025-05-01,johannesburg,Artisan,7499.07,645.0,joseph.pretorius639@outlook.com
CUST101184,Susan,Brown,1957-02-07,2015-07-10,Polokwane,Technician,8117.94,656.0,susan.brown657@outlook.com
CUST101185,Elizabeth,Van der Merwe,1989-05-29,2019-09-08,,Manager,22221.01,766.0,elizabeth.van der merwe178@webmail.co.za
CUST101186,John,Rodriguez,1988-11-19,2025-11-20,Pretoria,Civil Servant,31797.28,743.0,john.rodriguez93@webmail.co.za
CUST101187,Zanele,Nkosi,1961-01-06,2020-10-23,Port Elizabeth,Manager,23367.02,731.0,zanele.nkosi184@webmail.co.za
CUST101188,Sipho,Williams,1982-12-30,2017-07-22,East London,Teacher,16019.54,669.0,sipho.williams326@gmail.com
CUST101189,James,Ndlovu,1982-04-08,2019-04-02,East London,Sales Rep,23290.76,854.0,james.ndlovu865@outlook.com
CUST101190,Susan,Botha,1996-03-23,2019-09-23,Polokwane,Technician,22109.19,614.0,susan.botha171@gmail.com
CUST101191,William,Johnson,1953-04-20,2016-11-05,Johannesburg,Teacher,42933.25,505.0,william.johnson38@webmail.co.za
CUST101192,Jennifer,Garcia,1956-11-19,2022-08-27,polokwane,Retired,41515.08,626.0,jennifer.garcia892@gmail.com
CUST101193,Amara,Johnson,1974-08-23,2021-09-11,Johannesburg  ,Accountant,19301.75,655.0,amara.johnson451@webmail.co.za
CUST101194,Thabo,Davis,1947-09-11,2022-02-07,East London,Teacher,26109.26,767.0,thabo.davis442@outlook.com
CUST101195,Kagiso,Rodriguez,1970-05-09,2022-01-27,pretoria  ,Consultant,31752.27,604.0,kagiso.rodriguez753@webmail.co.za
CUST101196,Amara,Mokoena,1993-01-29,2015-12-03,Johannesburg,Nurse,34710.12,694.0,amara.mokoena714@yahoo.com
CUST101197,SOFIA,Garcia,1954-01-27,2017-07-01,East London,Retired,72515.74,517.0,sofia.garcia393@webmail.co.za
CUST101198,Mei,Brown,1973-01-21,2016-01-12,Bloemfontein,Teacher,26452.64,747.0,mei.brown108@webmail.co.za
CUST101199,ZANELE,Brown,2005-05-17,2016-02-19,East London,Sales Rep,54243.96,656.0,zanele.brown33@webmail.co.za
CUST101200,Ahmed,Pretorius,1975-11-11,2023-09-07,Pretoria,Engineer,13412.6,625.0,ahmed.pretorius605@yahoo.com
CUST101201,Jessica,Pretorius,1975-05-26,2016-05-23,Durban,Manager,18350.2,842.0,jessica.pretorius303@webmail.co.za
CUST101202,Sofia,Jones,1979-02-01,2022-09-27,East London,Civil Servant,7468.92,746.0,sofia.jones635@webmail.co.za
CUST101203,Wei,Jones,1956-05-06,2017-01-24,durban,Artisan,29459.86,556.0,wei.jones922@gmail.com
CUST101204,Kagiso,Johnson,1953-12-23,2016-05-15,Nelspruit,Consultant,39676.5,640.0,kagiso.johnson44@webmail.co.za
CUST101205,AHMED,Nkosi,1986-04-26,2016-11-18,East London,Nurse,5806.71,896.0,ahmed.nkosi163@gmail.com
CUST101206,Thabo,Patel,1969-02-21,2020-11-20,Kimberley,Driver,30120.82,828.0,thabo.patel275@webmail.co.za
CUST101207,CHIDI,Khan,1962-09-07,2022-06-23,Johannesburg,Manager,38658.66,733.0,chidi.khan63@yahoo.com
CUST101208,Elizabeth,Miller,1946-12-01,2024-05-27,Bloemfontein,Consultant,37359.5,484.0,elizabeth.miller106@outlook.com
CUST101209,Carlos,Chen,1996-08-10,2016-06-27,Bloemfontein,Accountant,,770.0,carlos.chen761@gmail.com
CUST101210,Zanele,Johnson,1946-12-22,2022-02-19,Nelspruit,,42781.97,593.0,zanele.johnson274@yahoo.com
CUST101211,Mei,Chen,1990-09-30,2023-12-18,Port Elizabeth,Artisan,27053.8,769.0,mei.chen457@gmail.com
CUST101212,Joseph,Khumalo,1968-04-20,2018-08-14,kimberley,Driver,38354.32,,joseph.khumalo466@outlook.com
CUST101213,Priya,Davis,1981-07-09,2015-04-12,Durban,Teacher,24946.41,694.0,priya.davis221@gmail.com
CUST101214,ROBERT,Patel,1960-02-10,2016-10-21,Nelspruit,Consultant,33813.74,592.0,robert.patel386@yahoo.com
CUST101215,Patricia,Chen,1954-06-25,2016-01-23,Bloemfontein  ,Sales Rep,52341.32,617.0,patricia.chen285@gmail.com
CUST101216,Thabo,Martinez,1977-07-15,2025-10-04,Kimberley,Student,23803.47,706.0,thabo.martinez86@outlook.com
CUST101217,Chidi,Jones,1987-06-07,2019-05-13,Durban  ,Consultant,31903.24,531.0,chidi.jones132@yahoo.com
CUST101218,Mei,Smith,1956-12-04,2021-01-22,Durban,Artisan,,864.0,mei.smith761@webmail.co.za
CUST101219,Joseph,Pretorius,1971-08-14,2023-11-26,Bloemfontein,Entrepreneur,24836.31,558.0,joseph.pretorius25@gmail.com
CUST101220,Kagiso,Miller,1972-02-15,2019-04-21,Bloemfontein,Technician,13694.67,553.0,kagiso.miller471@yahoo.com
CUST101221,Naledi,Miller,1958-03-05,2022-08-07,Cape Town,Student,40361.27,,naledi.miller987@gmail.com
CUST101222,Carlos,Chen,1979-06-20,2015-11-21,East London,Manager,63635.49,766.0,carlos.chen27@webmail.co.za
CUST101223,Kagiso,Garcia,1953-11-26,2020-07-27,Port Elizabeth  ,,58294.91,621.0,kagiso.garcia958@gmail.com
CUST101224,Susan,Rodriguez,1976-02-04,2016-02-13,Cape Town,Sales Rep,41315.49,554.0,susan.rodriguez828@outlook.com
CUST101225,Sofia,Patel,1951-12-03,2017-11-16,Bloemfontein,Student,6591.3,567.0,sofia.patel416@yahoo.com
CUST101226,Patricia,Mokoena,1974-08-14,2018-05-25,East London,,18370.48,557.0,patricia.mokoena991@webmail.co.za
CUST101227,SOFIA,Chen,1964-01-04,2023-04-24,Johannesburg,Manager,18943.95,678.0,sofia.chen546@yahoo.com
CUST101228,John,Smith,1972-08-02,2022-10-22,Kimberley  ,Teacher,27637.28,644.0,
CUST101229,Elizabeth,Martinez,1971-06-17,2023-08-27,East London,Accountant,74084.3,688.0,elizabeth.martinez392@outlook.com
CUST101230,Raj,Ndlovu,2000-05-19,2015-09-19,Durban,Accountant,14068.24,683.0,raj.ndlovu510@outlook.com
CUST101231,Chidi,Mokoena,1974-11-20,2026-06-07,Polokwane,Engineer,103292.62,724.0,chidi.mokoena993@webmail.co.za
CUST101232,Sofia,Brown,1994-12-05,2015-08-19,Nelspruit  ,Consultant,21388.38,613.0,sofia.brown163@outlook.com
CUST101233,Chidi,Brown,1958-10-07,2024-07-24,Kimberley,Driver,16981.15,584.0,chidi.brown599@gmail.com
CUST101234,Kagiso,Khan,1966-06-24,2023-07-29,Polokwane,Teacher,44672.92,664.0,kagiso.khan111@outlook.com
CUST101235,BARBARA,Chen,1949-07-31,2021-08-11,,Nurse,46844.2,645.0,barbara.chen106@yahoo.com
CUST101236,James,Silva,1970-08-31,2020-01-31,Cape Town,Driver,39734.22,673.0,james.silva984@outlook.com
CUST101237,Patricia,Garcia,1985-10-15,2023-08-10,Durban,Manager,16955.15,586.0,patricia.garcia838@webmail.co.za
CUST101238,Elizabeth,Nkosi,1996-02-16,2023-07-27,Nelspruit,,36359.72,708.0,elizabeth.nkosi477@yahoo.com
CUST101239,Mary,Miller,1979-07-10,2016-03-08,Pretoria,Student,14470.47,,mary.miller896@webmail.co.za
CUST101240,Thabo,Chen,1984-01-17,2024-06-03,Pretoria,Student,16674.78,610.0,thabo.chen396@outlook.com
CUST101241,Wei,Brown,1955-10-25,2015-11-29,Nelspruit,Student,25414.57,752.0,
CUST101242,CARLOS,Pretorius,1947-04-09,2020-10-18,Durban,Entrepreneur,16449.03,548.0,carlos.pretorius600@yahoo.com
CUST101243,Jessica,Davis,1993-04-17,2022-06-21,Port Elizabeth,Driver,50597.07,745.0,jessica.davis622@webmail.co.za
CUST101244,Ahmed,Silva,1955-03-11,2024-07-07,Durban,Teacher,19017.21,523.0,ahmed.silva629@yahoo.com
CUST101245,SOFIA,Davis,1950-07-25,2020-12-05,Pretoria,Technician,23569.91,507.0,sofia.davis252@yahoo.com
CUST101246,Priya,Silva,2002-03-10,2017-09-28,Bloemfontein,Engineer,15865.16,516.0,priya.silva964@webmail.co.za
CUST101247,Joseph,Martinez,2003-10-10,2020-06-09,Polokwane,Accountant,50139.57,661.0,joseph.martinez392@outlook.com
CUST101248,David,Johnson,1982-08-04,2017-11-24,Durban  ,Retired,18039.59,716.0,david.johnson764@webmail.co.za
CUST101249,Sofia,Jones,1968-02-05,2021-02-14,Johannesburg,Technician,53380.81,766.0,sofia.jones799@outlook.com
CUST101250,Linda,Patel,1995-10-29,2020-10-05,East London,Student,10215774.0,759.0,linda.patel567@gmail.com
CUST101251,SUSAN,Jones,1957-06-27,2024-01-15,Bloemfontein,Technician,20587.42,728.0,susan.jones430@gmail.com
CUST101252,Robert,Miller,1971-03-12,2017-12-10,east london  ,Consultant,27386.37,575.0,robert.miller698@gmail.com
CUST101253,Mei,Dlamini,1966-10-11,2017-04-25,Port Elizabeth,Driver,,574.0,mei.dlamini467@yahoo.com
CUST101254,Kagiso,Garcia,2000-09-03,2020-06-28,Polokwane,Accountant,37325.54,721.0,kagiso.garcia386@webmail.co.za
CUST101255,ROBERT,Williams,2001-02-07,2015-02-08,East London,Accountant,23940.27,778.0,robert.williams545@gmail.com
CUST101256,Linda,Mokoena,1984-09-14,2017-08-28,Polokwane  ,Retired,20941.99,557.0,linda.mokoena799@yahoo.com
CUST101257,Naledi,Patel,1951-10-04,2019-05-02,Polokwane,,27659.03,,naledi.patel157@webmail.co.za
CUST101258,Naledi,Khan,1974-05-31,2020-08-24,Port Elizabeth,Teacher,10411.54,477.0,naledi.khan393@webmail.co.za
CUST101259,Mei,Pretorius,1959-12-19,2018-02-13,Pretoria,Consultant,25706.29,685.0,mei.pretorius754@webmail.co.za
CUST101260,William,Williams,1998-12-24,2021-06-29,Bloemfontein,Technician,39726.24,641.0,william.williams940@webmail.co.za
CUST101261,Fatima,Martinez,1953-06-11,2025-04-03,east london,Consultant,29226.54,632.0,
CUST101262,Joseph,Garcia,1948-04-24,2021-04-18,Bloemfontein,Accountant,47619.32,653.0,joseph.garcia514@webmail.co.za
CUST101263,Raj,Botha,1987-12-20,2018-04-28,Bloemfontein,Engineer,21453.03,573.0,raj.botha331@outlook.com
CUST101264,Linda,Dlamini,1972-08-25,2015-09-20,Pretoria,Accountant,20423.18,690.0,linda.dlamini939@outlook.com
CUST101265,Mary,Williams,1996-02-20,2016-01-08,Cape Town,Nurse,13761.2,655.0,mary.williams388@outlook.com
CUST101266,MARY,Patel,1949-07-21,2021-01-07,Port Elizabeth  ,Engineer,21089.97,734.0,mary.patel671@gmail.com
CUST101267,Barbara,Smith,1993-11-12,2022-02-12,Nelspruit,Manager,87512.38,793.0,barbara.smith916@webmail.co.za
CUST101268,Carlos,Miller,1947-04-12,2015-07-30,Polokwane,Student,31739.78,661.0,carlos.miller532@yahoo.com
CUST101269,MARY,Patel,1946-09-18,2017-02-23,Polokwane,,18933.31,576.0,mary.patel852@gmail.com
CUST101270,Barbara,Dlamini,1973-02-20,2018-11-09,Polokwane,Artisan,14710.47,548.0,barbara.dlamini384@webmail.co.za
CUST101271,PATRICIA,Khan,1958-07-02,2018-09-14,Kimberley,Nurse,10310.12,803.0,patricia.khan196@gmail.com
CUST101272,Fatima,Khumalo,1981-03-20,2026-06-02,Durban,Manager,16346.41,791.0,fatima.khumalo615@webmail.co.za
CUST101273,Lerato,Van der Merwe,1946-07-30,2017-11-05,Polokwane,Driver,42425.98,730.0,lerato.van der merwe817@outlook.com
CUST101274,Wei,Khumalo,1947-02-28,2015-09-22,Johannesburg,Accountant,20822.32,655.0,wei.khumalo19@yahoo.com
CUST101275,Amara,Johnson,1989-05-10,2019-02-02,Durban,,15140.02,723.0,amara.johnson846@outlook.com
CUST101276,Lerato,Johnson,1957-10-27,2016-07-22,Johannesburg,Artisan,16172.86,767.0,lerato.johnson95@outlook.com
CUST101277,Wei,Silva,1985-01-15,2016-06-19,Port Elizabeth,Technician,39723.11,594.0,wei.silva232@outlook.com
CUST101278,James,Smith,1990-09-29,2019-09-20,Cape Town,Sales Rep,25622.91,653.0,james.smith446@gmail.com
CUST101279,Priya,Rodriguez,1948-08-14,2018-07-20,Pretoria,Driver,18465.83,550.0,priya.rodriguez204@outlook.com
CUST101280,CHIDI,Smith,1991-12-15,2016-01-24,Cape Town,Sales Rep,22358.61,638.0,chidi.smith767@gmail.com
CUST101281,Chidi,Miller,1961-05-17,2021-12-31,Johannesburg,Artisan,101066.08,789.0,chidi.miller947@outlook.com
CUST101282,Richard,Mokoena,1968-10-05,2020-10-23,Port Elizabeth,Civil Servant,55925.39,747.0,richard.mokoena545@gmail.com
CUST101283,Mei,Brown,1950-04-15,2015-11-23,Port Elizabeth,Technician,64937.15,662.0,mei.brown435@gmail.com
CUST101284,Richard,Ndlovu,1996-02-26,2024-12-28,Port Elizabeth,Nurse,9402.56,408.0,richard.ndlovu365@yahoo.com
CUST101285,Mary,Nkosi,1979-03-16,2018-04-19,Pretoria,,24571.4,591.0,mary.nkosi712@webmail.co.za
CUST101286,Fatima,Johnson,1975-10-14,2026-02-18,Port Elizabeth  ,Driver,18272.03,659.0,fatima.johnson173@outlook.com
CUST101287,Linda,Johnson,2004-01-30,2025-10-15,Johannesburg,Teacher,37283.42,631.0,linda.johnson669@webmail.co.za
CUST101288,Patricia,Garcia,1965-05-28,2020-11-01,Port Elizabeth,,50811.81,653.0,patricia.garcia775@webmail.co.za
CUST101289,Zanele,Van der Merwe,1999-05-03,2017-08-24,Nelspruit,Retired,32723.73,672.0,zanele.van der merwe788@yahoo.com
CUST101290,Linda,Rodriguez,1988-11-24,2024-01-09,Cape Town,Accountant,15938.9,602.0,linda.rodriguez686@outlook.com
CUST101291,PRIYA,Chen,2001-08-21,2019-09-03,Cape Town,Driver,18095.02,649.0,priya.chen753@yahoo.com
CUST101292,JOSEPH,Smith,2000-05-16,2016-11-22,Polokwane,Driver,39040.02,637.0,joseph.smith631@outlook.com
CUST101293,James,Khan,2005-06-14,2021-05-22,Bloemfontein,Entrepreneur,41441.74,,james.khan655@outlook.com
CUST101294,Carlos,Johnson,1953-01-12,2020-01-09,Durban,,29277.41,816.0,carlos.johnson889@yahoo.com
CUST101295,Thabo,Patel,1993-07-22,2024-04-11,Polokwane,Entrepreneur,29082.0,607.0,thabo.patel335@yahoo.com
CUST101296,William,Brown,1994-01-27,2023-12-06,pretoria,Accountant,27724.55,447.0,william.brown369@webmail.co.za
CUST101297,LERATO,Van der Merwe,1984-04-21,2025-02-23,East London,Entrepreneur,31617.24,810.0,lerato.van der merwe485@outlook.com
CUST101298,Thabo,Miller,1962-01-04,2023-05-07,Bloemfontein,Driver,41339.62,574.0,thabo.miller686@webmail.co.za
CUST101299,James,Jones,2003-11-15,2022-09-06,Cape Town,Civil Servant,39265.42,731.0,james.jones949@outlook.com
CUST101300,Wei,Davis,1957-06-21,2020-10-16,Polokwane  ,,27286.61,589.0,wei.davis33@outlook.com
CUST101301,Richard,Smith,1975-06-23,2026-09-06,East London,Student,26122.97,701.0,richard.smith881@yahoo.com
CUST101302,Amara,Brown,1976-10-23,2026-09-02,Durban,,25530.29,646.0,amara.brown236@webmail.co.za
CUST101303,Ahmed,Mokoena,1954-11-15,2024-10-30,Polokwane,Nurse,16844.87,740.0,ahmed.mokoena998@webmail.co.za
CUST101304,Zanele,Miller,1989-01-27,2023-12-24,East London,Artisan,16717.03,631.0,zanele.miller578@gmail.com
CUST101305,Lerato,Davis,1950-06-03,2021-09-09,Nelspruit,Engineer,,591.0,lerato.davis896@outlook.com
CUST101306,William,Silva,1987-04-12,2018-03-01,Nelspruit  ,Artisan,17540.69,673.0,william.silva57@yahoo.com
CUST101307,Linda,Williams,1996-10-06,2025-02-20,Pretoria,Manager,43842.56,616.0,linda.williams880@webmail.co.za
CUST101308,SUSAN,Rodriguez,1966-04-25,2015-02-15,Kimberley,,26087.05,476.0,susan.rodriguez403@webmail.co.za
CUST101309,Priya,Jones,1988-04-10,2017-08-20,Johannesburg,Technician,43991.74,,priya.jones126@outlook.com
CUST101310,Thabo,Ndlovu,1954-07-25,2019-04-09,Pretoria,Retired,39425.78,908.0,thabo.ndlovu630@webmail.co.za
CUST101311,BARBARA,Davis,1996-08-07,2021-10-15,East London,Driver,,486.0,barbara.davis611@webmail.co.za
CUST101312,Wei,Johnson,2003-01-27,2021-06-30,Bloemfontein,Teacher,20215.01,672.0,wei.johnson434@gmail.com
CUST101313,PRIYA,Johnson,1954-04-25,2017-01-13,Durban,Retired,34383.76,628.0,priya.johnson480@outlook.com
CUST101314,Ahmed,Van der Merwe,1987-03-15,2016-03-19,Cape Town,Accountant,41887.08,815.0,ahmed.van der merwe54@yahoo.com
CUST101315,ELIZABETH,Johnson,1975-11-09,2017-07-29,Polokwane  ,Student,10606.31,550.0,elizabeth.johnson820@webmail.co.za
CUST101316,Amara,Silva,1977-06-03,2019-01-15,Nelspruit,Sales Rep,74683.62,659.0,amara.silva25@outlook.com
CUST101317,SIPHO,Pretorius,1988-02-04,2015-01-03,East London,,104775.14,,sipho.pretorius54@yahoo.com
CUST101318,Joseph,Ndlovu,1974-10-24,2023-08-01,Bloemfontein  ,Manager,47494.68,634.0,joseph.ndlovu114@yahoo.com
CUST101319,Richard,Miller,1981-08-14,2017-11-13,polokwane  ,Sales Rep,43631.23,581.0,richard.miller393@yahoo.com
CUST101320,Patricia,Silva,1959-02-01,2019-01-26,Durban,Retired,38301.91,648.0,patricia.silva874@webmail.co.za
CUST101321,William,Nkosi,1968-02-02,2018-11-17,Kimberley,Retired,22157.69,622.0,william.nkosi361@yahoo.com
CUST101322,Naledi,Williams,1997-10-11,2020-05-12,Cape Town  ,Teacher,25182.33,622.0,naledi.williams497@yahoo.com
CUST101323,AHMED,Nkosi,1951-09-15,2024-12-15,Bloemfontein,Retired,47984.96,734.0,ahmed.nkosi805@gmail.com
CUST101324,Priya,Pretorius,1981-06-14,2016-09-23,Pretoria,Technician,15003.96,686.0,
CUST101325,Michael,Brown,1956-03-29,2018-12-12,Kimberley,,14236.58,700.0,michael.brown264@yahoo.com
CUST101326,Lerato,Johnson,1996-08-21,2023-06-01,Durban,Artisan,21196.74,680.0,lerato.johnson120@webmail.co.za
CUST101327,ROBERT,Patel,1980-04-27,2015-07-07,East London  ,,,736.0,robert.patel716@webmail.co.za
CUST101328,LERATO,Johnson,1969-08-02,2024-11-08,Cape Town,Manager,16001.51,767.0,lerato.johnson16@webmail.co.za
CUST101329,David,Mokoena,1960-03-28,2026-02-20,Cape Town  ,Driver,23499.87,624.0,david.mokoena26@yahoo.com
CUST101330,Joseph,Johnson,1971-08-25,2022-01-14,Port Elizabeth,Retired,25235.19,724.0,joseph.johnson634@outlook.com
CUST101331,Amara,Patel,2003-05-31,2026-01-29,Polokwane,Engineer,14660.01,533.0,amara.patel975@webmail.co.za
CUST101332,Susan,Garcia,1976-01-23,2019-10-14,Durban,Consultant,6223.82,447.0,susan.garcia213@outlook.com
CUST101333,Mei,Williams,1973-08-21,2019-10-22,east london,,,814.0,mei.williams356@webmail.co.za
CUST101334,Naledi,Johnson,1990-07-10,2016-03-25,bloemfontein,,31461.88,620.0,naledi.johnson198@yahoo.com
CUST101335,SOFIA,Jones,1968-02-14,2015-05-30,Kimberley,Student,36014.83,673.0,sofia.jones479@webmail.co.za
CUST101336,Kagiso,Dlamini,1971-01-27,2017-10-31,Pretoria,Technician,36192.88,,kagiso.dlamini898@gmail.com
CUST101337,Elizabeth,Johnson,1965-07-21,2020-07-15,Durban,Entrepreneur,38783.24,536.0,elizabeth.johnson559@outlook.com
CUST101338,WEI,Silva,1954-03-17,2020-11-17,Kimberley,Engineer,18474.8,586.0,wei.silva17@webmail.co.za
CUST101339,Susan,Mokoena,1988-07-16,2017-09-07,Pretoria,Retired,16246.53,708.0,susan.mokoena767@gmail.com
CUST101340,Naledi,Miller,1998-04-03,2022-05-02,Durban,Nurse,33692.64,604.0,naledi.miller667@yahoo.com
CUST101341,John,Nkosi,2000-03-28,2017-05-02,Nelspruit,Retired,23693.36,620.0,john.nkosi600@webmail.co.za
CUST101342,Patricia,Chen,1998-09-23,2018-11-10,Nelspruit  ,Manager,46362.54,583.0,patricia.chen145@gmail.com
CUST101343,Sipho,Chen,1972-07-23,2017-07-04,Johannesburg,Retired,33820.56,755.0,sipho.chen316@yahoo.com
CUST101344,Jennifer,Brown,1962-04-30,2023-01-25,Nelspruit,Artisan,58121.58,728.0,jennifer.brown289@outlook.com
CUST101345,Sofia,Patel,1983-11-30,2020-12-25,East London,Civil Servant,20346.79,606.0,sofia.patel687@yahoo.com
CUST101346,Priya,Khumalo,2003-03-27,2023-11-07,Durban,Retired,51047.94,712.0,priya.khumalo605@gmail.com
CUST101347,Amara,Nkosi,1989-05-07,2015-08-31,Bloemfontein,Civil Servant,91199.58,628.0,amara.nkosi183@gmail.com
CUST101348,Chidi,Ndlovu,1975-03-09,2019-05-12,Durban,Nurse,,620.0,
CUST101349,ZANELE,Chen,1987-01-06,2026-03-14,Cape Town,Manager,36300.4,646.0,zanele.chen508@webmail.co.za
CUST101350,Mary,Davis,1992-02-15,2015-08-15,Cape Town,Sales Rep,15393.23,708.0,mary.davis163@webmail.co.za
CUST101351,Richard,Smith,2001-01-27,2019-05-11,Cape Town,Engineer,46001.71,570.0,richard.smith552@outlook.com
CUST101352,Jessica,Williams,1991-07-22,2015-06-20,bloemfontein,Engineer,52967.56,,jessica.williams247@gmail.com
CUST101353,Fatima,Botha,1971-06-05,2016-12-09,Nelspruit  ,Engineer,19996.81,875.0,fatima.botha455@gmail.com
CUST101354,Linda,Khan,1961-09-09,2020-10-05,Port Elizabeth,Retired,,666.0,linda.khan175@gmail.com
CUST101355,Jessica,Rodriguez,1975-06-29,2016-10-28,Johannesburg,Sales Rep,31833.79,653.0,jessica.rodriguez679@yahoo.com
CUST101356,Barbara,Patel,1965-01-07,2021-03-01,Port Elizabeth,Retired,34012.08,642.0,barbara.patel873@gmail.com
CUST101357,John,Smith,2002-07-04,2025-08-09,Polokwane,Entrepreneur,43792.24,693.0,john.smith931@yahoo.com
CUST101358,PATRICIA,Smith,1975-12-26,2017-04-27,Nelspruit,Engineer,36729.65,505.0,patricia.smith533@outlook.com
CUST101359,Barbara,Dlamini,1973-10-17,2016-03-29,Polokwane  ,Entrepreneur,24750.66,803.0,barbara.dlamini491@gmail.com
CUST101360,Robert,Mokoena,1966-03-29,2024-07-22,Pretoria,Accountant,44354.87,738.0,robert.mokoena241@outlook.com
CUST101361,ROBERT,Pretorius,1984-01-02,2020-04-30,East London,Sales Rep,52423.68,592.0,robert.pretorius70@outlook.com
CUST101362,BARBARA,Khan,1976-09-21,2025-03-22,Johannesburg,,19292.72,653.0,barbara.khan674@webmail.co.za
CUST101363,Michael,Garcia,1952-11-15,2018-07-18,Port Elizabeth,Driver,26874.16,,michael.garcia316@outlook.com
CUST101364,Naledi,Silva,1998-01-08,2022-08-04,Bloemfontein,,9309.44,677.0,naledi.silva33@webmail.co.za
CUST101365,James,Ndlovu,1966-11-25,2025-10-09,Johannesburg,Technician,38183.5,656.0,james.ndlovu210@yahoo.com
CUST101366,ELIZABETH,Van der Merwe,1971-05-22,2016-12-27,Johannesburg,Engineer,56042.78,671.0,elizabeth.van der merwe64@webmail.co.za
CUST101367,JOSEPH,Brown,1957-07-19,2024-10-04,Nelspruit  ,Entrepreneur,23054.65,,joseph.brown148@gmail.com
CUST101368,Carlos,Smith,1978-10-04,2022-04-25,Durban,Engineer,29145.67,607.0,carlos.smith329@yahoo.com
CUST101369,Kagiso,Johnson,1987-10-29,2024-05-31,Cape Town,Artisan,23573.6,753.0,kagiso.johnson943@outlook.com
CUST101370,Ahmed,Nkosi,1998-10-01,2016-12-23,Bloemfontein,Sales Rep,21368.27,602.0,ahmed.nkosi400@webmail.co.za
CUST101371,David,Johnson,1948-02-24,2020-11-01,Durban,Nurse,30924.46,412.0,david.johnson769@yahoo.com
CUST101372,Joseph,Pretorius,2004-05-15,2016-06-28,Kimberley,Technician,16805.38,636.0,joseph.pretorius767@webmail.co.za
CUST101373,Susan,Patel,1987-12-07,2026-02-13,Kimberley,Manager,23361.25,867.0,susan.patel702@outlook.com
CUST101374,Ahmed,Brown,1962-05-05,2015-09-23,Nelspruit,Teacher,15635.03,726.0,ahmed.brown376@gmail.com
CUST101375,Carlos,Botha,1957-06-22,2015-04-10,Pretoria,Consultant,38309.22,597.0,carlos.botha536@yahoo.com
CUST101376,Carlos,Brown,1963-01-23,2025-05-27,Nelspruit,Engineer,31055.86,645.0,carlos.brown59@gmail.com
CUST101377,WEI,Brown,1998-06-02,2018-06-26,Durban  ,Consultant,20769.84,711.0,wei.brown533@outlook.com
CUST101378,Thabo,Khumalo,1962-10-10,2021-11-30,durban,Accountant,27508.42,492.0,thabo.khumalo338@webmail.co.za
CUST101379,Naledi,Miller,1973-03-26,2018-01-05,kimberley,Entrepreneur,23566.11,573.0,naledi.miller177@gmail.com
CUST101380,Sofia,Miller,1988-01-19,2022-07-07,East London,,53441.19,686.0,sofia.miller781@webmail.co.za
CUST101381,Elizabeth,Jones,1998-03-11,2017-03-25,Johannesburg,Civil Servant,20648.39,794.0,elizabeth.jones190@webmail.co.za
CUST101382,Barbara,Mokoena,1985-03-04,2020-04-25,Nelspruit,,39380.54,610.0,barbara.mokoena580@gmail.com
CUST101383,Ahmed,Smith,1990-12-09,2021-06-03,Cape Town,Teacher,17621.51,791.0,ahmed.smith300@outlook.com
CUST101384,Richard,Garcia,1955-07-29,2018-12-11,East London,Technician,43850.57,582.0,richard.garcia363@webmail.co.za
CUST101385,Linda,Khumalo,1998-07-09,2017-11-30,Port Elizabeth,Accountant,50130.42,345.0,linda.khumalo605@gmail.com
CUST101386,Naledi,Ndlovu,1961-10-26,2016-08-16,Johannesburg,,51570.43,717.0,naledi.ndlovu946@outlook.com
CUST101387,DAVID,Patel,1952-10-31,2023-06-03,Polokwane,Manager,65030.4,699.0,david.patel667@gmail.com
CUST101388,Ahmed,Jones,2004-07-19,2016-12-12,east london  ,,32063.29,716.0,ahmed.jones843@gmail.com
CUST101389,Fatima,Chen,1957-04-20,2018-05-20,Nelspruit,Driver,56543.64,713.0,fatima.chen509@yahoo.com
CUST101390,Elizabeth,Khan,1953-05-03,2018-11-26,East London,Teacher,71289.76,667.0,elizabeth.khan697@gmail.com
CUST101391,Thabo,Rodriguez,1983-03-10,2020-05-04,Polokwane,Sales Rep,13722.18,627.0,thabo.rodriguez874@webmail.co.za
CUST101392,Sofia,Garcia,1964-06-13,2023-02-19,Kimberley,Nurse,18733.28,630.0,sofia.garcia260@yahoo.com
CUST101393,Chidi,Khumalo,1953-02-18,2019-12-16,Kimberley,Engineer,10966.27,609.0,chidi.khumalo686@gmail.com
CUST101394,MICHAEL,Khumalo,1981-09-01,2025-01-02,Bloemfontein,Sales Rep,50852.6,614.0,
CUST101395,SIPHO,Williams,1991-04-19,2022-11-15,Johannesburg,Engineer,10882.17,487.0,sipho.williams879@yahoo.com
CUST101396,Zanele,Khumalo,1993-05-20,2024-09-16,Pretoria,,9247.37,541.0,zanele.khumalo555@yahoo.com
CUST101397,Kagiso,Brown,1954-06-27,2023-04-19,East London,Entrepreneur,13926.72,635.0,kagiso.brown201@yahoo.com
CUST101398,James,Khumalo,1978-12-20,2016-09-20,Cape Town,Civil Servant,9480.69,448.0,james.khumalo108@outlook.com
CUST101399,Elizabeth,Pretorius,1994-08-19,2026-04-29,Cape Town,Teacher,31675.37,,elizabeth.pretorius246@gmail.com
CUST101400,Priya,Dlamini,1954-10-29,2024-10-02,Pretoria,,14034.51,620.0,priya.dlamini637@gmail.com
CUST101401,Linda,Khan,1957-09-01,2021-08-19,Kimberley,Entrepreneur,9757.88,638.0,linda.khan955@outlook.com
CUST101402,Elizabeth,Miller,1945-02-23,2016-11-29,Pretoria  ,Consultant,26235.69,622.0,elizabeth.miller412@gmail.com
CUST101403,David,Pretorius,1977-01-01,2016-12-31,kimberley,Driver,27180.83,436.0,david.pretorius140@outlook.com
CUST101404,Jennifer,Silva,1956-11-16,2022-11-02,Nelspruit,Entrepreneur,8761.57,790.0,jennifer.silva441@webmail.co.za
CUST101405,John,Pretorius,1989-03-06,2019-10-27,Pretoria,Driver,,521.0,john.pretorius124@outlook.com
CUST101406,Barbara,Khan,2003-09-11,2022-10-29,Durban,,25724.95,576.0,barbara.khan517@gmail.com
CUST101407,Priya,Chen,1957-09-25,2019-04-25,Nelspruit,Teacher,21718.2,536.0,priya.chen76@outlook.com
CUST101408,James,Dlamini,1984-08-05,2020-09-12,Polokwane  ,Student,22077.41,767.0,james.dlamini57@yahoo.com
CUST101409,Elizabeth,Pretorius,1957-12-03,2017-06-03,east london,Engineer,54588.15,688.0,elizabeth.pretorius13@gmail.com
CUST101410,Mary,Van der Merwe,1946-02-06,2016-10-18,Kimberley,Civil Servant,97531.13,607.0,mary.van der merwe812@outlook.com
CUST101411,NALEDI,Martinez,1991-04-09,2015-11-16,cape town,Manager,22292.84,601.0,naledi.martinez331@gmail.com
CUST101412,William,Johnson,1971-06-23,2024-06-29,pretoria,Engineer,12171.73,666.0,william.johnson249@yahoo.com
CUST101413,Mei,Smith,2002-10-02,2021-07-06,East London  ,Entrepreneur,23370.97,538.0,mei.smith776@webmail.co.za
CUST101414,SIPHO,Garcia,1977-08-04,2025-12-20,Johannesburg,,30229.57,684.0,sipho.garcia444@gmail.com
CUST101415,Mei,Johnson,1954-08-10,2023-06-09,Kimberley,Civil Servant,26056.77,601.0,mei.johnson116@gmail.com
CUST101416,Kagiso,Jones,1972-06-08,2023-11-26,Bloemfontein,Technician,38809.28,697.0,kagiso.jones212@yahoo.com
CUST101417,Joseph,Williams,1957-05-18,2020-11-23,Pretoria,Engineer,101432.17,694.0,joseph.williams862@yahoo.com
CUST101418,Priya,Nkosi,1998-07-23,2024-11-06,Durban  ,,9625.08,597.0,priya.nkosi329@webmail.co.za
CUST101419,JESSICA,Williams,1987-02-22,2025-11-28,Johannesburg,Engineer,19845.89,465.0,jessica.williams76@webmail.co.za
CUST101420,Carlos,Mokoena,1965-10-25,2023-11-05,Bloemfontein,Engineer,67824.98,628.0,carlos.mokoena56@yahoo.com
CUST101421,Sofia,Davis,1977-03-13,2016-03-22,Kimberley,Nurse,19668.48,520.0,sofia.davis952@yahoo.com
CUST101422,Sipho,Brown,1985-11-02,2022-07-16,Johannesburg,Consultant,43204.33,657.0,sipho.brown747@yahoo.com
CUST101423,Lerato,Patel,1992-10-02,2016-05-24,Port Elizabeth,Retired,39282.74,627.0,lerato.patel851@yahoo.com
CUST101424,WILLIAM,Nkosi,1949-11-21,2015-11-23,East London,Consultant,56507.46,597.0,william.nkosi227@gmail.com
CUST101425,RAJ,Silva,1946-05-17,2023-09-01,Port Elizabeth,Accountant,84796.02,533.0,raj.silva306@webmail.co.za
CUST101426,Lerato,Nkosi,1951-12-25,2024-01-09,East London,Artisan,32854.49,757.0,lerato.nkosi64@gmail.com
CUST101427,Ahmed,Khumalo,1969-02-04,2016-02-11,Polokwane,Accountant,9438.03,609.0,ahmed.khumalo347@webmail.co.za
CUST101428,William,Chen,1973-06-20,2015-10-11,Kimberley,Sales Rep,17672.33,862.0,william.chen596@gmail.com
CUST101429,MEI,Brown,1953-04-29,2025-07-04,East London,Civil Servant,99870.71,653.0,mei.brown37@gmail.com
CUST101430,Jessica,Van der Merwe,1970-01-30,2016-07-13,Polokwane  ,,11515.87,682.0,jessica.van der merwe331@yahoo.com
CUST101431,JENNIFER,Khan,1971-12-09,2015-05-29,pretoria  ,Civil Servant,36245.99,654.0,jennifer.khan117@yahoo.com
CUST101432,Jennifer,Garcia,1951-08-28,2023-09-05,cape town,Driver,5950.88,681.0,jennifer.garcia591@webmail.co.za
CUST101433,Naledi,Davis,2000-11-30,2024-10-25,Johannesburg,Student,11959.29,748.0,naledi.davis994@webmail.co.za
CUST101434,David,Mokoena,1981-07-19,2020-12-16,Cape Town,Accountant,45805.63,749.0,david.mokoena984@outlook.com
CUST101435,Patricia,Smith,1968-09-13,2021-02-04,Nelspruit,Nurse,27489.97,491.0,patricia.smith846@yahoo.com
CUST101436,SUSAN,Silva,1975-12-03,2018-11-25,Johannesburg,Sales Rep,21464.05,727.0,susan.silva44@gmail.com
CUST101437,Kagiso,Miller,1964-03-02,2017-05-10,Port Elizabeth,Manager,16504.47,695.0,kagiso.miller869@outlook.com
CUST101438,David,Johnson,1997-02-10,2023-09-30,East London,Technician,8119.91,653.0,david.johnson309@webmail.co.za
CUST101439,Carlos,Davis,1980-01-28,2024-01-11,East London,Accountant,40783.93,804.0,carlos.davis454@gmail.com
CUST101440,Wei,Van der Merwe,1975-03-10,2018-09-20,Johannesburg,,22699.8,808.0,wei.van der merwe653@gmail.com
CUST101441,Thabo,Miller,2000-07-24,2018-04-03,Nelspruit,Student,10795.46,731.0,thabo.miller131@yahoo.com
CUST101442,Fatima,Dlamini,1996-02-12,2018-06-02,Port Elizabeth,Entrepreneur,27394.94,601.0,fatima.dlamini70@yahoo.com
CUST101443,Susan,Silva,1994-07-31,2015-03-08,johannesburg,Retired,38129.7,543.0,susan.silva752@webmail.co.za
CUST101444,John,Smith,1958-10-06,2018-03-04,Cape Town,Student,23851.34,718.0,john.smith56@gmail.com
CUST101445,MARY,Khan,1954-05-05,2015-04-19,Nelspruit,Nurse,28842.22,772.0,mary.khan992@outlook.com
CUST101446,Carlos,Miller,1987-02-04,2024-02-17,Kimberley,Consultant,27525.72,467.0,carlos.miller918@webmail.co.za
CUST101447,Carlos,Patel,1973-08-02,2017-12-18,Polokwane,Civil Servant,17604.73,748.0,carlos.patel430@outlook.com
CUST101448,Chidi,Jones,1986-09-15,2022-12-29,Pretoria,,27793.45,627.0,chidi.jones955@gmail.com
CUST101449,Patricia,Brown,1991-05-26,2021-04-16,Kimberley,Sales Rep,41820.01,487.0,patricia.brown894@webmail.co.za
CUST101450,Elizabeth,Silva,1963-01-06,2024-12-09,Durban,Nurse,50050.42,692.0,elizabeth.silva141@outlook.com
CUST101451,Mary,Silva,1962-05-13,2026-02-14,Durban,Retired,43236.38,732.0,mary.silva33@gmail.com
CUST101452,Mary,Nkosi,1974-12-10,2019-03-04,Polokwane,Civil Servant,17942.75,618.0,mary.nkosi367@webmail.co.za
CUST101453,Linda,Chen,1961-09-08,2016-09-01,Pretoria,Engineer,39408.13,555.0,linda.chen427@gmail.com
CUST101454,Sipho,Ndlovu,1985-09-14,2023-07-09,Bloemfontein,Entrepreneur,35570.78,804.0,sipho.ndlovu657@yahoo.com
CUST101455,Robert,Jones,1990-07-20,2015-01-04,East London,Manager,17573.98,590.0,robert.jones120@outlook.com
CUST101456,SOFIA,Miller,1973-10-17,2017-01-08,Cape Town,,20361.73,754.0,sofia.miller309@webmail.co.za
CUST101457,Joseph,Chen,1989-02-24,2015-08-14,Kimberley,Engineer,40449.75,514.0,joseph.chen351@outlook.com
CUST101458,William,Davis,1976-02-20,2025-05-27,Cape Town,Nurse,61460.19,,william.davis282@gmail.com
CUST101459,Thabo,Ndlovu,1988-06-26,2015-01-23,Kimberley,Student,9072.44,685.0,thabo.ndlovu75@outlook.com
CUST101460,Mei,Brown,1958-09-22,2020-09-15,Durban,Retired,71972.31,729.0,mei.brown720@webmail.co.za
CUST101461,David,Martinez,1990-01-25,2019-11-29,Port Elizabeth,Teacher,54094.93,784.0,david.martinez607@gmail.com
CUST101462,MARY,Garcia,1988-08-15,2022-07-24,Durban  ,Nurse,30317.22,577.0,mary.garcia412@outlook.com
CUST101463,Mary,Williams,1961-04-06,2018-10-05,Bloemfontein,,23285.13,697.0,mary.williams289@gmail.com
CUST101464,Priya,Williams,1978-11-30,2025-12-02,,Engineer,34004.91,527.0,priya.williams838@gmail.com
CUST101465,Patricia,Dlamini,1997-03-04,2023-04-07,Cape Town,Retired,18318.39,526.0,patricia.dlamini688@outlook.com
CUST101466,Kagiso,Rodriguez,1960-03-22,2020-03-01,Bloemfontein,Student,24182.46,598.0,kagiso.rodriguez744@gmail.com
CUST101467,Richard,Williams,1989-11-22,2019-02-23,East London,Retired,11103.15,687.0,richard.williams895@gmail.com
CUST101468,Wei,Dlamini,2003-03-11,2024-06-13,Kimberley,Technician,9462.45,801.0,wei.dlamini850@gmail.com
CUST101469,Mary,Brown,1997-11-03,2023-08-10,Nelspruit,,109030.61,817.0,mary.brown490@outlook.com
CUST101470,Ahmed,Smith,1969-06-29,2019-08-15,Kimberley,Consultant,27940.85,618.0,ahmed.smith263@gmail.com
CUST101471,Amara,Williams,1982-01-14,2018-12-15,Polokwane,Student,,677.0,amara.williams89@yahoo.com
CUST101472,Joseph,Martinez,2005-06-30,2015-06-14,Polokwane,Sales Rep,26411.65,735.0,joseph.martinez360@gmail.com
CUST101473,Michael,Pretorius,1979-09-04,2015-12-12,Pretoria,Artisan,16372.13,719.0,michael.pretorius457@yahoo.com
CUST101474,Sofia,Garcia,1952-01-07,2015-08-17,Kimberley,Artisan,22376.41,635.0,sofia.garcia590@yahoo.com
CUST101475,Elizabeth,Miller,1947-10-10,2015-04-14,Kimberley,Artisan,28416.16,,elizabeth.miller314@outlook.com
CUST101476,Jessica,Garcia,1993-03-17,2016-08-10,Bloemfontein,Civil Servant,,640.0,jessica.garcia784@outlook.com
CUST101477,Richard,Davis,1970-11-04,2024-04-12,cape town,Manager,17131.57,631.0,richard.davis379@outlook.com
CUST101478,Linda,Patel,1960-01-21,2024-03-30,johannesburg,Civil Servant,35871.32,619.0,linda.patel341@webmail.co.za
CUST101479,Susan,Davis,1966-03-17,2024-10-16,Port Elizabeth,Engineer,30122.23,639.0,susan.davis750@yahoo.com
CUST101480,John,Chen,1991-03-14,2022-03-23,East London,Technician,34055.43,613.0,john.chen615@gmail.com
CUST101481,James,Botha,1973-05-19,2022-03-24,Bloemfontein,Sales Rep,41069.74,548.0,james.botha384@webmail.co.za
CUST101482,Elizabeth,Pretorius,1997-12-23,2016-08-06,Nelspruit,Civil Servant,24286.74,728.0,elizabeth.pretorius665@yahoo.com
CUST101483,Patricia,Khumalo,1989-10-30,2023-04-02,Bloemfontein,Engineer,24310.59,696.0,patricia.khumalo711@webmail.co.za
CUST101484,Susan,Patel,2004-05-31,2018-03-30,East London,Accountant,65478.13,819.0,susan.patel863@gmail.com
CUST101485,Priya,Pretorius,1999-03-13,2021-05-01,Polokwane,Technician,15269.17,683.0,priya.pretorius513@webmail.co.za
CUST101486,Jennifer,Silva,1960-07-12,2026-01-21,Nelspruit,Entrepreneur,8741.36,612.0,jennifer.silva422@yahoo.com
CUST101487,James,Miller,1985-03-15,2025-01-30,East London,Sales Rep,37546.04,594.0,james.miller581@yahoo.com
CUST101488,Patricia,Williams,1946-04-03,2017-09-13,,Artisan,,654.0,patricia.williams429@outlook.com
CUST101489,Thabo,Williams,2005-06-15,2023-07-14,Johannesburg  ,Nurse,14095.2,700.0,thabo.williams422@gmail.com
CUST101490,WILLIAM,Botha,1960-12-02,2016-03-16,East London,,45758.96,628.0,william.botha17@gmail.com
CUST101491,Jessica,Khumalo,1985-07-20,2015-04-24,Cape Town,Retired,24664.96,518.0,jessica.khumalo536@gmail.com
CUST101492,JAMES,Miller,1996-10-18,2015-04-30,Pretoria,Engineer,12605.16,583.0,james.miller110@yahoo.com
CUST101493,David,Davis,1954-10-15,2016-12-21,Bloemfontein,Student,85902.45,652.0,
CUST101494,Susan,Miller,1996-09-19,2023-01-18,Johannesburg,Teacher,10235.2,717.0,susan.miller57@outlook.com
CUST101495,Susan,Silva,1945-09-30,2019-03-17,East London,Consultant,25539.79,516.0,susan.silva910@outlook.com
CUST101496,Naledi,Mokoena,1971-12-17,2015-09-03,Durban  ,Student,8659.69,674.0,naledi.mokoena172@webmail.co.za
CUST101497,Wei,Botha,1973-10-17,2026-11-06,Bloemfontein,,31646.88,670.0,wei.botha14@webmail.co.za
CUST101498,JOSEPH,Miller,1967-10-27,2021-06-03,Pretoria,Teacher,18312.42,609.0,joseph.miller797@yahoo.com
CUST101499,Raj,Ndlovu,1980-10-08,2019-07-25,Pretoria,,43983.28,597.0,raj.ndlovu463@outlook.com
CUST101500,Thabo,Williams,2000-10-20,2021-03-01,Pretoria,Student,26624.0,584.0,thabo.williams198@webmail.co.za
CUST101501,WILLIAM,Nkosi,1964-12-11,2021-08-01,Johannesburg,Accountant,60497.94,663.0,william.nkosi304@gmail.com
CUST101502,Linda,Dlamini,1980-05-02,2020-12-06,cape town,Student,20788.84,751.0,linda.dlamini681@outlook.com
CUST101503,David,Khumalo,1998-07-10,2022-05-02,Polokwane,Nurse,10272.99,758.0,david.khumalo565@webmail.co.za
CUST101504,Zanele,Martinez,1992-02-25,2025-04-04,cape town,Nurse,31023.79,-1.0,zanele.martinez533@gmail.com
CUST101505,Linda,Garcia,1947-06-27,2018-06-30,Port Elizabeth  ,Consultant,23120.28,633.0,linda.garcia201@webmail.co.za
CUST101506,Fatima,Pretorius,2002-07-05,2020-08-21,Cape Town,Student,9031.23,453.0,fatima.pretorius585@gmail.com
CUST101507,JESSICA,Ndlovu,1947-11-06,2015-01-16,Bloemfontein,Accountant,14282.24,660.0,jessica.ndlovu20@gmail.com
CUST101508,Priya,Chen,1980-11-29,2024-12-16,East London,Civil Servant,,704.0,priya.chen505@yahoo.com
CUST101509,Lerato,Smith,1980-02-05,2018-07-17,Port Elizabeth  ,Civil Servant,68406.97,791.0,lerato.smith730@webmail.co.za
CUST101510,David,Miller,1992-12-19,2018-02-21,Polokwane  ,Teacher,41128.95,489.0,david.miller148@yahoo.com
CUST101511,Linda,Silva,1954-01-21,2026-07-21,Durban,Driver,21836.95,552.0,linda.silva36@gmail.com
CUST101512,Chidi,Johnson,1955-12-11,2021-07-10,,Consultant,,663.0,chidi.johnson751@yahoo.com
CUST101513,David,Williams,1990-11-17,2016-04-06,Durban,Technician,7913.49,504.0,david.williams880@gmail.com
CUST101514,Linda,Silva,1954-02-13,2018-01-28,Bloemfontein,Accountant,19169.13,665.0,linda.silva321@webmail.co.za
CUST101515,Fatima,Miller,1973-08-20,2019-03-02,Johannesburg,Technician,34221.08,706.0,fatima.miller281@yahoo.com
CUST101516,Jessica,Miller,1989-08-18,2026-03-06,Durban,,29709.61,535.0,jessica.miller123@gmail.com
CUST101517,Mary,Khumalo,1984-09-22,2019-12-27,Polokwane,Driver,19465.25,662.0,mary.khumalo860@gmail.com
CUST101518,JESSICA,Jones,1957-11-06,2017-08-31,Polokwane,Accountant,26291.87,541.0,jessica.jones102@yahoo.com
CUST101519,Joseph,Smith,1963-07-17,2021-06-08,Durban,Retired,32953.91,,joseph.smith419@yahoo.com
CUST101520,Priya,Smith,2004-02-08,2019-09-09,Durban,Consultant,26752.57,,
CUST101521,AMARA,Johnson,1972-05-14,2015-08-21,Durban,Student,45098.41,592.0,amara.johnson292@gmail.com
CUST101522,Michael,Brown,1947-09-18,2024-12-20,Durban,Artisan,32572.42,539.0,michael.brown124@gmail.com
CUST101523,John,Patel,1958-05-25,2015-08-03,Kimberley,Retired,36561.25,685.0,john.patel29@gmail.com
CUST101524,Zanele,Miller,1965-11-21,2025-05-28,East London,Student,,772.0,zanele.miller418@webmail.co.za
CUST101525,MARY,Johnson,2005-12-19,2024-03-03,pretoria,Artisan,44201.05,581.0,mary.johnson818@yahoo.com
CUST101526,David,Smith,1963-06-19,2015-11-17,Port Elizabeth,Sales Rep,76463.98,,david.smith289@webmail.co.za
CUST101527,John,Ndlovu,1946-08-12,2023-05-19,Bloemfontein,Sales Rep,17977.05,582.0,john.ndlovu636@webmail.co.za
CUST101528,James,Van der Merwe,1976-04-15,2023-06-12,Bloemfontein,Accountant,10348.03,790.0,james.van der merwe170@gmail.com
CUST101529,Fatima,Davis,1950-02-06,2021-12-22,Pretoria,Sales Rep,24731.46,478.0,fatima.davis544@yahoo.com
CUST101530,Robert,Johnson,1961-09-19,2021-09-09,Kimberley,Artisan,23497.33,766.0,robert.johnson258@outlook.com
CUST101531,James,Garcia,2005-07-14,2015-07-30,Durban,Student,64579.25,616.0,james.garcia159@yahoo.com
CUST101532,Fatima,Ndlovu,1987-12-25,2015-09-09,Port Elizabeth,Retired,13656.53,644.0,
CUST101533,Michael,Jones,1948-02-03,2023-04-06,Johannesburg,Manager,25659.59,619.0,michael.jones231@webmail.co.za
CUST101534,Raj,Nkosi,1972-05-15,2016-03-22,Port Elizabeth,Student,34307.1,672.0,
CUST101535,Mary,Khan,1955-06-21,2017-10-20,Nelspruit,Sales Rep,28568.54,584.0,mary.khan670@outlook.com
CUST101536,John,Davis,1952-07-02,2020-11-10,Kimberley,Manager,24272.09,745.0,john.davis69@gmail.com
CUST101537,Patricia,Pretorius,1980-10-23,2016-11-25,Port Elizabeth,Nurse,33360.94,749.0,patricia.pretorius902@gmail.com
CUST101538,Amara,Davis,1975-11-05,2024-02-24,Cape Town,Accountant,51403.35,561.0,amara.davis87@webmail.co.za
CUST101539,Zanele,Brown,1990-04-25,2024-08-05,Polokwane,Student,67605.68,710.0,zanele.brown322@outlook.com
CUST101540,Jessica,Pretorius,1999-06-06,2024-02-10,East London,Accountant,27438.0,618.0,jessica.pretorius959@gmail.com
CUST101541,Linda,Nkosi,1960-01-18,2015-07-29,Kimberley,Teacher,16489.72,655.0,linda.nkosi192@webmail.co.za
CUST101542,Robert,Miller,2001-04-20,2019-12-15,Bloemfontein,Driver,67556.56,787.0,robert.miller336@gmail.com
CUST101543,Sipho,Mokoena,1976-08-06,2024-10-22,Johannesburg,,14092.81,589.0,sipho.mokoena462@webmail.co.za
CUST101544,Linda,Brown,1960-10-15,2019-03-17,Kimberley,Nurse,78774.71,733.0,linda.brown988@yahoo.com
CUST101545,Sipho,Chen,1996-08-04,2023-01-22,East London,Nurse,60263.46,691.0,sipho.chen788@yahoo.com
CUST101546,LERATO,Patel,1947-03-03,2021-10-28,Nelspruit,Sales Rep,65751.6,633.0,lerato.patel671@outlook.com
CUST101547,Priya,Patel,1979-02-17,2019-08-01,Cape Town,Manager,40588.28,683.0,priya.patel811@webmail.co.za
CUST101548,Jessica,Khumalo,1989-01-07,2018-03-15,Port Elizabeth,Civil Servant,7574.22,672.0,jessica.khumalo826@gmail.com
CUST101549,JAMES,Patel,1962-01-29,2022-07-24,Port Elizabeth,Accountant,14422.25,546.0,james.patel795@outlook.com
CUST101550,William,Khumalo,1997-09-02,2016-07-19,Durban,Sales Rep,32342.35,595.0,william.khumalo972@yahoo.com
CUST101551,Priya,Van der Merwe,1959-08-29,2024-12-17,Nelspruit,Driver,17936.84,,priya.van der merwe427@webmail.co.za
CUST101552,Naledi,Brown,1996-03-25,2021-04-09,Cape Town,Accountant,22266.35,625.0,naledi.brown74@webmail.co.za
CUST101553,Zanele,Ndlovu,1949-10-16,2016-04-16,Johannesburg,Driver,38858.61,771.0,zanele.ndlovu276@outlook.com
CUST101554,Joseph,Martinez,1954-10-04,2023-02-23,Durban,Accountant,24294.75,702.0,joseph.martinez613@yahoo.com
CUST101555,Jennifer,Dlamini,1968-03-28,2019-12-29,Kimberley,Student,12946.59,521.0,jennifer.dlamini50@webmail.co.za
CUST101556,AHMED,Brown,1997-02-04,2017-05-13,Cape Town  ,Retired,45770.51,625.0,ahmed.brown536@webmail.co.za
CUST101557,Wei,Davis,1953-10-27,2026-02-17,Bloemfontein,Nurse,36641.68,671.0,wei.davis18@yahoo.com
CUST101558,Sofia,Pretorius,1998-05-26,2023-03-05,Cape Town  ,Technician,23169.74,717.0,sofia.pretorius755@outlook.com
CUST101559,Priya,Williams,1959-01-06,2021-11-13,Pretoria,Accountant,41223.33,591.0,priya.williams351@yahoo.com
CUST101560,Elizabeth,Mokoena,1972-08-08,2024-10-30,Bloemfontein  ,Civil Servant,28482.02,539.0,elizabeth.mokoena705@gmail.com
CUST101561,William,Chen,1966-07-08,2021-04-19,Johannesburg,Teacher,59803.34,645.0,william.chen887@webmail.co.za
CUST101562,Linda,Ndlovu,1952-03-16,2020-11-02,Durban,Sales Rep,29458.12,701.0,linda.ndlovu924@gmail.com
CUST101563,Fatima,Smith,2002-08-08,2017-12-03,Bloemfontein,Driver,59537.2,671.0,fatima.smith84@outlook.com
CUST101564,NALEDI,Smith,1971-09-24,2016-10-10,Johannesburg,Manager,8741.25,570.0,naledi.smith289@yahoo.com
CUST101565,Joseph,Miller,1987-02-09,2020-02-01,Port Elizabeth,,35437.7,808.0,joseph.miller268@yahoo.com
CUST101566,Carlos,Williams,1980-02-03,2020-12-04,East London,Consultant,21189.96,641.0,carlos.williams898@webmail.co.za
CUST101567,ZANELE,Williams,1975-08-09,2023-06-29,Durban,Manager,16067.75,667.0,zanele.williams72@outlook.com
CUST101568,Fatima,Brown,1982-08-11,2020-02-14,Cape Town,Entrepreneur,53911.57,590.0,fatima.brown441@webmail.co.za
CUST101569,Sofia,Jones,1999-10-19,2021-11-14,Port Elizabeth,Retired,45864.77,750.0,sofia.jones365@gmail.com
CUST101570,Robert,Van der Merwe,1987-08-28,2024-08-22,Polokwane,Nurse,8071.66,701.0,robert.van der merwe419@yahoo.com
CUST101571,Barbara,Chen,1977-06-25,2026-03-07,Johannesburg,Sales Rep,41328.08,678.0,barbara.chen18@outlook.com
CUST101572,Chidi,Smith,1984-05-10,2018-09-26,pretoria,Sales Rep,38425.97,546.0,chidi.smith860@outlook.com
CUST101573,Raj,Mokoena,1981-12-27,2025-12-06,Kimberley,Sales Rep,17433.64,748.0,raj.mokoena244@webmail.co.za
CUST101574,John,Brown,1971-06-03,2024-02-05,Pretoria,Manager,16298.33,718.0,john.brown531@webmail.co.za
CUST101575,David,Martinez,1983-02-10,2015-10-15,Pretoria,Entrepreneur,10359.45,741.0,david.martinez797@yahoo.com
CUST101576,Naledi,Smith,1972-01-22,2018-11-14,Polokwane  ,,21971.05,,naledi.smith275@yahoo.com
CUST101577,Mei,Johnson,1991-03-19,2017-07-15,Port Elizabeth,Engineer,24185.47,643.0,mei.johnson665@yahoo.com
CUST101578,PATRICIA,Williams,2004-02-07,2022-11-09,Pretoria,Entrepreneur,43399.28,634.0,patricia.williams303@gmail.com
CUST101579,Zanele,Martinez,2003-07-20,2021-06-06,Polokwane,Entrepreneur,31622.63,855.0,zanele.martinez572@gmail.com
CUST101580,Elizabeth,Ndlovu,1995-01-24,2020-09-24,Johannesburg,,14243.49,601.0,elizabeth.ndlovu470@webmail.co.za
CUST101581,Michael,Davis,1981-09-15,2023-04-11,Polokwane,Technician,31049.08,543.0,michael.davis461@webmail.co.za
CUST101582,Thabo,Mokoena,1990-09-16,2018-10-11,Pretoria,Teacher,,616.0,thabo.mokoena277@gmail.com
CUST101583,Susan,Patel,1955-11-11,2019-08-06,Nelspruit,Manager,15353.58,602.0,susan.patel844@outlook.com
CUST101584,Kagiso,Khan,1974-03-22,2025-09-01,Polokwane,Accountant,,763.0,kagiso.khan161@gmail.com
CUST101585,David,Khumalo,1960-09-11,2026-05-04,Kimberley,,39139.29,528.0,david.khumalo357@webmail.co.za
CUST101586,Raj,Khumalo,1945-03-19,2023-12-28,Cape Town,Teacher,35166.12,599.0,raj.khumalo62@outlook.com
CUST101587,Robert,Ndlovu,2003-12-20,2017-07-07,Cape Town  ,Manager,37573.77,667.0,robert.ndlovu7@outlook.com
CUST101588,Priya,Garcia,1997-09-10,2016-04-21,Kimberley,Technician,17379.62,764.0,priya.garcia41@outlook.com
CUST101589,James,Ndlovu,1976-05-02,2017-03-06,Pretoria  ,,,714.0,james.ndlovu942@outlook.com
CUST101590,Chidi,Smith,1960-07-03,2019-11-24,Nelspruit,,11787.34,796.0,chidi.smith983@yahoo.com
CUST101591,Barbara,Nkosi,1987-04-09,2017-09-28,East London,,,681.0,barbara.nkosi641@webmail.co.za
CUST101592,Richard,Rodriguez,1971-07-10,2025-08-06,Port Elizabeth,Driver,,632.0,richard.rodriguez12@outlook.com
CUST101593,James,Khan,1994-01-01,2022-08-10,Johannesburg  ,Driver,31489.58,727.0,james.khan704@yahoo.com
CUST101594,Amara,Nkosi,2005-12-20,2019-10-29,Johannesburg,Consultant,10124.46,527.0,amara.nkosi215@webmail.co.za
CUST101595,JENNIFER,Ndlovu,1966-04-18,2018-04-03,Polokwane,Manager,14263.7,496.0,jennifer.ndlovu980@gmail.com
CUST101596,LERATO,Van der Merwe,1959-11-29,2019-05-30,Johannesburg,Engineer,21606.82,738.0,lerato.van der merwe919@webmail.co.za
CUST101597,Chidi,Ndlovu,1961-04-24,2020-06-07,Johannesburg  ,Entrepreneur,47815.79,669.0,chidi.ndlovu788@gmail.com
CUST101598,Priya,Williams,1950-09-11,2023-08-04,Durban,Teacher,16516.88,737.0,priya.williams105@webmail.co.za
CUST101599,Amara,Smith,1969-01-13,2016-01-13,Kimberley,Nurse,29270.78,573.0,amara.smith283@yahoo.com
CUST101600,Elizabeth,Williams,1946-01-24,2024-10-30,East London  ,,31170.75,766.0,elizabeth.williams621@gmail.com
CUST101601,Chidi,Pretorius,1951-12-24,2016-06-23,Polokwane  ,Student,23160.07,710.0,chidi.pretorius341@yahoo.com
CUST101602,Raj,Ndlovu,1961-07-29,2018-01-15,East London,Artisan,,647.0,raj.ndlovu353@webmail.co.za
CUST101603,David,Davis,1954-10-02,2026-04-07,Bloemfontein,Teacher,12004.66,669.0,david.davis152@outlook.com
CUST101604,PATRICIA,Martinez,1989-08-29,2017-03-15,Durban,Accountant,18151.85,681.0,patricia.martinez715@gmail.com
CUST101605,Ahmed,Garcia,1951-06-11,2016-03-03,Port Elizabeth,Accountant,63615.72,573.0,ahmed.garcia565@gmail.com
CUST101606,John,Botha,1997-10-28,2022-05-24,Bloemfontein,Artisan,66360.61,615.0,john.botha153@webmail.co.za
CUST101607,Zanele,Nkosi,1958-06-28,2019-07-21,Kimberley,Technician,44611.75,680.0,zanele.nkosi249@webmail.co.za
CUST101608,LINDA,Johnson,1951-08-17,2016-01-24,Nelspruit,Manager,52064.33,612.0,linda.johnson284@yahoo.com
CUST101609,JOHN,Patel,1945-08-14,2015-01-16,Polokwane,Retired,8995.26,518.0,john.patel670@webmail.co.za
CUST101610,Wei,Davis,1988-08-17,2015-01-12,Nelspruit,Retired,15226.35,677.0,wei.davis22@outlook.com
CUST101611,John,Johnson,1960-08-27,2021-01-20,Nelspruit,Retired,22322.25,725.0,john.johnson586@yahoo.com
CUST101612,Lerato,Pretorius,1976-01-30,2017-03-09,East London,Teacher,114620.87,746.0,lerato.pretorius113@yahoo.com
CUST101613,Amara,Johnson,1951-10-23,2024-03-01,Nelspruit,Artisan,22295.71,698.0,amara.johnson695@gmail.com
CUST101614,Mary,Jones,2005-02-06,2024-06-12,Johannesburg,Accountant,42063.79,724.0,mary.jones290@outlook.com
CUST101615,Jennifer,Smith,1952-08-25,2016-04-09,Johannesburg,Driver,33759.71,739.0,jennifer.smith101@outlook.com
CUST101616,Mei,Ndlovu,1970-02-16,2018-11-26,Port Elizabeth,,33312.04,657.0,mei.ndlovu238@webmail.co.za
CUST101617,Thabo,Mokoena,1996-12-12,2016-12-09,Johannesburg  ,Sales Rep,26526.03,459.0,thabo.mokoena762@outlook.com
CUST101618,Patricia,Davis,1959-12-09,2018-04-27,Pretoria,Retired,13094.93,754.0,patricia.davis603@gmail.com
CUST101619,Sofia,Johnson,1961-04-14,2017-08-10,Cape Town  ,Accountant,5320.39,570.0,sofia.johnson82@webmail.co.za
CUST101620,William,Williams,1994-04-26,2024-11-02,Kimberley,,58052.64,548.0,william.williams578@outlook.com
CUST101621,James,Pretorius,1961-09-03,2019-01-01,East London,Driver,18584.84,551.0,james.pretorius986@outlook.com
CUST101622,Fatima,Silva,1945-03-05,2020-09-27,Johannesburg,Nurse,8775.61,874.0,fatima.silva501@webmail.co.za
CUST101623,James,Pretorius,1971-02-07,2022-10-21,,Driver,34988.57,690.0,james.pretorius624@gmail.com
CUST101624,Naledi,Dlamini,1945-10-07,2024-10-07,Polokwane,Nurse,,,naledi.dlamini309@gmail.com
CUST101625,Sofia,Khumalo,2000-06-30,2018-06-28,Pretoria,,42647.99,588.0,sofia.khumalo368@gmail.com
CUST101626,SIPHO,Silva,1984-02-24,2017-04-06,Nelspruit,Nurse,52545.22,650.0,sipho.silva896@outlook.com
CUST101627,Sipho,Mokoena,1980-07-24,2026-01-05,Kimberley,Accountant,15500.2,699.0,sipho.mokoena727@yahoo.com
CUST101628,Richard,Martinez,1957-04-19,2018-09-16,Kimberley,Student,,675.0,richard.martinez8@webmail.co.za
CUST101629,John,Miller,1987-09-12,2022-09-10,Johannesburg,Engineer,22220.67,566.0,john.miller25@gmail.com
CUST101630,Sipho,Ndlovu,1986-04-24,2022-07-11,Port Elizabeth,Sales Rep,44045.75,679.0,sipho.ndlovu155@yahoo.com
CUST101631,AHMED,Johnson,1948-09-09,2020-12-14,Polokwane,Student,,595.0,ahmed.johnson748@yahoo.com
CUST101632,Robert,Jones,1998-09-24,2017-08-24,Port Elizabeth,Sales Rep,29054.36,744.0,robert.jones774@webmail.co.za
CUST101633,Ahmed,Khan,1980-05-05,2016-08-21,Port Elizabeth,,47064.44,655.0,ahmed.khan892@yahoo.com
CUST101634,Susan,Botha,1993-05-04,2020-08-22,Pretoria,Nurse,45913.47,582.0,susan.botha300@gmail.com
CUST101635,Naledi,Williams,1961-01-14,2020-01-12,Port Elizabeth,,41156.49,712.0,naledi.williams219@gmail.com
CUST101636,JENNIFER,Williams,1952-06-12,2023-12-16,East London  ,Retired,50909.27,684.0,jennifer.williams174@outlook.com
CUST101637,Zanele,Johnson,1987-11-06,2023-03-22,Johannesburg,Manager,5175.5,607.0,zanele.johnson544@webmail.co.za
CUST101638,Jennifer,Silva,1993-06-04,2025-07-24,polokwane,Civil Servant,70833.07,716.0,jennifer.silva384@webmail.co.za
CUST101639,William,Miller,1968-07-19,2026-03-30,Polokwane,Engineer,32801.94,707.0,william.miller562@outlook.com
CUST101640,Chidi,Davis,1946-06-12,2023-06-06,Cape Town,Engineer,59921.51,758.0,chidi.davis794@webmail.co.za
CUST101641,Mary,Smith,1994-11-29,2015-11-20,Polokwane  ,Civil Servant,13296.01,714.0,mary.smith781@webmail.co.za
CUST101642,Joseph,Nkosi,1957-07-28,2019-10-09,,Student,9392.85,631.0,joseph.nkosi993@webmail.co.za
CUST101643,ZANELE,Martinez,1965-09-06,2022-01-19,Pretoria,Consultant,78576.39,498.0,zanele.martinez850@gmail.com
CUST101644,JOHN,Silva,1983-04-28,2021-01-11,Port Elizabeth  ,Manager,15430.28,667.0,john.silva168@yahoo.com
CUST101645,Elizabeth,Patel,1951-02-05,2017-06-02,Bloemfontein,Entrepreneur,22325.63,681.0,elizabeth.patel822@outlook.com
CUST101646,David,Brown,1949-05-23,2021-01-10,Durban,,36918.67,655.0,david.brown401@yahoo.com
CUST101647,Lerato,Silva,1946-07-27,2019-01-19,East London,Sales Rep,42775.98,379.0,lerato.silva489@gmail.com
CUST101648,Sofia,Khumalo,2000-11-29,2018-04-12,East London,Manager,51382.34,711.0,sofia.khumalo536@outlook.com
CUST101649,RAJ,Mokoena,1963-12-30,2024-08-28,Pretoria,Manager,30761.88,568.0,raj.mokoena750@gmail.com
CUST101650,Michael,Jones,1985-04-19,2019-11-20,Port Elizabeth,Consultant,14291.42,,michael.jones353@webmail.co.za
CUST101651,James,Van der Merwe,2005-05-05,2021-08-02,East London,Artisan,41108.89,803.0,james.van der merwe592@webmail.co.za
CUST101652,Mary,Pretorius,1985-11-01,2021-08-07,Bloemfontein,Entrepreneur,41503.52,627.0,mary.pretorius746@yahoo.com
CUST101653,ZANELE,Rodriguez,1977-01-11,2021-09-07,Port Elizabeth,,9054.16,689.0,zanele.rodriguez469@gmail.com
CUST101654,JENNIFER,Williams,1976-10-10,2017-06-20,kimberley,Accountant,63020.22,653.0,jennifer.williams716@yahoo.com
CUST101655,Linda,Van der Merwe,1967-12-29,2021-10-12,,Consultant,6049.64,697.0,linda.van der merwe349@outlook.com
CUST101656,Priya,Botha,1981-08-02,2018-11-16,Pretoria,Consultant,50043.57,659.0,priya.botha936@outlook.com
CUST101657,Priya,Dlamini,2003-06-26,2022-02-08,Polokwane,Driver,18389.48,603.0,priya.dlamini135@outlook.com
CUST101658,Raj,Khumalo,1993-01-25,2016-08-09,nelspruit  ,Teacher,41081.19,569.0,raj.khumalo566@gmail.com
CUST101659,William,Jones,1970-11-17,2026-07-07,Cape Town,Driver,36538.31,793.0,william.jones388@gmail.com
CUST101660,Zanele,Johnson,1965-04-12,2023-10-12,Bloemfontein,Teacher,26310.58,689.0,zanele.johnson258@webmail.co.za
CUST101661,Zanele,Pretorius,1998-11-23,2019-10-31,polokwane,Teacher,35265.2,,zanele.pretorius403@webmail.co.za
CUST101662,Jennifer,Ndlovu,1953-04-14,2018-06-28,Johannesburg,,25543.31,,jennifer.ndlovu805@gmail.com
CUST101663,Naledi,Miller,1996-10-27,2019-06-29,Pretoria,Retired,41289.79,738.0,naledi.miller823@gmail.com
CUST101664,Thabo,Patel,1960-07-23,2023-09-05,polokwane,Engineer,99823.91,569.0,thabo.patel6@gmail.com
CUST101665,RICHARD,Smith,1988-08-26,2022-04-08,Kimberley,Manager,12031.18,657.0,richard.smith51@yahoo.com
CUST101666,Wei,Johnson,1994-03-06,2023-02-17,Kimberley,Accountant,3972.35,695.0,wei.johnson838@webmail.co.za
CUST101667,Lerato,Garcia,1974-02-05,2025-04-18,East London,,20964.7,766.0,lerato.garcia442@outlook.com
CUST101668,NALEDI,Martinez,1956-09-23,2020-04-14,Johannesburg,Sales Rep,20122.31,891.0,naledi.martinez487@gmail.com
CUST101669,Chidi,Rodriguez,1996-07-12,2022-03-10,Johannesburg,Accountant,21449.55,687.0,chidi.rodriguez20@webmail.co.za
CUST101670,Wei,Jones,1967-06-02,2020-11-02,Nelspruit,Artisan,15431.04,591.0,wei.jones225@yahoo.com
CUST101671,Sipho,Davis,1964-07-24,2022-05-23,Polokwane,Technician,45408.77,542.0,sipho.davis309@yahoo.com
CUST101672,William,Davis,1976-02-10,2020-01-07,Cape Town  ,Nurse,11745.23,569.0,william.davis961@gmail.com
CUST101673,Wei,Dlamini,1971-07-17,2023-12-30,Cape Town,Driver,35258.61,580.0,wei.dlamini109@yahoo.com
CUST101674,Amara,Khumalo,1986-08-31,2015-01-23,Cape Town,Teacher,39461.44,389.0,amara.khumalo742@yahoo.com
CUST101675,Sofia,Botha,1953-05-15,2017-01-07,Nelspruit,Student,32528.75,589.0,sofia.botha249@webmail.co.za
CUST101676,John,Silva,1971-07-30,2018-07-06,Polokwane,,36036.44,,john.silva601@webmail.co.za
CUST101677,Susan,Miller,1999-05-24,2025-12-13,Kimberley,Entrepreneur,47551.11,657.0,susan.miller659@webmail.co.za
CUST101678,Fatima,Botha,1947-03-15,2020-11-14,Cape Town,Manager,27781.88,627.0,fatima.botha555@webmail.co.za
CUST101679,Thabo,Dlamini,1972-11-24,2019-03-22,East London,Technician,21853.19,504.0,thabo.dlamini766@yahoo.com
CUST101680,Carlos,Jones,1985-04-16,2019-07-09,Kimberley,Engineer,36019.74,745.0,carlos.jones322@gmail.com
CUST101681,JAMES,Davis,1999-02-24,2020-03-26,bloemfontein  ,Manager,38569.6,696.0,james.davis829@gmail.com
CUST101682,Mary,Khan,1981-03-21,2025-01-18,Polokwane,Engineer,45881.1,649.0,mary.khan209@gmail.com
CUST101683,Mei,Van der Merwe,1995-04-17,2026-02-22,East London,Retired,9629.29,452.0,mei.van der merwe373@gmail.com
CUST101684,BARBARA,Rodriguez,1958-08-02,2024-10-10,Johannesburg,Civil Servant,24097.93,606.0,barbara.rodriguez505@outlook.com
CUST101685,Thabo,Brown,1966-07-10,2024-09-30,Port Elizabeth,Nurse,14196.9,689.0,thabo.brown427@outlook.com
CUST101686,Susan,Jones,2002-06-20,2017-04-21,Durban,Student,37668.48,647.0,susan.jones309@outlook.com
CUST101687,Susan,Williams,1999-01-16,2018-10-02,Johannesburg,Consultant,41607.07,667.0,susan.williams138@webmail.co.za
CUST101688,Carlos,Patel,1979-01-13,2021-11-26,Bloemfontein,Sales Rep,22819.08,712.0,carlos.patel750@webmail.co.za
CUST101689,Patricia,Dlamini,1974-01-02,2022-07-08,Kimberley  ,Retired,17368.95,664.0,patricia.dlamini936@webmail.co.za
CUST101690,Wei,Martinez,1972-07-07,2017-07-05,Johannesburg  ,Student,38490.94,708.0,wei.martinez586@webmail.co.za
CUST101691,Ahmed,Chen,1948-08-02,2023-08-23,Pretoria,Driver,24836.13,574.0,
CUST101692,Lerato,Van der Merwe,1999-06-08,2017-04-25,East London,Retired,63315.16,540.0,lerato.van der merwe904@outlook.com
CUST101693,Richard,Silva,1994-11-27,2018-01-17,Pretoria,Artisan,77946.02,693.0,richard.silva930@outlook.com
CUST101694,Jennifer,Brown,1972-10-30,2018-07-21,cape town,Driver,49041.72,711.0,jennifer.brown224@gmail.com
CUST101695,Lerato,Khumalo,1962-01-17,2024-10-18,Cape Town,Retired,30933.48,697.0,lerato.khumalo309@webmail.co.za
CUST101696,Jessica,Botha,1965-12-01,2023-06-24,Johannesburg,,80446.28,662.0,jessica.botha236@outlook.com
CUST101697,John,Silva,1952-07-06,2021-02-22,Kimberley,Teacher,31083.49,621.0,john.silva85@outlook.com
CUST101698,Barbara,Davis,1989-01-10,2024-06-29,Port Elizabeth,Nurse,20180.73,669.0,barbara.davis452@yahoo.com
CUST101699,Carlos,Rodriguez,1978-12-16,2024-05-31,Kimberley,Driver,17940.14,684.0,carlos.rodriguez450@yahoo.com
CUST101700,William,Botha,1959-04-13,2019-07-07,East London,Engineer,17639.55,,william.botha551@yahoo.com
CUST101701,Jennifer,Smith,1983-01-01,2024-01-19,Pretoria,Sales Rep,26800.56,885.0,jennifer.smith304@yahoo.com
CUST101702,Lerato,Dlamini,2004-09-24,2017-05-22,Kimberley,Sales Rep,35520.03,567.0,lerato.dlamini156@gmail.com
CUST101703,Michael,Williams,1952-06-19,2020-10-29,Durban,Retired,11509.24,,michael.williams418@gmail.com
CUST101704,FATIMA,Botha,1972-12-19,2016-05-15,Cape Town,Nurse,20550.58,537.0,fatima.botha419@yahoo.com
CUST101705,Priya,Smith,1975-02-22,2019-11-12,Nelspruit,Consultant,30568.05,685.0,priya.smith3@yahoo.com
CUST101706,Sofia,Smith,1955-03-06,2021-10-01,Bloemfontein,Artisan,39583.82,542.0,sofia.smith661@outlook.com
CUST101707,Fatima,Davis,1977-06-05,2015-05-12,Port Elizabeth,Sales Rep,26487.98,678.0,fatima.davis387@webmail.co.za
CUST101708,Linda,Jones,1981-12-18,2020-10-05,Bloemfontein,Civil Servant,31154.22,738.0,linda.jones79@yahoo.com
CUST101709,Michael,Ndlovu,1954-08-07,2022-07-19,Kimberley,Driver,12795.98,653.0,michael.ndlovu663@yahoo.com
CUST101710,DAVID,Miller,1954-06-10,2022-10-02,Durban,,15567.3,738.0,david.miller953@outlook.com
CUST101711,Jessica,Davis,1997-03-27,2015-08-18,Kimberley,Engineer,25938.48,612.0,jessica.davis906@yahoo.com
CUST101712,Ahmed,Khumalo,1963-12-30,2016-08-02,Kimberley,Sales Rep,36546.13,466.0,ahmed.khumalo77@webmail.co.za
CUST101713,Chidi,Khumalo,1983-06-14,2019-01-26,Polokwane,Engineer,30908.36,706.0,chidi.khumalo944@gmail.com
CUST101714,Kagiso,Pretorius,1983-03-26,2024-04-10,Cape Town,,16166.64,653.0,kagiso.pretorius959@gmail.com
CUST101715,Ahmed,Ndlovu,1996-03-09,2025-01-27,Johannesburg,Accountant,23343.24,607.0,ahmed.ndlovu613@outlook.com
CUST101716,Kagiso,Khumalo,1990-02-18,2018-02-08,Cape Town,Entrepreneur,66642.85,613.0,kagiso.khumalo211@yahoo.com
CUST101717,Richard,Chen,1996-04-10,2023-04-29,Polokwane,Teacher,37292.78,687.0,richard.chen806@yahoo.com
CUST101718,Susan,Brown,1983-02-20,2021-08-09,Pretoria,Driver,24403.46,577.0,susan.brown654@gmail.com
CUST101719,Thabo,Chen,1972-06-01,2026-05-22,kimberley  ,Teacher,14537.66,684.0,thabo.chen671@webmail.co.za
CUST101720,Robert,Van der Merwe,1969-01-03,2016-05-02,Johannesburg,Manager,17535.41,757.0,robert.van der merwe500@webmail.co.za
CUST101721,Chidi,Miller,1968-02-14,2021-06-05,Pretoria,Artisan,27009.78,835.0,chidi.miller447@webmail.co.za
CUST101722,Kagiso,Brown,1970-07-10,2021-11-11,Durban,Sales Rep,31747.47,776.0,kagiso.brown426@outlook.com
CUST101723,Chidi,Davis,1952-11-20,2018-07-25,Nelspruit,Artisan,37772.56,665.0,chidi.davis555@yahoo.com
CUST101724,Naledi,Miller,1970-11-11,2015-07-18,Cape Town,Entrepreneur,33955.0,673.0,naledi.miller878@yahoo.com
CUST101725,Mei,Khumalo,1968-10-03,2015-09-08,Port Elizabeth,Engineer,,614.0,mei.khumalo941@outlook.com
CUST101726,Carlos,Botha,1947-02-10,2020-02-04,Nelspruit,Sales Rep,19798.02,608.0,carlos.botha557@yahoo.com
CUST101727,SIPHO,Mokoena,1961-10-13,2023-08-01,Kimberley,Consultant,91875.84,728.0,
CUST101728,Joseph,Williams,1990-11-12,2023-09-02,Kimberley,Technician,19266.43,622.0,joseph.williams269@webmail.co.za
CUST101729,PATRICIA,Miller,1980-04-03,2017-04-02,East London,Nurse,12394.12,683.0,patricia.miller803@gmail.com
CUST101730,Wei,Patel,1994-03-05,2024-08-12,Cape Town,Accountant,10064.5,1200.0,wei.patel173@outlook.com
CUST101731,AHMED,Davis,1978-02-07,2019-05-15,Johannesburg,Manager,21765.61,773.0,ahmed.davis986@yahoo.com
CUST101732,AMARA,Khumalo,1997-02-05,2026-03-03,Port Elizabeth,Artisan,47286.98,621.0,amara.khumalo232@webmail.co.za
CUST101733,Priya,Patel,1993-07-23,2016-05-14,Port Elizabeth,,19042.55,748.0,priya.patel583@yahoo.com
CUST101734,Priya,Davis,1950-12-30,2024-08-09,Bloemfontein,,65284.42,587.0,priya.davis216@webmail.co.za
CUST101735,Mei,Chen,2004-08-05,2025-09-07,Johannesburg,,26785.9,582.0,mei.chen275@webmail.co.za
CUST101736,Thabo,Rodriguez,1945-11-25,2024-11-07,East London  ,Driver,52351.45,,thabo.rodriguez687@yahoo.com
CUST101737,PATRICIA,Williams,1981-05-28,2024-05-14,Pretoria,Engineer,17074.94,594.0,patricia.williams571@outlook.com
CUST101738,James,Rodriguez,1993-05-05,2019-09-03,Cape Town  ,Manager,17234.53,509.0,james.rodriguez537@gmail.com
CUST101739,Michael,Martinez,1965-03-31,2023-06-04,Kimberley,Manager,28413.72,,michael.martinez734@yahoo.com
CUST101740,Susan,Smith,1981-07-06,2021-09-16,Pretoria,Nurse,35937.36,727.0,susan.smith716@gmail.com
CUST101741,CHIDI,Botha,1967-02-02,2019-01-12,Durban,Student,,718.0,chidi.botha711@webmail.co.za
CUST101742,Joseph,Dlamini,1948-09-12,2026-02-07,Port Elizabeth,Accountant,32063.68,581.0,joseph.dlamini4@yahoo.com
CUST101743,James,Smith,1945-07-08,2018-05-13,Kimberley,Accountant,38295.65,593.0,james.smith470@webmail.co.za
CUST101744,Michael,Botha,1950-10-15,2019-10-14,Nelspruit,Manager,11472.37,711.0,michael.botha616@webmail.co.za
CUST101745,Sofia,Van der Merwe,1951-01-02,2025-06-16,johannesburg,,21926.2,768.0,sofia.van der merwe912@outlook.com
CUST101746,Sofia,Smith,1982-04-07,2018-07-05,east london,Artisan,19708.21,644.0,sofia.smith311@outlook.com
CUST101747,Richard,Brown,1977-01-28,2016-07-10,East London  ,Sales Rep,20290.88,700.0,richard.brown478@outlook.com
CUST101748,Mei,Rodriguez,1972-10-13,2018-04-08,Nelspruit,Entrepreneur,34342.08,729.0,mei.rodriguez485@yahoo.com
CUST101749,Chidi,Dlamini,1987-03-17,2023-10-17,Kimberley,Engineer,19873.18,844.0,chidi.dlamini722@webmail.co.za
CUST101750,FATIMA,Patel,1946-01-10,2024-12-16,Polokwane,Manager,8078.43,546.0,fatima.patel121@gmail.com
CUST101751,Ahmed,Martinez,1961-07-13,2016-04-29,East London,Consultant,23343.85,590.0,ahmed.martinez757@gmail.com
CUST101752,KAGISO,Mokoena,1992-06-02,2022-03-14,Pretoria,Technician,14205.1,604.0,kagiso.mokoena459@yahoo.com
CUST101753,Richard,Smith,2000-07-04,2021-07-27,,Student,36235.67,724.0,richard.smith439@yahoo.com
CUST101754,Kagiso,Chen,1971-09-27,2022-09-30,Kimberley,Student,43626.42,627.0,kagiso.chen949@webmail.co.za
CUST101755,David,Pretorius,1949-12-21,2022-09-10,Kimberley,Sales Rep,7296.15,678.0,
CUST101756,Barbara,Dlamini,1993-09-20,2026-10-02,Kimberley,Civil Servant,16906.62,661.0,barbara.dlamini471@webmail.co.za
CUST101757,ZANELE,Ndlovu,1998-12-29,2019-05-01,East London,Civil Servant,33257.11,650.0,zanele.ndlovu234@outlook.com
CUST101758,Sipho,Miller,1970-03-26,2018-06-22,Kimberley,Technician,11552.71,660.0,
CUST101759,Sipho,Pretorius,1959-11-05,2021-09-24,Polokwane,Civil Servant,43027.58,743.0,sipho.pretorius147@yahoo.com
CUST101760,RICHARD,Smith,1947-09-07,2019-12-22,Durban,Artisan,50493.0,563.0,richard.smith190@gmail.com
CUST101761,Susan,Miller,1981-01-20,2020-06-26,johannesburg,Nurse,24411.04,637.0,susan.miller807@gmail.com
CUST101762,James,Brown,2000-07-01,2015-10-21,Kimberley,Teacher,16909.87,541.0,james.brown368@outlook.com
CUST101763,Zanele,Botha,1986-05-08,2016-09-19,Port Elizabeth,,6725.49,670.0,zanele.botha399@gmail.com
CUST101764,Sipho,Ndlovu,1964-05-08,2025-10-31,Nelspruit,Accountant,43844.97,632.0,sipho.ndlovu243@gmail.com
CUST101765,Fatima,Pretorius,1984-03-19,2015-10-16,durban  ,Driver,89457.79,746.0,fatima.pretorius555@yahoo.com
CUST101766,Thabo,Chen,1995-10-03,2021-01-11,Pretoria  ,,79014.82,650.0,thabo.chen77@yahoo.com
CUST101767,Joseph,Khumalo,1974-01-10,2023-09-27,Nelspruit,Artisan,23933.06,610.0,joseph.khumalo468@webmail.co.za
CUST101768,Robert,Dlamini,1995-01-02,2015-02-20,Bloemfontein,,13966.19,628.0,robert.dlamini417@outlook.com
CUST101769,MICHAEL,Jones,1968-11-27,2017-07-31,East London,Artisan,44470.2,805.0,michael.jones491@webmail.co.za
CUST101770,DAVID,Khumalo,1966-04-05,2019-05-15,Pretoria,Technician,24931.29,509.0,david.khumalo571@yahoo.com
CUST101771,Richard,Patel,1980-07-24,2020-11-13,East London  ,Driver,35842.12,594.0,richard.patel29@webmail.co.za
CUST101772,Barbara,Nkosi,1973-05-06,2018-12-15,Port Elizabeth,Artisan,32262.18,653.0,barbara.nkosi858@outlook.com
CUST101773,RICHARD,Khumalo,2004-08-08,2022-08-07,Kimberley,,28447.12,593.0,richard.khumalo792@gmail.com
CUST101774,Wei,Pretorius,1976-07-01,2017-08-15,Port Elizabeth,Driver,49866.68,694.0,wei.pretorius451@webmail.co.za
CUST101775,John,Pretorius,1968-06-30,2015-04-18,Johannesburg,Driver,50990.82,645.0,john.pretorius731@webmail.co.za
CUST101776,David,Dlamini,1969-02-02,2015-07-01,Polokwane  ,Technician,19660.9,673.0,david.dlamini50@webmail.co.za
CUST101777,JENNIFER,Martinez,1978-06-04,2019-01-01,kimberley,,15461.87,661.0,jennifer.martinez565@gmail.com
CUST101778,Elizabeth,Brown,1966-08-26,2019-10-03,Nelspruit,Technician,6006.1,641.0,elizabeth.brown538@webmail.co.za
CUST101779,Lerato,Garcia,1989-02-04,2025-12-26,Cape Town,Entrepreneur,21857.58,534.0,lerato.garcia934@outlook.com
CUST101780,Mary,Botha,1968-03-21,2015-09-07,Kimberley,Teacher,13960.75,666.0,mary.botha262@webmail.co.za
CUST101781,David,Brown,1968-06-07,2021-02-20,Pretoria  ,Teacher,34596.86,491.0,david.brown674@gmail.com
CUST101782,James,Rodriguez,1982-08-20,2021-10-09,Nelspruit,Sales Rep,21993.01,590.0,james.rodriguez829@gmail.com
CUST101783,Carlos,Patel,1948-09-17,2023-05-02,East London,Accountant,23471.51,694.0,carlos.patel749@webmail.co.za
CUST101784,Chidi,Garcia,1984-12-22,2022-05-25,Kimberley,Engineer,43790.83,757.0,chidi.garcia960@webmail.co.za
CUST101785,LINDA,Nkosi,1975-10-21,2015-04-02,Pretoria,Accountant,34144.36,861.0,linda.nkosi72@outlook.com
CUST101786,Michael,Chen,1972-08-19,2022-04-26,East London,Driver,25084.01,611.0,michael.chen383@yahoo.com
CUST101787,Patricia,Smith,1988-11-15,2018-09-25,East London  ,Civil Servant,74002.59,572.0,patricia.smith866@gmail.com
CUST101788,Jessica,Garcia,1991-04-03,2023-12-14,Cape Town,Retired,41893.64,697.0,jessica.garcia661@outlook.com
CUST101789,Wei,Khan,1996-08-14,2017-07-03,Polokwane,Manager,20962.35,818.0,wei.khan529@webmail.co.za
CUST101790,Sipho,Van der Merwe,1967-11-12,2023-04-18,Cape Town,,21530.98,788.0,sipho.van der merwe712@webmail.co.za
CUST101791,Ahmed,Pretorius,1964-12-13,2022-03-30,Nelspruit,Entrepreneur,43175.47,557.0,ahmed.pretorius92@webmail.co.za
CUST101792,Barbara,Van der Merwe,1988-07-28,2022-07-22,Cape Town,Accountant,30385.09,637.0,barbara.van der merwe789@yahoo.com
CUST101793,William,Johnson,1980-06-28,2017-01-14,Cape Town,Technician,,727.0,william.johnson817@gmail.com
CUST101794,Jessica,Khan,1983-07-16,2022-01-10,Port Elizabeth,Civil Servant,46019.83,733.0,jessica.khan171@gmail.com
CUST101795,Michael,Williams,1978-11-20,2023-07-15,Cape Town,,57201.72,703.0,michael.williams552@yahoo.com
CUST101796,Sofia,Johnson,1992-02-18,2020-01-09,Johannesburg,Manager,54657.04,610.0,sofia.johnson694@webmail.co.za
CUST101797,Jennifer,Patel,1956-08-04,2018-10-12,Johannesburg,Civil Servant,67890.36,702.0,jennifer.patel426@yahoo.com
CUST101798,JESSICA,Ndlovu,1978-11-24,2016-05-12,durban,Artisan,93108.32,734.0,jessica.ndlovu914@outlook.com
CUST101799,Thabo,Chen,1954-08-24,2018-11-05,Port Elizabeth,Sales Rep,75961.01,566.0,thabo.chen347@gmail.com
CUST101800,Mary,Van der Merwe,1969-11-04,2023-05-11,Johannesburg  ,Civil Servant,33004.43,770.0,mary.van der merwe803@webmail.co.za
CUST101801,Joseph,Johnson,1985-07-03,2019-09-28,Cape Town  ,Retired,23740.63,739.0,joseph.johnson456@webmail.co.za
CUST101802,Joseph,Dlamini,1975-01-29,2023-02-20,East London,Manager,8975.37,,joseph.dlamini724@gmail.com
CUST101803,William,Van der Merwe,1968-02-26,2023-07-28,Pretoria,Sales Rep,27079.19,733.0,william.van der merwe995@webmail.co.za
CUST101804,JOHN,Martinez,1998-12-25,2022-10-22,Polokwane,Engineer,36734.87,723.0,john.martinez127@outlook.com
CUST101805,Mary,Dlamini,1992-02-21,2022-10-20,Nelspruit  ,Teacher,27615.48,727.0,mary.dlamini995@outlook.com
CUST101806,JAMES,Ndlovu,1977-02-07,2022-01-27,Johannesburg,,8665.18,792.0,james.ndlovu698@yahoo.com
CUST101807,JESSICA,Botha,2002-12-14,2021-01-01,Kimberley,Engineer,22652.54,,jessica.botha530@webmail.co.za
CUST101808,Robert,Johnson,1970-11-20,2017-04-16,East London  ,Entrepreneur,39624.35,680.0,robert.johnson509@gmail.com
CUST101809,Carlos,Botha,1993-01-26,2024-05-10,Nelspruit,Accountant,14536.98,413.0,carlos.botha311@yahoo.com
CUST101810,LINDA,Silva,1955-03-31,2026-02-03,Port Elizabeth,Consultant,29715.22,750.0,linda.silva528@yahoo.com
CUST101811,KAGISO,Silva,1962-06-08,2020-05-27,johannesburg,Student,34855.85,742.0,kagiso.silva729@outlook.com
CUST101812,Lerato,Martinez,1965-08-16,2025-10-22,Nelspruit,,52616.27,772.0,lerato.martinez466@webmail.co.za
CUST101813,Jessica,Dlamini,1951-06-16,2026-07-23,Bloemfontein,Manager,75174.19,566.0,jessica.dlamini193@gmail.com
CUST101814,Ahmed,Rodriguez,1975-08-11,2020-08-18,Johannesburg,,21446.23,737.0,ahmed.rodriguez73@outlook.com
CUST101815,Patricia,Garcia,1956-09-23,2023-05-23,Cape Town,Sales Rep,30039.08,742.0,patricia.garcia302@webmail.co.za
CUST101816,Linda,Botha,1983-09-08,2022-06-16,Durban  ,Civil Servant,30608.76,591.0,linda.botha623@gmail.com
CUST101817,William,Dlamini,1956-08-06,2017-09-30,Pretoria,Teacher,39720.59,745.0,william.dlamini167@outlook.com
CUST101818,John,Patel,1952-07-14,2015-07-19,Port Elizabeth,,37139.7,692.0,john.patel795@webmail.co.za
CUST101819,Elizabeth,Williams,2004-02-11,2020-01-04,Port Elizabeth,Artisan,63259.67,497.0,elizabeth.williams344@yahoo.com
CUST101820,David,Silva,1985-02-24,2024-12-02,Nelspruit,Student,6642.36,703.0,david.silva790@gmail.com
CUST101821,Wei,Chen,2002-02-14,2018-07-10,Kimberley,Entrepreneur,34572.46,581.0,wei.chen88@yahoo.com
CUST101822,Elizabeth,Nkosi,1974-11-19,2024-01-02,East London,Manager,36042.23,499.0,
CUST101823,Ahmed,Williams,1947-01-15,2022-01-08,,Artisan,23361.92,683.0,ahmed.williams463@outlook.com
CUST101824,WEI,Dlamini,1980-01-14,2023-01-21,Nelspruit,Artisan,6916.01,644.0,wei.dlamini691@yahoo.com
CUST101825,Ahmed,Dlamini,1979-01-22,2018-04-23,Durban,,25936.39,776.0,ahmed.dlamini424@yahoo.com
CUST101826,Patricia,Dlamini,1945-11-30,2020-11-06,Bloemfontein,Teacher,17565.0,666.0,patricia.dlamini389@outlook.com
CUST101827,Sofia,Johnson,1997-07-14,2017-07-02,east london,Engineer,73627.45,720.0,sofia.johnson949@outlook.com
CUST101828,Zanele,Ndlovu,1982-10-26,2017-09-11,Durban  ,Consultant,33697.36,696.0,zanele.ndlovu419@outlook.com
CUST101829,SOFIA,Miller,1990-06-04,2016-01-16,Kimberley,Engineer,16692.4,742.0,sofia.miller735@outlook.com
CUST101830,Barbara,Mokoena,1975-02-17,2016-06-20,Durban,Nurse,7851.13,570.0,barbara.mokoena162@outlook.com
CUST101831,Carlos,Garcia,1982-09-21,2017-09-06,johannesburg,Technician,38344.66,668.0,carlos.garcia937@outlook.com
CUST101832,Sipho,Martinez,1960-09-15,2021-09-20,Pretoria,Driver,40851.12,637.0,sipho.martinez572@yahoo.com
CUST101833,Robert,Mokoena,2004-05-25,2020-10-02,Nelspruit,Accountant,23636.18,709.0,robert.mokoena248@gmail.com
CUST101834,Susan,Johnson,1969-06-11,2018-03-02,Pretoria,Manager,38646.26,673.0,susan.johnson960@gmail.com
CUST101835,John,Silva,1954-11-26,2024-12-21,Durban,Student,21829.94,595.0,john.silva341@yahoo.com
CUST101836,Carlos,Patel,1948-05-30,2021-01-30,Nelspruit,Manager,51038.18,620.0,carlos.patel676@yahoo.com
CUST101837,Elizabeth,Johnson,1983-10-22,2025-09-09,cape town  ,Retired,48806.12,798.0,elizabeth.johnson216@yahoo.com
CUST101838,Linda,Johnson,2004-12-25,2022-09-05,Cape Town,Nurse,10063.24,498.0,
CUST101839,Naledi,Van der Merwe,1999-08-23,2015-08-03,Nelspruit  ,Teacher,11647.94,714.0,naledi.van der merwe391@webmail.co.za
CUST101840,Susan,Miller,1987-10-30,2025-07-31,Pretoria,Nurse,91014.04,762.0,susan.miller447@yahoo.com
CUST101841,Patricia,Van der Merwe,2005-06-04,2024-06-12,,Civil Servant,47066.55,702.0,patricia.van der merwe916@yahoo.com
CUST101842,Raj,Ndlovu,1989-02-02,2022-11-05,Port Elizabeth,Driver,12614.11,827.0,raj.ndlovu842@webmail.co.za
CUST101843,Priya,Davis,1965-09-11,2021-12-03,Polokwane,Engineer,10485.74,734.0,priya.davis651@yahoo.com
CUST101844,Chidi,Miller,1981-09-03,2020-03-30,Polokwane,Driver,30475.04,,chidi.miller965@yahoo.com
CUST101845,Zanele,Chen,1949-11-13,2020-01-08,Johannesburg,Student,13556.36,608.0,zanele.chen506@gmail.com
CUST101846,RICHARD,Williams,1958-07-10,2023-11-28,Durban,Manager,22247.29,686.0,richard.williams478@webmail.co.za
CUST101847,Naledi,Rodriguez,1970-06-21,2020-10-12,East London,Manager,26150.73,711.0,naledi.rodriguez936@outlook.com
CUST101848,Thabo,Davis,1957-04-24,2017-01-14,East London,Teacher,25482.24,650.0,thabo.davis157@gmail.com
CUST101849,Jennifer,Brown,2003-03-01,2015-04-09,East London,Student,52887.54,583.0,jennifer.brown951@outlook.com
CUST101850,Robert,Davis,2005-09-23,2016-06-17,pretoria,Accountant,80890.67,542.0,robert.davis152@outlook.com
CUST101851,William,Dlamini,1967-08-18,2017-11-29,Nelspruit,Teacher,20184.08,667.0,william.dlamini761@outlook.com
CUST101852,Joseph,Chen,1988-04-05,2019-05-04,johannesburg  ,Student,13651.5,517.0,joseph.chen161@outlook.com
CUST101853,Jennifer,Johnson,1969-11-15,2025-02-05,Nelspruit,,33972.54,608.0,jennifer.johnson365@webmail.co.za
CUST101854,Patricia,Botha,1953-07-06,2017-08-10,Kimberley,Artisan,71602.7,431.0,patricia.botha259@gmail.com
CUST101855,PRIYA,Botha,1965-07-21,2018-09-13,east london,,21122.01,725.0,priya.botha696@gmail.com
CUST101856,Barbara,Patel,1959-03-28,2017-01-08,Port Elizabeth,Sales Rep,44811.29,754.0,barbara.patel465@gmail.com
CUST101857,SIPHO,Pretorius,1965-01-05,2021-04-27,Pretoria,Technician,16280.42,657.0,sipho.pretorius918@yahoo.com
CUST101858,Thabo,Martinez,1958-02-12,2022-02-23,Port Elizabeth,Manager,27248.75,815.0,thabo.martinez186@outlook.com
CUST101859,Chidi,Van der Merwe,1951-11-08,2021-02-28,Cape Town,Technician,13397.65,771.0,chidi.van der merwe687@gmail.com
CUST101860,Chidi,Patel,1958-04-07,2026-09-01,Durban  ,Civil Servant,27078.61,693.0,chidi.patel354@webmail.co.za
CUST101861,Elizabeth,Khumalo,2000-04-01,2026-12-07,East London,Artisan,25087.55,640.0,elizabeth.khumalo776@outlook.com
CUST101862,Priya,Brown,1950-03-14,2024-12-09,Bloemfontein,Engineer,38749.52,619.0,priya.brown840@gmail.com
CUST101863,Barbara,Khumalo,1964-10-23,2024-04-29,Port Elizabeth,Consultant,78185.3,701.0,barbara.khumalo476@gmail.com
CUST101864,Raj,Botha,1977-03-27,2019-03-29,Port Elizabeth,Manager,21304.27,637.0,raj.botha302@yahoo.com
CUST101865,Richard,Nkosi,1966-08-17,2021-09-18,Johannesburg,Consultant,8104.4,699.0,richard.nkosi266@gmail.com
CUST101866,PATRICIA,Martinez,1976-07-28,2019-01-26,Nelspruit,Consultant,23830.88,706.0,patricia.martinez400@yahoo.com
CUST101867,Wei,Garcia,1947-08-26,2024-01-31,Kimberley,Consultant,32195.78,629.0,wei.garcia953@yahoo.com
CUST101868,JAMES,Khan,1984-07-24,2016-12-27,Durban,Entrepreneur,30367.86,749.0,james.khan24@webmail.co.za
CUST101869,Wei,Johnson,1979-05-16,2017-05-07,Pretoria,Entrepreneur,24478.4,629.0,wei.johnson300@gmail.com
CUST101870,Mary,Brown,1986-07-16,2015-06-13,East London,,65685.2,,mary.brown670@webmail.co.za
CUST101871,Michael,Khumalo,1979-08-08,2022-01-19,Johannesburg,Artisan,29194.3,562.0,michael.khumalo349@gmail.com
CUST101872,Zanele,Nkosi,1971-09-18,2022-12-22,Cape Town,Driver,25263.66,626.0,zanele.nkosi490@yahoo.com
CUST101873,Carlos,Davis,1966-05-11,2015-01-15,Kimberley,Nurse,16871.42,844.0,
CUST101874,Susan,Martinez,1958-10-24,2020-11-30,Cape Town,Entrepreneur,9433.04,569.0,susan.martinez180@outlook.com
CUST101875,PATRICIA,Davis,1975-07-04,2019-05-14,Bloemfontein,Civil Servant,32778.86,689.0,patricia.davis947@webmail.co.za
CUST101876,Linda,Martinez,1946-08-04,2024-05-03,Nelspruit,Engineer,31171.23,609.0,linda.martinez316@gmail.com
CUST101877,Ahmed,Smith,1965-01-08,2015-06-14,Polokwane,,14248.43,451.0,ahmed.smith843@webmail.co.za
CUST101878,CHIDI,Mokoena,1986-05-08,2015-07-25,Durban,Student,26196.38,700.0,chidi.mokoena408@yahoo.com
CUST101879,PATRICIA,Mokoena,1951-08-20,2022-08-03,Cape Town,Nurse,24678.54,600.0,patricia.mokoena149@outlook.com
CUST101880,Richard,Miller,1948-11-02,2021-07-11,polokwane,Engineer,18495.81,679.0,richard.miller49@outlook.com
CUST101881,William,Garcia,1984-10-12,2024-08-16,Port Elizabeth,,16714.19,739.0,william.garcia168@gmail.com
CUST101882,Jennifer,Khan,1969-04-07,2021-10-11,Kimberley,Teacher,34305.09,671.0,jennifer.khan73@yahoo.com
CUST101883,Priya,Jones,1993-11-28,2025-12-29,East London,Accountant,23494.3,680.0,priya.jones57@yahoo.com
CUST101884,ZANELE,Johnson,2002-03-05,2018-08-22,Johannesburg,,18871.42,572.0,zanele.johnson798@webmail.co.za
CUST101885,Jennifer,Smith,2003-05-18,2019-11-08,Durban,Teacher,16042.5,714.0,jennifer.smith342@gmail.com
CUST101886,Kagiso,Botha,1970-12-17,2026-04-28,Polokwane,Retired,24884.71,633.0,kagiso.botha158@webmail.co.za
CUST101887,Susan,Rodriguez,1961-02-14,2016-03-30,Polokwane,Consultant,46849.24,470.0,susan.rodriguez466@outlook.com
CUST101888,Mary,Williams,1982-02-15,2024-03-20,Polokwane,Consultant,30454.35,724.0,mary.williams483@yahoo.com
CUST101889,Joseph,Botha,1983-04-27,2015-02-18,Durban,Entrepreneur,23335.4,752.0,joseph.botha625@outlook.com
CUST101890,JENNIFER,Brown,1982-12-18,2020-08-19,Durban,Engineer,32373.46,783.0,jennifer.brown816@gmail.com
CUST101891,Linda,Davis,1964-08-17,2016-10-10,Durban,Engineer,61000.11,845.0,linda.davis418@outlook.com
CUST101892,Ahmed,Smith,1948-11-21,2021-08-12,East London,Nurse,36107.23,720.0,ahmed.smith807@outlook.com
CUST101893,Amara,Chen,1957-10-23,2024-03-30,Johannesburg,Technician,31448.94,696.0,amara.chen116@yahoo.com
CUST101894,John,Patel,1954-06-03,2015-05-20,Nelspruit  ,,39462.96,748.0,john.patel831@gmail.com
CUST101895,Priya,Khan,1952-07-23,2016-11-23,Durban,Teacher,24469.72,570.0,priya.khan717@webmail.co.za
CUST101896,Sipho,Garcia,2001-07-02,2018-12-20,Port Elizabeth,Sales Rep,30044.67,500.0,sipho.garcia728@webmail.co.za
CUST101897,Priya,Davis,1945-11-05,2017-12-18,Durban,,20062.88,607.0,priya.davis95@gmail.com
CUST101898,Chidi,Pretorius,1981-09-17,2019-10-06,Port Elizabeth,Nurse,10611.23,765.0,chidi.pretorius337@outlook.com
CUST101899,David,Van der Merwe,2002-10-17,2026-09-01,Polokwane  ,Manager,33047.51,591.0,david.van der merwe936@outlook.com
CUST101900,Naledi,Smith,1966-12-18,2016-04-03,,Accountant,33123.82,692.0,naledi.smith240@outlook.com
CUST101901,Thabo,Patel,1977-02-25,2019-11-26,Bloemfontein,Nurse,22637.71,702.0,thabo.patel716@yahoo.com
CUST101902,Chidi,Silva,1987-06-11,2020-04-17,Johannesburg  ,Technician,50085.79,672.0,chidi.silva710@yahoo.com
CUST101903,Linda,Khumalo,1964-05-07,2018-03-31,Cape Town,Civil Servant,17449.01,535.0,linda.khumalo478@gmail.com
CUST101904,David,Chen,1974-02-19,2018-03-24,East London,Sales Rep,9294.42,681.0,david.chen643@yahoo.com
CUST101905,Linda,Smith,1994-11-04,2023-12-04,Bloemfontein  ,Artisan,17707.27,612.0,linda.smith922@gmail.com
CUST101906,Elizabeth,Smith,1990-06-19,2022-02-26,East London,Student,10672.62,803.0,elizabeth.smith252@gmail.com
CUST101907,JENNIFER,Smith,1994-04-25,2024-05-31,Durban,Entrepreneur,32952.48,752.0,jennifer.smith241@webmail.co.za
CUST101908,MARY,Brown,2005-03-23,2019-10-09,Durban,Entrepreneur,17132.86,615.0,mary.brown944@gmail.com
CUST101909,Carlos,Nkosi,1967-08-04,2022-10-01,port elizabeth,Civil Servant,48572.53,809.0,carlos.nkosi223@gmail.com
CUST101910,Robert,Mokoena,1990-07-28,2025-07-05,Cape Town,,47967.51,681.0,robert.mokoena807@webmail.co.za
CUST101911,Ahmed,Silva,1981-10-08,2024-10-11,Nelspruit,Civil Servant,15444.61,500.0,ahmed.silva364@webmail.co.za
CUST101912,James,Miller,1985-08-30,2025-08-27,durban  ,,16566.47,643.0,james.miller85@outlook.com
CUST101913,Wei,Pretorius,1990-02-17,2018-11-02,Polokwane,Retired,37073.73,797.0,wei.pretorius95@webmail.co.za
CUST101914,David,Jones,1990-09-25,2026-05-31,Cape Town,Technician,48431.41,576.0,david.jones32@gmail.com
CUST101915,Thabo,Botha,1999-01-11,2024-06-15,East London,Driver,8041.96,644.0,thabo.botha624@webmail.co.za
CUST101916,Elizabeth,Smith,1966-04-23,2024-03-16,Durban,Consultant,31856.68,528.0,elizabeth.smith447@webmail.co.za
CUST101917,Jessica,Smith,1984-11-10,2022-09-24,Durban,Entrepreneur,7197.19,542.0,jessica.smith835@yahoo.com
CUST101918,Joseph,Johnson,1962-02-05,2026-05-22,Port Elizabeth,Retired,19358.57,575.0,joseph.johnson971@gmail.com
CUST101919,Thabo,Silva,1981-04-08,2020-11-02,Cape Town,Technician,51854.35,540.0,thabo.silva977@outlook.com
CUST101920,Richard,Garcia,1990-10-27,2023-03-08,Cape Town,Teacher,163711.67,594.0,richard.garcia428@gmail.com
CUST101921,Naledi,Martinez,1993-04-01,2023-03-02,Polokwane  ,Driver,23311.58,806.0,naledi.martinez407@yahoo.com
CUST101922,RAJ,Ndlovu,1970-08-17,2023-06-24,Pretoria,Consultant,12730.18,647.0,raj.ndlovu579@gmail.com
CUST101923,Susan,Silva,1976-01-12,2023-09-14,Bloemfontein,Manager,19769.68,721.0,susan.silva68@outlook.com
CUST101924,Barbara,Davis,1965-05-13,2017-03-17,East London,Sales Rep,27991.1,748.0,barbara.davis865@webmail.co.za
CUST101925,John,Smith,1955-04-24,2019-01-16,East London,Driver,17995.11,550.0,john.smith850@outlook.com
CUST101926,Barbara,Rodriguez,1960-11-22,2019-07-18,East London,Teacher,15446.01,575.0,barbara.rodriguez919@outlook.com
CUST101927,John,Miller,2000-08-21,2023-08-31,Kimberley,Sales Rep,20824.59,719.0,john.miller44@outlook.com
CUST101928,Jennifer,Khan,1963-11-06,2023-04-18,east london,Sales Rep,34110.02,593.0,jennifer.khan917@gmail.com
CUST101929,CARLOS,Khan,2004-06-16,2024-08-26,Pretoria,Retired,24302.99,713.0,carlos.khan67@yahoo.com
CUST101930,Robert,Williams,1959-09-24,2024-02-18,Durban,Teacher,15851.8,801.0,robert.williams822@outlook.com
CUST101931,Jessica,Silva,1989-02-08,2021-11-26,Nelspruit,Technician,17997.04,519.0,jessica.silva584@outlook.com
CUST101932,Raj,Johnson,1980-01-03,2016-08-14,Port Elizabeth,Entrepreneur,20987.55,,raj.johnson164@outlook.com
CUST101933,Carlos,Mokoena,1987-07-05,2022-11-05,Bloemfontein,Driver,14769.86,632.0,carlos.mokoena870@outlook.com
CUST101934,John,Rodriguez,1984-04-12,2025-10-04,nelspruit,Driver,17601.04,603.0,john.rodriguez292@webmail.co.za
CUST101935,Jennifer,Miller,1988-02-10,2022-06-13,durban,,39584.05,595.0,jennifer.miller276@yahoo.com
CUST101936,Barbara,Ndlovu,2000-03-27,2025-05-16,Durban,Consultant,23430.82,606.0,barbara.ndlovu959@webmail.co.za
CUST101937,Naledi,Miller,1979-05-16,2026-07-27,Johannesburg,Entrepreneur,9394.76,649.0,naledi.miller768@yahoo.com
CUST101938,Carlos,Silva,1949-02-20,2019-02-28,Johannesburg,,49760.12,665.0,carlos.silva1@gmail.com
CUST101939,Michael,Nkosi,1961-07-09,2023-05-18,East London,Sales Rep,34545.48,736.0,michael.nkosi671@yahoo.com
CUST101940,Jennifer,Silva,1988-03-14,2021-03-04,Bloemfontein,Retired,11732.53,648.0,jennifer.silva312@gmail.com
CUST101941,WILLIAM,Martinez,1975-02-20,2020-08-04,Durban  ,Sales Rep,21607.0,751.0,william.martinez820@gmail.com
CUST101942,Priya,Dlamini,1978-06-18,2017-11-10,Durban,Manager,16726.35,597.0,priya.dlamini537@yahoo.com
CUST101943,James,Martinez,1981-05-23,2017-06-11,East London,Retired,40382.16,542.0,james.martinez905@webmail.co.za
CUST101944,RICHARD,Silva,1968-05-04,2017-02-21,,Driver,21525.83,623.0,richard.silva69@webmail.co.za
CUST101945,Patricia,Khumalo,1992-03-16,2022-04-25,Polokwane  ,Entrepreneur,25753.76,692.0,patricia.khumalo166@webmail.co.za
CUST101946,Jennifer,Ndlovu,1989-02-18,2016-08-23,Kimberley  ,Driver,24016.19,727.0,jennifer.ndlovu243@webmail.co.za
CUST101947,FATIMA,Martinez,1988-07-27,2019-12-30,Port Elizabeth,Technician,11069.17,781.0,fatima.martinez473@yahoo.com
CUST101948,James,Rodriguez,1988-08-19,2021-01-22,Port Elizabeth,Accountant,62519.74,676.0,james.rodriguez877@yahoo.com
CUST101949,DAVID,Khumalo,1999-04-24,2020-01-28,Bloemfontein,Artisan,40030.54,718.0,david.khumalo235@webmail.co.za
CUST101950,Fatima,Patel,1981-04-26,2024-11-25,Johannesburg,Sales Rep,17181.18,,fatima.patel809@gmail.com
CUST101951,Zanele,Martinez,2003-12-28,2020-02-18,East London,Accountant,30185.51,580.0,zanele.martinez282@webmail.co.za
CUST101952,Robert,Silva,1952-04-09,2015-12-17,Pretoria,Retired,48265.43,631.0,robert.silva241@outlook.com
CUST101953,JOSEPH,Van der Merwe,1983-07-20,2026-06-29,Port Elizabeth,,27818.17,899.0,joseph.van der merwe57@yahoo.com
CUST101954,SOFIA,Martinez,1988-09-24,2024-10-14,Johannesburg,Engineer,68463.26,727.0,sofia.martinez587@outlook.com
CUST101955,Richard,Botha,1974-02-09,2022-08-23,Nelspruit,Consultant,154927.18,696.0,richard.botha353@yahoo.com
CUST101956,Thabo,Brown,1962-07-31,2023-05-10,Pretoria,Student,24942.46,730.0,thabo.brown926@webmail.co.za
CUST101957,Naledi,Pretorius,1978-07-21,2016-06-26,Johannesburg,Student,18967.5,530.0,
CUST101958,Lerato,Miller,1967-04-02,2023-11-14,Polokwane  ,Accountant,14858.9,592.0,lerato.miller29@webmail.co.za
CUST101959,Jennifer,Khumalo,2000-06-15,2017-05-28,Kimberley,Teacher,7128.49,559.0,jennifer.khumalo905@webmail.co.za
CUST101960,Raj,Miller,1966-10-06,2020-08-30,Bloemfontein,Technician,56890.69,688.0,raj.miller914@webmail.co.za
CUST101961,Sofia,Martinez,1955-09-20,2017-01-22,Johannesburg,Artisan,21761.63,617.0,sofia.martinez597@gmail.com
CUST101962,John,Davis,1980-02-28,2023-09-24,Kimberley  ,Driver,45488.44,659.0,john.davis179@webmail.co.za
CUST101963,Raj,Patel,1969-02-26,2017-06-11,Durban,Manager,51321.82,622.0,raj.patel681@webmail.co.za
CUST101964,Raj,Johnson,1950-11-07,2017-07-12,Durban,Technician,14064.62,504.0,
CUST101965,Chidi,Van der Merwe,1979-06-16,2016-07-04,Polokwane,Sales Rep,15390.59,730.0,chidi.van der merwe86@gmail.com
CUST101966,Barbara,Botha,1977-10-22,2023-07-05,Pretoria,Technician,76635.23,491.0,barbara.botha218@outlook.com
CUST101967,JESSICA,Khumalo,1955-07-26,2018-05-06,Johannesburg,Student,25795.64,585.0,jessica.khumalo779@gmail.com
CUST101968,Raj,Khumalo,1981-06-15,2021-01-01,East London,,18102.9,532.0,raj.khumalo307@outlook.com
CUST101969,John,Patel,1979-08-11,2018-06-11,Durban,Retired,14369.97,571.0,john.patel449@yahoo.com
CUST101970,Raj,Jones,1992-03-10,2023-12-21,Nelspruit,Engineer,24714.03,668.0,raj.jones328@yahoo.com
CUST101971,Fatima,Khan,1967-01-21,2017-08-16,Cape Town,Manager,66485.33,761.0,fatima.khan542@webmail.co.za
CUST101972,Lerato,Jones,1960-03-05,2025-11-23,Kimberley,Engineer,40589.42,510.0,lerato.jones532@webmail.co.za
CUST101973,DAVID,Chen,2003-01-09,2018-09-21,Polokwane,Civil Servant,30003.14,600.0,david.chen297@yahoo.com
CUST101974,Naledi,Miller,1979-03-27,2016-03-15,Durban,Artisan,69780.69,493.0,naledi.miller828@yahoo.com
CUST101975,Mary,Khan,1946-08-28,2017-10-13,Bloemfontein,Accountant,,596.0,mary.khan981@yahoo.com
CUST101976,Fatima,Silva,1995-01-23,2015-09-11,Kimberley,Entrepreneur,32875.18,656.0,fatima.silva376@webmail.co.za
CUST101977,David,Jones,1957-01-01,2020-05-06,Johannesburg,Consultant,142297.01,719.0,david.jones391@yahoo.com
CUST101978,Mary,Mokoena,1992-12-12,2017-11-24,Nelspruit,Engineer,23191.62,459.0,mary.mokoena374@webmail.co.za
CUST101979,Mei,Ndlovu,1988-01-06,2025-05-04,Port Elizabeth,Nurse,51990.54,700.0,mei.ndlovu42@yahoo.com
CUST101980,Lerato,Miller,2004-02-05,2020-12-27,Kimberley,Entrepreneur,21251.91,562.0,lerato.miller767@yahoo.com
CUST101981,Zanele,Khumalo,2003-11-25,2017-09-14,durban,Driver,46245.02,541.0,zanele.khumalo538@yahoo.com
CUST101982,Mary,Nkosi,1961-09-27,2020-03-23,Polokwane,Technician,23178.21,656.0,mary.nkosi940@gmail.com
CUST101983,Wei,Smith,1991-10-02,2017-09-04,kimberley,Civil Servant,35483.43,706.0,wei.smith776@outlook.com
CUST101984,Kagiso,Nkosi,1964-04-30,2017-01-26,Pretoria,Driver,112880.11,641.0,kagiso.nkosi406@outlook.com
CUST101985,Mei,Van der Merwe,1983-05-19,2018-06-25,cape town,Engineer,47624.9,552.0,mei.van der merwe985@gmail.com
CUST101986,Raj,Dlamini,1981-06-18,2016-03-04,Pretoria,Teacher,35814.38,641.0,raj.dlamini568@gmail.com
CUST101987,Michael,Mokoena,1948-04-30,2017-08-03,bloemfontein,Civil Servant,,585.0,michael.mokoena997@outlook.com
CUST101988,Michael,Rodriguez,1945-04-26,2025-11-11,East London,Consultant,30119.78,704.0,michael.rodriguez423@yahoo.com
CUST101989,Fatima,Williams,1948-07-10,2022-09-21,Port Elizabeth,Driver,14694.06,747.0,fatima.williams818@yahoo.com
CUST101990,Thabo,Khumalo,1952-10-21,2025-01-09,kimberley,,45806.71,741.0,thabo.khumalo730@webmail.co.za
CUST101991,Joseph,Silva,1960-09-19,2017-12-22,Bloemfontein  ,Student,45122.06,648.0,joseph.silva284@yahoo.com
CUST101992,Elizabeth,Garcia,2000-04-28,2024-04-12,East London,Engineer,24154.33,751.0,elizabeth.garcia931@yahoo.com
CUST101993,Kagiso,Patel,1976-08-20,2019-03-13,Kimberley,Teacher,72993.03,558.0,kagiso.patel417@outlook.com
CUST101994,Wei,Khan,1993-08-10,2016-01-09,,Consultant,67086.47,810.0,wei.khan572@webmail.co.za
CUST101995,James,Khan,1996-02-19,2024-04-26,Pretoria,Artisan,29430.53,558.0,james.khan389@webmail.co.za
CUST101996,Naledi,Davis,1989-10-30,2015-10-09,,Consultant,37771.37,467.0,naledi.davis45@gmail.com
CUST101997,Sofia,Rodriguez,1968-11-15,2019-09-09,Polokwane,,18900.16,773.0,sofia.rodriguez819@yahoo.com
CUST101998,William,Martinez,1997-09-10,2024-06-27,Bloemfontein,Driver,22849.66,586.0,william.martinez983@outlook.com
CUST101999,William,Van der Merwe,1990-04-07,2022-02-23,Port Elizabeth,Consultant,14089.64,661.0,
CUST102000,Ahmed,Botha,1990-05-01,2020-12-31,East London,Driver,20191.11,557.0,ahmed.botha714@outlook.com
CUST102001,Mary,Martinez,1999-12-30,2019-04-02,east london,Manager,25269.84,,mary.martinez470@gmail.com
CUST102002,Richard,Nkosi,1981-07-08,2015-11-14,Kimberley,Nurse,9934.61,814.0,richard.nkosi546@outlook.com
CUST102003,JOSEPH,Khumalo,1977-03-30,2026-06-23,Pretoria,Retired,38028.39,789.0,joseph.khumalo91@gmail.com
CUST102004,Mei,Rodriguez,1999-04-19,2017-09-01,Polokwane,Student,49675.99,658.0,mei.rodriguez820@webmail.co.za
CUST102005,John,Smith,1972-09-20,2017-12-15,Durban,Student,26775.68,738.0,john.smith521@webmail.co.za
CUST102006,SUSAN,Mokoena,1994-07-03,2017-09-24,Kimberley,Nurse,5332.92,645.0,susan.mokoena683@yahoo.com
CUST102007,John,Chen,1948-04-14,2025-07-07,Johannesburg  ,Teacher,23114.24,751.0,john.chen610@yahoo.com
CUST102008,Mei,Nkosi,1945-01-29,2023-05-11,Polokwane,Retired,11660.57,613.0,mei.nkosi207@webmail.co.za
CUST102009,Kagiso,Patel,1977-03-23,2020-04-18,Cape Town,Artisan,18661.7,793.0,kagiso.patel376@outlook.com
CUST102010,Jessica,Smith,1949-06-28,2026-01-24,Nelspruit,Engineer,64290.15,609.0,jessica.smith397@gmail.com
CUST102011,Richard,Khumalo,2004-07-26,2015-12-08,Kimberley,Artisan,6243.62,619.0,richard.khumalo827@gmail.com
CUST102012,John,Khan,1945-05-03,2025-08-05,Nelspruit,,16484.61,608.0,john.khan986@webmail.co.za
CUST102013,Fatima,Ndlovu,1988-10-21,2015-09-13,Polokwane,Retired,44255.8,667.0,fatima.ndlovu481@gmail.com
CUST102014,Kagiso,Martinez,1959-11-06,2019-07-13,Port Elizabeth,Driver,17656.24,615.0,kagiso.martinez202@gmail.com
CUST102015,David,Silva,2004-01-08,2015-08-17,Durban,Driver,16864.09,694.0,david.silva832@gmail.com
CUST102016,Susan,Mokoena,1968-04-10,2026-07-27,Kimberley,,91075.46,607.0,susan.mokoena36@gmail.com
CUST102017,CHIDI,Chen,1946-08-31,2025-03-08,Bloemfontein,Sales Rep,33760.02,721.0,chidi.chen609@yahoo.com
CUST102018,Chidi,Ndlovu,1946-08-24,2021-09-10,Nelspruit,Retired,47126.06,787.0,chidi.ndlovu373@outlook.com
CUST102019,Joseph,Miller,1978-10-03,2017-10-07,Polokwane,,36199.55,657.0,joseph.miller343@outlook.com
CUST102020,Elizabeth,Dlamini,2005-03-09,2018-03-16,polokwane,Sales Rep,29644.1,850.0,elizabeth.dlamini124@webmail.co.za
CUST102021,Lerato,Nkosi,2004-10-06,2020-03-16,,Consultant,57435.33,,lerato.nkosi131@gmail.com
CUST102022,LERATO,Mokoena,1965-07-29,2018-09-27,Port Elizabeth,Technician,84390.32,842.0,lerato.mokoena679@webmail.co.za
CUST102023,Zanele,Patel,1974-06-12,2015-01-04,,Technician,9797.57,644.0,zanele.patel574@yahoo.com
CUST102024,Robert,Williams,1951-02-17,2022-07-08,east london,Teacher,,500.0,robert.williams271@outlook.com
CUST102025,Jessica,Nkosi,1976-11-07,2022-07-02,polokwane,,26214.84,586.0,jessica.nkosi190@yahoo.com
CUST102026,Zanele,Garcia,1981-07-31,2025-06-22,Cape Town,Consultant,20794.29,596.0,zanele.garcia941@webmail.co.za
CUST102027,Carlos,Nkosi,1960-04-25,2020-10-07,Durban,Accountant,48466.9,564.0,carlos.nkosi844@gmail.com
CUST102028,Thabo,Martinez,1982-05-04,2018-12-29,Johannesburg  ,Consultant,31386.48,452.0,thabo.martinez26@outlook.com
CUST102029,David,Pretorius,1999-11-18,2020-03-12,Bloemfontein,Manager,85415.57,742.0,david.pretorius562@outlook.com
CUST102030,NALEDI,Botha,1945-01-22,2017-03-04,East London,Entrepreneur,52060.4,483.0,naledi.botha841@yahoo.com
CUST102031,Jennifer,Khan,1958-12-19,2022-03-31,Durban,Retired,61011.73,734.0,jennifer.khan111@outlook.com
CUST102032,Robert,Pretorius,1957-10-21,2023-02-12,Polokwane,Manager,13101.75,,robert.pretorius305@gmail.com
CUST102033,Lerato,Mokoena,1952-07-23,2016-11-10,Johannesburg,,16586.57,580.0,lerato.mokoena570@gmail.com
CUST102034,Sofia,Van der Merwe,1955-02-18,2018-08-09,Nelspruit,Engineer,,685.0,sofia.van der merwe60@outlook.com
CUST102035,PRIYA,Brown,1983-03-07,2025-01-18,East London,,59508.31,614.0,priya.brown89@webmail.co.za
CUST102036,Sipho,Johnson,1951-04-07,2020-08-11,East London,Technician,15058.44,724.0,sipho.johnson453@gmail.com
CUST102037,MARY,Dlamini,1990-01-18,2021-02-27,Polokwane,Artisan,15324.98,543.0,mary.dlamini942@gmail.com
CUST102038,Sofia,Silva,1999-02-08,2023-05-14,Pretoria  ,Artisan,13727.92,638.0,sofia.silva650@gmail.com
CUST102039,Joseph,Khan,2001-07-09,2021-10-09,Kimberley,Driver,140339.02,751.0,joseph.khan590@gmail.com
CUST102040,Elizabeth,Dlamini,1985-04-09,2015-10-22,Polokwane,Student,24702.53,646.0,elizabeth.dlamini887@yahoo.com
CUST102041,AHMED,Dlamini,1957-01-15,2024-04-23,Cape Town  ,,36972.62,503.0,ahmed.dlamini9@gmail.com
CUST102042,Chidi,Mokoena,1950-03-16,2025-08-09,Kimberley,Student,13570.17,,chidi.mokoena542@webmail.co.za
CUST102043,Chidi,Botha,1959-02-26,2015-08-14,Polokwane  ,Teacher,47837.02,533.0,chidi.botha331@webmail.co.za
CUST102044,William,Van der Merwe,2003-09-05,2016-05-27,Pretoria,Nurse,9281.7,657.0,william.van der merwe796@webmail.co.za
CUST102045,SOFIA,Williams,2003-09-14,2023-02-17,Kimberley,Civil Servant,14951.97,702.0,sofia.williams748@outlook.com
CUST102046,Joseph,Mokoena,1968-04-18,2021-12-31,Durban,Retired,17347.01,661.0,joseph.mokoena207@gmail.com
CUST102047,Naledi,Rodriguez,1964-11-15,2019-07-06,East London,Teacher,30678.67,,naledi.rodriguez121@gmail.com
CUST102048,Wei,Silva,1976-02-10,2021-03-31,East London,Accountant,16716.48,716.0,wei.silva293@gmail.com
CUST102049,Lerato,Dlamini,1962-10-17,2023-02-23,kimberley,Consultant,67130.84,632.0,lerato.dlamini920@yahoo.com
CUST102050,Jennifer,Nkosi,2004-10-03,2020-03-11,Bloemfontein,Engineer,36385.8,704.0,jennifer.nkosi218@webmail.co.za
CUST102051,Elizabeth,Martinez,1958-06-30,2016-08-15,Kimberley,Sales Rep,17787.26,669.0,elizabeth.martinez430@gmail.com
CUST102052,Barbara,Chen,1967-07-09,2016-01-14,Durban,Driver,48950.76,654.0,barbara.chen958@webmail.co.za
CUST102053,Carlos,Williams,1971-03-11,2020-01-31,,Nurse,21248.24,672.0,carlos.williams824@outlook.com
CUST102054,Amara,Pretorius,1952-08-18,2025-08-09,Durban,Driver,18877.73,611.0,amara.pretorius884@gmail.com
CUST102055,Barbara,Brown,1968-05-08,2021-06-17,Kimberley,Driver,46050.29,669.0,barbara.brown762@gmail.com
CUST102056,CHIDI,Rodriguez,1997-04-05,2019-02-24,Polokwane,Teacher,6175.25,605.0,chidi.rodriguez361@outlook.com
CUST102057,Chidi,Van der Merwe,1953-07-25,2025-10-07,East London,Artisan,41809.98,479.0,chidi.van der merwe699@outlook.com
CUST102058,Richard,Nkosi,1980-08-16,2019-02-07,Johannesburg,Driver,17538.31,753.0,richard.nkosi756@gmail.com
CUST102059,Richard,Ndlovu,1969-10-21,2020-11-23,Port Elizabeth,Engineer,17522.4,599.0,richard.ndlovu583@webmail.co.za
CUST102060,Ahmed,Ndlovu,1955-05-28,2016-07-05,Cape Town,Engineer,87106.1,663.0,
CUST102061,Naledi,Johnson,1945-10-02,2023-07-17,Kimberley,,19560.59,582.0,naledi.johnson487@webmail.co.za
CUST102062,John,Nkosi,1961-09-03,2023-10-02,Pretoria,Teacher,47741.14,584.0,john.nkosi849@webmail.co.za
CUST102063,Chidi,Smith,1948-10-09,2024-03-13,Nelspruit,Civil Servant,,556.0,chidi.smith974@gmail.com
CUST102064,Sipho,Smith,1967-12-26,2018-07-10,Kimberley,Nurse,33853.4,735.0,sipho.smith392@yahoo.com
CUST102065,Thabo,Ndlovu,1994-06-03,2020-01-19,Cape Town,,23148.25,757.0,thabo.ndlovu890@webmail.co.za
CUST102066,CHIDI,Smith,1988-11-24,2016-12-13,Polokwane,Consultant,22434.85,652.0,chidi.smith507@webmail.co.za
CUST102067,Fatima,Brown,2002-10-15,2026-03-03,pretoria,Civil Servant,67291.76,602.0,fatima.brown327@outlook.com
CUST102068,David,Mokoena,1971-01-18,2015-12-31,Cape Town,Teacher,47017.54,498.0,david.mokoena614@webmail.co.za
CUST102069,Susan,Patel,1988-03-05,2022-08-07,Durban,Driver,19934.19,722.0,susan.patel704@outlook.com
CUST102070,MICHAEL,Miller,1985-08-02,2023-03-03,Bloemfontein,Retired,14363.91,589.0,michael.miller395@webmail.co.za
CUST102071,Kagiso,Silva,1958-03-29,2016-10-29,Nelspruit,Teacher,18945.39,549.0,kagiso.silva797@webmail.co.za
CUST102072,Richard,Mokoena,1963-07-09,2019-03-26,East London,Nurse,48479.54,653.0,richard.mokoena117@gmail.com
CUST102073,DAVID,Garcia,1977-04-27,2015-02-07,Durban,Driver,54568.66,620.0,david.garcia32@yahoo.com
CUST102074,Amara,Patel,1993-08-05,2021-12-06,Durban,Entrepreneur,37532.64,513.0,amara.patel165@webmail.co.za
CUST102075,Susan,Mokoena,1973-03-03,2026-10-07,Pretoria,Entrepreneur,10197.9,526.0,susan.mokoena908@gmail.com
CUST102076,Joseph,Silva,1958-11-22,2019-12-24,Polokwane,Student,42288.37,680.0,joseph.silva284@gmail.com
CUST102077,Joseph,Brown,2005-08-07,2026-06-19,Bloemfontein,Artisan,58814.69,591.0,joseph.brown84@gmail.com
CUST102078,William,Garcia,1952-01-19,2016-06-17,Johannesburg,Engineer,29855.79,696.0,william.garcia606@outlook.com
CUST102079,JOHN,Miller,2003-04-23,2019-07-19,Johannesburg,Accountant,88245.84,663.0,john.miller724@webmail.co.za
CUST102080,Raj,Davis,1994-05-08,2025-12-06,Johannesburg,Civil Servant,12178.38,744.0,raj.davis157@outlook.com
CUST102081,Robert,Botha,1996-03-03,2025-02-25,Kimberley  ,Student,40574.07,575.0,robert.botha579@outlook.com
CUST102082,David,Khan,1993-06-27,2018-09-30,Bloemfontein,Accountant,14586.73,671.0,david.khan390@webmail.co.za
CUST102083,Lerato,Dlamini,1957-09-12,2022-10-11,Port Elizabeth,Student,50773.26,707.0,lerato.dlamini480@webmail.co.za
CUST102084,John,Dlamini,1983-08-03,2025-06-04,Polokwane,Student,38859.84,594.0,john.dlamini106@yahoo.com
CUST102085,Kagiso,Botha,1991-02-28,2023-11-18,Cape Town,Retired,79285.73,751.0,kagiso.botha167@webmail.co.za
CUST102086,Chidi,Martinez,1990-06-27,2022-12-04,Johannesburg,,36309.15,500.0,chidi.martinez708@outlook.com
CUST102087,Lerato,Jones,1961-07-26,2016-07-10,Durban  ,Consultant,21111.99,575.0,lerato.jones461@outlook.com
CUST102088,Elizabeth,Brown,1956-01-19,2015-05-11,Durban,Engineer,20037.44,497.0,elizabeth.brown889@yahoo.com
CUST102089,James,Davis,1965-01-06,2022-12-02,Polokwane,Entrepreneur,23153.32,584.0,james.davis945@outlook.com
CUST102090,AHMED,Chen,1974-04-09,2020-10-17,Nelspruit,Engineer,19802.54,636.0,ahmed.chen290@yahoo.com
CUST102091,David,Ndlovu,1980-01-01,2017-03-10,East London,Artisan,60371.08,725.0,david.ndlovu101@yahoo.com
CUST102092,Mei,Martinez,1996-01-20,2018-05-23,Kimberley,Retired,57836.94,636.0,mei.martinez360@yahoo.com
CUST102093,Michael,Ndlovu,1991-11-29,2019-07-17,Port Elizabeth,Teacher,10960.57,596.0,michael.ndlovu355@gmail.com
CUST102094,Jennifer,Nkosi,1986-03-30,2020-09-27,Durban,Retired,27529.57,511.0,jennifer.nkosi453@gmail.com
CUST102095,Wei,Nkosi,1961-01-27,2019-09-07,Pretoria,Entrepreneur,27931.07,541.0,wei.nkosi229@webmail.co.za
CUST102096,Carlos,Brown,1974-03-18,2019-06-27,Cape Town,Artisan,16835.13,678.0,carlos.brown887@gmail.com
CUST102097,Priya,Williams,1965-06-18,2016-04-05,Kimberley,Driver,34994.63,729.0,priya.williams561@outlook.com
CUST102098,Wei,Garcia,1959-05-01,2025-09-01,East London,Accountant,64634.95,612.0,wei.garcia607@gmail.com
CUST102099,Linda,Van der Merwe,1945-08-17,2022-01-20,Polokwane,Student,45939.72,759.0,linda.van der merwe774@gmail.com
CUST102100,Fatima,Ndlovu,1965-09-15,2016-10-09,Durban,Nurse,60369.61,565.0,fatima.ndlovu616@yahoo.com
CUST102101,Lerato,Botha,1960-08-16,2019-11-28,Polokwane,Student,17481.86,615.0,lerato.botha527@gmail.com
CUST102102,Jennifer,Chen,1979-11-20,2019-10-29,pretoria,Nurse,27498.99,622.0,jennifer.chen885@gmail.com
CUST102103,John,Khumalo,1948-10-20,2021-12-15,Port Elizabeth,Manager,16993.93,788.0,john.khumalo936@gmail.com
CUST102104,Priya,Miller,1961-07-02,2022-01-19,East London,,31059.44,,priya.miller303@webmail.co.za
CUST102105,William,Davis,1947-09-25,2022-06-22,Kimberley,Nurse,32783.17,488.0,william.davis516@yahoo.com
CUST102106,Wei,Brown,1984-02-16,2023-01-31,Bloemfontein,Retired,47853.66,736.0,wei.brown288@webmail.co.za
CUST102107,John,Dlamini,1979-08-29,2016-03-13,Polokwane,Student,59165.57,816.0,john.dlamini22@gmail.com
CUST102108,William,Miller,1965-08-02,2018-07-13,Bloemfontein,Engineer,40675.71,628.0,william.miller395@gmail.com
CUST102109,Elizabeth,Miller,1953-12-27,2015-03-15,Port Elizabeth,Entrepreneur,16056.97,569.0,elizabeth.miller87@gmail.com
CUST102110,WILLIAM,Smith,2003-06-07,2020-07-04,Kimberley,Student,11952.51,728.0,william.smith816@gmail.com
CUST102111,Lerato,Silva,1980-08-24,2019-12-22,Kimberley,Entrepreneur,36754.36,827.0,lerato.silva184@outlook.com
CUST102112,Fatima,Pretorius,1986-06-04,2023-04-07,Pretoria  ,,66191.85,726.0,fatima.pretorius432@yahoo.com
CUST102113,Fatima,Ndlovu,1977-05-30,2016-07-12,Nelspruit,Artisan,26505.96,504.0,fatima.ndlovu656@webmail.co.za
CUST102114,Chidi,Dlamini,1994-03-13,2022-04-25,Port Elizabeth,Manager,10759.71,718.0,chidi.dlamini413@outlook.com
CUST102115,Michael,Pretorius,1999-09-05,2018-07-21,Polokwane,Accountant,93981.53,686.0,michael.pretorius228@gmail.com
CUST102116,CARLOS,Dlamini,1968-05-06,2019-04-06,bloemfontein,Accountant,36085.37,564.0,carlos.dlamini514@outlook.com
CUST102117,Naledi,Mokoena,1987-02-03,2023-01-05,polokwane,Driver,29812.56,766.0,naledi.mokoena896@webmail.co.za
CUST102118,Naledi,Martinez,1959-01-09,2015-10-30,Nelspruit,Driver,13349.27,689.0,naledi.martinez4@webmail.co.za
CUST102119,AMARA,Dlamini,1984-10-05,2018-12-20,Port Elizabeth,Retired,27166.22,768.0,amara.dlamini164@outlook.com
CUST102120,Wei,Dlamini,1969-05-07,2019-07-14,Polokwane,Technician,40624.66,554.0,wei.dlamini114@gmail.com
CUST102121,Carlos,Patel,1945-06-01,2023-04-16,bloemfontein,Sales Rep,36381.38,686.0,carlos.patel515@webmail.co.za
CUST102122,Sipho,Mokoena,2003-04-15,2017-04-22,Polokwane,,17891.26,569.0,sipho.mokoena339@yahoo.com
CUST102123,Zanele,Dlamini,1997-12-22,2025-12-21,Cape Town,Student,25997.63,672.0,zanele.dlamini714@webmail.co.za
CUST102124,Chidi,Johnson,1962-09-28,2026-07-22,Polokwane,,18590.31,783.0,chidi.johnson711@gmail.com
CUST102125,William,Botha,2005-11-11,2024-06-25,Bloemfontein,Driver,73020.61,522.0,william.botha559@gmail.com
CUST102126,Elizabeth,Botha,1964-05-06,2018-06-21,Port Elizabeth,,46024.28,527.0,elizabeth.botha243@outlook.com
CUST102127,KAGISO,Jones,1972-12-27,2022-09-09,Pretoria  ,Engineer,19641.48,736.0,kagiso.jones43@yahoo.com
CUST102128,Robert,Miller,1996-12-04,2015-12-18,Polokwane,Nurse,13345.28,649.0,robert.miller492@gmail.com
CUST102129,David,Nkosi,1963-08-01,2025-02-02,Pretoria,Artisan,31783.07,755.0,david.nkosi51@gmail.com
CUST102130,Amara,Davis,1972-06-25,2020-12-22,,Entrepreneur,20016.45,577.0,amara.davis730@webmail.co.za
CUST102131,Sofia,Silva,1985-08-07,2017-01-16,Kimberley,Artisan,20931.62,655.0,sofia.silva557@gmail.com
CUST102132,Thabo,Silva,1952-12-16,2018-10-16,Port Elizabeth,,13614.24,712.0,thabo.silva544@gmail.com
CUST102133,Richard,Van der Merwe,1970-10-06,2024-10-04,Cape Town  ,Artisan,14664.06,669.0,richard.van der merwe312@outlook.com
CUST102134,Joseph,Smith,1963-11-16,2025-01-29,Durban,Civil Servant,29661.41,489.0,joseph.smith447@gmail.com
CUST102135,Lerato,Ndlovu,1986-04-13,2021-07-01,Nelspruit,Driver,22922.47,904.0,lerato.ndlovu594@gmail.com
CUST102136,NALEDI,Khumalo,1953-04-18,2020-07-24,Pretoria,Driver,120319.82,669.0,naledi.khumalo5@webmail.co.za
CUST102137,James,Van der Merwe,1959-03-14,2023-11-09,Durban,Entrepreneur,38428.4,529.0,james.van der merwe633@gmail.com
CUST102138,Naledi,Jones,1988-05-23,2024-07-26,Port Elizabeth,Artisan,13480.28,678.0,naledi.jones740@gmail.com
CUST102139,RICHARD,Miller,1954-07-13,2023-10-11,Johannesburg,Technician,10706.63,689.0,richard.miller501@webmail.co.za
CUST102140,Amara,Brown,1970-09-29,2019-06-15,Bloemfontein,,34163.15,739.0,amara.brown113@webmail.co.za
CUST102141,Ahmed,Khan,1988-06-26,2022-08-06,Johannesburg  ,Retired,21202.61,733.0,ahmed.khan503@yahoo.com
CUST102142,Carlos,Nkosi,1991-09-10,2024-05-12,Nelspruit,Driver,59807.42,631.0,carlos.nkosi736@outlook.com
CUST102143,Zanele,Brown,1950-10-15,2016-03-10,Port Elizabeth  ,,31860.37,495.0,zanele.brown493@outlook.com
CUST102144,Barbara,Garcia,1996-12-20,2019-06-30,Durban,Manager,8188.51,692.0,barbara.garcia53@webmail.co.za
CUST102145,Joseph,Miller,1989-02-28,2015-08-28,Port Elizabeth,Sales Rep,14593.7,502.0,joseph.miller278@webmail.co.za
CUST102146,Jennifer,Botha,1965-09-12,2019-09-26,Cape Town,Entrepreneur,17940.76,759.0,jennifer.botha624@outlook.com
CUST102147,Fatima,Martinez,1991-08-04,2023-11-12,Pretoria,Student,35074.24,584.0,fatima.martinez557@gmail.com
CUST102148,Priya,Miller,1989-06-04,2017-04-13,Cape Town,Engineer,14304.77,707.0,priya.miller977@webmail.co.za
CUST102149,Priya,Davis,1981-08-27,2021-11-04,East London,Consultant,29486.58,591.0,priya.davis123@gmail.com
CUST102150,David,Mokoena,1979-01-25,2015-04-06,Kimberley,Artisan,12067.97,606.0,david.mokoena32@gmail.com
CUST102151,David,Rodriguez,1989-10-25,2025-05-25,Port Elizabeth,Technician,27003.22,578.0,david.rodriguez267@outlook.com
CUST102152,Priya,Brown,2005-12-14,2024-06-30,johannesburg,Driver,33591.07,714.0,priya.brown812@gmail.com
CUST102153,Naledi,Van der Merwe,1980-04-16,2021-01-27,Johannesburg,Artisan,64660.53,594.0,naledi.van der merwe337@yahoo.com
CUST102154,Amara,Martinez,1994-05-01,2023-05-03,,,31174.17,719.0,amara.martinez450@gmail.com
CUST102155,Jessica,Garcia,1990-05-26,2016-03-15,Pretoria,Teacher,16480.93,596.0,jessica.garcia268@webmail.co.za
CUST102156,Joseph,Khan,1997-03-15,2024-10-15,Durban,Artisan,65894.03,629.0,joseph.khan519@outlook.com
CUST102157,Kagiso,Khan,2003-03-23,2023-04-14,Cape Town,Civil Servant,24103.04,653.0,kagiso.khan924@yahoo.com
CUST102158,Raj,Brown,1956-10-11,2016-05-22,East London,Sales Rep,42793.44,664.0,raj.brown814@outlook.com
CUST102159,David,Johnson,1955-02-04,2026-11-05,Johannesburg,Manager,18625.05,567.0,david.johnson346@yahoo.com
CUST102160,Mei,Smith,1980-10-07,2015-06-04,Kimberley,Accountant,28409.16,713.0,mei.smith627@outlook.com
CUST102161,LINDA,Khan,1972-05-28,2022-12-04,Durban,Accountant,16634.58,626.0,linda.khan773@outlook.com
CUST102162,RICHARD,Mokoena,1979-10-25,2016-12-27,johannesburg,Manager,32642.03,699.0,richard.mokoena792@gmail.com
CUST102163,Fatima,Silva,1993-09-05,2023-01-05,Polokwane,Retired,43577.53,649.0,fatima.silva214@outlook.com
CUST102164,Carlos,Mokoena,2001-10-31,2015-10-25,,Nurse,19992.66,703.0,carlos.mokoena448@gmail.com
CUST102165,Fatima,Rodriguez,1970-06-18,2015-10-12,East London,Accountant,19329.65,613.0,fatima.rodriguez298@yahoo.com
CUST102166,David,Khumalo,1988-10-16,2020-05-26,Johannesburg,,33325.93,579.0,david.khumalo555@gmail.com
CUST102167,Raj,Patel,1957-01-02,2026-06-07,Nelspruit,,16399.24,688.0,raj.patel252@yahoo.com
CUST102168,Fatima,Rodriguez,1977-08-10,2018-03-15,Pretoria,Accountant,10820.89,606.0,fatima.rodriguez214@outlook.com
CUST102169,Sofia,Pretorius,1946-05-01,2022-03-02,Polokwane,Sales Rep,33253.58,781.0,sofia.pretorius21@outlook.com
CUST102170,James,Botha,1975-09-24,2021-02-01,Kimberley,Sales Rep,25219.72,656.0,james.botha293@webmail.co.za
CUST102171,Chidi,Silva,1978-04-07,2024-02-10,,Driver,24901.53,526.0,chidi.silva308@outlook.com
CUST102172,Sofia,Nkosi,1989-11-10,2018-05-05,Pretoria,Nurse,36777.53,597.0,sofia.nkosi971@yahoo.com
CUST102173,Wei,Rodriguez,1984-08-13,2021-05-06,Pretoria,Engineer,39992.62,560.0,wei.rodriguez29@gmail.com
CUST102174,Linda,Williams,1966-11-11,2026-04-01,East London,Artisan,24425.89,747.0,linda.williams715@outlook.com
CUST102175,Wei,Ndlovu,1945-05-08,2018-07-11,Johannesburg  ,Engineer,13717.1,720.0,wei.ndlovu41@gmail.com
CUST102176,Patricia,Khan,1952-01-17,2020-02-02,Cape Town,Artisan,18340.15,645.0,patricia.khan491@outlook.com
CUST102177,Jessica,Silva,2004-05-09,2025-04-17,East London  ,Teacher,38214.81,676.0,jessica.silva766@gmail.com
CUST102178,Kagiso,Rodriguez,2001-04-05,2018-07-11,Johannesburg,Nurse,29197.59,642.0,kagiso.rodriguez987@yahoo.com
CUST102179,Joseph,Miller,1964-10-30,2019-05-30,Durban,,19344.13,727.0,joseph.miller229@yahoo.com
CUST102180,Amara,Martinez,1960-10-15,2018-10-07,East London,Manager,16803.93,697.0,amara.martinez755@yahoo.com
CUST102181,LINDA,Silva,1971-08-15,2024-05-17,Durban,Driver,38975.7,713.0,linda.silva646@gmail.com
CUST102182,ZANELE,Johnson,1987-02-01,2025-10-10,Kimberley,Driver,23553.0,633.0,zanele.johnson118@gmail.com
CUST102183,KAGISO,Davis,1966-10-07,2022-04-23,Kimberley  ,Driver,42261.43,593.0,kagiso.davis439@gmail.com
CUST102184,Kagiso,Garcia,1949-02-08,2022-03-22,Johannesburg,,45597.19,710.0,kagiso.garcia558@outlook.com
CUST102185,ELIZABETH,Silva,1969-07-27,2019-08-07,Cape Town,Sales Rep,22298.98,790.0,elizabeth.silva562@yahoo.com
CUST102186,Elizabeth,Ndlovu,1960-11-23,2015-02-22,kimberley,Entrepreneur,47561.96,750.0,elizabeth.ndlovu170@gmail.com
CUST102187,William,Johnson,1964-10-27,2017-05-01,Johannesburg  ,Accountant,29232.78,792.0,william.johnson116@gmail.com
CUST102188,Joseph,Garcia,1954-12-10,2016-09-15,Port Elizabeth,Technician,31591.87,665.0,joseph.garcia562@yahoo.com
CUST102189,Sipho,Smith,1985-03-10,2016-05-05,Kimberley,Engineer,7235.47,563.0,sipho.smith661@yahoo.com
CUST102190,Barbara,Ndlovu,1977-02-14,2022-07-29,Bloemfontein,Accountant,15024.65,571.0,barbara.ndlovu322@yahoo.com
CUST102191,Susan,Nkosi,1961-07-10,2016-07-30,Pretoria,Teacher,15521.53,774.0,susan.nkosi363@gmail.com
CUST102192,Elizabeth,Khumalo,1978-10-14,2015-12-29,johannesburg,Engineer,,482.0,elizabeth.khumalo26@outlook.com
CUST102193,Linda,Botha,1975-01-21,2019-07-06,Pretoria  ,Nurse,28813.83,785.0,linda.botha108@yahoo.com
CUST102194,Lerato,Khan,1993-07-21,2017-11-19,Bloemfontein,Nurse,29529.65,579.0,lerato.khan405@yahoo.com
CUST102195,Raj,Botha,2003-04-25,2016-08-09,Johannesburg  ,,31934.69,823.0,raj.botha749@webmail.co.za
CUST102196,Elizabeth,Miller,1952-12-21,2016-10-09,Bloemfontein,Retired,17837.05,644.0,elizabeth.miller606@yahoo.com
CUST102197,Priya,Pretorius,1998-12-01,2017-12-19,Port Elizabeth  ,Nurse,40733.97,715.0,priya.pretorius952@gmail.com
CUST102198,Sipho,Garcia,1987-12-29,2021-03-20,Pretoria,Artisan,79664.0,865.0,sipho.garcia310@yahoo.com
CUST102199,JENNIFER,Martinez,1987-03-31,2023-12-10,Kimberley,Manager,21763.84,620.0,jennifer.martinez350@webmail.co.za
CUST102200,Barbara,Chen,1967-11-01,2024-11-16,Nelspruit,,18066.22,619.0,barbara.chen52@outlook.com
CUST102201,James,Miller,1965-12-23,2023-09-14,East London,Civil Servant,17832.91,587.0,james.miller160@yahoo.com
CUST102202,MARY,Garcia,1945-05-06,2022-11-04,Bloemfontein  ,Sales Rep,28318.79,560.0,mary.garcia580@outlook.com
CUST102203,David,Williams,2004-11-29,2025-06-07,Port Elizabeth,Accountant,19624.66,620.0,david.williams557@webmail.co.za
CUST102204,Joseph,Smith,1981-12-30,2021-07-01,Johannesburg,Accountant,9526.22,600.0,joseph.smith247@webmail.co.za
CUST102205,Mei,Dlamini,1969-07-17,2022-03-05,Pretoria,Nurse,11225.56,537.0,mei.dlamini560@gmail.com
CUST102206,JOHN,Nkosi,1978-03-03,2019-08-10,Johannesburg,Entrepreneur,49618.25,631.0,john.nkosi419@outlook.com
CUST102207,Raj,Jones,1947-06-22,2018-10-16,Pretoria  ,,58050.95,690.0,raj.jones857@gmail.com
CUST102208,Linda,Martinez,1955-08-05,2018-04-11,Port Elizabeth,Driver,70258.3,569.0,linda.martinez740@yahoo.com
CUST102209,John,Pretorius,1983-01-09,2016-09-19,East London,Technician,30815.8,635.0,john.pretorius760@webmail.co.za
CUST102210,Amara,Khan,1976-05-15,2024-03-23,Pretoria,Technician,14845.57,777.0,amara.khan321@outlook.com
CUST102211,Wei,Smith,1993-01-04,2015-08-23,Durban,Engineer,20685.54,522.0,wei.smith242@yahoo.com
CUST102212,Zanele,Dlamini,1985-03-08,2022-10-24,Polokwane,Civil Servant,10994.69,824.0,zanele.dlamini932@gmail.com
CUST102213,Patricia,Brown,1981-09-08,2025-04-01,Cape Town  ,Retired,10743.59,589.0,patricia.brown198@outlook.com
CUST102214,Patricia,Garcia,1994-09-24,2020-05-10,Cape Town,,31355.9,668.0,patricia.garcia483@outlook.com
CUST102215,Richard,Garcia,1949-03-01,2015-10-24,East London,Student,37175.56,765.0,richard.garcia89@webmail.co.za
CUST102216,Joseph,Mokoena,1987-02-22,2019-12-18,Bloemfontein,Teacher,87118.46,793.0,joseph.mokoena104@yahoo.com
CUST102217,Sofia,Jones,1988-08-25,2018-12-22,Nelspruit,,25594.78,692.0,sofia.jones203@yahoo.com
CUST102218,Elizabeth,Garcia,1961-10-14,2026-05-31,Polokwane,Artisan,11911.97,587.0,elizabeth.garcia391@outlook.com
CUST102219,Michael,Jones,1956-12-07,2023-03-01,Kimberley,,25005.42,580.0,michael.jones662@gmail.com
CUST102220,Carlos,Davis,1958-01-17,2023-10-05,East London,Entrepreneur,22709.18,598.0,carlos.davis487@outlook.com
CUST102221,John,Chen,1957-02-01,2020-12-21,Nelspruit,Consultant,,820.0,john.chen492@webmail.co.za
CUST102222,JAMES,Rodriguez,1976-12-13,2023-03-20,Cape Town,Driver,33065.63,616.0,james.rodriguez512@outlook.com
CUST102223,Susan,Davis,1953-04-10,2023-05-15,Bloemfontein,Student,12981.97,679.0,susan.davis656@webmail.co.za
CUST102224,Richard,Dlamini,1985-03-20,2015-08-10,kimberley,Technician,29098.24,556.0,
CUST102225,Zanele,Mokoena,1951-05-31,2017-07-30,Polokwane,Sales Rep,39772.78,546.0,zanele.mokoena753@outlook.com
CUST102226,Ahmed,Smith,1946-08-23,2015-02-24,Port Elizabeth,Student,63060.05,652.0,ahmed.smith370@outlook.com
CUST102227,Fatima,Botha,1964-06-23,2020-11-26,,Civil Servant,32410.1,621.0,fatima.botha295@outlook.com
CUST102228,Elizabeth,Pretorius,1956-09-14,2025-02-21,Pretoria,Nurse,50305.63,627.0,elizabeth.pretorius19@yahoo.com
CUST102229,Sofia,Mokoena,2005-04-22,2022-01-22,Johannesburg,Consultant,20612.69,517.0,sofia.mokoena305@yahoo.com
CUST102230,KAGISO,Khumalo,1963-06-26,2020-10-16,Polokwane,Retired,22413.66,643.0,kagiso.khumalo436@outlook.com
CUST102231,Robert,Patel,1958-07-19,2025-09-21,Port Elizabeth,Driver,60397.82,789.0,robert.patel430@webmail.co.za
CUST102232,Carlos,Martinez,1957-01-01,2016-12-29,Johannesburg  ,Manager,11814.1,573.0,carlos.martinez115@gmail.com
CUST102233,John,Rodriguez,1967-10-22,2015-12-11,durban,Engineer,21122.96,731.0,john.rodriguez394@gmail.com
CUST102234,SIPHO,Davis,1981-12-15,2025-08-16,johannesburg,Driver,52948.12,,sipho.davis109@gmail.com
CUST102235,Mei,Brown,1992-09-11,2025-06-15,kimberley,Consultant,23702.43,578.0,mei.brown273@gmail.com
CUST102236,Linda,Van der Merwe,1967-03-29,2022-11-28,Nelspruit,,22666.4,478.0,linda.van der merwe145@yahoo.com
CUST102237,William,Davis,1983-03-09,2017-06-11,Kimberley,Technician,22943.75,761.0,william.davis255@outlook.com
CUST102238,JESSICA,Miller,1974-05-28,2026-03-26,Cape Town,Driver,28862.29,729.0,jessica.miller638@webmail.co.za
CUST102239,Ahmed,Nkosi,1996-08-20,2023-12-11,Nelspruit,Entrepreneur,51619.27,557.0,ahmed.nkosi685@gmail.com
CUST102240,Linda,Dlamini,1979-09-17,2022-10-21,Bloemfontein,Nurse,46842.16,676.0,linda.dlamini493@webmail.co.za
CUST102241,LERATO,Mokoena,1962-09-07,2017-07-31,Durban,Nurse,27088.76,758.0,lerato.mokoena938@yahoo.com
CUST102242,Joseph,Garcia,1987-12-02,2020-10-12,East London,Technician,51814.91,772.0,joseph.garcia274@outlook.com
CUST102243,Patricia,Miller,1995-01-09,2024-11-07,Kimberley,Entrepreneur,33026.84,613.0,patricia.miller185@outlook.com
CUST102244,Amara,Khan,1973-05-23,2024-12-17,Port Elizabeth,Accountant,45047.47,451.0,amara.khan356@gmail.com
CUST102245,Raj,Martinez,2005-03-20,2021-02-07,Johannesburg,Engineer,14515.59,569.0,raj.martinez352@outlook.com
CUST102246,Sipho,Brown,1998-08-16,2021-01-20,Nelspruit,Student,76353.69,719.0,sipho.brown432@gmail.com
CUST102247,JENNIFER,Van der Merwe,1957-01-05,2023-01-30,Cape Town,Consultant,30703.37,839.0,jennifer.van der merwe372@webmail.co.za
CUST102248,John,Rodriguez,1992-12-28,2021-12-02,Cape Town,Student,5172.0,645.0,john.rodriguez55@outlook.com
CUST102249,Susan,Chen,1981-08-28,2019-02-11,East London,Manager,72817.84,595.0,susan.chen752@outlook.com
CUST102250,THABO,Davis,1977-08-16,2015-12-28,Polokwane  ,Teacher,26984.91,866.0,thabo.davis752@gmail.com
CUST102251,Naledi,Khumalo,1976-05-08,2016-06-17,Polokwane,Driver,21220.09,687.0,naledi.khumalo801@gmail.com
CUST102252,Linda,Silva,1997-01-21,2023-10-21,Nelspruit,Technician,18705.82,540.0,linda.silva154@gmail.com
CUST102253,Thabo,Botha,1982-04-06,2015-04-15,Nelspruit,Sales Rep,35020.93,639.0,thabo.botha144@gmail.com
CUST102254,Elizabeth,Jones,1977-10-19,2015-10-08,Cape Town,Civil Servant,15787.39,740.0,elizabeth.jones883@gmail.com
CUST102255,Lerato,Chen,1947-12-25,2025-06-23,pretoria,Accountant,19031.6,644.0,lerato.chen646@gmail.com
CUST102256,Mei,Pretorius,1972-05-06,2023-02-25,Polokwane,Driver,19307.97,721.0,mei.pretorius960@webmail.co.za
CUST102257,Kagiso,Chen,2000-05-22,2015-01-18,Pretoria,Nurse,22576.21,506.0,kagiso.chen514@gmail.com
CUST102258,James,Brown,1988-05-31,2018-12-08,Polokwane  ,Consultant,19749.33,521.0,james.brown867@yahoo.com
CUST102259,Sofia,Jones,1948-02-10,2023-03-11,Port Elizabeth,Entrepreneur,44877.35,584.0,sofia.jones140@webmail.co.za
CUST102260,JAMES,Jones,1998-12-03,2019-02-11,Port Elizabeth,Civil Servant,31654.56,,james.jones943@gmail.com
CUST102261,Sofia,Williams,1995-06-05,2020-06-06,Johannesburg  ,Accountant,34058.06,680.0,sofia.williams202@webmail.co.za
CUST102262,Mary,Khan,1978-05-07,2020-04-24,East London,Sales Rep,38807.21,707.0,mary.khan63@outlook.com
CUST102263,Thabo,Nkosi,1946-05-15,2017-05-05,Nelspruit,Retired,25441.66,872.0,thabo.nkosi609@webmail.co.za
CUST102264,Patricia,Dlamini,1979-04-23,2023-10-05,Nelspruit,Engineer,14585.96,584.0,patricia.dlamini328@yahoo.com
CUST102265,Patricia,Mokoena,1948-05-01,2016-11-03,Pretoria,Student,79467.51,622.0,
CUST102266,Lerato,Silva,1964-07-17,2020-11-15,East London,Nurse,46935.09,,lerato.silva613@webmail.co.za
CUST102267,Chidi,Martinez,1983-05-13,2016-12-19,cape town,Engineer,70805.8,747.0,chidi.martinez782@webmail.co.za
CUST102268,Patricia,Ndlovu,2000-09-07,2015-07-16,East London,Teacher,50047.26,752.0,patricia.ndlovu403@outlook.com
CUST102269,SOFIA,Khumalo,1966-10-29,2016-08-28,Port Elizabeth,Civil Servant,20409.94,610.0,sofia.khumalo933@outlook.com
CUST102270,David,Miller,1997-06-17,2025-01-25,kimberley,Student,6576.21,836.0,david.miller511@yahoo.com
CUST102271,DAVID,Johnson,2001-01-07,2017-01-15,,Retired,12868.56,586.0,david.johnson131@yahoo.com
CUST102272,Elizabeth,Khumalo,1946-04-14,2018-03-23,Johannesburg,Student,39415.45,743.0,elizabeth.khumalo830@outlook.com
CUST102273,Joseph,Van der Merwe,1959-08-10,2016-07-08,nelspruit,Retired,25309.91,,joseph.van der merwe129@webmail.co.za
CUST102274,Jennifer,Johnson,1988-04-20,2023-09-07,Polokwane,Technician,20912.24,527.0,jennifer.johnson668@webmail.co.za
CUST102275,Susan,Jones,1991-03-02,2020-02-28,Durban  ,Entrepreneur,6018.95,702.0,susan.jones874@gmail.com
CUST102276,Michael,Garcia,1968-12-08,2025-05-12,Durban,Engineer,26692.12,405.0,michael.garcia464@gmail.com
CUST102277,Mary,Silva,1985-01-22,2022-11-09,Cape Town,Consultant,14057.8,724.0,mary.silva724@webmail.co.za
CUST102278,Barbara,Dlamini,1982-05-05,2021-02-25,pretoria,,17419.93,551.0,barbara.dlamini432@outlook.com
CUST102279,Lerato,Dlamini,1990-02-15,2022-09-08,Kimberley,,44804.44,701.0,lerato.dlamini845@yahoo.com
CUST102280,Wei,Chen,1988-11-01,2015-06-20,Kimberley,Manager,14508.86,718.0,wei.chen815@outlook.com
CUST102281,Barbara,Miller,1950-03-29,2026-04-01,Bloemfontein,Nurse,,,barbara.miller52@outlook.com
CUST102282,David,Patel,1954-08-27,2026-01-28,Pretoria,Student,30071.95,730.0,david.patel116@outlook.com
CUST102283,Mei,Smith,1953-02-05,2018-03-14,Pretoria,Teacher,,655.0,mei.smith679@outlook.com
CUST102284,Lerato,Williams,2001-11-17,2022-11-04,Kimberley,Retired,21128.47,616.0,lerato.williams573@yahoo.com
CUST102285,Raj,Silva,2000-09-21,2017-04-05,Cape Town,Student,64882.24,643.0,raj.silva695@yahoo.com
CUST102286,Ahmed,Chen,1993-08-22,2021-04-05,Polokwane,,12491.44,550.0,ahmed.chen32@gmail.com
CUST102287,Raj,Brown,1952-02-14,2023-05-12,Kimberley,Driver,11243.74,631.0,raj.brown869@yahoo.com
CUST102288,FATIMA,Martinez,1980-01-12,2025-11-19,Nelspruit,Teacher,10683.21,624.0,fatima.martinez144@gmail.com
CUST102289,Susan,Johnson,1956-06-03,2018-05-12,Polokwane,,9983.51,579.0,susan.johnson42@outlook.com
CUST102290,Richard,Chen,1967-06-22,2023-12-01,Nelspruit  ,Manager,32923.09,493.0,richard.chen131@outlook.com
CUST102291,David,Khan,1961-04-17,2023-04-19,Durban,Manager,14962.86,535.0,david.khan559@gmail.com
CUST102292,Linda,Miller,1995-07-25,2017-07-24,Kimberley,Nurse,11543.58,366.0,
CUST102293,Chidi,Davis,1953-10-24,2022-04-14,Johannesburg,Manager,33788.58,622.0,chidi.davis394@webmail.co.za
CUST102294,AMARA,Garcia,1984-06-01,2022-04-08,Johannesburg,Entrepreneur,44106.81,682.0,amara.garcia657@webmail.co.za
CUST102295,Mei,Rodriguez,2005-01-06,2023-07-11,Cape Town,Civil Servant,50539.73,409.0,
CUST102296,Jennifer,Garcia,1986-11-28,2026-07-31,East London,Manager,45486.49,671.0,jennifer.garcia416@gmail.com
CUST102297,Jessica,Garcia,1949-11-01,2015-06-20,Durban,,15508.41,639.0,jessica.garcia127@gmail.com
CUST102298,Linda,Martinez,2000-05-17,2017-05-05,East London,Engineer,31750.21,544.0,linda.martinez772@outlook.com
CUST102299,Ahmed,Van der Merwe,1984-03-24,2016-05-09,Cape Town,Nurse,36247.4,611.0,ahmed.van der merwe292@gmail.com
CUST102300,WILLIAM,Khan,1972-11-01,2016-10-15,East London,Engineer,20233.0,745.0,william.khan719@outlook.com
CUST102301,JOHN,Miller,1985-03-29,2020-05-04,Durban,Student,29698.48,562.0,john.miller55@gmail.com
CUST102302,Sipho,Pretorius,1998-08-15,2025-05-03,Bloemfontein  ,Artisan,,657.0,sipho.pretorius335@yahoo.com
CUST102303,AHMED,Jones,1974-02-07,2020-03-13,Cape Town,Retired,18461.45,681.0,ahmed.jones111@webmail.co.za
CUST102304,Fatima,Pretorius,1977-05-30,2022-09-28,Kimberley  ,Driver,33626.59,576.0,fatima.pretorius496@outlook.com
CUST102305,Patricia,Miller,1972-08-07,2019-12-05,Pretoria,Entrepreneur,66471.3,741.0,patricia.miller952@gmail.com
CUST102306,David,Dlamini,1949-06-06,2018-09-14,East London  ,Nurse,53683.65,686.0,david.dlamini452@outlook.com
CUST102307,John,Jones,1993-01-04,2024-08-29,Port Elizabeth,Accountant,39995.21,627.0,john.jones10@outlook.com
CUST102308,Elizabeth,Khan,1952-09-17,2022-04-08,bloemfontein,Civil Servant,28220.95,863.0,elizabeth.khan396@outlook.com
CUST102309,Naledi,Miller,1969-01-25,2019-01-24,Port Elizabeth  ,Civil Servant,25715.82,741.0,naledi.miller601@outlook.com
CUST102310,William,Botha,1968-08-06,2025-02-08,Johannesburg,,11287.37,498.0,william.botha151@outlook.com
CUST102311,Robert,Johnson,1962-01-31,2020-09-10,Nelspruit,Artisan,16296.34,,robert.johnson566@outlook.com
CUST102312,Thabo,Dlamini,1969-07-21,2017-07-03,East London,Student,16618.75,872.0,thabo.dlamini772@webmail.co.za
CUST102313,MARY,Brown,1982-09-12,2020-06-08,Durban,Entrepreneur,37981.54,562.0,mary.brown452@outlook.com
CUST102314,Linda,Botha,1963-12-30,2022-10-24,Johannesburg,Accountant,47428.03,656.0,linda.botha505@outlook.com
CUST102315,James,Martinez,1955-07-11,2019-02-04,nelspruit,Teacher,41854.06,761.0,james.martinez666@webmail.co.za
CUST102316,Robert,Chen,1998-01-11,2024-09-10,pretoria  ,Nurse,54698.95,709.0,robert.chen582@gmail.com
CUST102317,Susan,Botha,2004-03-21,2021-05-03,Kimberley,,28095.21,722.0,susan.botha748@gmail.com
CUST102318,PRIYA,Dlamini,1972-12-21,2020-01-06,Polokwane,Accountant,14916.78,716.0,priya.dlamini615@outlook.com
CUST102319,Wei,Johnson,1964-12-12,2024-11-12,Kimberley,Technician,26109.13,652.0,wei.johnson451@outlook.com
CUST102320,Patricia,Jones,1947-11-24,2020-12-05,east london  ,Nurse,17415.18,579.0,patricia.jones164@gmail.com
CUST102321,Mary,Jones,1947-04-02,2019-10-19,Cape Town,Consultant,39923.32,689.0,mary.jones303@outlook.com
CUST102322,David,Pretorius,1968-12-19,2016-03-14,Johannesburg,Student,21688.72,614.0,david.pretorius534@yahoo.com
CUST102323,Kagiso,Botha,2001-09-28,2019-03-14,Durban,Teacher,25358.8,607.0,kagiso.botha964@yahoo.com
CUST102324,Chidi,Ndlovu,1989-07-28,2019-07-08,Port Elizabeth,Driver,40789.23,783.0,chidi.ndlovu266@outlook.com
CUST102325,Raj,Botha,1966-04-22,2017-03-02,East London,Consultant,17246.14,616.0,raj.botha155@outlook.com
CUST102326,David,Garcia,2004-01-19,2021-10-22,Nelspruit,Engineer,47972.63,804.0,david.garcia46@webmail.co.za
CUST102327,Jennifer,Chen,1971-02-26,2016-08-31,Cape Town,Artisan,11985.37,673.0,jennifer.chen582@outlook.com
CUST102328,JAMES,Rodriguez,1961-11-19,2017-04-08,East London,Retired,32335.81,636.0,james.rodriguez928@outlook.com
CUST102329,John,Garcia,1971-01-03,2021-01-07,Johannesburg,Manager,25475.2,486.0,john.garcia915@outlook.com
CUST102330,ROBERT,Garcia,1957-11-26,2018-11-02,Port Elizabeth,,44196.69,841.0,robert.garcia512@outlook.com
CUST102331,Priya,Martinez,1999-01-09,2022-05-29,Johannesburg  ,Technician,11794.35,649.0,priya.martinez770@yahoo.com
CUST102332,William,Davis,1967-01-12,2022-12-30,Pretoria,Civil Servant,10737.8,446.0,william.davis879@gmail.com
CUST102333,Raj,Jones,1985-02-18,2018-06-28,East London,Driver,42193.72,739.0,raj.jones103@gmail.com
CUST102334,NALEDI,Davis,1968-09-24,2016-05-01,Polokwane,Entrepreneur,21278.38,645.0,naledi.davis534@gmail.com
CUST102335,Naledi,Williams,2000-01-02,2020-01-09,nelspruit,Civil Servant,,566.0,naledi.williams225@gmail.com
CUST102336,Joseph,Nkosi,1984-03-08,2016-01-28,Bloemfontein,Driver,18108.75,734.0,joseph.nkosi243@gmail.com
CUST102337,RAJ,Rodriguez,1974-10-13,2020-12-19,durban,Consultant,,421.0,raj.rodriguez224@yahoo.com
CUST102338,Mary,Williams,1953-01-23,2023-05-30,,Engineer,32193.82,586.0,mary.williams758@webmail.co.za
CUST102339,Robert,Khumalo,2000-01-06,2022-08-03,Kimberley,Consultant,31082.44,623.0,robert.khumalo315@gmail.com
CUST102340,Susan,Botha,1978-05-10,2020-11-03,Kimberley  ,Civil Servant,13336.07,727.0,susan.botha513@yahoo.com
CUST102341,Richard,Davis,1962-05-22,2025-12-14,polokwane,,36348.32,852.0,richard.davis696@gmail.com
CUST102342,Naledi,Van der Merwe,1998-07-21,2016-06-03,Polokwane,Nurse,14833.93,628.0,naledi.van der merwe995@gmail.com
CUST102343,Chidi,Mokoena,1948-04-27,2025-11-03,Johannesburg,Artisan,18121.75,691.0,chidi.mokoena834@webmail.co.za
CUST102344,Sipho,Khan,1964-02-28,2024-07-04,Bloemfontein,Engineer,11858.4,897.0,
CUST102345,William,Miller,1977-09-29,2019-11-11,Port Elizabeth,Driver,24491.35,650.0,william.miller451@webmail.co.za
CUST102346,David,Smith,1965-09-23,2016-08-10,durban,Entrepreneur,50954.28,692.0,david.smith528@webmail.co.za
CUST102347,Wei,Davis,1974-01-30,2016-10-21,Johannesburg,Artisan,30823.02,539.0,wei.davis552@outlook.com
CUST102348,Michael,Pretorius,1961-02-14,2025-04-09,Durban,Manager,20638.37,826.0,michael.pretorius323@webmail.co.za
CUST102349,Thabo,Silva,1952-12-08,2017-09-15,,,28723.99,586.0,thabo.silva166@gmail.com
CUST102350,NALEDI,Silva,1947-04-02,2025-02-14,Kimberley  ,,28628.8,674.0,naledi.silva702@gmail.com
CUST102351,Wei,Botha,1954-08-14,2020-10-29,Polokwane,Engineer,27991.08,672.0,wei.botha16@webmail.co.za
CUST102352,Amara,Rodriguez,2003-02-16,2020-07-05,Cape Town,Teacher,29923.54,658.0,amara.rodriguez611@webmail.co.za
CUST102353,Joseph,Davis,1980-02-06,2022-05-03,East London,Artisan,14414.69,611.0,joseph.davis454@outlook.com
CUST102354,ELIZABETH,Pretorius,1974-10-29,2017-06-28,Cape Town,Civil Servant,28679.07,672.0,elizabeth.pretorius13@gmail.com
CUST102355,Barbara,Khumalo,1968-06-11,2019-12-18,East London  ,Nurse,9384.84,808.0,barbara.khumalo376@outlook.com
CUST102356,Susan,Miller,1988-03-18,2025-11-13,Johannesburg,Consultant,38001.24,855.0,susan.miller720@webmail.co.za
CUST102357,Linda,Miller,1953-08-14,2017-04-10,durban,Entrepreneur,13882.03,634.0,linda.miller948@outlook.com
CUST102358,Kagiso,Botha,1961-11-04,2025-03-09,Cape Town,Entrepreneur,54532.86,610.0,kagiso.botha105@webmail.co.za
CUST102359,Michael,Johnson,1985-01-03,2026-07-07,Kimberley  ,Artisan,6203.43,577.0,michael.johnson950@gmail.com
CUST102360,Kagiso,Johnson,1974-03-23,2015-08-08,Bloemfontein,,73471.66,892.0,kagiso.johnson158@yahoo.com
CUST102361,Wei,Khan,1991-12-22,2021-02-25,kimberley,,10061.46,662.0,wei.khan968@gmail.com
CUST102362,Carlos,Smith,1999-09-21,2016-12-27,Johannesburg,Entrepreneur,13095.7,750.0,carlos.smith635@yahoo.com
CUST102363,Patricia,Brown,1995-03-23,2022-03-14,Polokwane  ,Student,32190.74,713.0,patricia.brown736@outlook.com
CUST102364,Wei,Nkosi,1956-03-27,2026-06-17,Port Elizabeth,,38996.57,-1.0,wei.nkosi41@yahoo.com
CUST102365,Robert,Martinez,1950-07-31,2025-05-21,Port Elizabeth,Engineer,22696.56,628.0,robert.martinez578@gmail.com
CUST102366,David,Khan,1955-05-03,2025-09-17,Nelspruit,Teacher,45961.7,550.0,david.khan634@yahoo.com
CUST102367,Jennifer,Ndlovu,1992-10-17,2017-06-21,Johannesburg,,16681.7,817.0,jennifer.ndlovu36@webmail.co.za
CUST102368,Jennifer,Johnson,2000-09-28,2021-04-13,Kimberley,Student,21166.71,731.0,jennifer.johnson39@gmail.com
CUST102369,Jennifer,Jones,2001-06-14,2017-09-20,Johannesburg,Civil Servant,22443.43,691.0,jennifer.jones164@gmail.com
CUST102370,Mary,Khan,1963-03-11,2025-01-06,Pretoria,Student,19476.47,788.0,mary.khan411@outlook.com
CUST102371,Raj,Williams,1996-04-04,2017-03-19,Cape Town,Accountant,8429.5,696.0,raj.williams305@gmail.com
CUST102372,MARY,Mokoena,1977-09-16,2016-10-13,Bloemfontein,,26507.94,791.0,mary.mokoena806@outlook.com
CUST102373,Richard,Davis,1995-03-10,2015-02-21,Bloemfontein,Teacher,25109.35,672.0,richard.davis301@gmail.com
CUST102374,Amara,Rodriguez,1978-06-14,2017-08-02,East London,Teacher,51375.14,731.0,amara.rodriguez760@webmail.co.za
CUST102375,Sofia,Pretorius,1953-11-25,2017-03-13,polokwane,,12437.03,697.0,sofia.pretorius996@webmail.co.za
CUST102376,Priya,Mokoena,1949-10-31,2015-11-24,Polokwane,,18331.12,621.0,
CUST102377,John,Mokoena,2003-05-22,2025-01-18,,Technician,,632.0,john.mokoena165@webmail.co.za
CUST102378,Sofia,Davis,1970-12-22,2024-01-13,Port Elizabeth,Nurse,32079.53,,sofia.davis747@yahoo.com
CUST102379,Kagiso,Rodriguez,1966-05-20,2017-12-12,Cape Town,Engineer,37407.55,674.0,kagiso.rodriguez431@yahoo.com
CUST102380,Jennifer,Patel,1966-09-26,2024-01-27,Cape Town,,35314.9,609.0,jennifer.patel48@outlook.com
CUST102381,JOSEPH,Smith,1968-02-12,2019-11-21,Durban,Driver,35409.06,689.0,joseph.smith906@outlook.com
CUST102382,Fatima,Garcia,2002-08-23,2023-12-25,East London,Artisan,80228.17,686.0,fatima.garcia504@gmail.com
CUST102383,Richard,Mokoena,1948-10-28,2018-09-28,Johannesburg  ,Driver,28422.16,668.0,richard.mokoena404@webmail.co.za
CUST102384,Jennifer,Mokoena,1952-04-06,2021-07-16,Kimberley,Accountant,14664.63,670.0,jennifer.mokoena173@gmail.com
CUST102385,Ahmed,Williams,1993-03-02,2019-03-06,Kimberley,Student,39469.3,599.0,ahmed.williams991@gmail.com
CUST102386,Carlos,Silva,1978-07-07,2017-04-03,Cape Town,Retired,19150.21,625.0,carlos.silva598@gmail.com
CUST102387,Sofia,Dlamini,1952-11-03,2021-10-13,Polokwane,Technician,25185.86,500.0,sofia.dlamini22@webmail.co.za
CUST102388,Carlos,Garcia,1947-02-07,2023-12-09,Bloemfontein,Technician,33594.2,639.0,carlos.garcia184@webmail.co.za
CUST102389,Priya,Khan,1958-09-05,2023-09-21,Port Elizabeth,Technician,16435.31,561.0,priya.khan823@webmail.co.za
CUST102390,Joseph,Nkosi,1960-11-28,2019-02-16,Polokwane,Consultant,19807.64,659.0,joseph.nkosi167@outlook.com
CUST102391,Michael,Martinez,1945-11-13,2021-03-01,Bloemfontein,Entrepreneur,35793.05,586.0,michael.martinez372@outlook.com
CUST102392,Zanele,Miller,1958-03-08,2023-05-11,Pretoria  ,Student,19357.07,465.0,zanele.miller193@gmail.com
CUST102393,Linda,Miller,1990-01-14,2015-08-19,Bloemfontein,Driver,48244.21,853.0,linda.miller673@gmail.com
CUST102394,Jessica,Mokoena,1997-03-07,2015-01-11,Cape Town,Accountant,14887.92,629.0,jessica.mokoena532@webmail.co.za
CUST102395,Kagiso,Johnson,1999-10-16,2019-11-05,Durban,Student,14857.88,780.0,kagiso.johnson122@yahoo.com
CUST102396,Carlos,Ndlovu,1968-10-13,2017-03-08,Kimberley,Artisan,84426.24,603.0,carlos.ndlovu193@gmail.com
CUST102397,Elizabeth,Smith,1964-06-26,2019-04-05,Cape Town,Manager,10741.44,803.0,elizabeth.smith948@gmail.com
CUST102398,WILLIAM,Smith,2005-12-27,2016-01-02,Bloemfontein,Entrepreneur,26475.37,546.0,william.smith828@yahoo.com
CUST102399,Chidi,Martinez,1991-12-06,2021-09-11,Durban,Sales Rep,81706.62,666.0,chidi.martinez277@webmail.co.za
CUST102400,JAMES,Khan,1977-10-11,2022-12-10,Port Elizabeth,Manager,26445.6,552.0,james.khan915@webmail.co.za
CUST102401,Sipho,Botha,1960-07-17,2024-03-03,Durban,Consultant,60358.82,884.0,sipho.botha81@outlook.com
CUST102402,Chidi,Johnson,1964-08-07,2022-07-14,Bloemfontein,Nurse,39794.54,628.0,chidi.johnson762@outlook.com
CUST102403,Naledi,Garcia,1976-06-08,2019-04-08,Bloemfontein,Student,26787.18,725.0,naledi.garcia202@outlook.com
CUST102404,Richard,Martinez,1978-01-25,2025-10-29,East London  ,,24874.86,691.0,richard.martinez370@yahoo.com
CUST102405,RAJ,Khumalo,1945-11-01,2023-05-31,Pretoria,,7543.26,648.0,raj.khumalo632@webmail.co.za
CUST102406,Barbara,Nkosi,2003-07-10,2021-10-02,Bloemfontein,Sales Rep,22215.22,697.0,barbara.nkosi230@gmail.com
CUST102407,Amara,Patel,1980-02-10,2017-05-24,polokwane,Driver,30925.34,772.0,amara.patel649@outlook.com
CUST102408,Joseph,Dlamini,1980-12-08,2022-08-07,Polokwane,Technician,30915.03,710.0,joseph.dlamini230@webmail.co.za
CUST102409,James,Johnson,1957-11-25,2021-07-11,Bloemfontein,Teacher,118126.96,665.0,james.johnson307@gmail.com
CUST102410,Thabo,Johnson,1991-08-31,2022-11-30,Durban,Student,31843.06,697.0,thabo.johnson794@webmail.co.za
CUST102411,Mary,Brown,1989-12-21,2024-01-18,Bloemfontein,,39264.94,822.0,mary.brown479@yahoo.com
CUST102412,FATIMA,Chen,1950-10-22,2025-06-08,Bloemfontein  ,Teacher,54121.02,612.0,fatima.chen425@outlook.com
CUST102413,Zanele,Davis,1981-04-17,2025-12-28,Kimberley,Consultant,,483.0,zanele.davis945@gmail.com
CUST102414,Barbara,Garcia,1985-02-23,2022-04-19,Pretoria,Student,25549.44,551.0,barbara.garcia815@yahoo.com
CUST102415,Jessica,Chen,1995-12-20,2026-09-03,Pretoria,Accountant,25624.07,558.0,jessica.chen652@outlook.com
CUST102416,Zanele,Silva,1957-07-28,2025-07-22,Polokwane,Sales Rep,21798.74,571.0,zanele.silva421@yahoo.com
CUST102417,William,Martinez,1998-07-14,2015-12-01,east london,Civil Servant,35120.02,,william.martinez625@yahoo.com
CUST102418,Elizabeth,Botha,1973-02-24,2022-05-21,Port Elizabeth,Student,24289.7,648.0,elizabeth.botha264@webmail.co.za
CUST102419,Susan,Khan,1950-11-21,2017-01-24,Johannesburg  ,Retired,39142.41,672.0,susan.khan208@webmail.co.za
CUST102420,William,Patel,1951-06-12,2018-02-06,Polokwane,Sales Rep,14684.5,671.0,william.patel250@gmail.com
CUST102421,Wei,Botha,1957-01-24,2018-12-06,Polokwane,Technician,29381.16,584.0,wei.botha101@yahoo.com
CUST102422,Patricia,Jones,1962-04-01,2020-05-08,Kimberley,Technician,68271.0,739.0,patricia.jones102@yahoo.com
CUST102423,Raj,Khan,1975-04-13,2015-02-15,Bloemfontein,Sales Rep,23511.05,698.0,raj.khan418@gmail.com
CUST102424,Barbara,Nkosi,1990-09-03,2017-09-24,bloemfontein,Nurse,81291.84,792.0,barbara.nkosi534@yahoo.com
CUST102425,Naledi,Nkosi,1956-05-23,2015-04-05,Durban,Engineer,29679.23,726.0,naledi.nkosi80@yahoo.com
CUST102426,Jennifer,Khumalo,2005-07-20,2022-07-14,Port Elizabeth,Entrepreneur,5201266.0,619.0,jennifer.khumalo13@webmail.co.za
CUST102427,Richard,Khan,1954-11-08,2025-04-19,Johannesburg,Consultant,28853.05,767.0,richard.khan443@webmail.co.za
CUST102428,Wei,Botha,1981-07-24,2026-07-22,Bloemfontein,,22317.94,675.0,wei.botha143@yahoo.com
CUST102429,William,Van der Merwe,2001-08-30,2020-12-03,Polokwane,Consultant,8198.17,722.0,william.van der merwe808@gmail.com
CUST102430,John,Botha,1995-10-13,2018-05-01,Polokwane,Sales Rep,45620.16,715.0,john.botha983@yahoo.com
CUST102431,Thabo,Van der Merwe,1984-07-09,2024-11-17,east london,Civil Servant,100270.61,639.0,thabo.van der merwe137@gmail.com
CUST102432,Jennifer,Rodriguez,1988-08-23,2016-04-23,Nelspruit,Technician,35891.56,659.0,jennifer.rodriguez462@outlook.com
CUST102433,DAVID,Khan,1953-03-09,2026-04-14,East London,Technician,37227.11,638.0,david.khan471@gmail.com
CUST102434,Joseph,Martinez,1945-08-04,2023-12-04,Polokwane,Technician,24111.5,573.0,joseph.martinez388@outlook.com
CUST102435,Sipho,Silva,1971-06-26,2020-01-11,Port Elizabeth,Nurse,53888.56,457.0,sipho.silva983@webmail.co.za
CUST102436,Kagiso,Silva,1950-06-18,2016-02-13,East London,Nurse,26276.68,588.0,kagiso.silva865@outlook.com
CUST102437,LERATO,Pretorius,1966-10-28,2015-03-18,East London,Nurse,31581.67,668.0,lerato.pretorius424@outlook.com
CUST102438,PRIYA,Khumalo,1958-08-25,2021-04-22,Bloemfontein,Accountant,10518.28,748.0,priya.khumalo76@outlook.com
CUST102439,Robert,Ndlovu,2000-11-23,2019-10-17,Bloemfontein,Nurse,19582.56,722.0,robert.ndlovu581@webmail.co.za
CUST102440,BARBARA,Brown,1998-09-06,2024-04-10,Polokwane,Accountant,33537.24,625.0,barbara.brown934@yahoo.com
CUST102441,James,Chen,1994-12-15,2022-09-06,Durban,,46366.25,589.0,james.chen198@webmail.co.za
CUST102442,James,Khumalo,1988-07-19,2020-01-01,Pretoria,Manager,47144.09,634.0,james.khumalo741@gmail.com
CUST102443,Michael,Dlamini,1954-05-26,2017-08-14,Bloemfontein  ,Retired,10430.52,562.0,michael.dlamini499@yahoo.com
CUST102444,Zanele,Chen,1947-12-14,2020-07-25,East London,Manager,11084.82,460.0,zanele.chen818@outlook.com
CUST102445,Ahmed,Van der Merwe,1984-11-19,2016-11-20,bloemfontein  ,Entrepreneur,38195.85,511.0,ahmed.van der merwe139@webmail.co.za
CUST102446,WEI,Brown,1984-03-05,2022-09-22,Cape Town,Retired,17187.11,774.0,wei.brown721@yahoo.com
CUST102447,Kagiso,Martinez,1967-07-15,2022-06-01,Nelspruit,Entrepreneur,46016.51,817.0,kagiso.martinez932@outlook.com
CUST102448,Wei,Patel,1973-10-31,2024-05-19,Bloemfontein,,10116.26,,wei.patel172@gmail.com
CUST102449,Jennifer,Van der Merwe,1974-11-02,2020-03-16,Port Elizabeth,Teacher,25360.65,645.0,jennifer.van der merwe577@outlook.com
CUST102450,RAJ,Silva,1959-08-21,2018-03-24,Nelspruit,Driver,,525.0,raj.silva682@outlook.com
CUST102451,AHMED,Silva,1964-03-01,2024-07-09,Port Elizabeth  ,Student,35892.38,635.0,ahmed.silva719@gmail.com
CUST102452,Patricia,Van der Merwe,1970-07-10,2023-01-01,Cape Town,Artisan,14491.3,705.0,patricia.van der merwe68@gmail.com
CUST102453,Jessica,Nkosi,1981-10-17,2023-09-03,Kimberley,Student,8266.29,725.0,jessica.nkosi982@outlook.com
CUST102454,Raj,Mokoena,2003-04-21,2021-11-02,pretoria,,29814.9,712.0,raj.mokoena833@gmail.com
CUST102455,Jessica,Garcia,1977-11-05,2025-02-22,Nelspruit,Accountant,36895.99,759.0,jessica.garcia887@outlook.com
CUST102456,Raj,Khumalo,1989-08-07,2017-08-21,Bloemfontein,Sales Rep,49240.56,825.0,raj.khumalo784@yahoo.com
CUST102457,Fatima,Patel,1994-03-24,2019-08-27,Durban  ,Technician,21695.69,614.0,fatima.patel93@yahoo.com
CUST102458,Jessica,Williams,1951-12-04,2024-03-22,Pretoria,Nurse,42847.77,902.0,jessica.williams204@webmail.co.za
CUST102459,MARY,Khan,1984-11-02,2016-07-16,Kimberley,Artisan,36006.84,468.0,mary.khan882@yahoo.com
CUST102460,David,Dlamini,1974-05-29,2024-11-05,Kimberley,Engineer,59482.83,580.0,david.dlamini49@yahoo.com
CUST102461,Michael,Pretorius,1979-12-02,2019-01-31,Cape Town,Civil Servant,26023.81,668.0,michael.pretorius799@webmail.co.za
CUST102462,Jessica,Jones,1947-05-06,2016-06-14,Kimberley,Teacher,9528.67,699.0,jessica.jones41@yahoo.com
CUST102463,Sipho,Botha,2000-04-11,2015-01-12,Nelspruit,Teacher,25832.9,634.0,sipho.botha352@gmail.com
CUST102464,Joseph,Martinez,2003-02-13,2024-06-10,East London,Nurse,28369.52,605.0,joseph.martinez349@outlook.com
CUST102465,Michael,Khumalo,1945-03-19,2024-07-01,Cape Town,Civil Servant,36714.11,848.0,michael.khumalo130@webmail.co.za
CUST102466,Elizabeth,Chen,1957-12-24,2018-03-05,Bloemfontein,Entrepreneur,10725.62,601.0,elizabeth.chen656@webmail.co.za
CUST102467,Lerato,Khumalo,1955-12-29,2016-07-05,Port Elizabeth,Civil Servant,22309.62,558.0,lerato.khumalo330@webmail.co.za
CUST102468,James,Botha,1992-08-28,2017-11-11,Cape Town,Entrepreneur,45290.93,,james.botha722@webmail.co.za
CUST102469,Michael,Brown,1981-06-25,2017-06-19,kimberley,Civil Servant,25274.44,726.0,michael.brown837@gmail.com
CUST102470,Ahmed,Khan,1955-10-26,2023-06-28,East London,Technician,22394.25,749.0,ahmed.khan108@outlook.com
CUST102471,Patricia,Nkosi,1994-08-26,2017-06-30,Johannesburg,Engineer,84439.94,668.0,patricia.nkosi733@yahoo.com
CUST102472,Susan,Jones,1966-07-25,2017-03-07,pretoria,Sales Rep,14157.47,526.0,susan.jones570@outlook.com
CUST102473,Michael,Garcia,1973-02-10,2015-05-17,Nelspruit,Accountant,56381.3,658.0,michael.garcia866@outlook.com
CUST102474,Patricia,Ndlovu,1968-08-16,2021-11-29,port elizabeth,Accountant,49649.81,514.0,patricia.ndlovu590@webmail.co.za
CUST102475,Susan,Patel,1976-10-20,2022-12-24,Port Elizabeth,Student,23503.39,672.0,susan.patel580@yahoo.com
CUST102476,THABO,Nkosi,1974-04-16,2022-07-27,Cape Town,Nurse,26377.47,709.0,thabo.nkosi673@gmail.com
CUST102477,JENNIFER,Silva,1961-10-01,2021-02-08,Cape Town,Driver,26321.06,747.0,jennifer.silva825@yahoo.com
CUST102478,Robert,Silva,1970-11-24,2026-10-03,Kimberley,Manager,30006.48,642.0,robert.silva545@webmail.co.za
CUST102479,John,Martinez,2000-05-28,2020-06-22,Kimberley  ,Engineer,18831.29,717.0,john.martinez328@yahoo.com
CUST102480,Kagiso,Chen,1975-09-04,2024-12-17,Johannesburg,Student,20808.38,569.0,kagiso.chen177@gmail.com
CUST102481,Priya,Jones,2000-11-24,2022-06-25,Bloemfontein,Retired,21739.05,737.0,priya.jones880@webmail.co.za
CUST102482,Jennifer,Ndlovu,1978-07-23,2015-12-23,East London  ,Consultant,22159.5,711.0,jennifer.ndlovu678@gmail.com
CUST102483,David,Jones,1991-11-24,2024-05-19,Nelspruit,Engineer,22326.87,578.0,david.jones852@yahoo.com
CUST102484,Barbara,Smith,1962-11-28,2021-07-10,Bloemfontein,Retired,7012.89,,barbara.smith460@webmail.co.za
CUST102485,Barbara,Van der Merwe,1993-03-19,2022-07-27,Nelspruit,Sales Rep,28526.52,748.0,barbara.van der merwe743@gmail.com
CUST102486,Linda,Silva,1961-02-14,2017-01-02,Cape Town,Accountant,19604.6,657.0,linda.silva906@gmail.com
CUST102487,Mary,Dlamini,1946-03-12,2020-01-25,Johannesburg,,8777.21,576.0,mary.dlamini637@gmail.com
CUST102488,Thabo,Smith,1954-10-21,2025-03-13,Port Elizabeth,,21806.63,666.0,thabo.smith922@webmail.co.za
CUST102489,BARBARA,Johnson,1946-04-28,2017-06-30,Durban  ,Sales Rep,21405.98,700.0,barbara.johnson944@outlook.com
CUST102490,David,Williams,2002-10-08,2015-01-01,Polokwane  ,Sales Rep,57823.28,575.0,david.williams268@gmail.com
CUST102491,William,Patel,2005-12-30,2017-12-25,Pretoria  ,Civil Servant,,999.0,william.patel113@webmail.co.za
CUST102492,Fatima,Jones,1991-06-30,2020-08-24,Port Elizabeth,Nurse,40161.9,697.0,fatima.jones25@gmail.com
CUST102493,Zanele,Garcia,1951-08-06,2024-06-07,Bloemfontein,Sales Rep,61678.28,724.0,zanele.garcia908@webmail.co.za
CUST102494,Susan,Van der Merwe,1999-11-01,2022-06-14,Kimberley,Consultant,18456.26,843.0,susan.van der merwe450@gmail.com
CUST102495,Michael,Botha,1990-05-15,2025-08-23,Johannesburg,Manager,26147.31,710.0,michael.botha844@outlook.com
CUST102496,Mei,Khan,1965-04-08,2020-11-04,Bloemfontein,Driver,75903.27,541.0,mei.khan47@webmail.co.za
CUST102497,Ahmed,Miller,1975-08-22,2019-12-07,Pretoria,Teacher,30865.23,834.0,ahmed.miller329@webmail.co.za
CUST102498,Mary,Khumalo,1985-05-14,2017-05-09,Johannesburg,Driver,33666.21,745.0,mary.khumalo295@gmail.com
CUST102499,Fatima,Jones,1946-06-20,2017-11-07,Nelspruit,Manager,21070.89,470.0,fatima.jones753@outlook.com
CUST102500,Amara,Van der Merwe,1975-08-05,2023-11-07,Kimberley  ,Entrepreneur,40628.72,557.0,amara.van der merwe683@gmail.com
CUST102501,Patricia,Johnson,1989-09-04,2015-06-12,cape town,Manager,26270.83,606.0,patricia.johnson450@webmail.co.za
CUST102502,Wei,Khan,1956-06-25,2017-10-23,Polokwane,Nurse,8961.91,725.0,wei.khan792@outlook.com
CUST102503,Patricia,Dlamini,1972-01-27,2025-05-04,Polokwane,Entrepreneur,21738.94,436.0,patricia.dlamini887@webmail.co.za
CUST102504,MARY,Khan,1977-06-26,2021-06-09,Polokwane,Manager,13228.02,639.0,mary.khan938@outlook.com
CUST102505,Patricia,Martinez,1989-11-13,2015-07-17,Port Elizabeth,Civil Servant,28777.37,720.0,patricia.martinez200@webmail.co.za
CUST102506,JOSEPH,Brown,2003-10-31,2023-02-26,pretoria,Teacher,15520.18,395.0,joseph.brown86@outlook.com
CUST102507,Zanele,Khan,1996-09-28,2020-11-13,Johannesburg,Engineer,35842.05,717.0,zanele.khan221@yahoo.com
CUST102508,Susan,Mokoena,1982-11-29,2024-11-23,Johannesburg,Civil Servant,27635.54,728.0,susan.mokoena573@yahoo.com
CUST102509,Patricia,Ndlovu,1980-08-07,2022-11-26,Cape Town,,12723.36,,patricia.ndlovu647@webmail.co.za
CUST102510,Michael,Rodriguez,1981-10-17,2015-01-19,Bloemfontein,Engineer,20019.8,546.0,michael.rodriguez635@webmail.co.za
CUST102511,Priya,Davis,1978-04-04,2017-05-20,Cape Town,Artisan,39039.83,572.0,priya.davis206@webmail.co.za
CUST102512,Carlos,Ndlovu,1948-08-15,2017-12-27,East London,Driver,53572.75,,carlos.ndlovu957@webmail.co.za
CUST102513,Wei,Garcia,1987-08-06,2023-02-18,East London,Technician,15655.03,621.0,wei.garcia606@webmail.co.za
CUST102514,Patricia,Miller,1988-09-11,2020-11-24,Pretoria,Sales Rep,13926.32,670.0,patricia.miller85@gmail.com
CUST102515,Raj,Miller,1976-04-05,2023-08-28,Johannesburg,Driver,86733.11,540.0,raj.miller558@yahoo.com
CUST102516,AMARA,Smith,1998-02-03,2020-09-12,Bloemfontein,Technician,26745.97,737.0,amara.smith691@outlook.com
CUST102517,Thabo,Pretorius,1986-01-07,2018-10-16,Nelspruit,,28420.94,659.0,thabo.pretorius781@gmail.com
CUST102518,John,Garcia,1967-02-14,2016-03-14,Pretoria,Accountant,17263.77,673.0,john.garcia307@gmail.com
CUST102519,Sofia,Brown,1946-03-15,2017-07-05,Nelspruit,Accountant,30611.53,614.0,sofia.brown98@webmail.co.za
CUST102520,Joseph,Brown,1948-08-11,2019-08-23,Durban,Teacher,,717.0,joseph.brown691@gmail.com
CUST102521,Mary,Nkosi,1966-06-17,2021-05-21,Johannesburg,Technician,31339.02,766.0,mary.nkosi704@yahoo.com
CUST102522,Michael,Ndlovu,1973-03-10,2025-11-14,east london,Consultant,50969.26,,michael.ndlovu875@webmail.co.za
CUST102523,Richard,Davis,1955-03-07,2017-11-10,Nelspruit,Engineer,27375.13,718.0,richard.davis271@yahoo.com
CUST102524,Mary,Rodriguez,1956-07-20,2022-09-18,Nelspruit,Sales Rep,14537.95,719.0,mary.rodriguez233@outlook.com
CUST102525,David,Johnson,1959-01-16,2016-07-10,Kimberley,Retired,17855.34,688.0,david.johnson514@outlook.com
CUST102526,Joseph,Miller,1992-08-11,2023-08-04,Cape Town,Engineer,13757.22,801.0,joseph.miller511@webmail.co.za
CUST102527,CARLOS,Garcia,1992-01-18,2015-02-17,Johannesburg,Driver,30658.71,585.0,carlos.garcia185@outlook.com
CUST102528,ROBERT,Silva,1968-05-11,2022-06-08,Bloemfontein,,,612.0,robert.silva672@yahoo.com
CUST102529,Sipho,Johnson,1955-07-08,2016-11-21,Kimberley,Sales Rep,29631.89,580.0,sipho.johnson838@gmail.com
CUST102530,Fatima,Martinez,1951-10-07,2017-01-02,Kimberley,,22366.75,715.0,fatima.martinez97@webmail.co.za
CUST102531,MEI,Silva,1950-04-26,2021-06-22,Durban,Technician,16751.05,625.0,mei.silva747@webmail.co.za
CUST102532,Fatima,Van der Merwe,1968-11-13,2019-07-05,Pretoria,,33298.5,587.0,fatima.van der merwe713@yahoo.com
CUST102533,Jennifer,Dlamini,1947-10-12,2020-06-16,,Accountant,12798.98,800.0,jennifer.dlamini278@yahoo.com
CUST102534,Mei,Jones,1965-05-09,2018-07-30,kimberley,Teacher,13623.33,813.0,mei.jones208@gmail.com
CUST102535,Sofia,Davis,2003-08-26,2026-01-16,Cape Town,Civil Servant,46170.57,620.0,sofia.davis48@gmail.com
CUST102536,David,Jones,1975-12-16,2018-05-14,Kimberley  ,Entrepreneur,22773.64,527.0,david.jones547@yahoo.com
CUST102537,Jessica,Chen,1995-03-07,2021-11-04,Nelspruit,,22505.78,,jessica.chen429@outlook.com
CUST102538,Thabo,Miller,1952-11-19,2024-11-22,johannesburg,Engineer,24307.99,692.0,thabo.miller7@outlook.com
CUST102539,Jessica,Mokoena,1961-05-09,2022-10-09,nelspruit,Civil Servant,41586.16,688.0,jessica.mokoena34@webmail.co.za
CUST102540,Elizabeth,Chen,2002-09-27,2018-09-27,East London,Technician,29711.86,659.0,elizabeth.chen130@yahoo.com
CUST102541,Sofia,Pretorius,1968-05-25,2021-05-25,Kimberley,Technician,17225.59,578.0,sofia.pretorius893@gmail.com
CUST102542,Carlos,Rodriguez,1984-07-20,2015-12-18,Durban,Civil Servant,17601.59,613.0,carlos.rodriguez506@yahoo.com
CUST102543,Richard,Nkosi,2004-07-17,2021-04-27,,Sales Rep,23931.08,711.0,richard.nkosi451@webmail.co.za
CUST102544,MEI,Rodriguez,1978-08-07,2019-12-30,Johannesburg,Accountant,32251.89,610.0,mei.rodriguez326@outlook.com
CUST102545,Richard,Chen,1963-08-17,2023-12-10,Johannesburg,Accountant,26336.05,689.0,richard.chen238@yahoo.com
CUST102546,MEI,Chen,1977-06-13,2024-10-26,Port Elizabeth,Civil Servant,24966.89,651.0,mei.chen468@outlook.com
CUST102547,Sipho,Silva,1948-05-02,2017-04-24,East London,,27660.76,555.0,sipho.silva533@outlook.com
CUST102548,Jessica,Ndlovu,1951-11-09,2015-11-12,cape town,Consultant,26324.76,796.0,jessica.ndlovu140@gmail.com
CUST102549,John,Silva,1945-06-09,2019-11-07,Durban,Consultant,16844.34,703.0,john.silva501@outlook.com
CUST102550,Kagiso,Davis,1998-12-08,2021-09-03,Pretoria,Accountant,52272.75,680.0,kagiso.davis234@gmail.com
CUST102551,David,Ndlovu,1985-12-12,2019-05-13,Cape Town,Sales Rep,20143.02,700.0,david.ndlovu148@outlook.com
CUST102552,MICHAEL,Ndlovu,1963-03-14,2022-04-12,Cape Town,,29072.04,489.0,michael.ndlovu92@webmail.co.za
CUST102553,Michael,Patel,1958-06-29,2020-11-08,Cape Town,Nurse,7814.99,606.0,michael.patel380@yahoo.com
CUST102554,Sofia,Mokoena,1986-09-01,2025-11-05,Kimberley,,23644.73,513.0,sofia.mokoena710@yahoo.com
CUST102555,Patricia,Johnson,2001-02-02,2019-09-28,Kimberley,Driver,13908.38,661.0,patricia.johnson24@webmail.co.za
CUST102556,Mei,Silva,1963-04-01,2015-12-15,East London,Driver,14951.8,679.0,mei.silva26@outlook.com
CUST102557,Priya,Khan,1964-08-13,2018-07-01,East London,Engineer,115071.8,663.0,priya.khan944@outlook.com
CUST102558,James,Williams,1997-02-08,2022-01-06,Cape Town,Artisan,31248.15,756.0,james.williams413@yahoo.com
CUST102559,Sipho,Nkosi,1999-06-30,2017-12-18,Johannesburg,Driver,56140.53,515.0,sipho.nkosi584@outlook.com
CUST102560,SIPHO,Chen,2000-10-02,2018-02-11,Pretoria,Sales Rep,44944.43,578.0,sipho.chen752@yahoo.com
CUST102561,Barbara,Johnson,1962-11-19,2018-12-07,kimberley,Consultant,48530.4,687.0,barbara.johnson810@yahoo.com
CUST102562,Lerato,Ndlovu,1952-05-04,2023-08-23,Port Elizabeth,Artisan,23874.28,674.0,lerato.ndlovu769@gmail.com
CUST102563,Susan,Van der Merwe,1971-11-03,2025-11-20,Nelspruit,,70533.37,532.0,susan.van der merwe453@outlook.com
CUST102564,Joseph,Miller,1963-01-16,2019-01-22,Pretoria,Consultant,44712.68,758.0,joseph.miller246@webmail.co.za
CUST102565,Susan,Pretorius,1998-11-30,2017-04-06,Pretoria,Nurse,27578.75,789.0,susan.pretorius280@yahoo.com
CUST102566,MEI,Martinez,1947-03-28,2019-11-15,Nelspruit,Student,31507.28,688.0,mei.martinez324@webmail.co.za
CUST102567,KAGISO,Jones,1983-09-01,2019-01-28,Port Elizabeth,Engineer,24784.17,514.0,kagiso.jones754@outlook.com
CUST102568,Richard,Davis,2000-04-10,2026-06-19,Polokwane,Entrepreneur,27759.78,664.0,richard.davis356@gmail.com
CUST102569,Fatima,Dlamini,2004-07-29,2020-05-16,Polokwane,Driver,26208.51,681.0,fatima.dlamini930@yahoo.com
CUST102570,Mei,Patel,1984-08-28,2022-11-13,Polokwane,Student,33823.81,626.0,mei.patel652@yahoo.com
CUST102571,Fatima,Pretorius,2002-12-11,2025-08-01,East London,Nurse,76418.82,771.0,fatima.pretorius833@gmail.com
CUST102572,Chidi,Jones,1949-08-13,2022-04-14,Nelspruit,Sales Rep,13054.28,640.0,chidi.jones40@yahoo.com
CUST102573,RICHARD,Nkosi,1966-12-01,2017-11-20,port elizabeth,Student,53391.82,839.0,richard.nkosi415@outlook.com
CUST102574,WEI,Dlamini,1945-07-14,2022-01-13,Pretoria  ,Artisan,21570.01,720.0,wei.dlamini470@yahoo.com
CUST102575,David,Williams,2004-11-06,2019-08-27,Bloemfontein  ,,57629.96,675.0,david.williams76@outlook.com
CUST102576,William,Pretorius,2000-01-24,2019-11-22,Pretoria,Engineer,22024.99,733.0,william.pretorius508@outlook.com
CUST102577,Joseph,Davis,1946-09-17,2026-05-05,Johannesburg,,34463.37,788.0,joseph.davis331@gmail.com
CUST102578,Sofia,Mokoena,1946-02-08,2018-03-24,Pretoria,Technician,24457.53,731.0,sofia.mokoena271@yahoo.com
CUST102579,SIPHO,Patel,1967-05-21,2020-06-06,Bloemfontein,Entrepreneur,9524.71,643.0,sipho.patel141@gmail.com
CUST102580,Richard,Smith,1960-10-08,2016-11-07,Bloemfontein,Teacher,76373.12,591.0,richard.smith792@webmail.co.za
CUST102581,Joseph,Jones,1996-08-29,2017-01-25,Pretoria,Technician,15280.73,549.0,joseph.jones501@yahoo.com
CUST102582,Elizabeth,Patel,1954-10-16,2021-12-27,Polokwane,Consultant,28291.87,430.0,elizabeth.patel496@webmail.co.za
CUST102583,Lerato,Davis,1993-03-24,2023-09-12,Durban,Civil Servant,14307.61,666.0,lerato.davis286@outlook.com
CUST102584,Barbara,Smith,1978-10-27,2022-05-16,East London,Student,12061.8,615.0,
CUST102585,NALEDI,Smith,1968-01-08,2018-10-24,Durban,Artisan,23790.37,620.0,naledi.smith792@webmail.co.za
CUST102586,Barbara,Van der Merwe,1953-11-21,2015-09-10,kimberley,Driver,18842.93,743.0,barbara.van der merwe295@outlook.com
CUST102587,David,Brown,2005-11-09,2020-06-12,East London,,13342.52,640.0,
CUST102588,Sofia,Williams,1982-09-12,2020-11-03,Bloemfontein,Driver,26337.27,821.0,sofia.williams17@webmail.co.za
CUST102589,Barbara,Khumalo,1971-10-20,2023-12-04,Port Elizabeth,Driver,11057.41,598.0,barbara.khumalo8@gmail.com
CUST102590,Robert,Williams,1967-08-22,2022-06-01,Polokwane,Student,29006.76,563.0,robert.williams63@outlook.com
CUST102591,RICHARD,Chen,2000-03-31,2025-02-02,Port Elizabeth,,24924.43,537.0,richard.chen726@outlook.com
CUST102592,Naledi,Dlamini,1995-02-03,2024-01-26,Nelspruit  ,Entrepreneur,6073.9,,naledi.dlamini634@webmail.co.za
CUST102593,Patricia,Chen,1994-06-25,2019-03-28,Cape Town,Nurse,19655.92,754.0,patricia.chen182@webmail.co.za
CUST102594,Elizabeth,Ndlovu,1982-08-03,2022-04-28,Nelspruit,,35633.66,597.0,elizabeth.ndlovu910@yahoo.com
CUST102595,Jennifer,Silva,1999-03-01,2023-08-28,Kimberley  ,Manager,14212.43,554.0,jennifer.silva696@webmail.co.za
CUST102596,Thabo,Chen,1963-04-04,2026-01-30,Durban,Accountant,36573.36,788.0,thabo.chen521@outlook.com
CUST102597,CHIDI,Martinez,1987-12-04,2019-11-22,durban,,34877.86,519.0,chidi.martinez291@outlook.com
CUST102598,Carlos,Smith,1969-09-02,2022-07-05,kimberley,,14608.62,741.0,carlos.smith984@gmail.com
CUST102599,Richard,Miller,1981-08-07,2019-07-19,Port Elizabeth,Manager,26705.65,599.0,richard.miller511@gmail.com
CUST102600,PRIYA,Williams,2005-11-19,2023-07-19,East London,Engineer,44134.39,686.0,priya.williams338@yahoo.com
CUST102601,Michael,Smith,2005-01-20,2025-07-24,Cape Town,Accountant,15901.15,747.0,michael.smith663@yahoo.com
CUST102602,Wei,Miller,1976-04-08,2025-08-24,Port Elizabeth  ,,23777.94,693.0,wei.miller362@outlook.com
CUST102603,Sipho,Jones,1980-01-03,2016-10-26,polokwane,Engineer,53645.0,623.0,sipho.jones757@gmail.com
CUST102604,Wei,Johnson,1999-09-26,2017-05-13,Nelspruit,Accountant,16081.43,776.0,wei.johnson337@outlook.com
CUST102605,WEI,Miller,2005-02-13,2023-09-29,Port Elizabeth,Nurse,35436.41,676.0,wei.miller103@webmail.co.za
CUST102606,Naledi,Dlamini,1992-06-29,2022-04-23,Johannesburg,,14079.64,981.0,naledi.dlamini492@webmail.co.za
CUST102607,William,Brown,1948-12-23,2025-06-25,Port Elizabeth  ,Manager,24426.47,497.0,william.brown675@webmail.co.za
CUST102608,Thabo,Miller,1964-09-06,2018-08-20,East London,,35173.07,495.0,thabo.miller413@outlook.com
CUST102609,Raj,Smith,1999-09-09,2024-10-27,nelspruit,Sales Rep,6356.82,739.0,raj.smith382@yahoo.com
CUST102610,Sofia,Johnson,1991-11-14,2022-12-02,Nelspruit,Engineer,19524.12,647.0,sofia.johnson419@yahoo.com
CUST102611,Fatima,Brown,1990-04-11,2017-04-06,Polokwane,,34807.88,721.0,fatima.brown629@webmail.co.za
CUST102612,Jennifer,Martinez,1985-09-28,2016-06-19,Cape Town  ,Civil Servant,30807.28,551.0,jennifer.martinez898@yahoo.com
CUST102613,Zanele,Chen,1970-05-01,2023-02-20,Bloemfontein,Entrepreneur,19664.55,655.0,
CUST102614,Patricia,Silva,1969-08-06,2016-11-01,Bloemfontein,Accountant,13866.77,691.0,patricia.silva961@outlook.com
CUST102615,Lerato,Mokoena,1994-05-06,2024-03-14,Port Elizabeth,Engineer,39225.37,601.0,lerato.mokoena591@webmail.co.za
CUST102616,SOFIA,Mokoena,1962-12-03,2021-06-14,kimberley,Retired,22171.34,671.0,sofia.mokoena579@gmail.com
CUST102617,Mary,Pretorius,1986-10-10,2020-07-10,Kimberley,Entrepreneur,37317.15,527.0,mary.pretorius940@webmail.co.za
CUST102618,Lerato,Garcia,1989-04-19,2018-03-11,Durban,,33797.22,686.0,lerato.garcia420@yahoo.com
CUST102619,Carlos,Silva,1996-07-07,2026-05-24,Kimberley,Consultant,20569.18,780.0,carlos.silva668@yahoo.com
CUST102620,Priya,Pretorius,1964-07-06,2023-05-13,Nelspruit,Technician,51202.16,539.0,priya.pretorius827@gmail.com
CUST102621,Richard,Khumalo,1990-04-03,2024-01-05,Polokwane,Retired,18834.27,533.0,richard.khumalo520@gmail.com
CUST102622,Patricia,Van der Merwe,1951-07-01,2023-11-26,Pretoria,Student,54955.13,,patricia.van der merwe713@yahoo.com
CUST102623,Fatima,Brown,1953-06-03,2021-10-06,Polokwane,Retired,59443.14,532.0,fatima.brown193@webmail.co.za
CUST102624,Fatima,Botha,1970-06-16,2025-11-18,Bloemfontein,Driver,50517.18,726.0,fatima.botha571@yahoo.com
CUST102625,Sipho,Khumalo,1948-05-15,2021-10-05,Nelspruit,Civil Servant,24140.91,655.0,sipho.khumalo938@gmail.com
CUST102626,Sofia,Jones,2002-10-22,2021-01-08,Polokwane,Engineer,124026.12,612.0,sofia.jones332@gmail.com
CUST102627,James,Johnson,2000-01-06,2018-03-03,Kimberley,Teacher,29469.37,782.0,james.johnson924@gmail.com
CUST102628,ZANELE,Patel,1947-12-27,2018-04-06,Port Elizabeth,Artisan,31089.76,734.0,zanele.patel220@webmail.co.za
CUST102629,Mary,Martinez,1996-02-19,2023-07-15,Johannesburg,Consultant,26549.42,675.0,mary.martinez261@yahoo.com
CUST102630,Fatima,Miller,1976-01-16,2018-11-17,Port Elizabeth,Consultant,13658.81,456.0,fatima.miller245@webmail.co.za
CUST102631,Lerato,Rodriguez,1987-10-27,2023-06-10,Kimberley,Civil Servant,58515.32,714.0,lerato.rodriguez748@yahoo.com
CUST102632,FATIMA,Nkosi,1999-02-06,2026-01-12,East London,Civil Servant,19083.09,554.0,
CUST102633,Sipho,Martinez,1980-03-12,2020-02-02,Polokwane,Student,46712.48,630.0,sipho.martinez844@webmail.co.za
CUST102634,ROBERT,Johnson,1952-02-05,2016-02-16,East London,Nurse,53945.62,651.0,robert.johnson74@webmail.co.za
CUST102635,James,Miller,1945-02-27,2022-09-20,bloemfontein,,38638.05,821.0,james.miller991@webmail.co.za
CUST102636,David,Brown,1975-04-24,2015-02-10,Johannesburg,Nurse,17762.03,627.0,david.brown258@yahoo.com
CUST102637,Chidi,Patel,2002-11-25,2024-02-12,Port Elizabeth,Artisan,21924.35,522.0,chidi.patel868@yahoo.com
CUST102638,John,Silva,1979-12-06,2021-02-01,Johannesburg,Student,5397.84,782.0,john.silva475@webmail.co.za
CUST102639,Priya,Van der Merwe,1967-10-01,2020-09-02,Pretoria,Retired,25087.36,715.0,priya.van der merwe827@outlook.com
CUST102640,LINDA,Mokoena,1946-11-20,2021-08-05,Polokwane  ,Teacher,43548.31,719.0,linda.mokoena704@yahoo.com
CUST102641,JESSICA,Khan,2000-10-23,2020-12-24,Nelspruit,Driver,23330.04,784.0,jessica.khan410@webmail.co.za
CUST102642,Michael,Martinez,1964-12-15,2018-10-01,Durban  ,Manager,18881.76,805.0,michael.martinez74@yahoo.com
CUST102643,Joseph,Mokoena,1987-12-28,2018-04-05,East London  ,Artisan,22501.83,570.0,joseph.mokoena355@outlook.com
CUST102644,Joseph,Williams,1987-05-07,2019-10-23,Durban,Engineer,,525.0,joseph.williams854@yahoo.com
CUST102645,James,Dlamini,1960-06-27,2025-05-13,Durban  ,Entrepreneur,26039.78,726.0,james.dlamini654@yahoo.com
CUST102646,Sipho,Khumalo,1948-11-21,2016-07-26,Kimberley  ,Teacher,82022.57,626.0,sipho.khumalo829@yahoo.com
CUST102647,Mei,Smith,1968-06-26,2018-10-05,east london,Technician,19102.22,635.0,mei.smith641@webmail.co.za
CUST102648,Fatima,Khumalo,1964-05-06,2017-03-24,Cape Town,Civil Servant,30648.5,549.0,fatima.khumalo822@webmail.co.za
CUST102649,DAVID,Patel,1987-09-19,2019-12-12,Cape Town,Nurse,20742.89,703.0,david.patel297@webmail.co.za
CUST102650,Ahmed,Rodriguez,1995-01-02,2016-07-18,Johannesburg,Student,93404.22,686.0,ahmed.rodriguez316@webmail.co.za
CUST102651,Ahmed,Dlamini,1958-07-27,2023-10-24,Port Elizabeth,Consultant,29966.13,636.0,ahmed.dlamini948@yahoo.com
CUST102652,Sofia,Miller,1977-03-22,2016-03-13,Cape Town,Entrepreneur,96456.33,525.0,sofia.miller891@gmail.com
CUST102653,Barbara,Garcia,1947-06-24,2022-09-15,Bloemfontein  ,Consultant,20908.76,759.0,barbara.garcia425@outlook.com
CUST102654,PRIYA,Williams,1958-01-26,2018-02-06,Port Elizabeth,Entrepreneur,67275.24,673.0,priya.williams730@yahoo.com
CUST102655,Sipho,Davis,1991-06-20,2020-06-20,East London,Sales Rep,28877.04,751.0,sipho.davis500@gmail.com
CUST102656,Mary,Silva,1993-05-25,2017-04-25,durban,Nurse,44444.36,461.0,mary.silva815@gmail.com
CUST102657,William,Pretorius,1992-05-11,2023-06-16,Cape Town,Student,12941.23,655.0,william.pretorius564@yahoo.com
CUST102658,LERATO,Mokoena,1953-09-08,2025-12-25,Cape Town,,33158.3,585.0,lerato.mokoena617@yahoo.com
CUST102659,Jennifer,Mokoena,1978-08-12,2017-07-26,Johannesburg,Sales Rep,14164.98,653.0,jennifer.mokoena86@webmail.co.za
CUST102660,Susan,Mokoena,1970-10-14,2026-01-14,Johannesburg,Entrepreneur,31390.41,735.0,susan.mokoena894@webmail.co.za
CUST102661,Wei,Ndlovu,2005-06-24,2018-10-07,Durban,Civil Servant,10817.99,683.0,
CUST102662,John,Martinez,1984-11-24,2021-06-17,Nelspruit,Artisan,25426.58,652.0,john.martinez275@yahoo.com
CUST102663,Jessica,Mokoena,2002-01-17,2023-02-15,East London,Retired,51915.22,651.0,jessica.mokoena123@outlook.com
CUST102664,Michael,Silva,1953-11-13,2017-04-22,Durban,Consultant,37366.59,510.0,michael.silva736@outlook.com
CUST102665,Naledi,Martinez,1972-07-03,2020-02-25,Kimberley,Entrepreneur,12831.14,568.0,naledi.martinez962@outlook.com
CUST102666,LINDA,Khumalo,1992-01-25,2015-10-14,Polokwane,,8612.48,751.0,linda.khumalo171@gmail.com
CUST102667,Carlos,Ndlovu,1967-06-10,2023-01-27,Polokwane,,36248.99,605.0,carlos.ndlovu729@outlook.com
CUST102668,Robert,Miller,1983-08-01,2019-10-29,Nelspruit,Teacher,69474.79,753.0,robert.miller700@outlook.com
CUST102669,Carlos,Miller,1976-03-19,2025-04-29,Polokwane,Nurse,15087.66,724.0,carlos.miller608@yahoo.com
CUST102670,MEI,Johnson,2005-07-04,2018-03-04,Kimberley  ,Consultant,94697.46,729.0,mei.johnson130@webmail.co.za
CUST102671,Priya,Martinez,1955-08-10,2025-09-11,Pretoria,Student,26798.58,680.0,priya.martinez292@yahoo.com
CUST102672,Priya,Patel,2002-01-20,2016-08-19,Nelspruit,Engineer,8306.42,611.0,priya.patel875@webmail.co.za
CUST102673,Michael,Patel,1969-06-30,2022-01-11,Cape Town,Teacher,10545.68,636.0,michael.patel445@outlook.com
CUST102674,Fatima,Nkosi,1973-07-19,2018-07-26,Pretoria,Engineer,42700.65,708.0,fatima.nkosi732@yahoo.com
CUST102675,Zanele,Smith,1977-03-30,2017-02-07,Nelspruit,Technician,29078.11,459.0,zanele.smith976@gmail.com
CUST102676,CARLOS,Khan,1961-03-10,2016-02-02,Cape Town,Manager,65469.04,762.0,carlos.khan493@yahoo.com
CUST102677,Ahmed,Silva,2003-10-13,2022-08-05,Bloemfontein,Engineer,13109.93,605.0,ahmed.silva123@webmail.co.za
CUST102678,Sipho,Martinez,2000-08-07,2017-09-13,Pretoria,Retired,28885.55,642.0,sipho.martinez101@webmail.co.za
CUST102679,Barbara,Miller,2004-05-06,2021-08-20,Cape Town,Technician,27012.54,643.0,barbara.miller753@yahoo.com
CUST102680,Patricia,Davis,2005-10-23,2026-05-05,Durban,Engineer,24690.93,646.0,patricia.davis244@outlook.com
CUST102681,Patricia,Patel,1985-11-09,2018-08-29,Bloemfontein  ,,21384.8,532.0,patricia.patel704@gmail.com
CUST102682,Richard,Van der Merwe,1972-07-21,2015-05-28,East London,Civil Servant,21641.77,664.0,richard.van der merwe736@gmail.com
CUST102683,Mei,Chen,1996-11-22,2016-08-27,East London,Sales Rep,29875.3,703.0,mei.chen622@yahoo.com
CUST102684,THABO,Dlamini,1946-06-15,2016-05-19,Cape Town,,32258.88,466.0,thabo.dlamini634@outlook.com
CUST102685,Jessica,Chen,1995-11-24,2020-05-13,Pretoria  ,Sales Rep,31305.33,,jessica.chen783@outlook.com
CUST102686,Linda,Johnson,1975-05-03,2023-08-16,Cape Town  ,Teacher,55469.72,731.0,linda.johnson706@outlook.com
CUST102687,Sipho,Mokoena,1986-01-24,2018-06-07,Johannesburg  ,Teacher,13085.14,714.0,sipho.mokoena901@outlook.com
CUST102688,Kagiso,Smith,1967-10-26,2016-09-08,Pretoria,Teacher,9072.38,677.0,kagiso.smith771@yahoo.com
CUST102689,SOFIA,Nkosi,1967-06-27,2022-06-03,east london,Driver,49522.33,589.0,sofia.nkosi293@yahoo.com
CUST102690,Chidi,Botha,1946-12-08,2018-06-27,,Manager,15273.66,714.0,chidi.botha612@webmail.co.za
CUST102691,Zanele,Dlamini,1970-11-07,2021-08-29,Johannesburg,Sales Rep,21425.02,542.0,zanele.dlamini427@yahoo.com
CUST102692,Fatima,Rodriguez,1969-11-28,2025-10-24,Durban  ,Technician,18633.95,638.0,fatima.rodriguez724@webmail.co.za
CUST102693,Susan,Khan,1958-09-18,2018-05-17,Port Elizabeth,Entrepreneur,18396.08,532.0,susan.khan19@gmail.com
CUST102694,Fatima,Chen,1960-02-02,2020-12-07,Pretoria,Engineer,11215.38,635.0,fatima.chen331@yahoo.com
CUST102695,Barbara,Patel,1980-08-19,2024-05-05,nelspruit,Civil Servant,19116.05,557.0,barbara.patel732@yahoo.com
CUST102696,John,Dlamini,1964-05-20,2023-01-04,Bloemfontein,Accountant,39719.55,718.0,john.dlamini426@gmail.com
CUST102697,Susan,Garcia,1995-08-24,2023-09-14,Kimberley,,26839.8,689.0,susan.garcia62@outlook.com
CUST102698,JOHN,Johnson,1951-10-18,2023-12-12,Cape Town,Nurse,36413.84,599.0,john.johnson860@gmail.com
CUST102699,Patricia,Miller,1980-03-27,2021-04-02,Pretoria,Teacher,19977.28,,patricia.miller453@outlook.com
CUST102700,Ahmed,Dlamini,1954-10-06,2021-03-17,johannesburg,Teacher,46244.95,564.0,ahmed.dlamini711@gmail.com
CUST102701,Mei,Martinez,1977-03-22,2023-04-29,Johannesburg,Driver,19830.63,647.0,mei.martinez429@outlook.com
CUST102702,Linda,Dlamini,1978-09-15,2023-01-30,Kimberley,,7592.12,595.0,linda.dlamini299@webmail.co.za
CUST102703,Raj,Miller,1984-03-06,2022-10-05,Port Elizabeth,,32531.83,717.0,raj.miller323@gmail.com
CUST102704,Robert,Pretorius,1971-01-27,2019-06-05,East London,Nurse,42635.0,708.0,robert.pretorius859@gmail.com
CUST102705,ELIZABETH,Rodriguez,1976-01-29,2024-08-05,Durban,Artisan,19234.42,767.0,elizabeth.rodriguez582@yahoo.com
CUST102706,AMARA,Van der Merwe,1956-01-15,2017-09-26,Johannesburg,,55244.48,657.0,amara.van der merwe612@outlook.com
CUST102707,Elizabeth,Rodriguez,1973-03-30,2016-10-20,Nelspruit,Student,16148.54,384.0,elizabeth.rodriguez552@gmail.com
CUST102708,Chidi,Martinez,1967-10-03,2018-12-31,East London,Retired,40232.73,611.0,chidi.martinez287@gmail.com
CUST102709,Priya,Mokoena,1985-08-19,2017-12-09,Polokwane,Retired,76639.32,791.0,priya.mokoena688@webmail.co.za
CUST102710,ROBERT,Garcia,1971-07-11,2022-09-06,bloemfontein  ,Nurse,27502.68,621.0,robert.garcia144@webmail.co.za
CUST102711,JAMES,Jones,1992-07-15,2017-09-04,Port Elizabeth,Technician,23484.83,477.0,james.jones464@yahoo.com
CUST102712,Carlos,Rodriguez,1970-12-26,2022-08-08,Port Elizabeth,Artisan,25250.39,690.0,carlos.rodriguez857@gmail.com
CUST102713,Thabo,Silva,1959-05-20,2020-12-10,,Consultant,71466.01,697.0,thabo.silva725@webmail.co.za
CUST102714,Thabo,Brown,1961-09-11,2016-10-06,Durban,,34257.8,585.0,thabo.brown258@gmail.com
CUST102715,Joseph,Martinez,1947-10-06,2017-12-29,Pretoria,,97394.17,628.0,joseph.martinez164@webmail.co.za
CUST102716,Susan,Chen,1977-12-07,2021-01-15,Pretoria,Entrepreneur,31810.47,574.0,susan.chen654@yahoo.com
CUST102717,Amara,Patel,1995-09-07,2023-06-29,Bloemfontein,Accountant,18173.54,697.0,amara.patel381@outlook.com
CUST102718,Sipho,Martinez,1991-12-01,2019-08-12,Kimberley,Technician,18956.38,655.0,sipho.martinez704@webmail.co.za
CUST102719,Jennifer,Johnson,1971-09-15,2017-09-11,,Entrepreneur,27916.25,545.0,jennifer.johnson120@webmail.co.za
CUST102720,Kagiso,Smith,1956-12-18,2018-06-02,Bloemfontein,Driver,7904.65,649.0,kagiso.smith393@outlook.com
CUST102721,Lerato,Ndlovu,1997-09-02,2016-02-07,Durban,,20231.7,584.0,lerato.ndlovu192@outlook.com
CUST102722,Patricia,Silva,1948-06-19,2015-04-17,Kimberley,Accountant,20502.89,781.0,patricia.silva940@outlook.com
CUST102723,Richard,Smith,1969-05-09,2026-04-09,Pretoria,Nurse,31066.14,730.0,richard.smith500@webmail.co.za
CUST102724,Mei,Botha,1997-04-02,2016-02-12,Pretoria,Accountant,86257.38,639.0,mei.botha905@outlook.com
CUST102725,Zanele,Chen,1968-12-25,2016-06-12,Nelspruit,Civil Servant,27802.74,657.0,zanele.chen808@gmail.com
CUST102726,John,Smith,1952-03-11,2025-02-01,Durban,,8487.96,,john.smith408@outlook.com
CUST102727,Mary,Davis,1961-03-23,2022-09-07,Port Elizabeth  ,Entrepreneur,15547.5,634.0,mary.davis125@webmail.co.za
CUST102728,Sipho,Jones,1981-08-08,2020-01-19,Kimberley,Driver,31488.34,718.0,sipho.jones358@webmail.co.za
CUST102729,Joseph,Pretorius,1954-04-11,2022-07-08,Pretoria,Retired,28446.97,,joseph.pretorius917@outlook.com
CUST102730,Carlos,Khumalo,1984-12-13,2025-10-29,East London,Accountant,71301.55,606.0,carlos.khumalo368@webmail.co.za
CUST102731,Thabo,Davis,1971-09-23,2016-02-25,Johannesburg,Teacher,47860.53,798.0,thabo.davis11@webmail.co.za
CUST102732,Fatima,Miller,1965-05-25,2017-10-27,Kimberley,Accountant,47007.82,,fatima.miller138@outlook.com
CUST102733,Michael,Khumalo,1959-09-12,2024-12-18,Port Elizabeth,Nurse,23616.95,672.0,michael.khumalo298@webmail.co.za
CUST102734,Joseph,Smith,1995-03-22,2024-01-16,East London,Artisan,52024.63,610.0,joseph.smith666@yahoo.com
CUST102735,JOHN,Garcia,1969-03-13,2026-07-07,Bloemfontein,Student,15716.18,671.0,john.garcia837@gmail.com
CUST102736,SIPHO,Brown,1990-01-17,2018-08-20,Port Elizabeth,Engineer,48097.07,628.0,sipho.brown899@webmail.co.za
CUST102737,Michael,Mokoena,1971-11-11,2025-12-10,Port Elizabeth,Teacher,22709.73,579.0,michael.mokoena466@gmail.com
CUST102738,JESSICA,Chen,1950-08-09,2018-12-24,Johannesburg,Technician,11284.71,698.0,jessica.chen9@webmail.co.za
CUST102739,BARBARA,Ndlovu,1971-11-15,2023-04-13,Durban,Teacher,38404.96,558.0,barbara.ndlovu731@outlook.com
CUST102740,Jennifer,Brown,1975-12-20,2025-03-23,pretoria,Entrepreneur,62225.87,620.0,jennifer.brown963@yahoo.com
CUST102741,Patricia,Rodriguez,1972-12-05,2016-12-23,Pretoria,Sales Rep,21079.13,621.0,patricia.rodriguez567@outlook.com
CUST102742,Thabo,Van der Merwe,1994-10-16,2017-05-19,durban,Sales Rep,68710.48,527.0,thabo.van der merwe566@webmail.co.za
CUST102743,Carlos,Jones,2000-07-23,2021-09-23,east london,Engineer,9961.03,709.0,carlos.jones713@outlook.com
CUST102744,Michael,Brown,1992-12-28,2024-10-09,Nelspruit,Student,13120.41,629.0,michael.brown340@gmail.com
CUST102745,Richard,Williams,1980-07-19,2015-11-30,Nelspruit,Student,24636.01,767.0,richard.williams914@yahoo.com
CUST102746,Linda,Silva,1978-01-10,2024-11-08,Kimberley,Retired,21537.3,628.0,linda.silva194@webmail.co.za
CUST102747,Mei,Williams,1984-04-27,2018-12-22,East London,Consultant,18028.7,613.0,mei.williams850@outlook.com
CUST102748,Susan,Khumalo,1962-07-23,2019-09-15,Port Elizabeth,,29149.9,569.0,susan.khumalo336@outlook.com
CUST102749,Sofia,Nkosi,1994-07-10,2018-12-08,East London,Teacher,19591.4,,sofia.nkosi41@outlook.com
CUST102750,Linda,Chen,1997-04-07,2025-07-22,Cape Town,Driver,21690.19,654.0,linda.chen183@gmail.com
CUST102751,Robert,Martinez,1961-04-20,2016-07-07,Nelspruit,Consultant,31794.7,717.0,robert.martinez314@yahoo.com
CUST102752,Sipho,Jones,2000-01-26,2021-08-26,Bloemfontein,Teacher,18024.33,656.0,sipho.jones48@webmail.co.za
CUST102753,Kagiso,Smith,1996-10-08,2016-09-18,Cape Town,Engineer,25245.14,838.0,kagiso.smith131@gmail.com
CUST102754,Sofia,Brown,1970-11-23,2025-10-02,Port Elizabeth,Accountant,18263.81,691.0,sofia.brown5@outlook.com
CUST102755,Priya,Pretorius,2000-06-12,2024-03-29,Pretoria,Teacher,2610220.0,561.0,priya.pretorius49@webmail.co.za
CUST102756,Ahmed,Brown,1952-05-07,2017-09-16,Pretoria,Engineer,42540.9,554.0,ahmed.brown633@outlook.com
CUST102757,Kagiso,Smith,1946-09-16,2018-06-13,johannesburg,Technician,74957.51,698.0,kagiso.smith450@outlook.com
CUST102758,Barbara,Silva,1966-03-22,2019-06-02,Johannesburg,Retired,50957.29,558.0,barbara.silva471@gmail.com
CUST102759,Susan,Martinez,1979-06-29,2019-09-11,Pretoria,Technician,32827.76,704.0,susan.martinez901@yahoo.com
CUST102760,John,Davis,1966-06-09,2024-06-19,Pretoria,Teacher,18307.81,731.0,john.davis7@webmail.co.za
CUST102761,Susan,Patel,2002-06-19,2021-07-15,Kimberley,Manager,22648.5,733.0,susan.patel321@outlook.com
CUST102762,BARBARA,Dlamini,1960-07-15,2019-12-16,Durban,Engineer,50726.96,572.0,barbara.dlamini153@webmail.co.za
CUST102763,Mary,Pretorius,1962-02-26,2023-05-02,Pretoria,Artisan,6843.87,733.0,mary.pretorius829@gmail.com
CUST102764,Michael,Ndlovu,1983-09-22,2020-04-20,Kimberley,Accountant,21634.49,679.0,michael.ndlovu584@webmail.co.za
CUST102765,Naledi,Patel,1945-03-28,2016-06-26,Nelspruit,Manager,41792.39,595.0,naledi.patel921@yahoo.com
CUST102766,BARBARA,Botha,1989-05-19,2016-03-30,johannesburg,Civil Servant,13589.22,636.0,barbara.botha486@yahoo.com
CUST102767,Sofia,Ndlovu,1968-01-10,2018-10-10,Johannesburg,Consultant,34683.97,692.0,sofia.ndlovu373@outlook.com
CUST102768,JESSICA,Miller,2004-08-22,2021-12-25,Johannesburg,Retired,33731.71,589.0,jessica.miller655@gmail.com
CUST102769,Carlos,Nkosi,1987-03-06,2016-07-24,Port Elizabeth,Manager,11241.87,677.0,carlos.nkosi863@gmail.com
CUST102770,Lerato,Jones,1948-03-09,2021-05-16,Bloemfontein,Civil Servant,28344.46,780.0,lerato.jones876@yahoo.com
CUST102771,Mary,Smith,1950-08-26,2018-02-14,Pretoria  ,Student,18574.28,737.0,mary.smith675@outlook.com
CUST102772,Michael,Khumalo,1950-05-19,2023-01-20,Johannesburg,Technician,34532.6,,michael.khumalo870@gmail.com
CUST102773,Amara,Nkosi,2003-02-09,2015-04-30,Durban,Consultant,40210.09,671.0,amara.nkosi405@gmail.com
CUST102774,Naledi,Johnson,1986-09-22,2020-06-06,East London,Artisan,34178.89,602.0,naledi.johnson643@yahoo.com
CUST102775,Elizabeth,Van der Merwe,1971-01-31,2015-08-10,Pretoria,Nurse,28100.86,604.0,elizabeth.van der merwe997@webmail.co.za
CUST102776,Thabo,Van der Merwe,1957-03-25,2018-10-30,Cape Town,Accountant,31994.61,512.0,thabo.van der merwe438@gmail.com
CUST102777,Ahmed,Pretorius,1998-04-16,2015-03-07,East London,Student,13284.6,673.0,ahmed.pretorius287@outlook.com
CUST102778,Richard,Martinez,1957-04-18,2020-06-07,East London,Sales Rep,26411.34,711.0,richard.martinez144@outlook.com
CUST102779,Mary,Garcia,1988-02-09,2023-11-19,Port Elizabeth,Retired,16682.41,644.0,mary.garcia602@webmail.co.za
CUST102780,Elizabeth,Dlamini,1991-07-25,2016-02-28,Kimberley,Technician,49957.27,571.0,elizabeth.dlamini476@gmail.com
CUST102781,FATIMA,Brown,1962-12-22,2023-07-07,Nelspruit,Engineer,40535.88,656.0,fatima.brown226@webmail.co.za
CUST102782,Wei,Van der Merwe,1975-10-19,2021-10-07,Johannesburg,Artisan,40466.95,,wei.van der merwe485@gmail.com
CUST102783,Raj,Chen,1958-08-08,2020-11-04,Kimberley,Artisan,75214.17,731.0,raj.chen802@yahoo.com
CUST102784,Fatima,Ndlovu,1968-02-12,2021-12-10,Johannesburg,Manager,22070.86,647.0,fatima.ndlovu388@outlook.com
CUST102785,Patricia,Dlamini,2003-11-15,2018-11-21,Port Elizabeth,Retired,19352.86,834.0,patricia.dlamini149@gmail.com
CUST102786,ELIZABETH,Patel,1987-04-13,2023-03-24,Kimberley,Manager,21760.21,893.0,elizabeth.patel323@gmail.com
CUST102787,MARY,Dlamini,1996-08-22,2024-01-11,kimberley,Teacher,10287.23,607.0,mary.dlamini371@gmail.com
CUST102788,JAMES,Van der Merwe,1977-12-23,2024-01-05,Johannesburg,,10784.34,628.0,james.van der merwe659@gmail.com
CUST102789,Raj,Pretorius,1959-08-01,2018-02-13,Johannesburg,Civil Servant,39052.49,712.0,raj.pretorius207@yahoo.com
CUST102790,FATIMA,Pretorius,1988-06-26,2022-07-29,Durban,Manager,11648.3,568.0,fatima.pretorius596@yahoo.com
CUST102791,John,Mokoena,1975-07-15,2016-09-18,Durban,Sales Rep,14115.83,726.0,john.mokoena767@outlook.com
CUST102792,CHIDI,Khan,1955-10-16,2020-09-26,Durban,Driver,25310.33,659.0,chidi.khan385@gmail.com
CUST102793,Naledi,Miller,1970-02-27,2015-01-12,Port Elizabeth,Retired,21008.1,683.0,naledi.miller959@yahoo.com
CUST102794,Robert,Smith,1983-09-22,2017-03-29,Pretoria,Artisan,45770.33,598.0,robert.smith537@outlook.com
CUST102795,Fatima,Rodriguez,1989-11-08,2022-04-26,Bloemfontein,Civil Servant,27897.07,579.0,fatima.rodriguez651@webmail.co.za
CUST102796,Priya,Botha,1959-11-02,2025-02-15,Nelspruit,Civil Servant,16662.55,471.0,priya.botha340@outlook.com
CUST102797,Sipho,Williams,1998-06-08,2015-07-27,Bloemfontein,,48193.52,784.0,sipho.williams195@yahoo.com
CUST102798,Amara,Khumalo,1968-02-26,2021-06-20,Pretoria,Driver,41659.09,735.0,amara.khumalo350@gmail.com
CUST102799,Richard,Jones,1961-07-16,2022-05-17,Bloemfontein,Consultant,11538.1,711.0,richard.jones277@gmail.com
CUST102800,Mei,Martinez,1956-11-26,2025-10-19,East London,Manager,31299.58,681.0,mei.martinez91@outlook.com
CUST102801,Joseph,Brown,1994-01-20,2022-08-03,Nelspruit,Student,17517.47,443.0,joseph.brown710@outlook.com
CUST102802,Sofia,Khan,1966-08-09,2016-03-11,Kimberley,,17242.58,582.0,sofia.khan31@yahoo.com
CUST102803,Robert,Silva,1974-06-27,2016-09-12,Durban,Accountant,82595.36,627.0,robert.silva660@yahoo.com
CUST102804,Jennifer,Khan,1958-08-05,2022-05-13,Kimberley,Entrepreneur,28985.84,553.0,jennifer.khan26@yahoo.com
CUST102805,Sofia,Patel,1986-11-07,2017-07-01,Nelspruit,Driver,23611.21,498.0,sofia.patel125@gmail.com
CUST102806,Elizabeth,Garcia,1992-08-22,2025-10-01,Cape Town  ,,28310.01,562.0,elizabeth.garcia730@gmail.com
CUST102807,ELIZABETH,Dlamini,1965-09-15,2025-08-30,bloemfontein,Entrepreneur,45458.0,654.0,elizabeth.dlamini299@outlook.com
CUST102808,Mei,Williams,2002-08-25,2025-12-26,Cape Town,,17659.64,654.0,mei.williams947@gmail.com
CUST102809,Michael,Rodriguez,1946-11-13,2018-05-24,Port Elizabeth,Manager,,732.0,michael.rodriguez401@yahoo.com
CUST102810,Thabo,Dlamini,1953-02-09,2023-04-21,Johannesburg,Manager,39894.86,836.0,thabo.dlamini621@webmail.co.za
CUST102811,Elizabeth,Chen,1980-11-30,2022-09-05,Durban,Entrepreneur,10830.99,712.0,elizabeth.chen76@yahoo.com
CUST102812,Michael,Williams,1987-10-14,2015-05-31,Bloemfontein,Student,48750.13,634.0,michael.williams280@outlook.com
CUST102813,Carlos,Silva,1960-04-16,2018-01-28,Pretoria,,10269.07,812.0,carlos.silva292@gmail.com
CUST102814,Michael,Ndlovu,1978-10-19,2017-05-24,Johannesburg,Entrepreneur,23214.68,508.0,michael.ndlovu623@outlook.com
CUST102815,PATRICIA,Botha,1964-06-03,2019-04-18,Pretoria,Accountant,10308.25,463.0,patricia.botha821@gmail.com
CUST102816,Lerato,Dlamini,1978-10-19,2026-01-14,Bloemfontein,Manager,14274.77,570.0,lerato.dlamini742@gmail.com
CUST102817,Priya,Khumalo,1985-03-21,2024-10-16,Polokwane,Nurse,58606.45,723.0,priya.khumalo145@webmail.co.za
CUST102818,John,Patel,2004-05-04,2018-05-26,Cape Town,,50346.01,665.0,john.patel804@outlook.com
CUST102819,Amara,Van der Merwe,1972-10-18,2021-02-20,Port Elizabeth  ,Technician,53679.87,548.0,amara.van der merwe618@yahoo.com
CUST102820,Naledi,Brown,1984-07-16,2017-03-24,Cape Town,Teacher,11277.98,585.0,naledi.brown585@yahoo.com
CUST102821,Raj,Dlamini,1980-04-05,2018-03-19,Cape Town,Teacher,14319.34,538.0,raj.dlamini136@yahoo.com
CUST102822,John,Smith,1964-05-15,2015-10-02,Cape Town,Retired,32988.81,538.0,
CUST102823,Sofia,Ndlovu,1960-06-09,2022-06-11,Polokwane,Manager,41323.66,790.0,sofia.ndlovu746@outlook.com
CUST102824,Zanele,Silva,2005-04-04,2022-08-10,kimberley  ,Artisan,16652.1,637.0,zanele.silva748@outlook.com
CUST102825,Raj,Botha,1957-08-14,2024-09-16,East London,,19008.61,809.0,raj.botha484@webmail.co.za
CUST102826,Barbara,Miller,1993-03-16,2025-02-03,Pretoria,Engineer,13645.86,570.0,barbara.miller203@yahoo.com
CUST102827,Carlos,Rodriguez,1953-12-10,2016-11-08,Kimberley,Retired,72761.86,694.0,carlos.rodriguez101@webmail.co.za
CUST102828,Kagiso,Khumalo,1994-01-24,2023-08-10,Port Elizabeth,Teacher,20232.12,670.0,kagiso.khumalo436@webmail.co.za
CUST102829,John,Rodriguez,1956-04-30,2016-07-23,Bloemfontein  ,Retired,27413.08,729.0,john.rodriguez853@gmail.com
CUST102830,FATIMA,Brown,2003-12-30,2019-04-30,East London,Driver,28287.82,673.0,fatima.brown445@yahoo.com
CUST102831,Mei,Miller,1986-11-05,2020-12-20,East London,Nurse,52227.91,739.0,mei.miller739@webmail.co.za
CUST102832,Elizabeth,Rodriguez,1950-07-01,2015-07-29,Port Elizabeth,Accountant,15191.94,700.0,elizabeth.rodriguez720@outlook.com
CUST102833,Naledi,Dlamini,1987-04-14,2016-10-25,Port Elizabeth,Manager,54228.21,552.0,naledi.dlamini298@yahoo.com
CUST102834,Richard,Pretorius,1981-10-27,2018-02-20,Pretoria,Student,12491.05,716.0,richard.pretorius347@outlook.com
CUST102835,Naledi,Dlamini,1965-08-04,2016-06-23,East London,Student,54145.61,641.0,naledi.dlamini464@outlook.com
CUST102836,Carlos,Rodriguez,1960-11-26,2025-10-26,East London,Student,9612.51,580.0,carlos.rodriguez245@outlook.com
CUST102837,AHMED,Chen,1988-11-04,2018-05-04,Port Elizabeth,Engineer,25267.31,712.0,ahmed.chen483@outlook.com
CUST102838,MICHAEL,Silva,1990-03-22,2020-10-20,Polokwane  ,,71343.56,733.0,michael.silva446@gmail.com
CUST102839,Sofia,Martinez,1964-12-16,2026-07-17,Cape Town,Sales Rep,40878.26,,sofia.martinez263@yahoo.com
CUST102840,JOSEPH,Ndlovu,1998-06-13,2021-07-24,Port Elizabeth,Teacher,34639.34,618.0,joseph.ndlovu133@outlook.com
CUST102841,Amara,Jones,1961-05-26,2019-10-07,Kimberley,Civil Servant,14342.05,525.0,amara.jones348@outlook.com
CUST102842,Wei,Botha,1949-04-06,2025-10-08,Polokwane,Retired,17311.38,488.0,wei.botha963@gmail.com
CUST102843,Jessica,Botha,1981-08-04,2017-07-30,Polokwane,Teacher,60272.88,628.0,jessica.botha279@webmail.co.za
CUST102844,Joseph,Brown,1951-07-14,2017-01-29,Nelspruit,Sales Rep,35717.77,721.0,joseph.brown864@outlook.com
CUST102845,Joseph,Davis,1961-11-16,2021-03-14,East London  ,Civil Servant,45896.75,598.0,joseph.davis195@gmail.com
CUST102846,Priya,Garcia,1975-12-09,2019-12-13,East London,Student,28121.12,779.0,priya.garcia199@yahoo.com
CUST102847,RICHARD,Pretorius,1962-06-20,2024-03-25,Port Elizabeth,Nurse,22719.1,632.0,richard.pretorius611@yahoo.com
CUST102848,William,Johnson,1958-02-11,2015-06-27,,Student,42616.51,632.0,william.johnson725@yahoo.com
CUST102849,Barbara,Jones,1987-11-23,2022-02-25,Polokwane,Nurse,31432.94,,barbara.jones589@webmail.co.za
CUST102850,Michael,Miller,1978-05-14,2023-03-26,Bloemfontein,Manager,24294.96,738.0,michael.miller253@gmail.com
CUST102851,Richard,Khumalo,1996-03-23,2026-04-04,Cape Town,Nurse,11517.19,564.0,richard.khumalo221@outlook.com
CUST102852,Patricia,Garcia,1980-06-15,2016-09-08,Nelspruit,Student,47683.7,638.0,patricia.garcia746@gmail.com
CUST102853,Robert,Dlamini,1974-06-28,2017-11-07,Pretoria,Civil Servant,35031.95,601.0,robert.dlamini384@outlook.com
CUST102854,Chidi,Khan,1960-12-08,2025-10-19,Pretoria,Engineer,18699.33,599.0,chidi.khan806@gmail.com
CUST102855,Robert,Van der Merwe,1993-04-25,2022-04-21,Cape Town,Artisan,54587.03,653.0,robert.van der merwe785@outlook.com
CUST102856,Sipho,Williams,1957-01-04,2015-06-10,durban,Accountant,31141.22,640.0,sipho.williams117@yahoo.com
CUST102857,WEI,Brown,1959-10-11,2015-11-24,cape town,Retired,31509.34,745.0,wei.brown54@webmail.co.za
CUST102858,Chidi,Williams,1996-05-02,2024-02-05,Johannesburg,Nurse,45722.11,649.0,chidi.williams861@gmail.com
CUST102859,Joseph,Pretorius,1990-03-19,2021-07-28,Johannesburg,Manager,40183.99,700.0,joseph.pretorius352@webmail.co.za
CUST102860,Michael,Chen,1982-05-21,2021-07-19,Durban,Accountant,32086.95,666.0,michael.chen72@yahoo.com
CUST102861,Fatima,Dlamini,1947-05-18,2025-03-10,Polokwane,Civil Servant,24024.97,776.0,fatima.dlamini217@gmail.com
CUST102862,Raj,Silva,1952-10-06,2017-10-16,Nelspruit  ,Teacher,88450.51,623.0,raj.silva667@webmail.co.za
CUST102863,Zanele,Khumalo,1975-07-01,2016-11-09,Durban,Consultant,17321.77,623.0,zanele.khumalo81@gmail.com
CUST102864,Robert,Garcia,1990-07-11,2022-02-09,Port Elizabeth,,42090.74,717.0,robert.garcia71@outlook.com
CUST102865,Mary,Dlamini,1973-04-23,2025-03-21,Nelspruit,Consultant,,622.0,mary.dlamini569@webmail.co.za
CUST102866,David,Patel,1946-01-21,2018-01-27,Polokwane,Retired,35342.03,695.0,david.patel87@gmail.com
CUST102867,Jennifer,Smith,1956-03-29,2022-11-21,Kimberley,Retired,56390.39,860.0,jennifer.smith927@outlook.com
CUST102868,Priya,Mokoena,1980-11-30,2016-10-06,Port Elizabeth,Engineer,22315.86,562.0,priya.mokoena544@gmail.com
CUST102869,Michael,Ndlovu,1987-05-07,2016-12-28,Cape Town,Retired,38603.64,788.0,michael.ndlovu30@outlook.com
CUST102870,Elizabeth,Johnson,1947-01-15,2025-06-10,Cape Town,Driver,31550.17,606.0,elizabeth.johnson528@yahoo.com
CUST102871,Sofia,Garcia,1947-08-24,2016-05-13,polokwane,Student,18310.3,,sofia.garcia13@webmail.co.za
CUST102872,Raj,Martinez,1960-12-09,2015-04-13,Johannesburg,,57231.48,712.0,raj.martinez877@outlook.com
CUST102873,Michael,Davis,1950-02-04,2023-12-22,Port Elizabeth,Teacher,41221.39,,michael.davis730@gmail.com
CUST102874,Richard,Miller,1978-01-22,2019-03-14,Pretoria  ,Manager,20728.61,636.0,richard.miller756@webmail.co.za
CUST102875,Thabo,Chen,1952-07-18,2019-08-05,Kimberley,Civil Servant,52164.44,627.0,thabo.chen838@gmail.com
CUST102876,Lerato,Rodriguez,1984-07-16,2024-04-06,Kimberley,Nurse,16336.35,585.0,lerato.rodriguez861@webmail.co.za
CUST102877,Fatima,Ndlovu,1992-05-29,2017-01-31,Port Elizabeth  ,Accountant,26440.16,651.0,fatima.ndlovu764@gmail.com
CUST102878,Priya,Silva,2004-03-14,2022-07-13,Bloemfontein,Consultant,20794.96,633.0,priya.silva854@gmail.com
CUST102879,Sofia,Williams,2002-11-07,2018-08-19,Pretoria,,42225.82,667.0,sofia.williams223@gmail.com
CUST102880,Mary,Davis,1961-09-04,2016-03-17,Polokwane,Driver,20174.81,,mary.davis232@webmail.co.za
CUST102881,Linda,Johnson,1946-10-18,2022-12-18,Durban,Manager,,652.0,linda.johnson924@outlook.com
CUST102882,Sipho,Pretorius,1965-02-03,2018-09-09,polokwane,Retired,38433.17,764.0,sipho.pretorius109@outlook.com
CUST102883,Mary,Jones,1988-03-20,2025-01-13,Kimberley,Teacher,21479.42,735.0,mary.jones109@webmail.co.za
CUST102884,Barbara,Van der Merwe,1948-08-25,2025-08-23,Cape Town,Driver,80646.49,652.0,barbara.van der merwe184@outlook.com
CUST102885,John,Jones,1966-12-11,2024-10-31,Durban,Driver,17203.35,881.0,john.jones349@outlook.com
CUST102886,Fatima,Davis,1963-03-07,2018-09-25,Pretoria,Sales Rep,11551.74,598.0,fatima.davis541@webmail.co.za
CUST102887,Robert,Mokoena,1958-05-19,2017-09-27,Nelspruit,Consultant,44965.89,642.0,robert.mokoena440@gmail.com
CUST102888,John,Van der Merwe,1988-01-27,2025-05-04,,Accountant,7408.29,519.0,john.van der merwe515@webmail.co.za
CUST102889,Michael,Brown,1985-03-16,2020-03-30,cape town,Manager,65847.06,614.0,
CUST102890,John,Jones,1977-08-31,2023-03-13,Pretoria,Civil Servant,28596.86,811.0,john.jones427@outlook.com
CUST102891,Sipho,Botha,2000-07-22,2024-07-30,East London,Entrepreneur,11427.85,617.0,sipho.botha353@yahoo.com
CUST102892,Barbara,Davis,1951-04-17,2018-03-20,Kimberley,,15228.46,512.0,barbara.davis958@yahoo.com
CUST102893,FATIMA,Jones,1954-02-17,2016-05-18,Port Elizabeth,Student,10092.49,728.0,fatima.jones366@outlook.com
CUST102894,William,Khan,1968-05-22,2022-03-28,Johannesburg,Consultant,33851.2,685.0,william.khan518@gmail.com
CUST102895,Naledi,Williams,1985-01-03,2021-11-01,Cape Town,Accountant,12135.03,725.0,naledi.williams215@outlook.com
CUST102896,Lerato,Botha,1980-08-17,2018-02-16,Johannesburg,Nurse,36361.05,623.0,lerato.botha809@outlook.com
CUST102897,Kagiso,Botha,1949-07-08,2021-10-09,Cape Town,Consultant,22406.48,559.0,kagiso.botha480@webmail.co.za
CUST102898,Mei,Van der Merwe,2003-06-18,2024-02-26,port elizabeth  ,Sales Rep,20227.16,633.0,mei.van der merwe138@webmail.co.za
CUST102899,Michael,Miller,1963-08-11,2019-01-20,durban,Retired,,700.0,michael.miller569@gmail.com
CUST102900,Thabo,Williams,1966-11-24,2017-10-22,Pretoria,Engineer,39108.96,643.0,thabo.williams846@yahoo.com
CUST102901,MEI,Martinez,1983-01-15,2023-05-25,Polokwane,Civil Servant,53502.4,685.0,mei.martinez992@outlook.com
CUST102902,Priya,Davis,2002-08-27,2024-02-07,Port Elizabeth,Nurse,18393.14,602.0,priya.davis420@gmail.com
CUST102903,Zanele,Nkosi,1985-06-04,2026-01-19,Polokwane,,26426.28,688.0,zanele.nkosi147@yahoo.com
CUST102904,KAGISO,Mokoena,2003-03-29,2016-09-16,Bloemfontein,Manager,18376.05,650.0,kagiso.mokoena297@yahoo.com
CUST102905,Priya,Pretorius,1956-06-11,2025-04-19,Durban,Civil Servant,29667.06,586.0,priya.pretorius954@webmail.co.za
CUST102906,Zanele,Khan,1982-09-30,2023-11-11,Kimberley,Student,16865.51,,zanele.khan191@webmail.co.za
CUST102907,Carlos,Patel,1995-07-24,2023-02-17,Port Elizabeth,Engineer,20859.02,615.0,carlos.patel57@gmail.com
CUST102908,John,Williams,1976-01-19,2018-08-17,Nelspruit,Entrepreneur,20922.9,706.0,john.williams644@gmail.com
CUST102909,Barbara,Johnson,1967-02-03,2015-04-04,Johannesburg,Student,,729.0,barbara.johnson437@outlook.com
CUST102910,Patricia,Johnson,2005-01-25,2020-11-16,Nelspruit,Teacher,26950.93,695.0,patricia.johnson388@gmail.com
CUST102911,Robert,Mokoena,1953-08-08,2018-04-23,Polokwane  ,Retired,36453.07,503.0,robert.mokoena998@yahoo.com
CUST102912,Jessica,Jones,1970-01-25,2018-05-10,Durban,Engineer,25230.33,,jessica.jones658@gmail.com
CUST102913,Linda,Nkosi,1998-04-10,2025-09-26,Polokwane,Sales Rep,18999.13,593.0,linda.nkosi162@outlook.com
CUST102914,Susan,Williams,1999-12-05,2016-10-09,Polokwane,Nurse,30175.02,578.0,susan.williams897@gmail.com
CUST102915,Joseph,Pretorius,2004-10-19,2025-10-26,nelspruit,Engineer,15516.97,601.0,joseph.pretorius974@yahoo.com
CUST102916,Zanele,Chen,1998-12-22,2020-11-01,Durban,Consultant,37854.1,733.0,zanele.chen985@webmail.co.za
CUST102917,Carlos,Williams,1948-02-10,2024-09-15,Nelspruit,Student,22668.26,713.0,
CUST102918,Priya,Johnson,2001-09-18,2018-04-14,Polokwane,Technician,30415.62,612.0,priya.johnson158@outlook.com
CUST102919,Richard,Rodriguez,1971-02-13,2022-05-05,Pretoria,,30699.89,703.0,richard.rodriguez165@outlook.com
CUST102920,David,Davis,1984-09-30,2021-06-12,Pretoria,Technician,70328.14,680.0,david.davis119@webmail.co.za
CUST102921,Wei,Miller,1969-01-19,2025-09-14,Durban,Nurse,33824.82,647.0,wei.miller372@yahoo.com
CUST102922,PATRICIA,Dlamini,1994-08-19,2017-01-28,Port Elizabeth,Engineer,28111.43,753.0,patricia.dlamini710@gmail.com
CUST102923,Naledi,Williams,1980-02-17,2017-05-15,nelspruit,Nurse,17757.75,590.0,naledi.williams344@webmail.co.za
CUST102924,SUSAN,Williams,1996-07-29,2025-12-28,Nelspruit  ,Engineer,43539.82,655.0,susan.williams360@gmail.com
CUST102925,Jennifer,Patel,1956-10-27,2016-02-19,Cape Town,Retired,22876.76,555.0,jennifer.patel44@webmail.co.za
CUST102926,Zanele,Nkosi,1956-04-14,2022-05-08,Cape Town,Artisan,10772.07,560.0,zanele.nkosi62@gmail.com
CUST102927,David,Miller,1971-11-12,2015-09-14,Johannesburg  ,Nurse,23931.41,528.0,david.miller238@webmail.co.za
CUST102928,JENNIFER,Pretorius,1945-04-16,2015-11-22,East London,Consultant,30178.77,561.0,jennifer.pretorius122@yahoo.com
CUST102929,Kagiso,Davis,1987-04-07,2021-11-30,Pretoria,Technician,16463.43,657.0,kagiso.davis74@webmail.co.za
CUST102930,Jennifer,Davis,1963-01-22,2021-05-21,Polokwane,Teacher,25061.59,623.0,jennifer.davis181@gmail.com
CUST102931,Lerato,Johnson,1978-12-30,2021-08-20,Polokwane,,25773.71,,lerato.johnson320@yahoo.com
CUST102932,Jennifer,Martinez,1949-04-09,2020-06-26,Cape Town,,26015.69,623.0,jennifer.martinez49@yahoo.com
CUST102933,Susan,Ndlovu,1955-05-30,2023-08-07,East London,Retired,56431.63,810.0,susan.ndlovu502@yahoo.com
CUST102934,Mei,Chen,1982-12-29,2026-06-28,Polokwane,Entrepreneur,,548.0,mei.chen442@outlook.com
CUST102935,Linda,Brown,1963-08-24,2018-03-12,Kimberley,Consultant,91151.8,538.0,linda.brown275@yahoo.com
CUST102936,Wei,Jones,1958-02-05,2018-09-30,Polokwane,Entrepreneur,26378.35,574.0,wei.jones510@gmail.com
CUST102937,CHIDI,Martinez,1958-12-17,2018-09-28,Pretoria,,38105.99,644.0,chidi.martinez987@webmail.co.za
CUST102938,Ahmed,Johnson,1958-02-07,2023-11-03,Kimberley,Nurse,29047.91,696.0,ahmed.johnson696@yahoo.com
CUST102939,Jennifer,Brown,1982-12-29,2019-01-12,Durban,Nurse,9550.85,706.0,jennifer.brown691@outlook.com
CUST102940,Amara,Mokoena,1955-03-25,2022-11-02,nelspruit,Entrepreneur,14271.98,735.0,amara.mokoena578@gmail.com
CUST102941,Fatima,Pretorius,1967-02-15,2020-03-01,Pretoria,Sales Rep,19642.18,640.0,fatima.pretorius683@outlook.com
CUST102942,Wei,Khumalo,1986-12-17,2022-01-15,Kimberley,Student,48836.43,614.0,wei.khumalo693@webmail.co.za
CUST102943,Michael,Brown,1976-05-02,2024-08-07,Polokwane,Nurse,11724.16,797.0,michael.brown463@gmail.com
CUST102944,RAJ,Nkosi,1981-06-07,2020-12-14,bloemfontein,Sales Rep,16099.73,,
CUST102945,Patricia,Dlamini,1960-04-21,2020-07-02,Durban,Teacher,29700.24,656.0,patricia.dlamini231@yahoo.com
CUST102946,Sipho,Patel,2001-11-22,2018-02-03,Cape Town,Accountant,35728.85,689.0,sipho.patel23@webmail.co.za
CUST102947,Jessica,Jones,1970-03-31,2020-12-22,Kimberley,Teacher,35088.63,819.0,jessica.jones547@yahoo.com
CUST102948,Thabo,Khumalo,1962-07-04,2018-01-15,Nelspruit,Accountant,14907.16,501.0,thabo.khumalo703@webmail.co.za
CUST102949,Thabo,Johnson,2000-02-29,2024-10-08,Bloemfontein,Artisan,10313.46,612.0,thabo.johnson366@webmail.co.za
CUST102950,MARY,Mokoena,1984-12-21,2019-07-03,Nelspruit,Engineer,37176.64,528.0,mary.mokoena117@webmail.co.za
CUST102951,Thabo,Jones,1982-06-14,2016-06-30,Polokwane,Nurse,63568.56,,thabo.jones141@webmail.co.za
CUST102952,Fatima,Pretorius,1999-02-02,2017-10-12,Pretoria  ,,21868.86,632.0,fatima.pretorius18@outlook.com
CUST102953,Susan,Johnson,1948-07-28,2021-03-11,Nelspruit,Nurse,13537.08,725.0,susan.johnson32@yahoo.com
CUST102954,William,Chen,1996-02-05,2025-08-11,Polokwane,Consultant,20786.77,759.0,william.chen665@yahoo.com
CUST102955,SOFIA,Brown,1986-05-08,2018-06-25,Port Elizabeth,Civil Servant,34079.03,602.0,sofia.brown215@gmail.com
CUST102956,Patricia,Patel,1966-12-17,2018-01-23,Johannesburg,Retired,23391.18,710.0,patricia.patel842@gmail.com
CUST102957,Jessica,Ndlovu,1960-08-21,2019-09-16,polokwane  ,Teacher,62587.21,632.0,jessica.ndlovu710@yahoo.com
CUST102958,Thabo,Nkosi,1951-05-24,2026-03-17,Pretoria,Nurse,46862.94,700.0,thabo.nkosi13@yahoo.com
CUST102959,Jessica,Chen,2002-05-28,2024-10-15,pretoria,Student,30049.55,,jessica.chen95@outlook.com
CUST102960,Fatima,Rodriguez,1953-08-28,2016-09-25,Polokwane,Manager,8328.23,633.0,fatima.rodriguez768@gmail.com
CUST102961,SUSAN,Johnson,1960-10-29,2022-02-09,Nelspruit,Sales Rep,17758.9,747.0,susan.johnson772@webmail.co.za
CUST102962,Sofia,Mokoena,1987-02-27,2024-03-03,Johannesburg,Technician,19364.3,541.0,sofia.mokoena675@gmail.com
CUST102963,Robert,Martinez,1988-04-26,2023-11-23,Nelspruit  ,Consultant,17189.09,709.0,robert.martinez128@gmail.com
CUST102964,Chidi,Johnson,1954-10-22,2020-08-29,Durban  ,,30166.66,743.0,chidi.johnson817@yahoo.com
CUST102965,SIPHO,Khumalo,1994-08-30,2023-06-23,Bloemfontein,Engineer,30542.22,734.0,sipho.khumalo529@yahoo.com
CUST102966,LINDA,Jones,1976-02-16,2021-10-04,Nelspruit  ,Teacher,9853.23,543.0,linda.jones998@gmail.com
CUST102967,Linda,Garcia,1996-10-02,2017-05-02,Durban,Engineer,43597.66,,linda.garcia777@gmail.com
CUST102968,Chidi,Smith,1950-04-29,2015-08-26,Durban,Accountant,27164.72,677.0,chidi.smith976@webmail.co.za
CUST102969,Kagiso,Rodriguez,1947-08-13,2019-04-12,Kimberley,Entrepreneur,33342.39,690.0,kagiso.rodriguez264@yahoo.com
CUST102970,ZANELE,Jones,1983-11-09,2015-09-20,Pretoria  ,,42061.82,660.0,zanele.jones727@yahoo.com
CUST102971,Mary,Johnson,1954-02-25,2019-07-29,Kimberley,Technician,16980.45,779.0,mary.johnson68@yahoo.com
CUST102972,Zanele,Martinez,1977-01-08,2024-08-07,pretoria,Engineer,57259.19,533.0,zanele.martinez914@yahoo.com
CUST102973,Sofia,Jones,1945-11-11,2024-10-11,East London,Teacher,24709.03,628.0,sofia.jones490@gmail.com
CUST102974,James,Williams,1992-07-29,2015-05-25,Bloemfontein,Entrepreneur,66671.2,498.0,james.williams27@yahoo.com
CUST102975,JESSICA,Ndlovu,1999-11-14,2015-10-22,Kimberley,Manager,15734.96,706.0,jessica.ndlovu867@webmail.co.za
CUST102976,Jessica,Johnson,1996-03-03,2022-10-04,bloemfontein,Civil Servant,63764.25,700.0,jessica.johnson377@webmail.co.za
CUST102977,Ahmed,Nkosi,2003-06-17,2020-10-15,Bloemfontein,Technician,15640.35,951.0,ahmed.nkosi811@outlook.com
CUST102978,Elizabeth,Ndlovu,2000-02-02,2016-09-23,Port Elizabeth,Civil Servant,124152.85,742.0,elizabeth.ndlovu318@outlook.com
CUST102979,Jessica,Nkosi,1972-02-01,2024-04-30,Pretoria,Nurse,15197.71,680.0,jessica.nkosi800@gmail.com
CUST102980,Amara,Botha,1969-04-19,2017-07-04,Port Elizabeth,Entrepreneur,50713.73,673.0,amara.botha893@gmail.com
CUST102981,Mary,Nkosi,1999-09-01,2015-11-27,Port Elizabeth,Consultant,21645.73,622.0,mary.nkosi765@outlook.com
CUST102982,Mei,Dlamini,2001-07-17,2023-09-06,Polokwane,Sales Rep,41316.34,662.0,mei.dlamini573@yahoo.com
CUST102983,RAJ,Martinez,2004-05-04,2022-01-16,Johannesburg  ,Technician,26256.92,675.0,raj.martinez854@yahoo.com
CUST102984,Chidi,Patel,1991-11-13,2019-07-27,Bloemfontein,Driver,13978.31,473.0,chidi.patel767@webmail.co.za
CUST102985,Kagiso,Johnson,1957-04-28,2023-01-09,Bloemfontein,Artisan,5023.6,668.0,kagiso.johnson321@webmail.co.za
CUST102986,Chidi,Van der Merwe,2002-08-22,2025-07-22,Polokwane  ,Retired,121121.56,,chidi.van der merwe201@gmail.com
CUST102987,Mei,Davis,2002-10-10,2015-05-25,East London,,28108.14,808.0,mei.davis689@gmail.com
CUST102988,AHMED,Smith,1985-08-19,2022-04-09,Port Elizabeth,,4600.32,638.0,ahmed.smith519@gmail.com
CUST102989,Susan,Garcia,1997-04-17,2017-07-11,Cape Town,Sales Rep,32259.41,581.0,
CUST102990,Joseph,Garcia,1979-03-26,2020-06-28,Pretoria,Retired,40690.58,674.0,joseph.garcia249@gmail.com
CUST102991,KAGISO,Smith,2002-08-04,2019-11-29,Durban,Civil Servant,17517.43,657.0,kagiso.smith916@webmail.co.za
CUST102992,MICHAEL,Chen,1950-09-24,2019-07-08,Durban,,17588.27,638.0,michael.chen665@yahoo.com
CUST102993,Priya,Williams,1997-09-13,2017-03-16,Polokwane,Technician,26584.8,535.0,priya.williams857@gmail.com
CUST102994,Wei,Van der Merwe,1948-05-21,2024-04-18,Port Elizabeth,Student,,636.0,wei.van der merwe413@gmail.com
CUST102995,Kagiso,Martinez,1965-09-07,2019-05-25,Polokwane  ,Sales Rep,28566.1,598.0,kagiso.martinez696@outlook.com
CUST102996,Elizabeth,Patel,1953-04-03,2025-04-10,Cape Town,Teacher,,631.0,elizabeth.patel765@gmail.com
CUST102997,Barbara,Davis,1974-03-24,2019-02-09,Kimberley,Artisan,,716.0,barbara.davis787@yahoo.com
CUST102998,Susan,Williams,1959-03-03,2024-09-21,Port Elizabeth,Sales Rep,23452.42,589.0,susan.williams348@webmail.co.za
CUST102999,Lerato,Brown,2003-01-28,2021-04-22,Durban,Artisan,10484.84,630.0,lerato.brown453@gmail.com
CUST103000,Wei,Chen,1979-02-13,2019-06-20,Pretoria,Engineer,23482.19,699.0,wei.chen529@gmail.com
CUST103001,Lerato,Patel,1999-10-05,2023-02-26,Nelspruit,Engineer,36897.14,626.0,lerato.patel717@gmail.com
CUST103002,FATIMA,Garcia,1961-12-17,2024-02-10,Polokwane,Artisan,27887.56,885.0,
CUST103003,Carlos,Davis,1946-08-02,2020-08-03,Cape Town  ,,39365.89,672.0,carlos.davis746@webmail.co.za
CUST103004,Amara,Pretorius,1992-04-24,2019-12-05,kimberley,Artisan,45163.84,538.0,amara.pretorius441@webmail.co.za
CUST103005,Barbara,Van der Merwe,1987-11-05,2021-09-08,Cape Town,,36994.15,574.0,barbara.van der merwe512@outlook.com
CUST103006,Zanele,Martinez,1978-04-11,2021-10-11,Durban,Entrepreneur,22806.55,565.0,zanele.martinez128@webmail.co.za
CUST103007,Susan,Garcia,1994-09-26,2019-12-05,,Driver,36751.34,576.0,susan.garcia549@yahoo.com
CUST103008,Kagiso,Miller,1996-03-30,2023-10-10,Bloemfontein,Teacher,102877.12,698.0,kagiso.miller413@yahoo.com
CUST103009,Mei,Dlamini,1980-11-10,2019-08-18,Port Elizabeth,Consultant,11004.64,550.0,
CUST103010,Barbara,Khumalo,2003-12-02,2020-03-31,kimberley,Artisan,36039.56,,barbara.khumalo171@yahoo.com
CUST103011,Thabo,Jones,1988-11-25,2022-01-04,Polokwane,Retired,80757.17,753.0,thabo.jones278@outlook.com
CUST103012,Mary,Johnson,1986-04-16,2026-06-06,Kimberley,Technician,13296.37,603.0,mary.johnson959@gmail.com
CUST103013,CHIDI,Ndlovu,1967-01-18,2018-01-07,Durban,Civil Servant,,710.0,chidi.ndlovu257@gmail.com
CUST103014,Jessica,Silva,1945-02-20,2017-09-08,Nelspruit,Entrepreneur,53147.71,499.0,jessica.silva483@yahoo.com
CUST103015,Joseph,Brown,1959-09-12,2017-01-18,Durban  ,Consultant,11091.03,617.0,joseph.brown455@gmail.com
CUST103016,Naledi,Rodriguez,1991-08-07,2022-12-26,Nelspruit,,41250.44,570.0,naledi.rodriguez870@outlook.com
CUST103017,Michael,Brown,1988-04-20,2020-03-14,,Engineer,22861.52,,michael.brown910@yahoo.com
CUST103018,ZANELE,Garcia,1965-03-11,2019-07-02,Bloemfontein,Retired,25944.96,557.0,zanele.garcia666@gmail.com
CUST103019,Chidi,Mokoena,1983-02-28,2017-05-13,Cape Town,,22137.48,836.0,chidi.mokoena610@webmail.co.za
CUST103020,Barbara,Miller,1956-11-29,2025-04-27,nelspruit,Civil Servant,59137.08,502.0,barbara.miller734@outlook.com
CUST103021,John,Garcia,1961-01-30,2020-02-18,Durban,Teacher,25152.87,752.0,john.garcia1@yahoo.com
CUST103022,Richard,Nkosi,2002-10-16,2022-01-14,Bloemfontein,Nurse,20373.94,729.0,richard.nkosi485@yahoo.com
CUST103023,Michael,Brown,1970-03-16,2016-04-21,,Student,20582.05,678.0,michael.brown549@webmail.co.za
CUST103024,Barbara,Jones,1959-12-12,2016-04-01,Kimberley,Technician,21925.51,655.0,barbara.jones586@gmail.com
CUST103025,Kagiso,Pretorius,1974-09-18,2015-10-12,Pretoria,Consultant,14076.73,817.0,kagiso.pretorius663@webmail.co.za
CUST103026,Patricia,Khumalo,1968-08-10,2019-04-03,polokwane  ,Sales Rep,20266.4,872.0,patricia.khumalo200@webmail.co.za
CUST103027,Chidi,Smith,1989-07-02,2020-06-23,Polokwane,Artisan,28871.26,631.0,chidi.smith521@outlook.com
CUST103028,Linda,Martinez,2003-09-08,2017-10-31,Bloemfontein,Artisan,34290.68,664.0,linda.martinez392@outlook.com
CUST103029,Ahmed,Khumalo,1981-02-04,2019-01-19,Cape Town,Nurse,55404.91,600.0,ahmed.khumalo536@outlook.com
CUST103030,CHIDI,Garcia,1981-01-22,2015-01-27,Durban,Retired,31088.32,,chidi.garcia102@gmail.com
CUST103031,William,Khumalo,1967-04-04,2019-01-25,East London,,20238.02,692.0,william.khumalo218@outlook.com
CUST103032,Sipho,Chen,1979-06-11,2016-05-19,Bloemfontein,Consultant,14667.3,672.0,sipho.chen506@webmail.co.za
CUST103033,Patricia,Garcia,1964-06-24,2016-06-27,Bloemfontein,Artisan,,505.0,patricia.garcia20@yahoo.com
CUST103034,Patricia,Silva,1945-01-25,2015-01-20,Durban,Retired,25073.77,691.0,patricia.silva353@outlook.com
CUST103035,Carlos,Martinez,1997-10-30,2023-01-24,Bloemfontein,Driver,25576.0,675.0,carlos.martinez105@outlook.com
CUST103036,Mei,Nkosi,1971-03-13,2025-10-14,Johannesburg,Engineer,31492.91,596.0,mei.nkosi368@outlook.com
CUST103037,John,Johnson,1975-01-07,2022-03-14,Port Elizabeth  ,Nurse,36740.44,590.0,john.johnson291@gmail.com
CUST103038,Elizabeth,Davis,1950-02-04,2016-02-11,Johannesburg,,31629.36,688.0,elizabeth.davis679@gmail.com
CUST103039,Michael,Patel,1996-01-23,2026-06-18,East London,Accountant,24286.82,795.0,michael.patel148@outlook.com
CUST103040,Richard,Botha,1955-05-23,2026-04-19,Bloemfontein,Accountant,16633.45,686.0,richard.botha227@outlook.com
CUST103041,Elizabeth,Jones,1970-01-18,2020-06-03,Nelspruit  ,Entrepreneur,18626.29,720.0,elizabeth.jones348@yahoo.com
CUST103042,DAVID,Nkosi,1996-04-03,2016-04-01,Port Elizabeth,Accountant,44754.89,575.0,david.nkosi454@yahoo.com
CUST103043,THABO,Jones,1972-12-03,2023-05-07,Cape Town,Sales Rep,20865.41,613.0,thabo.jones926@webmail.co.za
CUST103044,Michael,Martinez,2001-10-19,2026-02-19,Durban,Manager,11996.55,705.0,michael.martinez742@gmail.com
CUST103045,AHMED,Miller,1957-10-08,2024-01-07,Nelspruit,Artisan,53946.32,528.0,ahmed.miller239@webmail.co.za
CUST103046,CHIDI,Martinez,1988-08-17,2022-03-25,Kimberley,Consultant,15284.17,669.0,chidi.martinez486@outlook.com
CUST103047,WEI,Botha,2004-08-27,2022-01-27,Johannesburg,Technician,27478.2,694.0,wei.botha722@yahoo.com
CUST103048,Jennifer,Khan,1978-07-11,2026-04-29,East London  ,Technician,36123.46,647.0,jennifer.khan454@webmail.co.za
CUST103049,Amara,Silva,1987-03-23,2015-11-06,Port Elizabeth,Entrepreneur,26955.19,679.0,amara.silva409@webmail.co.za
CUST103050,Raj,Garcia,1968-12-26,2016-09-24,Durban,Consultant,6082.17,655.0,raj.garcia798@yahoo.com
CUST103051,Jennifer,Pretorius,1990-10-31,2024-08-15,Bloemfontein,Technician,34006.02,594.0,jennifer.pretorius100@yahoo.com
CUST103052,Wei,Martinez,2000-06-09,2016-09-05,Kimberley,Civil Servant,59627.85,544.0,wei.martinez219@webmail.co.za
CUST103053,Barbara,Chen,1987-11-20,2019-06-10,Cape Town,Teacher,43127.64,642.0,barbara.chen852@outlook.com
CUST103054,Mei,Patel,2002-02-02,2018-04-05,Nelspruit,Entrepreneur,7522.12,767.0,mei.patel728@webmail.co.za
CUST103055,Jessica,Chen,1980-11-27,2017-10-26,Johannesburg,Nurse,96408.21,742.0,jessica.chen887@outlook.com
CUST103056,Mei,Mokoena,1980-03-16,2015-04-19,Polokwane  ,Driver,12142.77,619.0,mei.mokoena757@gmail.com
CUST103057,John,Ndlovu,1963-08-01,2021-07-23,johannesburg,Engineer,14086.16,617.0,john.ndlovu298@outlook.com
CUST103058,RICHARD,Chen,1988-04-14,2019-08-25,Johannesburg,Consultant,43007.36,610.0,richard.chen73@webmail.co.za
CUST103059,William,Botha,1998-10-19,2021-05-22,Johannesburg,Entrepreneur,35302.35,610.0,william.botha638@yahoo.com
CUST103060,Linda,Rodriguez,1984-06-04,2018-07-12,Nelspruit,,28231.71,676.0,linda.rodriguez703@gmail.com
CUST103061,ELIZABETH,Dlamini,1959-03-20,2025-11-26,Bloemfontein,,19117.44,745.0,elizabeth.dlamini219@yahoo.com
CUST103062,Richard,Brown,1978-03-11,2021-11-06,East London,Manager,59785.24,,richard.brown171@yahoo.com
CUST103063,John,Davis,1991-02-10,2026-02-17,Cape Town,Retired,26275.82,999.0,john.davis468@outlook.com
CUST103064,Amara,Khan,2002-04-20,2019-01-20,Kimberley,,10514.49,709.0,amara.khan485@outlook.com
CUST103065,Naledi,Chen,1954-07-21,2015-01-10,Nelspruit,Student,56352.39,699.0,naledi.chen88@gmail.com
CUST103066,Raj,Jones,1952-10-11,2024-01-18,Port Elizabeth,Manager,30686.28,620.0,raj.jones395@yahoo.com
CUST103067,Amara,Khumalo,1970-03-10,2024-07-31,Nelspruit  ,,52522.87,558.0,amara.khumalo922@yahoo.com
CUST103068,John,Silva,1952-08-30,2015-09-06,Cape Town,Engineer,37931.2,675.0,john.silva487@outlook.com
CUST103069,ROBERT,Williams,2004-10-20,2022-03-30,Durban,,112980.85,841.0,robert.williams864@outlook.com
CUST103070,Susan,Johnson,1970-11-19,2022-08-28,Johannesburg,Entrepreneur,22337.4,674.0,susan.johnson438@gmail.com
CUST103071,Jessica,Rodriguez,1977-07-20,2016-09-08,Cape Town,Artisan,27164.22,579.0,jessica.rodriguez36@gmail.com
CUST103072,LINDA,Chen,1958-11-08,2021-05-26,Nelspruit,Artisan,41435.71,636.0,linda.chen814@gmail.com
CUST103073,MEI,Miller,1972-05-25,2017-10-25,Port Elizabeth,Accountant,22420.36,547.0,mei.miller414@webmail.co.za
CUST103074,Sipho,Van der Merwe,2005-01-23,2015-03-11,East London,Sales Rep,43546.41,652.0,sipho.van der merwe555@gmail.com
CUST103075,Chidi,Van der Merwe,1974-10-23,2025-01-15,Nelspruit,Teacher,4589.62,712.0,chidi.van der merwe523@gmail.com
CUST103076,Patricia,Dlamini,1945-07-16,2020-09-10,Polokwane,Manager,25753.61,588.0,patricia.dlamini341@outlook.com
CUST103077,Raj,Rodriguez,1959-10-18,2024-01-20,Pretoria,Consultant,25291.02,357.0,raj.rodriguez460@yahoo.com
CUST103078,Michael,Smith,2004-09-06,2023-05-16,pretoria,Manager,24747.28,675.0,michael.smith17@outlook.com
CUST103079,Joseph,Van der Merwe,2005-05-01,2026-07-05,Cape Town,Retired,15896.33,605.0,joseph.van der merwe593@outlook.com
CUST103080,Joseph,Botha,1957-11-03,2020-01-27,Nelspruit  ,Entrepreneur,46335.96,582.0,joseph.botha433@yahoo.com
CUST103081,RAJ,Martinez,1982-07-13,2019-12-14,kimberley,Consultant,19877.29,582.0,raj.martinez273@gmail.com
CUST103082,William,Dlamini,1949-09-10,2018-04-06,Bloemfontein,Manager,30338.25,686.0,william.dlamini887@webmail.co.za
CUST103083,Linda,Khan,1980-03-22,2022-03-29,Port Elizabeth  ,Driver,26309.93,613.0,linda.khan352@webmail.co.za
CUST103084,David,Patel,1952-09-06,2020-08-18,Nelspruit,Consultant,36323.44,734.0,david.patel130@yahoo.com
CUST103085,Barbara,Williams,1994-12-08,2023-06-10,Pretoria,Student,63486.11,736.0,barbara.williams436@outlook.com
CUST103086,Jennifer,Chen,2002-04-24,2019-02-17,port elizabeth,Teacher,30244.28,626.0,jennifer.chen797@outlook.com
CUST103087,Jennifer,Pretorius,1955-07-21,2016-07-07,Nelspruit,Sales Rep,44570.98,603.0,
CUST103088,Linda,Khan,1973-03-23,2024-12-27,Pretoria,Sales Rep,29346.31,661.0,linda.khan979@gmail.com
CUST103089,Joseph,Ndlovu,1951-03-24,2024-08-03,Kimberley,Driver,19858.65,637.0,joseph.ndlovu651@yahoo.com
CUST103090,David,Dlamini,1965-09-08,2019-01-24,Cape Town,Accountant,24712.52,492.0,david.dlamini741@yahoo.com
CUST103091,Richard,Garcia,1948-12-21,2022-12-30,Port Elizabeth,Entrepreneur,22694.42,822.0,richard.garcia700@yahoo.com
CUST103092,Chidi,Chen,1961-02-19,2020-09-13,Port Elizabeth,Sales Rep,37831.5,714.0,chidi.chen881@outlook.com
CUST103093,LINDA,Garcia,2005-05-27,2023-10-24,Pretoria,Consultant,28681.03,608.0,linda.garcia637@yahoo.com
CUST103094,Fatima,Davis,1947-09-21,2019-07-09,Kimberley,Engineer,16704.63,478.0,fatima.davis152@gmail.com
CUST103095,WEI,Garcia,1997-05-24,2021-03-15,Port Elizabeth,Driver,23548.62,634.0,wei.garcia399@outlook.com
CUST103096,Jennifer,Davis,1949-09-22,2015-09-02,Nelspruit,Accountant,10769.25,597.0,jennifer.davis945@webmail.co.za
CUST103097,David,Rodriguez,1977-04-08,2017-01-09,Durban,Driver,24082.44,645.0,david.rodriguez937@gmail.com
CUST103098,Jennifer,Johnson,1972-07-30,2024-01-20,Pretoria,Entrepreneur,26924.27,455.0,jennifer.johnson742@webmail.co.za
CUST103099,William,Patel,2001-10-28,2019-06-03,Port Elizabeth,,79623.85,,william.patel141@webmail.co.za
CUST103100,Barbara,Martinez,1957-02-21,2015-05-29,Bloemfontein,Civil Servant,60419.75,613.0,barbara.martinez902@yahoo.com
CUST103101,John,Pretorius,1955-12-18,2016-12-10,Durban,Sales Rep,14465.98,633.0,john.pretorius255@yahoo.com
CUST103102,James,Brown,1990-09-02,2019-10-08,Pretoria,Retired,30365.48,629.0,james.brown600@webmail.co.za
CUST103103,JOSEPH,Chen,1989-04-08,2023-04-25,East London,Nurse,30686.75,655.0,joseph.chen217@webmail.co.za
CUST103104,AMARA,Brown,1987-08-26,2019-03-18,Durban,Entrepreneur,23429.18,787.0,amara.brown746@gmail.com
CUST103105,Elizabeth,Khumalo,1946-08-06,2023-08-19,Polokwane,Artisan,24342.69,604.0,elizabeth.khumalo384@gmail.com
CUST103106,Priya,Ndlovu,1960-11-09,2024-12-08,Port Elizabeth,Engineer,21755.68,568.0,priya.ndlovu792@webmail.co.za
CUST103107,Barbara,Martinez,1996-03-26,2018-12-14,kimberley,Student,82753.79,495.0,barbara.martinez533@gmail.com
CUST103108,AHMED,Chen,1981-08-26,2024-04-08,Durban,Technician,20958.29,604.0,ahmed.chen481@outlook.com
CUST103109,Linda,Van der Merwe,1981-09-25,2016-06-20,Nelspruit,Engineer,33009.88,524.0,linda.van der merwe993@gmail.com
CUST103110,NALEDI,Miller,1963-01-19,2019-10-23,Port Elizabeth,Entrepreneur,5899.26,736.0,
CUST103111,WEI,Van der Merwe,1960-11-14,2016-02-17,Johannesburg  ,Consultant,44096.74,641.0,wei.van der merwe298@outlook.com
CUST103112,Mary,Jones,2002-09-27,2015-08-11,polokwane  ,Artisan,54751.11,735.0,mary.jones466@yahoo.com
CUST103113,Fatima,Miller,1989-05-23,2015-09-30,Durban,Consultant,14310.97,782.0,fatima.miller940@webmail.co.za
CUST103114,Barbara,Miller,1952-09-27,2016-03-19,Cape Town,Teacher,19788.73,572.0,barbara.miller63@gmail.com
CUST103115,Jessica,Pretorius,2002-03-14,2024-09-05,Bloemfontein,Driver,35274.02,619.0,jessica.pretorius979@webmail.co.za
CUST103116,Kagiso,Williams,1980-07-10,2021-04-18,Polokwane  ,Student,27219.16,770.0,kagiso.williams869@outlook.com
CUST103117,Kagiso,Rodriguez,1965-05-02,2025-12-21,durban,Manager,35590.06,667.0,kagiso.rodriguez744@outlook.com
CUST103118,James,Martinez,1969-03-23,2021-03-25,East London,,22644.12,697.0,james.martinez953@yahoo.com
CUST103119,Priya,Silva,1989-04-01,2022-04-13,johannesburg,Driver,82286.24,,priya.silva638@outlook.com
CUST103120,Zanele,Ndlovu,1967-12-14,2017-02-19,Cape Town  ,Sales Rep,18000.52,731.0,zanele.ndlovu946@outlook.com
CUST103121,Sofia,Nkosi,1980-04-20,2021-04-05,Polokwane,Sales Rep,135258.74,687.0,sofia.nkosi806@yahoo.com
CUST103122,JESSICA,Khan,1988-05-04,2019-06-18,Johannesburg,,56678.73,776.0,jessica.khan428@outlook.com
CUST103123,Zanele,Patel,1956-12-01,2025-10-14,Pretoria,Entrepreneur,44323.45,644.0,zanele.patel127@gmail.com
CUST103124,JOSEPH,Khan,2002-08-06,2025-10-25,Bloemfontein,Nurse,14410.51,697.0,joseph.khan787@outlook.com
CUST103125,Ahmed,Brown,1966-09-23,2017-04-19,Johannesburg,Technician,46435.03,634.0,ahmed.brown418@outlook.com
CUST103126,Raj,Martinez,1970-08-01,2022-03-08,Kimberley,Civil Servant,38652.36,742.0,raj.martinez355@webmail.co.za
CUST103127,Fatima,Khumalo,1987-08-11,2022-05-23,Bloemfontein,,7541.93,587.0,fatima.khumalo972@yahoo.com
CUST103128,Thabo,Jones,1982-02-19,2021-07-07,Pretoria,Accountant,11582.37,499.0,thabo.jones883@outlook.com
CUST103129,Mei,Williams,1971-11-06,2016-06-09,Kimberley,,33342.12,709.0,mei.williams737@gmail.com
CUST103130,Barbara,Williams,1984-08-19,2022-07-29,Bloemfontein,Consultant,24835.27,558.0,barbara.williams959@yahoo.com
CUST103131,Joseph,Silva,2000-01-27,2024-04-03,East London,Student,19734.29,549.0,joseph.silva290@yahoo.com
CUST103132,Wei,Chen,1993-10-25,2018-12-31,Johannesburg,Accountant,51398.77,764.0,wei.chen440@yahoo.com
CUST103133,ROBERT,Miller,1995-04-12,2020-12-16,Cape Town,Consultant,15831.11,737.0,robert.miller677@gmail.com
CUST103134,Amara,Khan,1960-10-06,2016-05-07,johannesburg,Entrepreneur,20472.86,619.0,amara.khan632@yahoo.com
CUST103135,James,Patel,1970-08-01,2025-10-11,Bloemfontein,Retired,18247.48,376.0,james.patel791@outlook.com
CUST103136,Sipho,Silva,1978-10-13,2016-04-08,Nelspruit,Entrepreneur,36537.76,698.0,sipho.silva472@outlook.com
CUST103137,Jessica,Pretorius,1947-09-12,2017-05-31,Kimberley,Civil Servant,9588.55,710.0,jessica.pretorius320@outlook.com
CUST103138,Joseph,Botha,1991-12-16,2018-06-16,bloemfontein,Entrepreneur,19958.23,697.0,joseph.botha533@webmail.co.za
CUST103139,Jessica,Brown,1964-09-24,2024-07-25,Johannesburg,Technician,9569.54,692.0,jessica.brown102@webmail.co.za
CUST103140,Jessica,Khan,1962-03-28,2023-02-11,East London,,22298.5,634.0,jessica.khan790@webmail.co.za
CUST103141,Susan,Rodriguez,1960-10-25,2015-01-30,East London  ,Technician,41515.8,613.0,susan.rodriguez160@webmail.co.za
CUST103142,Joseph,Rodriguez,1962-04-15,2017-02-15,Bloemfontein,Student,41962.76,550.0,joseph.rodriguez625@outlook.com
CUST103143,Sipho,Chen,1965-08-14,2023-09-09,Polokwane,,17386.36,587.0,sipho.chen954@gmail.com
CUST103144,WEI,Mokoena,1981-11-22,2019-09-05,Bloemfontein,Engineer,37048.87,679.0,wei.mokoena292@outlook.com
CUST103145,NALEDI,Martinez,1980-08-06,2015-04-21,Polokwane,,24074.34,680.0,naledi.martinez119@outlook.com
CUST103146,Kagiso,Nkosi,1960-08-07,2026-03-01,,Entrepreneur,60879.45,721.0,kagiso.nkosi154@yahoo.com
CUST103147,Raj,Brown,1957-08-04,2016-10-01,Cape Town,,24885.04,523.0,raj.brown139@outlook.com
CUST103148,Sofia,Williams,1995-05-29,2020-11-29,Johannesburg,Retired,4519.57,501.0,sofia.williams500@outlook.com
CUST103149,PATRICIA,Smith,1950-08-28,2017-11-16,Kimberley,Nurse,46018.95,616.0,patricia.smith32@gmail.com
CUST103150,Amara,Silva,1976-04-13,2023-07-17,Port Elizabeth,,20425.52,558.0,amara.silva532@gmail.com
CUST103151,Linda,Rodriguez,1976-10-02,2023-12-30,Pretoria,Engineer,22821.99,667.0,linda.rodriguez543@webmail.co.za
CUST103152,Michael,Martinez,1980-01-09,2019-08-08,Durban,Artisan,32910.73,532.0,michael.martinez488@outlook.com
CUST103153,Mei,Chen,1999-01-09,2022-08-17,Johannesburg,Sales Rep,11443.48,756.0,mei.chen102@gmail.com
CUST103154,Robert,Martinez,1983-01-22,2025-07-12,Kimberley,Technician,28135.63,576.0,robert.martinez160@yahoo.com
CUST103155,Priya,Khumalo,2004-05-22,2024-06-08,Johannesburg,Retired,37075.0,793.0,priya.khumalo396@webmail.co.za
CUST103156,Wei,Johnson,1998-02-24,2019-10-22,Durban,Entrepreneur,33471.13,697.0,wei.johnson153@yahoo.com
CUST103157,Sofia,Brown,1958-02-06,2020-02-11,Port Elizabeth  ,Teacher,18781.76,555.0,sofia.brown764@gmail.com
CUST103158,LERATO,Pretorius,1959-09-18,2025-04-09,Pretoria  ,Civil Servant,48784.07,839.0,lerato.pretorius786@gmail.com
CUST103159,Priya,Martinez,1966-01-12,2015-05-26,Johannesburg,Manager,14786.98,,priya.martinez867@outlook.com
CUST103160,Patricia,Brown,1968-11-18,2015-04-07,Pretoria  ,Retired,18484.49,665.0,patricia.brown447@gmail.com
CUST103161,Ahmed,Rodriguez,1978-09-25,2017-05-20,Polokwane,Consultant,24795.05,644.0,ahmed.rodriguez385@webmail.co.za
CUST103162,Jennifer,Davis,1959-03-09,2024-08-01,Durban,Sales Rep,32121.5,692.0,jennifer.davis339@webmail.co.za
CUST103163,David,Miller,1958-07-25,2016-10-10,Nelspruit,Accountant,,697.0,david.miller822@outlook.com
CUST103164,John,Miller,1968-04-06,2018-04-21,Pretoria,,56226.99,572.0,john.miller398@outlook.com
CUST103165,Richard,Khan,1985-12-29,2022-04-14,Johannesburg,Student,32117.99,631.0,richard.khan249@outlook.com
CUST103166,CHIDI,Williams,1986-12-22,2017-02-18,Cape Town  ,Driver,28152.59,660.0,chidi.williams143@webmail.co.za
CUST103167,William,Miller,2004-07-16,2018-07-06,Nelspruit,Accountant,31447.72,702.0,william.miller672@gmail.com
CUST103168,Raj,Ndlovu,1957-05-07,2020-05-29,Port Elizabeth,Engineer,41762.06,704.0,raj.ndlovu443@yahoo.com
CUST103169,Zanele,Dlamini,1968-12-18,2017-08-22,Kimberley,Entrepreneur,31084.51,665.0,zanele.dlamini814@yahoo.com
CUST103170,Kagiso,Botha,2003-11-05,2026-06-29,polokwane,Manager,,600.0,kagiso.botha104@gmail.com
CUST103171,Carlos,Pretorius,1987-02-02,2016-11-22,Johannesburg,Manager,51725.46,596.0,carlos.pretorius24@gmail.com
CUST103172,Susan,Miller,1981-02-16,2024-11-04,Pretoria  ,Manager,28906.02,543.0,susan.miller485@yahoo.com
CUST103173,Barbara,Dlamini,1977-12-01,2020-06-11,Polokwane,Consultant,40575.17,703.0,barbara.dlamini209@yahoo.com
CUST103174,Sofia,Smith,1949-08-10,2016-06-30,Johannesburg,Technician,21087.46,595.0,sofia.smith437@webmail.co.za
CUST103175,Naledi,Mokoena,1999-06-30,2016-05-16,Kimberley,Consultant,8990.92,633.0,naledi.mokoena497@outlook.com
CUST103176,ZANELE,Brown,1983-02-26,2020-10-17,Cape Town,Driver,6854.46,671.0,zanele.brown374@yahoo.com
CUST103177,Elizabeth,Johnson,1979-11-15,2019-02-04,Polokwane,Driver,15265.94,650.0,elizabeth.johnson412@gmail.com
CUST103178,Michael,Chen,1977-11-28,2017-09-19,Nelspruit,Entrepreneur,36694.29,649.0,michael.chen748@webmail.co.za
CUST103179,Jennifer,Brown,1968-11-27,2026-02-08,Bloemfontein,Sales Rep,58614.34,569.0,jennifer.brown398@yahoo.com
CUST103180,Linda,Ndlovu,1960-07-14,2020-05-14,Nelspruit,,32247.08,674.0,linda.ndlovu518@outlook.com
CUST103181,Michael,Williams,1991-01-27,2025-10-03,Nelspruit,Entrepreneur,14309.28,622.0,michael.williams398@yahoo.com
CUST103182,Chidi,Khan,1976-01-31,2016-11-24,Polokwane,,16806.58,642.0,chidi.khan134@yahoo.com
CUST103183,Mary,Khan,1947-01-27,2017-02-15,Polokwane,Consultant,60868.43,754.0,mary.khan748@webmail.co.za
CUST103184,Kagiso,Khumalo,1969-05-06,2021-11-26,Pretoria,Entrepreneur,12253.07,695.0,kagiso.khumalo804@yahoo.com
CUST103185,Carlos,Van der Merwe,2001-08-23,2018-02-15,Durban,Engineer,94946.01,599.0,carlos.van der merwe899@webmail.co.za
CUST103186,Wei,Martinez,1967-10-22,2017-02-21,Nelspruit,Technician,82919.25,637.0,wei.martinez131@gmail.com
CUST103187,Richard,Jones,1970-03-17,2016-02-05,durban,Student,96841.73,794.0,richard.jones496@yahoo.com
CUST103188,Mary,Brown,1983-01-23,2015-11-19,Port Elizabeth,Teacher,33806.92,,mary.brown108@gmail.com
CUST103189,Raj,Jones,1993-11-25,2023-09-21,Bloemfontein,Nurse,21918.47,654.0,raj.jones618@outlook.com
CUST103190,JAMES,Jones,1985-10-10,2018-04-08,Pretoria,Engineer,33316.49,710.0,james.jones220@gmail.com
CUST103191,Lerato,Davis,1996-11-07,2026-05-01,Pretoria,Technician,46404.47,669.0,lerato.davis534@gmail.com
CUST103192,Lerato,Jones,1951-12-15,2017-02-13,Bloemfontein,Consultant,18206.51,616.0,lerato.jones837@webmail.co.za
CUST103193,Michael,Mokoena,2001-05-25,2019-02-08,Pretoria,Technician,13894.91,583.0,michael.mokoena361@webmail.co.za
CUST103194,Chidi,Brown,2000-02-20,2019-05-05,Kimberley,Engineer,22689.06,649.0,chidi.brown163@yahoo.com
CUST103195,Jennifer,Mokoena,1976-09-01,2020-10-16,Cape Town,Technician,16926.15,709.0,jennifer.mokoena531@outlook.com
CUST103196,LINDA,Davis,1983-02-09,2025-01-30,Pretoria,Civil Servant,56643.46,769.0,linda.davis843@webmail.co.za
CUST103197,MEI,Patel,1957-12-25,2024-09-01,nelspruit,Engineer,18585.6,518.0,mei.patel335@outlook.com
CUST103198,SOFIA,Dlamini,1972-04-28,2015-02-12,Port Elizabeth  ,,28492.18,809.0,sofia.dlamini129@yahoo.com
CUST103199,William,Botha,1957-05-14,2019-09-28,Polokwane,Driver,48524.51,624.0,william.botha429@webmail.co.za
CUST103200,Fatima,Martinez,1946-05-05,2024-08-03,East London,Teacher,57983.01,733.0,fatima.martinez673@yahoo.com
CUST103201,Fatima,Miller,2004-10-31,2015-01-01,Pretoria,Engineer,30489.44,584.0,fatima.miller941@yahoo.com
CUST103202,Wei,Khumalo,1960-10-22,2021-03-07,Polokwane,Engineer,33879.92,505.0,wei.khumalo629@gmail.com
CUST103203,John,Chen,1981-03-06,2018-01-02,Durban  ,Sales Rep,14615.03,,john.chen157@gmail.com
CUST103204,Elizabeth,Martinez,1963-04-26,2019-10-13,polokwane,Technician,49703.67,620.0,elizabeth.martinez2@outlook.com
CUST103205,Lerato,Khumalo,1967-08-11,2019-11-13,Cape Town  ,Artisan,57418.05,697.0,lerato.khumalo624@outlook.com
CUST103206,Sofia,Ndlovu,1969-04-06,2019-07-16,East London,Teacher,8758.57,653.0,sofia.ndlovu332@gmail.com
CUST103207,Raj,Miller,1965-06-09,2025-04-30,Cape Town,Artisan,77479.41,627.0,raj.miller328@gmail.com
CUST103208,Susan,Miller,1983-11-18,2021-03-19,Nelspruit,Retired,17669.66,751.0,susan.miller303@gmail.com
CUST103209,Linda,Botha,2003-08-13,2025-06-19,East London,Engineer,38437.1,650.0,linda.botha214@webmail.co.za
CUST103210,Carlos,Chen,1971-02-23,2023-06-02,Johannesburg,Student,28184.77,675.0,carlos.chen961@gmail.com
CUST103211,WILLIAM,Williams,2004-05-15,2019-01-25,cape town,Teacher,25946.05,930.0,william.williams981@outlook.com
CUST103212,David,Nkosi,1985-09-25,2020-09-18,Cape Town,Sales Rep,23767.85,649.0,david.nkosi121@gmail.com
CUST103213,Carlos,Patel,1982-01-13,2019-07-08,Kimberley,Artisan,14830.81,587.0,carlos.patel113@webmail.co.za
CUST103214,Naledi,Johnson,1959-06-19,2024-08-05,Bloemfontein,Civil Servant,36838.43,693.0,naledi.johnson670@outlook.com
CUST103215,William,Khan,1948-11-02,2017-03-04,Durban,Technician,22660.38,716.0,william.khan525@gmail.com
CUST103216,James,Khumalo,1996-12-19,2025-11-05,Durban  ,Sales Rep,12263.06,677.0,james.khumalo998@outlook.com
CUST103217,Susan,Pretorius,1980-01-05,2021-09-21,Johannesburg,Entrepreneur,14457.91,664.0,susan.pretorius716@outlook.com
CUST103218,SOFIA,Ndlovu,1970-04-12,2022-01-31,Durban,Accountant,12388.6,783.0,sofia.ndlovu279@webmail.co.za
CUST103219,Susan,Dlamini,1994-07-12,2020-12-26,Nelspruit,Accountant,,772.0,susan.dlamini532@yahoo.com
CUST103220,Amara,Miller,1963-12-12,2021-06-03,bloemfontein,Sales Rep,35992.27,639.0,amara.miller995@webmail.co.za
CUST103221,WILLIAM,Davis,1992-10-19,2022-09-25,Pretoria,Teacher,17559.13,592.0,
CUST103222,Wei,Mokoena,1965-01-02,2022-08-02,Johannesburg,Engineer,48303.77,689.0,wei.mokoena495@outlook.com
CUST103223,Wei,Van der Merwe,2001-03-04,2017-06-24,Pretoria,Manager,25046.05,592.0,wei.van der merwe179@webmail.co.za
CUST103224,ZANELE,Botha,1961-05-07,2021-09-29,Pretoria,Nurse,22614.74,730.0,zanele.botha795@outlook.com
CUST103225,Wei,Khan,1953-05-23,2019-02-09,Cape Town,Artisan,27175.18,688.0,wei.khan750@webmail.co.za
CUST103226,SIPHO,Mokoena,1987-08-01,2022-05-18,East London,Consultant,,890.0,sipho.mokoena7@yahoo.com
CUST103227,Richard,Dlamini,1954-12-08,2021-05-06,East London,Technician,11815.85,,richard.dlamini794@webmail.co.za
CUST103228,Chidi,Davis,2002-11-28,2017-01-30,Kimberley,Technician,72679.9,553.0,chidi.davis359@outlook.com
CUST103229,RAJ,Khan,1984-12-27,2023-07-05,Pretoria,Teacher,47862.91,603.0,raj.khan343@yahoo.com
CUST103230,Raj,Miller,1959-01-31,2020-04-17,Durban,Sales Rep,26555.87,478.0,raj.miller404@yahoo.com
CUST103231,MICHAEL,Garcia,1957-09-27,2021-05-21,Nelspruit,Teacher,54710.75,458.0,michael.garcia505@outlook.com
CUST103232,LERATO,Botha,2001-05-10,2022-10-16,Pretoria,Manager,22170.47,660.0,lerato.botha996@yahoo.com
CUST103233,JAMES,Khumalo,1982-01-29,2022-07-24,East London,Student,31933.38,543.0,james.khumalo369@outlook.com
CUST103234,Sipho,Davis,1999-07-08,2023-09-03,polokwane,,19441.23,798.0,sipho.davis575@gmail.com
CUST103235,Sipho,Botha,1951-09-22,2017-05-24,Nelspruit,Driver,48044.6,754.0,sipho.botha549@outlook.com
CUST103236,Barbara,Nkosi,2001-06-12,2016-04-11,Pretoria,Accountant,17599.87,626.0,
CUST103237,SOFIA,Miller,1976-09-21,2022-10-01,east london,Student,26086.66,620.0,sofia.miller774@gmail.com
CUST103238,Ahmed,Dlamini,1985-10-09,2017-09-25,Cape Town,Civil Servant,40436.3,784.0,ahmed.dlamini973@gmail.com
CUST103239,Mary,Ndlovu,1967-09-30,2016-04-29,polokwane  ,Driver,50458.87,804.0,mary.ndlovu114@yahoo.com
CUST103240,Michael,Patel,1948-08-10,2016-07-09,Johannesburg,Entrepreneur,16437.28,566.0,michael.patel20@webmail.co.za
CUST103241,Michael,Pretorius,2003-06-08,2018-08-16,East London,,42272.12,554.0,michael.pretorius525@yahoo.com
CUST103242,Ahmed,Khumalo,2005-09-01,2026-06-27,Durban,Artisan,14925.24,623.0,ahmed.khumalo986@yahoo.com
CUST103243,THABO,Silva,1967-03-28,2016-10-27,,Accountant,7404.19,689.0,thabo.silva878@webmail.co.za
CUST103244,Chidi,Mokoena,2002-07-29,2018-06-16,Johannesburg  ,,17174.17,604.0,chidi.mokoena692@outlook.com
CUST103245,Mei,Botha,1955-03-26,2025-08-30,East London,,44391.18,691.0,mei.botha254@gmail.com
CUST103246,Wei,Rodriguez,1954-06-09,2026-02-26,Port Elizabeth,Manager,26706.7,826.0,wei.rodriguez792@webmail.co.za
CUST103247,Robert,Rodriguez,1949-06-17,2017-08-26,East London,Engineer,19516.22,523.0,robert.rodriguez197@outlook.com
CUST103248,John,Martinez,1968-11-13,2025-03-13,Pretoria,Retired,27813.78,610.0,john.martinez717@webmail.co.za
CUST103249,Richard,Nkosi,1948-03-11,2016-08-10,Johannesburg,Teacher,27267.2,525.0,richard.nkosi132@outlook.com
CUST103250,David,Mokoena,1969-01-27,2023-10-27,Bloemfontein,Teacher,39071.13,575.0,david.mokoena525@webmail.co.za
CUST103251,Chidi,Brown,1953-06-11,2015-02-25,East London,Entrepreneur,10228.92,623.0,chidi.brown28@webmail.co.za
CUST103252,JOHN,Smith,1989-07-24,2019-09-17,East London,Manager,25300.72,585.0,john.smith834@outlook.com
CUST103253,Barbara,Dlamini,1995-11-01,2017-11-12,Durban,,28985.95,697.0,barbara.dlamini377@gmail.com
CUST103254,Linda,Silva,1986-12-15,2023-02-25,Polokwane,,11858.24,664.0,linda.silva443@webmail.co.za
CUST103255,Michael,Ndlovu,1957-03-25,2015-03-09,Bloemfontein,Driver,11761.07,677.0,michael.ndlovu269@webmail.co.za
CUST103256,Jennifer,Khumalo,1991-10-11,2020-05-20,Durban,,21615.69,622.0,jennifer.khumalo923@gmail.com
CUST103257,Michael,Silva,1960-03-21,2023-01-26,Cape Town,Accountant,27041.14,631.0,michael.silva246@yahoo.com
CUST103258,SIPHO,Dlamini,1991-04-30,2015-07-17,pretoria,Consultant,27098.34,618.0,sipho.dlamini174@outlook.com
CUST103259,Susan,Botha,1979-08-12,2025-05-24,Johannesburg,Student,19267.81,628.0,susan.botha61@gmail.com
CUST103260,Susan,Chen,1967-05-15,2019-03-08,Polokwane,Retired,18799.76,688.0,susan.chen353@yahoo.com
CUST103261,Jessica,Khan,1950-02-04,2016-11-30,Johannesburg,Sales Rep,21224.13,477.0,jessica.khan705@gmail.com
CUST103262,Chidi,Silva,1995-06-24,2017-08-11,Johannesburg,Artisan,32180.41,676.0,chidi.silva783@gmail.com
CUST103263,Priya,Mokoena,2002-04-26,2018-12-04,Cape Town,Entrepreneur,56770.53,572.0,priya.mokoena947@webmail.co.za
CUST103264,Thabo,Johnson,1985-08-14,2017-04-19,Pretoria,Entrepreneur,7099.37,620.0,thabo.johnson766@gmail.com
CUST103265,Kagiso,Martinez,2003-11-02,2020-11-29,Johannesburg,Retired,39097.01,509.0,kagiso.martinez716@yahoo.com
CUST103266,Chidi,Brown,2001-12-24,2022-05-01,East London,Manager,25167.51,618.0,chidi.brown502@gmail.com
CUST103267,Amara,Dlamini,1956-11-14,2020-01-08,Cape Town,Technician,36880.32,675.0,amara.dlamini620@outlook.com
CUST103268,John,Brown,1989-08-08,2019-12-12,Nelspruit,,54793.45,691.0,
CUST103269,Sofia,Dlamini,1966-04-23,2024-01-20,Bloemfontein,Accountant,17101.55,543.0,sofia.dlamini717@gmail.com
CUST103270,Jennifer,Davis,1974-09-27,2018-06-27,Johannesburg,Student,47409.73,687.0,jennifer.davis369@gmail.com
CUST103271,Susan,Smith,1954-07-30,2022-03-19,Port Elizabeth,Retired,12677.38,753.0,susan.smith225@yahoo.com
CUST103272,Kagiso,Williams,2004-06-17,2025-05-05,Cape Town,,29043.78,606.0,kagiso.williams666@gmail.com
CUST103273,Richard,Dlamini,1989-04-17,2017-07-26,,Entrepreneur,23259.99,650.0,richard.dlamini928@webmail.co.za
CUST103274,Linda,Johnson,1961-04-13,2022-03-07,Bloemfontein,Sales Rep,27660.69,464.0,linda.johnson672@webmail.co.za
CUST103275,Fatima,Van der Merwe,1967-08-30,2025-12-23,Nelspruit,Entrepreneur,14862.25,569.0,fatima.van der merwe254@webmail.co.za
CUST103276,Robert,Khan,1970-10-09,2021-02-19,pretoria,Artisan,34965.95,674.0,robert.khan637@outlook.com
CUST103277,Linda,Patel,1990-08-07,2026-04-25,Cape Town,Engineer,69687.23,736.0,linda.patel682@outlook.com
CUST103278,Sofia,Brown,2001-06-19,2018-08-04,Durban,Entrepreneur,15016.21,596.0,sofia.brown456@yahoo.com
CUST103279,Chidi,Silva,1964-08-10,2021-07-14,port elizabeth,Student,30145.39,890.0,chidi.silva780@webmail.co.za
CUST103280,Robert,Mokoena,1973-10-27,2018-08-08,Polokwane,Accountant,44959.79,678.0,robert.mokoena394@yahoo.com
CUST103281,Wei,Rodriguez,1981-03-09,2015-01-16,Port Elizabeth,Student,22515.42,535.0,wei.rodriguez556@webmail.co.za
CUST103282,Sofia,Smith,1968-12-29,2026-07-20,Kimberley,Technician,60854.18,766.0,sofia.smith360@gmail.com
CUST103283,PATRICIA,Dlamini,1975-10-03,2017-10-12,Pretoria,,20789.16,537.0,patricia.dlamini897@yahoo.com
CUST103284,SUSAN,Silva,1951-06-14,2026-04-09,Durban  ,,25089.96,680.0,susan.silva162@yahoo.com
CUST103285,Joseph,Smith,1955-03-25,2022-07-25,Port Elizabeth,Accountant,14825.55,566.0,joseph.smith868@gmail.com
CUST103286,John,Johnson,1969-06-20,2025-06-20,Cape Town,,29026.2,528.0,john.johnson696@yahoo.com
CUST103287,Michael,Rodriguez,2000-10-22,2026-03-15,East London,Retired,26952.03,737.0,michael.rodriguez607@webmail.co.za
CUST103288,Jennifer,Dlamini,1966-04-24,2021-07-29,Cape Town,,39400.77,627.0,jennifer.dlamini222@yahoo.com
CUST103289,Jennifer,Ndlovu,1960-03-28,2026-07-30,East London,Student,18366.37,805.0,jennifer.ndlovu790@outlook.com
CUST103290,Richard,Martinez,1990-04-25,2023-11-20,Pretoria,Manager,17868.64,558.0,richard.martinez852@yahoo.com
CUST103291,JOSEPH,Garcia,2002-11-23,2021-01-24,Pretoria,Civil Servant,35507.36,510.0,joseph.garcia237@outlook.com
CUST103292,LINDA,Johnson,1973-01-02,2022-08-02,East London,Accountant,62212.69,607.0,linda.johnson686@gmail.com
CUST103293,Elizabeth,Smith,1945-07-11,2017-04-01,Polokwane,Student,39238.2,910.0,elizabeth.smith646@yahoo.com
CUST103294,MICHAEL,Williams,1986-12-23,2015-02-16,kimberley,Consultant,81507.26,725.0,michael.williams157@gmail.com
CUST103295,Mei,Patel,1970-04-27,2017-12-22,durban,,,700.0,mei.patel378@gmail.com
CUST103296,Michael,Silva,1986-02-03,2020-01-14,,,36738.32,703.0,michael.silva784@gmail.com
CUST103297,Fatima,Martinez,1961-12-10,2017-08-22,Nelspruit,Manager,40440.04,606.0,fatima.martinez187@webmail.co.za
CUST103298,Naledi,Johnson,1945-02-23,2020-12-14,Kimberley,Teacher,65703.17,896.0,naledi.johnson434@gmail.com
CUST103299,MEI,Martinez,1966-01-06,2022-08-15,Kimberley,,56530.86,691.0,mei.martinez69@gmail.com
CUST103300,Kagiso,Nkosi,1987-12-29,2022-08-06,Polokwane,Retired,14031.68,683.0,kagiso.nkosi291@yahoo.com
CUST103301,William,Garcia,1968-12-24,2025-05-08,Durban,Manager,43492.73,739.0,william.garcia580@webmail.co.za
CUST103302,Zanele,Ndlovu,1958-05-15,2026-03-11,east london,Nurse,31546.37,535.0,zanele.ndlovu166@yahoo.com
CUST103303,William,Dlamini,1973-04-21,2025-04-25,Polokwane,Entrepreneur,23946.54,571.0,william.dlamini466@gmail.com
CUST103304,Patricia,Davis,1990-11-22,2022-03-08,Durban,Artisan,9285.81,628.0,patricia.davis488@gmail.com
CUST103305,William,Martinez,1952-04-14,2017-05-20,Nelspruit,Teacher,10677.6,739.0,william.martinez312@webmail.co.za
CUST103306,William,Ndlovu,1987-03-13,2025-12-04,Polokwane,Student,21618.82,533.0,william.ndlovu245@webmail.co.za
CUST103307,John,Ndlovu,1985-09-15,2017-01-09,Port Elizabeth,Artisan,11172.88,644.0,john.ndlovu107@yahoo.com
CUST103308,James,Patel,1967-08-13,2016-10-02,Nelspruit  ,,21889.14,631.0,james.patel901@webmail.co.za
CUST103309,Carlos,Khumalo,2004-03-10,2018-09-05,Johannesburg,,41299.46,508.0,carlos.khumalo815@gmail.com
CUST103310,Thabo,Johnson,1999-07-30,2021-08-23,east london,,18985.41,604.0,thabo.johnson186@yahoo.com
CUST103311,Richard,Smith,1964-04-14,2022-11-22,Polokwane,Civil Servant,28284.74,699.0,richard.smith248@webmail.co.za
CUST103312,Fatima,Martinez,1946-11-24,2015-02-26,Johannesburg,Retired,14157.91,517.0,fatima.martinez352@outlook.com
CUST103313,Linda,Botha,1963-10-22,2024-01-05,Port Elizabeth,Student,32185.15,777.0,linda.botha35@yahoo.com
CUST103314,Richard,Smith,1957-06-28,2017-01-10,Bloemfontein,Consultant,36493.2,692.0,richard.smith243@webmail.co.za
CUST103315,PRIYA,Johnson,1978-05-20,2018-06-08,Durban,Retired,11455.66,681.0,priya.johnson206@yahoo.com
CUST103316,Kagiso,Chen,2001-01-15,2018-09-24,Nelspruit,,17134.83,651.0,kagiso.chen360@webmail.co.za
CUST103317,RICHARD,Martinez,1998-02-02,2018-11-07,East London,Teacher,12577.92,552.0,richard.martinez370@webmail.co.za
CUST103318,William,Garcia,1963-08-28,2023-10-22,Durban,Nurse,36516.84,592.0,william.garcia90@outlook.com
CUST103319,Mary,Jones,1971-02-22,2015-06-23,port elizabeth,Technician,29685.2,683.0,mary.jones638@gmail.com
CUST103320,Robert,Chen,1947-03-26,2017-04-11,Cape Town,Driver,26112.59,591.0,robert.chen109@yahoo.com
CUST103321,Jennifer,Dlamini,1978-03-12,2015-04-05,Johannesburg,Technician,24910.16,667.0,jennifer.dlamini987@yahoo.com
CUST103322,Mei,Chen,1948-11-12,2024-01-06,Polokwane,Driver,32653.3,569.0,mei.chen474@yahoo.com
CUST103323,Kagiso,Miller,2002-04-03,2026-05-24,Kimberley,Retired,33047.82,691.0,kagiso.miller295@yahoo.com
CUST103324,Susan,Dlamini,1997-11-18,2022-08-21,durban,Civil Servant,19983.33,697.0,susan.dlamini176@webmail.co.za
CUST103325,Mei,Van der Merwe,1958-01-24,2021-11-01,durban,Driver,18373.08,504.0,mei.van der merwe160@webmail.co.za
CUST103326,Jennifer,Miller,1987-08-30,2025-07-08,East London  ,Retired,25967.55,656.0,jennifer.miller318@webmail.co.za
CUST103327,Michael,Rodriguez,1979-08-25,2017-12-14,bloemfontein,Teacher,24008.4,513.0,michael.rodriguez547@webmail.co.za
CUST103328,Richard,Brown,1993-11-18,2015-10-09,Cape Town,Retired,92633.8,483.0,richard.brown605@yahoo.com
CUST103329,Fatima,Chen,1974-01-06,2020-11-27,East London,Student,21368.29,597.0,fatima.chen588@gmail.com
CUST103330,Zanele,Smith,1956-09-12,2018-01-06,Durban,Student,32009.86,902.0,zanele.smith388@gmail.com
CUST103331,Priya,Garcia,1984-01-12,2020-03-23,Cape Town,Technician,35580.6,720.0,priya.garcia534@outlook.com
CUST103332,LINDA,Patel,1949-11-24,2020-04-14,Port Elizabeth,Teacher,62337.26,775.0,linda.patel604@gmail.com
CUST103333,Priya,Smith,1980-08-29,2018-09-10,Polokwane,Entrepreneur,16535.9,705.0,priya.smith77@yahoo.com
CUST103334,Robert,Nkosi,1957-12-22,2020-08-19,Bloemfontein,,60101.42,668.0,robert.nkosi588@yahoo.com
CUST103335,Linda,Rodriguez,1986-10-12,2019-05-28,East London,,24626.11,731.0,linda.rodriguez994@webmail.co.za
CUST103336,Thabo,Rodriguez,1995-07-05,2016-04-23,Durban,Nurse,120669.07,592.0,thabo.rodriguez893@outlook.com
CUST103337,Mary,Dlamini,1951-09-07,2025-01-14,Port Elizabeth,Entrepreneur,33441.78,692.0,mary.dlamini96@outlook.com
CUST103338,Priya,Chen,1969-06-01,2023-02-14,polokwane,Consultant,12869.85,756.0,priya.chen51@gmail.com
CUST103339,PRIYA,Ndlovu,1989-09-29,2015-06-24,Bloemfontein,Technician,23901.7,713.0,priya.ndlovu540@webmail.co.za
CUST103340,Naledi,Botha,1954-12-27,2016-05-04,,Driver,59979.71,762.0,naledi.botha648@gmail.com
CUST103341,Elizabeth,Nkosi,1979-07-23,2016-02-13,Kimberley,Retired,28252.15,666.0,elizabeth.nkosi108@outlook.com
CUST103342,Patricia,Jones,1985-12-24,2015-09-19,Johannesburg,Accountant,25957.73,,patricia.jones591@yahoo.com
CUST103343,Zanele,Patel,1966-08-23,2015-09-07,Kimberley,,41415.0,631.0,zanele.patel182@gmail.com
CUST103344,NALEDI,Miller,1995-10-01,2016-10-26,Polokwane,,21872.85,841.0,naledi.miller307@yahoo.com
CUST103345,Wei,Nkosi,1976-02-24,2024-10-26,Cape Town,Accountant,23707.82,702.0,wei.nkosi813@yahoo.com
CUST103346,Zanele,Garcia,1983-03-31,2024-08-04,durban,Student,15263.13,615.0,zanele.garcia437@outlook.com
CUST103347,John,Miller,1953-08-05,2024-01-26,Pretoria,Driver,75909.15,544.0,john.miller93@gmail.com
CUST103348,Patricia,Patel,1946-05-31,2022-02-13,Kimberley,Civil Servant,12918.73,,patricia.patel991@outlook.com
CUST103349,Wei,Silva,1948-02-05,2023-05-19,Bloemfontein,Civil Servant,29782.61,564.0,wei.silva403@gmail.com
CUST103350,Jennifer,Williams,2000-02-20,2023-07-21,Durban,Driver,35879.84,642.0,jennifer.williams123@gmail.com
CUST103351,Carlos,Khumalo,1998-11-03,2025-04-19,Kimberley  ,Accountant,26683.73,535.0,carlos.khumalo891@webmail.co.za
CUST103352,Patricia,Davis,1994-04-06,2023-06-25,Cape Town,Teacher,12678.75,766.0,patricia.davis843@webmail.co.za
CUST103353,Chidi,Mokoena,1957-03-06,2023-07-13,Nelspruit,Student,14775.73,660.0,chidi.mokoena657@outlook.com
CUST103354,Sofia,Khumalo,1977-01-19,2024-04-24,Nelspruit,Civil Servant,,656.0,sofia.khumalo357@webmail.co.za
CUST103355,Joseph,Nkosi,1993-07-24,2021-06-11,Pretoria,Nurse,16849.44,545.0,joseph.nkosi288@webmail.co.za
CUST103356,Mary,Pretorius,1986-02-25,2017-06-20,johannesburg,Entrepreneur,7760.4,581.0,mary.pretorius213@gmail.com
CUST103357,AHMED,Chen,1952-01-18,2015-12-24,Nelspruit,Retired,33934.48,450.0,ahmed.chen357@outlook.com
CUST103358,JENNIFER,Chen,1999-08-17,2019-11-08,Kimberley,Technician,15938.66,796.0,jennifer.chen271@webmail.co.za
CUST103359,Thabo,Botha,1954-10-20,2016-01-23,Pretoria,Accountant,39290.25,522.0,thabo.botha571@webmail.co.za
CUST103360,Sofia,Jones,1955-06-25,2016-12-17,Cape Town,Artisan,23837.79,529.0,sofia.jones131@outlook.com
CUST103361,Chidi,Patel,1999-12-17,2015-04-11,Durban,Consultant,23158.39,777.0,chidi.patel784@gmail.com
CUST103362,Mary,Khan,1974-07-24,2018-06-23,Cape Town,Entrepreneur,27759.76,685.0,mary.khan394@outlook.com
CUST103363,Raj,Williams,1967-09-30,2026-03-27,East London,Consultant,,661.0,raj.williams237@webmail.co.za
CUST103364,Jennifer,Botha,1978-10-09,2019-05-22,Bloemfontein,Engineer,16394.94,681.0,jennifer.botha826@outlook.com
CUST103365,CHIDI,Patel,2004-11-11,2017-10-15,Pretoria,Accountant,23018.32,736.0,chidi.patel387@webmail.co.za
CUST103366,Zanele,Davis,1952-04-19,2019-09-03,East London,Manager,13539.87,659.0,zanele.davis930@yahoo.com
CUST103367,Elizabeth,Ndlovu,1991-03-05,2018-06-28,East London,Technician,41286.49,511.0,elizabeth.ndlovu973@outlook.com
CUST103368,Susan,Ndlovu,1965-05-24,2022-10-21,Johannesburg,Manager,22372.16,716.0,susan.ndlovu647@webmail.co.za
CUST103369,Patricia,Pretorius,1952-02-21,2022-05-07,Port Elizabeth,Civil Servant,11274.94,688.0,patricia.pretorius188@gmail.com
CUST103370,Sofia,Nkosi,1970-09-27,2015-04-26,Nelspruit,Driver,19236.84,755.0,sofia.nkosi826@webmail.co.za
CUST103371,LINDA,Silva,1978-06-22,2020-12-02,Polokwane,Student,28587.41,538.0,linda.silva937@webmail.co.za
CUST103372,Elizabeth,Chen,1957-07-25,2015-06-03,Nelspruit,Manager,20585.57,584.0,elizabeth.chen385@outlook.com
CUST103373,Thabo,Williams,1969-09-20,2022-11-05,Kimberley,,34196.87,685.0,thabo.williams940@outlook.com
CUST103374,Lerato,Pretorius,1983-10-11,2025-11-02,Johannesburg,Civil Servant,37965.07,565.0,lerato.pretorius826@gmail.com
CUST103375,Thabo,Williams,1980-02-29,2025-07-05,Durban,Retired,113666.06,438.0,thabo.williams867@gmail.com
CUST103376,Thabo,Brown,1989-02-10,2017-05-20,Port Elizabeth,,53658.04,668.0,thabo.brown754@gmail.com
CUST103377,Sipho,Johnson,1996-01-08,2023-08-08,Bloemfontein,Artisan,10078.68,731.0,
CUST103378,Priya,Pretorius,1969-12-16,2024-03-08,Polokwane,Consultant,21673.82,638.0,priya.pretorius339@outlook.com
CUST103379,Richard,Ndlovu,1970-10-20,2025-01-04,Polokwane,Consultant,22925.73,699.0,richard.ndlovu283@webmail.co.za
CUST103380,RAJ,Garcia,1975-04-19,2018-01-03,Polokwane,Engineer,37988.64,686.0,raj.garcia643@outlook.com
CUST103381,Mei,Johnson,1979-07-19,2020-03-22,Cape Town  ,,15365.01,651.0,mei.johnson860@webmail.co.za
CUST103382,CARLOS,Martinez,1951-08-11,2017-07-25,east london,,19560.13,662.0,carlos.martinez346@webmail.co.za
CUST103383,Fatima,Patel,1964-01-27,2015-04-13,Polokwane  ,Technician,12750.85,771.0,fatima.patel601@outlook.com
CUST103384,MEI,Nkosi,1955-06-27,2022-08-19,Polokwane,Civil Servant,18744.22,,mei.nkosi173@gmail.com
CUST103385,Linda,Khumalo,1968-07-15,2019-12-31,Bloemfontein,Sales Rep,19168.44,720.0,linda.khumalo464@yahoo.com
CUST103386,Wei,Mokoena,2004-05-16,2017-11-15,johannesburg,Teacher,22296.76,544.0,wei.mokoena900@yahoo.com
CUST103387,Chidi,Van der Merwe,1980-07-18,2024-10-23,Cape Town,Entrepreneur,13201.59,578.0,chidi.van der merwe149@gmail.com
CUST103388,ELIZABETH,Botha,1971-03-12,2020-09-27,Polokwane,Technician,48494.97,758.0,elizabeth.botha893@webmail.co.za
CUST103389,Lerato,Miller,1979-07-10,2026-07-09,Nelspruit,,35715.08,541.0,lerato.miller975@yahoo.com
CUST103390,William,Nkosi,1985-10-24,2024-03-09,Nelspruit,Accountant,11279.05,628.0,william.nkosi82@yahoo.com
CUST103391,Thabo,Dlamini,1971-07-14,2025-01-24,Port Elizabeth,Technician,27325.72,863.0,thabo.dlamini173@gmail.com
CUST103392,Mei,Pretorius,1972-04-23,2023-12-16,Bloemfontein,Student,10518.04,742.0,mei.pretorius881@yahoo.com
CUST103393,Michael,Williams,1987-10-14,2016-03-24,Cape Town,Nurse,60195.53,584.0,michael.williams70@gmail.com
CUST103394,David,Williams,1948-09-17,2015-10-03,bloemfontein,,70860.26,-1.0,david.williams367@outlook.com
CUST103395,Mei,Botha,1977-12-11,2025-08-06,Cape Town,Artisan,26018.36,635.0,mei.botha637@webmail.co.za
CUST103396,Joseph,Chen,1978-05-21,2016-08-07,Polokwane,Nurse,3225924.0,,joseph.chen582@outlook.com
CUST103397,Carlos,Brown,1991-02-28,2019-07-13,Polokwane,Retired,18059.7,560.0,carlos.brown194@yahoo.com
CUST103398,James,Botha,2004-12-09,2022-01-23,johannesburg,Civil Servant,20491.28,554.0,james.botha386@gmail.com
CUST103399,Chidi,Williams,1993-07-16,2017-06-15,kimberley  ,Manager,25232.89,714.0,chidi.williams550@webmail.co.za
CUST103400,RAJ,Patel,1975-09-24,2017-08-10,Polokwane,Artisan,61223.22,499.0,raj.patel665@gmail.com
CUST103401,Fatima,Jones,1955-05-04,2020-05-26,Pretoria  ,Retired,47732.18,568.0,fatima.jones395@yahoo.com
CUST103402,Jennifer,Johnson,1980-11-18,2019-03-07,,Nurse,48175.35,642.0,jennifer.johnson156@webmail.co.za
CUST103403,Sofia,Silva,1995-11-22,2022-11-01,Johannesburg,Technician,29802.48,647.0,sofia.silva530@outlook.com
CUST103404,Richard,Van der Merwe,2001-11-16,2015-11-14,Kimberley,Consultant,13464.78,527.0,richard.van der merwe763@outlook.com
CUST103405,BARBARA,Williams,1995-05-06,2020-08-29,Cape Town,Driver,16949.03,682.0,barbara.williams424@gmail.com
CUST103406,Barbara,Williams,1956-07-12,2017-01-07,Kimberley,Driver,27901.42,700.0,barbara.williams541@webmail.co.za
CUST103407,Kagiso,Mokoena,1988-06-19,2022-01-10,East London,Artisan,13086.55,590.0,kagiso.mokoena333@yahoo.com
CUST103408,Lerato,Smith,1998-09-08,2016-05-06,Kimberley,Retired,32286.03,799.0,lerato.smith917@outlook.com
CUST103409,Jessica,Khan,1986-07-17,2017-04-15,Pretoria  ,,,681.0,jessica.khan609@outlook.com
CUST103410,Robert,Pretorius,1986-10-30,2024-04-23,Nelspruit,Nurse,,560.0,robert.pretorius15@webmail.co.za
CUST103411,SOFIA,Khan,1975-07-06,2017-09-21,port elizabeth  ,Retired,36428.75,796.0,sofia.khan266@yahoo.com
CUST103412,Linda,Garcia,1983-11-09,2023-07-15,Pretoria,Nurse,8779.99,603.0,linda.garcia783@outlook.com
CUST103413,Patricia,Jones,1962-12-16,2018-03-01,Pretoria,Engineer,59874.95,666.0,patricia.jones486@webmail.co.za
CUST103414,Zanele,Chen,1950-06-02,2017-09-21,Kimberley,Driver,10504.6,606.0,zanele.chen599@outlook.com
CUST103415,Susan,Johnson,1995-06-28,2018-06-19,Port Elizabeth  ,Entrepreneur,24547.14,706.0,susan.johnson22@webmail.co.za
CUST103416,Zanele,Dlamini,2002-07-13,2025-03-15,Port Elizabeth  ,Retired,38992.56,607.0,zanele.dlamini68@outlook.com
CUST103417,Ahmed,Martinez,1997-04-07,2019-08-08,East London,Driver,33361.52,612.0,ahmed.martinez239@gmail.com
CUST103418,Patricia,Khan,1965-05-15,2017-10-28,Bloemfontein,,12497.68,636.0,patricia.khan808@webmail.co.za
CUST103419,Elizabeth,Jones,1950-09-15,2021-03-19,Bloemfontein,,13918.92,605.0,elizabeth.jones900@yahoo.com
CUST103420,THABO,Khan,1962-02-02,2019-06-20,Pretoria,Student,31960.08,746.0,thabo.khan276@webmail.co.za
CUST103421,Mei,Patel,1996-05-30,2024-02-25,Cape Town  ,Retired,36552.58,537.0,mei.patel944@outlook.com
CUST103422,Zanele,Garcia,1985-01-01,2026-06-21,Kimberley,Teacher,13844.98,647.0,zanele.garcia399@webmail.co.za
CUST103423,Richard,Davis,2003-12-19,2021-02-05,Port Elizabeth,Accountant,34048.99,,richard.davis826@webmail.co.za
CUST103424,Zanele,Johnson,1965-11-26,2020-03-25,Kimberley,Teacher,10838.24,639.0,zanele.johnson600@gmail.com
CUST103425,Sofia,Martinez,1978-08-22,2018-12-22,Port Elizabeth,,39129.56,737.0,sofia.martinez631@gmail.com
CUST103426,Jessica,Garcia,1993-03-11,2026-04-10,bloemfontein,Manager,15830.52,515.0,
CUST103427,Ahmed,Williams,1959-04-11,2020-08-06,Bloemfontein,Technician,28234.73,701.0,ahmed.williams27@yahoo.com
CUST103428,Wei,Khumalo,2003-10-22,2017-01-22,Kimberley,Consultant,25528.77,538.0,wei.khumalo313@gmail.com
CUST103429,Elizabeth,Khumalo,1981-02-19,2026-03-23,Cape Town,,53981.38,604.0,elizabeth.khumalo647@webmail.co.za
CUST103430,LINDA,Johnson,1945-06-25,2026-02-16,Bloemfontein,Engineer,,529.0,linda.johnson892@webmail.co.za
CUST103431,Wei,Jones,1946-07-15,2020-01-18,Cape Town,Civil Servant,18779.83,,wei.jones183@gmail.com
CUST103432,Michael,Johnson,1998-10-24,2019-01-12,Nelspruit,Manager,33381.45,598.0,michael.johnson821@gmail.com
CUST103433,David,Chen,1984-05-12,2022-11-18,Bloemfontein,Civil Servant,97289.66,797.0,david.chen380@yahoo.com
CUST103434,Linda,Davis,1991-07-19,2024-08-07,Kimberley,Retired,,672.0,linda.davis182@webmail.co.za
CUST103435,ZANELE,Johnson,1992-10-28,2020-10-09,Durban  ,Student,25964.87,690.0,zanele.johnson769@outlook.com
CUST103436,Elizabeth,Jones,1970-08-25,2018-10-31,Cape Town,Student,16314.87,550.0,elizabeth.jones469@yahoo.com
CUST103437,Lerato,Nkosi,1993-09-18,2018-06-28,East London,,18584.91,717.0,lerato.nkosi203@gmail.com
CUST103438,Fatima,Garcia,2002-03-10,2018-10-13,Cape Town,Driver,40457.03,797.0,fatima.garcia839@outlook.com
CUST103439,Raj,Patel,1955-07-03,2016-05-14,Pretoria,Driver,15811.91,728.0,raj.patel980@gmail.com
CUST103440,Carlos,Ndlovu,1991-08-12,2024-01-07,Pretoria,Student,26946.62,532.0,carlos.ndlovu421@webmail.co.za
CUST103441,James,Brown,1963-10-11,2016-03-19,Durban,Accountant,63740.24,,james.brown879@yahoo.com
CUST103442,Joseph,Miller,1964-08-11,2019-08-12,Cape Town,Entrepreneur,29443.71,660.0,joseph.miller139@outlook.com
CUST103443,Linda,Smith,1970-03-06,2024-09-01,East London,Engineer,14080.14,598.0,linda.smith84@webmail.co.za
CUST103444,Fatima,Khan,1997-09-07,2019-09-06,Polokwane,Civil Servant,99380.25,878.0,fatima.khan366@gmail.com
CUST103445,Amara,Davis,1946-05-07,2018-05-31,Pretoria,Manager,77456.28,607.0,amara.davis525@yahoo.com
CUST103446,DAVID,Ndlovu,1971-06-21,2025-12-25,Durban,Engineer,36341.15,646.0,
CUST103447,Sipho,Brown,1986-06-25,2016-06-19,Cape Town,,57841.01,596.0,sipho.brown672@yahoo.com
CUST103448,Zanele,Van der Merwe,1951-09-26,2025-03-31,East London,Driver,,671.0,zanele.van der merwe153@yahoo.com
CUST103449,JESSICA,Jones,1993-04-29,2015-09-20,Nelspruit,Driver,41550.83,774.0,jessica.jones188@webmail.co.za
CUST103450,JESSICA,Khumalo,2002-06-15,2019-10-16,Bloemfontein,Technician,20866.0,660.0,
CUST103451,Mary,Botha,1950-07-19,2022-04-26,Port Elizabeth  ,Consultant,11929.28,630.0,mary.botha978@gmail.com
CUST103452,Joseph,Patel,1954-05-01,2019-04-15,East London,Nurse,127408.48,553.0,joseph.patel38@yahoo.com
CUST103453,Barbara,Mokoena,2004-06-01,2021-03-11,kimberley,Engineer,11568.92,759.0,barbara.mokoena68@outlook.com
CUST103454,Raj,Botha,1957-01-26,2017-05-12,Kimberley,Sales Rep,32161.81,637.0,raj.botha807@yahoo.com
CUST103455,Priya,Brown,1949-10-25,2021-08-04,Cape Town,Manager,31937.18,633.0,priya.brown960@webmail.co.za
CUST103456,Wei,Nkosi,2003-01-30,2016-07-23,Port Elizabeth,Consultant,36665.93,439.0,wei.nkosi545@outlook.com
CUST103457,James,Khumalo,1999-06-13,2024-03-21,Nelspruit,Retired,25493.77,639.0,james.khumalo551@webmail.co.za
CUST103458,RAJ,Martinez,1984-12-30,2021-10-05,East London,Artisan,25653.88,614.0,raj.martinez239@webmail.co.za
CUST103459,Richard,Garcia,1978-08-21,2020-07-31,Nelspruit,Teacher,29232.81,486.0,richard.garcia809@outlook.com
CUST103460,SUSAN,Khan,2001-01-26,2015-08-20,Kimberley,,35879.49,739.0,susan.khan192@gmail.com
CUST103461,Carlos,Nkosi,1984-12-26,2020-10-15,cape town,Student,26873.88,602.0,carlos.nkosi593@gmail.com
CUST103462,Priya,Patel,1985-02-28,2021-07-11,East London,Engineer,25822.03,,
CUST103463,Mary,Smith,1996-06-18,2018-01-28,Bloemfontein,Retired,12177.36,777.0,mary.smith799@gmail.com
CUST103464,Barbara,Ndlovu,1984-11-05,2022-11-06,Durban,Civil Servant,90058.03,585.0,barbara.ndlovu46@gmail.com
CUST103465,Chidi,Khan,1975-09-22,2015-11-21,East London,Consultant,37101.75,773.0,
CUST103466,Naledi,Rodriguez,1968-10-09,2017-06-01,Cape Town,Entrepreneur,30495.79,795.0,naledi.rodriguez757@webmail.co.za
CUST103467,WILLIAM,Silva,1975-09-10,2023-07-17,Port Elizabeth,Civil Servant,18496.18,600.0,william.silva621@yahoo.com
CUST103468,Thabo,Patel,1976-11-14,2016-09-14,Port Elizabeth,,14732.8,557.0,
CUST103469,PRIYA,Johnson,1967-01-04,2017-11-04,Pretoria,,45070.89,456.0,priya.johnson875@yahoo.com
CUST103470,Linda,Khumalo,1972-05-02,2022-07-16,East London,Nurse,24442.59,684.0,linda.khumalo895@webmail.co.za
CUST103471,Chidi,Brown,1993-11-29,2023-06-11,Kimberley,Engineer,39051.59,562.0,chidi.brown346@gmail.com
CUST103472,Chidi,Ndlovu,1970-05-29,2015-08-06,kimberley  ,Artisan,11952.67,687.0,chidi.ndlovu590@gmail.com
CUST103473,Ahmed,Rodriguez,1946-07-24,2016-06-19,Polokwane,Student,68057.82,599.0,ahmed.rodriguez316@webmail.co.za
CUST103474,ELIZABETH,Silva,1962-04-07,2020-03-02,Pretoria,Consultant,46204.22,580.0,elizabeth.silva496@gmail.com
CUST103475,Michael,Botha,1959-02-19,2021-11-12,Kimberley,Accountant,25625.99,599.0,michael.botha159@webmail.co.za
CUST103476,Naledi,Ndlovu,1993-05-29,2020-04-03,Kimberley,,35616.89,533.0,
CUST103477,NALEDI,Dlamini,1972-05-28,2022-06-30,Nelspruit  ,Sales Rep,41965.48,599.0,naledi.dlamini157@webmail.co.za
CUST103478,Susan,Mokoena,1962-02-06,2023-10-03,Nelspruit,Retired,12061.96,584.0,susan.mokoena277@webmail.co.za
CUST103479,Wei,Chen,1994-06-14,2025-12-30,Nelspruit,Artisan,73621.78,649.0,wei.chen590@outlook.com
CUST103480,MEI,Mokoena,1946-03-05,2019-01-19,Polokwane  ,,35952.6,659.0,mei.mokoena824@gmail.com
CUST103481,Linda,Silva,1955-08-19,2016-11-20,polokwane,Student,17633.2,554.0,linda.silva1@outlook.com
CUST103482,Mei,Nkosi,1995-06-11,2018-01-22,East London,Artisan,13933.41,749.0,mei.nkosi306@gmail.com
CUST103483,LINDA,Van der Merwe,1978-08-03,2016-09-18,East London,Entrepreneur,48642.78,636.0,linda.van der merwe191@yahoo.com
CUST103484,SUSAN,Williams,1992-03-11,2019-07-26,Pretoria,Engineer,30537.04,785.0,susan.williams887@outlook.com
CUST103485,James,Ndlovu,1996-02-16,2025-02-07,Nelspruit,,35938.36,672.0,james.ndlovu656@yahoo.com
CUST103486,David,Ndlovu,2002-06-17,2019-01-08,East London,Consultant,27337.06,656.0,david.ndlovu712@outlook.com
CUST103487,Carlos,Dlamini,1948-11-14,2016-09-21,East London,Retired,14740.5,606.0,carlos.dlamini410@webmail.co.za
CUST103488,Joseph,Dlamini,1993-10-02,2021-01-19,Polokwane,Accountant,36503.76,705.0,joseph.dlamini489@outlook.com
CUST103489,Amara,Patel,1988-03-26,2026-06-27,Johannesburg,Consultant,23896.3,653.0,amara.patel612@gmail.com
CUST103490,Patricia,Martinez,1957-08-18,2017-03-07,Kimberley,Driver,26555.32,727.0,patricia.martinez870@webmail.co.za
CUST103491,Kagiso,Garcia,2001-10-31,2024-01-04,Bloemfontein,Teacher,111994.12,794.0,kagiso.garcia430@gmail.com
CUST103492,Barbara,Ndlovu,1969-08-28,2024-07-14,Kimberley  ,Consultant,45317.18,585.0,barbara.ndlovu698@gmail.com
CUST103493,Chidi,Van der Merwe,1999-02-22,2019-08-25,Cape Town,Engineer,46913.41,705.0,chidi.van der merwe174@webmail.co.za
CUST103494,Fatima,Miller,1981-11-29,2022-03-05,Durban  ,Teacher,137628.58,703.0,fatima.miller272@webmail.co.za
CUST103495,Naledi,Smith,1977-02-17,2020-01-03,,,33885.56,691.0,naledi.smith262@webmail.co.za
CUST103496,PATRICIA,Nkosi,1954-09-25,2018-01-14,East London,Civil Servant,28906.58,611.0,patricia.nkosi678@webmail.co.za
CUST103497,Jessica,Jones,2000-10-09,2019-12-08,East London,Student,17898.56,613.0,jessica.jones733@outlook.com
CUST103498,Patricia,Mokoena,1978-12-15,2016-02-08,Port Elizabeth,Engineer,20505.92,,patricia.mokoena368@yahoo.com
CUST103499,Joseph,Silva,1945-05-16,2023-03-10,Bloemfontein,Teacher,7877.28,,joseph.silva70@yahoo.com
CUST103500,Mary,Miller,1946-02-12,2024-08-08,Bloemfontein,Sales Rep,43228.44,,mary.miller459@outlook.com
CUST103501,Kagiso,Davis,1992-06-07,2018-07-24,Cape Town  ,Sales Rep,12579.8,641.0,kagiso.davis902@webmail.co.za
CUST103502,Elizabeth,Miller,1954-11-17,2021-07-24,Bloemfontein,Engineer,46241.9,582.0,elizabeth.miller128@gmail.com
CUST103503,Michael,Brown,1981-07-10,2017-09-08,Bloemfontein,Accountant,26217.55,689.0,michael.brown533@yahoo.com
CUST103504,James,Brown,1986-07-18,2016-06-23,Pretoria,Teacher,29051.79,655.0,james.brown929@gmail.com
CUST103505,Ahmed,Jones,1962-01-15,2022-09-08,Pretoria,Consultant,26227.91,665.0,ahmed.jones570@outlook.com
CUST103506,Raj,Ndlovu,1979-09-23,2016-07-21,Polokwane  ,Artisan,61799.14,625.0,raj.ndlovu437@gmail.com
CUST103507,Mei,Dlamini,1959-08-28,2024-01-21,East London,Manager,55584.82,656.0,mei.dlamini130@webmail.co.za
CUST103508,Mary,Smith,2002-09-21,2018-02-23,Port Elizabeth,Consultant,26440.84,628.0,mary.smith630@webmail.co.za
CUST103509,Barbara,Van der Merwe,1997-06-20,2024-06-24,East London,Accountant,15687.16,720.0,barbara.van der merwe836@outlook.com
CUST103510,Sofia,Chen,1962-07-28,2019-04-08,Durban,Entrepreneur,46832.54,610.0,sofia.chen188@yahoo.com
CUST103511,Sipho,Johnson,1977-04-04,2019-04-10,Port Elizabeth,Engineer,14991.75,684.0,sipho.johnson324@outlook.com
CUST103512,John,Van der Merwe,1975-07-16,2023-09-10,Bloemfontein,Technician,10583.84,532.0,john.van der merwe118@webmail.co.za
CUST103513,John,Smith,2003-07-24,2020-11-28,Durban,Driver,36279.57,,john.smith315@gmail.com
CUST103514,William,Khumalo,1969-01-13,2017-04-30,Cape Town,Sales Rep,55887.38,,william.khumalo597@yahoo.com
CUST103515,Sofia,Ndlovu,1979-04-18,2024-11-06,bloemfontein,,21098.32,568.0,sofia.ndlovu690@yahoo.com
CUST103516,Jennifer,Dlamini,2001-08-25,2018-12-09,,Artisan,34293.48,548.0,jennifer.dlamini190@gmail.com
CUST103517,Ahmed,Nkosi,1954-12-07,2016-03-10,Port Elizabeth,Civil Servant,20964.71,540.0,ahmed.nkosi181@yahoo.com
CUST103518,Lerato,Pretorius,1978-07-31,2019-10-26,Kimberley,Consultant,41489.51,607.0,lerato.pretorius269@gmail.com
CUST103519,Fatima,Miller,1951-06-13,2021-08-24,Nelspruit,Accountant,51897.08,,fatima.miller317@outlook.com
CUST103520,Raj,Khumalo,1982-09-01,2022-01-23,Polokwane,Technician,22977.73,592.0,raj.khumalo839@yahoo.com
CUST103521,David,Nkosi,1967-04-23,2024-09-04,Nelspruit  ,Technician,14522.26,451.0,david.nkosi521@gmail.com
CUST103522,Raj,Khan,2004-01-09,2021-04-09,Port Elizabeth,Entrepreneur,11223.69,683.0,raj.khan412@webmail.co.za
CUST103523,JENNIFER,Botha,1970-05-04,2017-08-04,Polokwane,Consultant,46883.12,550.0,jennifer.botha19@outlook.com
CUST103524,Elizabeth,Martinez,1953-04-23,2018-01-11,Cape Town,Civil Servant,13603.2,723.0,elizabeth.martinez903@outlook.com
CUST103525,Michael,Miller,1995-11-15,2016-03-02,Pretoria,Artisan,33631.37,612.0,michael.miller211@outlook.com
CUST103526,John,Dlamini,1995-01-27,2023-07-10,bloemfontein,Consultant,42892.16,625.0,john.dlamini114@outlook.com
CUST103527,Robert,Silva,1987-05-21,2016-03-24,Johannesburg,Driver,19914.81,758.0,robert.silva136@yahoo.com
CUST103528,Jennifer,Pretorius,1990-09-04,2022-01-06,Polokwane,Accountant,24349.67,706.0,jennifer.pretorius947@webmail.co.za
CUST103529,Patricia,Patel,1961-02-23,2021-11-30,Kimberley,Teacher,48992.67,538.0,patricia.patel217@yahoo.com
CUST103530,Richard,Patel,1984-03-01,2024-02-05,Cape Town,Consultant,16565.6,551.0,richard.patel330@outlook.com
CUST103531,ROBERT,Dlamini,1947-04-28,2015-11-12,Kimberley,Civil Servant,15586.7,489.0,robert.dlamini412@gmail.com
CUST103532,Mary,Davis,1957-01-04,2017-05-08,Johannesburg,Engineer,23373.67,884.0,mary.davis166@webmail.co.za
CUST103533,Sofia,Martinez,2001-11-13,2025-07-14,Cape Town,,57915.92,572.0,sofia.martinez14@gmail.com
CUST103534,ROBERT,Ndlovu,1990-02-03,2021-08-17,Polokwane,Entrepreneur,70716.81,755.0,robert.ndlovu603@outlook.com
CUST103535,Robert,Silva,1959-01-27,2020-04-20,East London,,,602.0,robert.silva97@yahoo.com
CUST103536,James,Khumalo,1951-10-18,2023-08-29,Kimberley,Driver,17548.56,553.0,james.khumalo390@outlook.com
CUST103537,John,Silva,2002-11-18,2025-06-14,Port Elizabeth,Consultant,50943.31,652.0,john.silva785@outlook.com
CUST103538,Thabo,Smith,1951-11-05,2018-01-17,Bloemfontein,Entrepreneur,9881.53,621.0,thabo.smith620@gmail.com
CUST103539,Raj,Khan,1960-09-06,2025-06-10,Cape Town,Engineer,31212.27,722.0,raj.khan937@outlook.com
CUST103540,Chidi,Dlamini,1956-02-21,2016-04-04,East London,Sales Rep,26203.59,723.0,chidi.dlamini660@yahoo.com
CUST103541,SIPHO,Nkosi,1945-06-16,2026-04-28,Kimberley,Engineer,58471.62,597.0,sipho.nkosi794@yahoo.com
CUST103542,Robert,Ndlovu,1964-02-29,2016-11-28,Bloemfontein,Artisan,,520.0,robert.ndlovu324@yahoo.com
CUST103543,Wei,Ndlovu,2004-06-03,2018-01-31,Kimberley,Teacher,15282.79,542.0,wei.ndlovu659@webmail.co.za
CUST103544,Mary,Williams,1965-11-09,2016-02-13,Pretoria,Driver,29750.67,445.0,mary.williams227@yahoo.com
CUST103545,Kagiso,Silva,1975-10-06,2024-04-22,Kimberley,Retired,19103.7,625.0,kagiso.silva227@webmail.co.za
CUST103546,Susan,Patel,1990-07-02,2026-05-26,Bloemfontein,Retired,22561.58,649.0,susan.patel343@outlook.com
CUST103547,Ahmed,Van der Merwe,1978-08-13,2018-06-10,Cape Town,Accountant,38965.53,547.0,ahmed.van der merwe232@yahoo.com
CUST103548,Elizabeth,Williams,1990-05-11,2018-10-09,Pretoria,Technician,22005.85,536.0,elizabeth.williams27@gmail.com
CUST103549,Kagiso,Jones,1985-05-11,2018-03-26,Port Elizabeth,Nurse,30222.9,649.0,kagiso.jones29@gmail.com
CUST103550,Joseph,Botha,1982-02-14,2016-10-16,Johannesburg,Consultant,47780.04,593.0,joseph.botha927@yahoo.com
CUST103551,Thabo,Smith,1984-08-17,2024-02-13,Nelspruit,Engineer,66775.87,631.0,thabo.smith531@outlook.com
CUST103552,Carlos,Dlamini,1993-09-30,2015-09-14,Durban,Entrepreneur,31990.94,,carlos.dlamini487@yahoo.com
CUST103553,Amara,Rodriguez,1988-04-27,2026-03-17,East London,Engineer,28872.92,672.0,amara.rodriguez728@webmail.co.za
CUST103554,Susan,Pretorius,1993-04-18,2025-09-27,Kimberley,Artisan,13844.26,599.0,susan.pretorius101@outlook.com
CUST103555,Joseph,Van der Merwe,1953-11-18,2016-05-15,Port Elizabeth,Sales Rep,69666.79,606.0,joseph.van der merwe123@yahoo.com
CUST103556,Amara,Botha,1986-05-03,2021-02-17,east london,Accountant,36221.95,481.0,amara.botha952@webmail.co.za
CUST103557,Barbara,Miller,1989-12-16,2026-07-01,Bloemfontein,Consultant,29194.48,645.0,barbara.miller568@outlook.com
CUST103558,Jennifer,Khumalo,1963-04-19,2024-11-15,Polokwane,Nurse,28311.67,658.0,jennifer.khumalo448@webmail.co.za
CUST103559,Joseph,Patel,1998-05-07,2023-04-14,Johannesburg,Consultant,33402.7,634.0,joseph.patel545@gmail.com
CUST103560,Robert,Nkosi,1963-08-03,2015-04-06,Pretoria,,42747.85,822.0,robert.nkosi304@outlook.com
CUST103561,Jennifer,Smith,1959-11-16,2015-10-17,East London,Sales Rep,,665.0,jennifer.smith328@outlook.com
CUST103562,Susan,Nkosi,1997-11-22,2024-03-12,Johannesburg,Manager,70719.82,636.0,susan.nkosi958@outlook.com
CUST103563,Mei,Davis,1960-01-26,2019-05-12,Nelspruit,Sales Rep,31120.22,695.0,mei.davis1@outlook.com
CUST103564,Mei,Williams,1970-05-06,2022-09-28,East London,,77073.96,840.0,mei.williams980@outlook.com
CUST103565,William,Mokoena,1967-06-11,2023-07-24,Johannesburg,Retired,50748.33,673.0,william.mokoena637@webmail.co.za
CUST103566,Susan,Silva,1999-10-12,2019-11-21,Johannesburg,,25949.85,450.0,susan.silva495@gmail.com
CUST103567,John,Williams,1972-10-08,2016-08-29,Cape Town,Driver,9892.93,689.0,john.williams477@outlook.com
CUST103568,Wei,Smith,1987-05-09,2019-06-24,East London  ,Engineer,28320.39,571.0,wei.smith86@gmail.com
CUST103569,Linda,Botha,1993-06-08,2025-02-01,Bloemfontein,Accountant,68534.1,477.0,linda.botha874@outlook.com
CUST103570,Mei,Pretorius,1983-04-21,2018-11-01,Port Elizabeth,Retired,16896.17,803.0,mei.pretorius510@yahoo.com
CUST103571,Raj,Brown,2002-07-25,2015-09-23,Bloemfontein,Entrepreneur,28267.77,783.0,raj.brown111@webmail.co.za
CUST103572,Amara,Botha,1993-12-14,2026-02-09,Port Elizabeth,Sales Rep,29706.8,569.0,amara.botha539@outlook.com
CUST103573,David,Pretorius,1969-05-31,2022-11-19,Pretoria,Student,47347.82,569.0,david.pretorius362@outlook.com
CUST103574,Carlos,Nkosi,2002-12-31,2021-04-06,Johannesburg,Manager,21318.13,664.0,carlos.nkosi953@gmail.com
CUST103575,Lerato,Jones,1976-12-31,2024-08-08,Johannesburg,Technician,15968.44,,lerato.jones764@webmail.co.za
CUST103576,Kagiso,Khumalo,1946-05-19,2019-10-06,East London,,37873.29,638.0,kagiso.khumalo407@gmail.com
CUST103577,PRIYA,Nkosi,1960-11-10,2026-05-30,Polokwane,Driver,17222.43,586.0,priya.nkosi155@gmail.com
CUST103578,Ahmed,Botha,1982-12-04,2024-12-06,Durban,Driver,8943.63,614.0,ahmed.botha266@webmail.co.za
CUST103579,Robert,Mokoena,1954-07-26,2018-04-01,Durban,Nurse,81163.68,524.0,robert.mokoena538@outlook.com
CUST103580,Ahmed,Jones,1980-08-17,2019-04-19,Port Elizabeth,Accountant,46920.9,724.0,ahmed.jones740@outlook.com
CUST103581,Wei,Johnson,1967-01-22,2018-03-12,East London,Engineer,83285.74,758.0,wei.johnson753@webmail.co.za
CUST103582,Michael,Garcia,1977-08-06,2022-08-21,Bloemfontein,Entrepreneur,45451.8,641.0,michael.garcia815@outlook.com
CUST103583,ELIZABETH,Johnson,1945-02-11,2022-05-28,Bloemfontein,Entrepreneur,40466.06,647.0,elizabeth.johnson807@gmail.com
CUST103584,Wei,Jones,1996-10-01,2021-01-19,johannesburg,Sales Rep,33581.19,707.0,wei.jones723@gmail.com
CUST103585,Michael,Johnson,1967-01-29,2026-03-09,Port Elizabeth,Consultant,24061.85,650.0,michael.johnson318@webmail.co.za
CUST103586,Joseph,Khan,1953-07-20,2020-06-20,Polokwane,Accountant,36580.26,806.0,joseph.khan505@outlook.com
CUST103587,AMARA,Khumalo,1971-09-18,2024-01-29,Bloemfontein,Engineer,19303.86,532.0,amara.khumalo720@webmail.co.za
CUST103588,Kagiso,Dlamini,1974-08-28,2022-08-15,,Technician,14164.05,727.0,kagiso.dlamini148@gmail.com
CUST103589,FATIMA,Silva,1983-11-18,2020-12-31,East London,Nurse,22041.11,640.0,fatima.silva248@yahoo.com
CUST103590,Patricia,Martinez,1976-12-30,2015-06-28,Nelspruit,Entrepreneur,58389.73,549.0,patricia.martinez819@gmail.com
CUST103591,Elizabeth,Rodriguez,1947-08-28,2022-08-13,Bloemfontein,Driver,12843.02,852.0,elizabeth.rodriguez540@outlook.com
CUST103592,Sofia,Jones,1998-02-28,2022-06-11,Bloemfontein,Retired,12966.05,865.0,sofia.jones363@yahoo.com
CUST103593,Sipho,Martinez,1972-11-05,2016-06-12,Bloemfontein,Accountant,38360.57,631.0,sipho.martinez205@yahoo.com
CUST103594,Linda,Brown,1949-09-12,2024-03-20,Durban,Teacher,20972.19,690.0,linda.brown615@webmail.co.za
CUST103595,Elizabeth,Khumalo,1992-02-21,2020-05-29,Port Elizabeth,Consultant,36000.82,,elizabeth.khumalo849@gmail.com
CUST103596,David,Nkosi,1985-04-08,2018-10-03,Cape Town,Nurse,48723.39,622.0,david.nkosi293@yahoo.com
CUST103597,NALEDI,Dlamini,1984-08-12,2024-07-17,Port Elizabeth,Manager,35486.92,548.0,naledi.dlamini391@webmail.co.za
CUST103598,Elizabeth,Miller,1971-01-16,2018-12-23,Cape Town,Driver,18410.06,535.0,elizabeth.miller101@yahoo.com
CUST103599,ZANELE,Patel,1970-01-15,2022-03-15,Port Elizabeth,Civil Servant,58090.67,816.0,zanele.patel55@webmail.co.za
CUST103600,Joseph,Van der Merwe,1977-09-19,2022-02-26,Kimberley,Technician,41993.65,647.0,joseph.van der merwe963@outlook.com
CUST103601,Zanele,Ndlovu,1948-02-02,2015-08-12,Port Elizabeth,Student,27339.74,655.0,zanele.ndlovu48@gmail.com
CUST103602,John,Garcia,1963-03-28,2019-11-24,Polokwane,Consultant,26557.04,577.0,john.garcia570@yahoo.com
CUST103603,Zanele,Patel,2005-04-05,2017-07-31,Port Elizabeth,Civil Servant,33671.11,667.0,zanele.patel231@webmail.co.za
CUST103604,Fatima,Jones,1985-05-23,2017-04-24,Kimberley  ,Sales Rep,22310.43,515.0,fatima.jones307@webmail.co.za
CUST103605,John,Nkosi,1970-07-22,2022-08-02,Durban,Entrepreneur,10109.97,,john.nkosi39@outlook.com
CUST103606,David,Miller,1958-07-26,2015-02-18,Nelspruit,Civil Servant,42196.59,542.0,david.miller85@gmail.com
CUST103607,Amara,Davis,1990-06-16,2026-03-23,Polokwane,Civil Servant,40718.83,766.0,amara.davis417@outlook.com
CUST103608,ZANELE,Patel,1960-11-17,2019-07-31,Nelspruit,Student,6763.94,501.0,zanele.patel638@yahoo.com
CUST103609,Lerato,Smith,1954-11-27,2018-06-17,Cape Town,,36548.88,,lerato.smith277@gmail.com
CUST103610,NALEDI,Jones,1954-06-05,2025-08-27,Nelspruit,Retired,77179.57,466.0,naledi.jones652@webmail.co.za
CUST103611,Lerato,Williams,1989-06-26,2020-08-20,Kimberley,Driver,13676.26,570.0,lerato.williams612@yahoo.com
CUST103612,ZANELE,Rodriguez,1984-03-18,2022-02-11,Durban  ,Nurse,25745.76,609.0,zanele.rodriguez301@gmail.com
CUST103613,Robert,Khumalo,1949-04-05,2023-01-22,East London,Accountant,24120.34,738.0,robert.khumalo292@gmail.com
CUST103614,Wei,Brown,1952-01-08,2025-02-03,Bloemfontein,Consultant,72856.51,630.0,wei.brown487@yahoo.com
CUST103615,Joseph,Davis,1983-08-31,2016-07-02,Johannesburg,Nurse,52710.41,,joseph.davis795@webmail.co.za
CUST103616,Mary,Khan,1979-11-02,2015-12-12,Bloemfontein,Accountant,15882.14,677.0,mary.khan306@gmail.com
CUST103617,Susan,Pretorius,1986-11-05,2026-07-05,east london,Artisan,33033.29,610.0,susan.pretorius122@gmail.com
CUST103618,Susan,Smith,1955-11-11,2015-02-07,Durban,Driver,,867.0,susan.smith322@yahoo.com
CUST103619,Robert,Mokoena,1989-04-27,2023-03-15,Pretoria,Student,18493.51,597.0,robert.mokoena50@webmail.co.za
CUST103620,Sofia,Smith,2002-02-06,2022-01-28,Bloemfontein,,26723.74,687.0,sofia.smith528@outlook.com
CUST103621,Linda,Dlamini,1981-08-30,2021-05-26,Kimberley,Teacher,36611.01,724.0,linda.dlamini886@gmail.com
CUST103622,David,Botha,1956-12-18,2024-02-07,Johannesburg,Artisan,18656.82,594.0,david.botha699@outlook.com
CUST103623,Joseph,Silva,1986-06-14,2026-06-30,Kimberley,Entrepreneur,77491.37,665.0,joseph.silva800@webmail.co.za
CUST103624,Raj,Garcia,1965-12-05,2015-07-18,Nelspruit,,20259.9,605.0,
CUST103625,Chidi,Garcia,1948-01-04,2022-02-12,Nelspruit,Retired,11691.05,675.0,chidi.garcia821@webmail.co.za
CUST103626,Wei,Silva,1963-06-11,2023-04-20,Johannesburg,Technician,19633.86,659.0,wei.silva920@yahoo.com
CUST103627,Linda,Van der Merwe,2000-03-28,2018-07-18,Bloemfontein,Artisan,39807.56,637.0,linda.van der merwe532@outlook.com
CUST103628,Priya,Miller,1970-01-29,2025-05-04,Pretoria,Engineer,16665.49,546.0,priya.miller719@webmail.co.za
CUST103629,Raj,Smith,1997-09-28,2020-04-17,Kimberley,Sales Rep,32251.49,818.0,raj.smith782@outlook.com
CUST103630,Joseph,Martinez,1976-01-11,2016-11-26,Polokwane,Manager,37704.33,703.0,joseph.martinez648@outlook.com
CUST103631,Naledi,Mokoena,1976-07-14,2024-11-23,East London,Nurse,13025.18,507.0,naledi.mokoena411@webmail.co.za
CUST103632,Mary,Martinez,1945-04-27,2025-12-02,Johannesburg,Retired,19182.98,612.0,mary.martinez648@webmail.co.za
CUST103633,Wei,Pretorius,1983-11-12,2016-02-25,Nelspruit,Technician,33169.38,509.0,wei.pretorius179@yahoo.com
CUST103634,Carlos,Silva,1951-07-30,2023-09-15,Port Elizabeth,Civil Servant,41004.92,719.0,carlos.silva135@webmail.co.za
CUST103635,Jessica,Silva,1974-03-16,2017-06-28,Cape Town,Nurse,19471.94,648.0,jessica.silva798@webmail.co.za
CUST103636,Naledi,Smith,1960-11-17,2015-01-29,Nelspruit,,29468.09,650.0,naledi.smith864@webmail.co.za
CUST103637,Jessica,Van der Merwe,1968-12-07,2018-01-07,Kimberley  ,Artisan,22689.06,574.0,jessica.van der merwe379@gmail.com
CUST103638,Robert,Khan,1977-10-05,2024-11-25,Port Elizabeth,Artisan,41635.57,622.0,robert.khan34@outlook.com
CUST103639,ZANELE,Rodriguez,1945-11-19,2016-08-20,East London,Driver,36740.98,721.0,zanele.rodriguez778@yahoo.com
CUST103640,Chidi,Khumalo,1962-05-12,2016-07-06,East London,Student,21502.19,745.0,chidi.khumalo954@gmail.com
CUST103641,Fatima,Van der Merwe,2005-05-13,2023-07-24,Pretoria,Accountant,35848.83,726.0,fatima.van der merwe771@gmail.com
CUST103642,Fatima,Botha,1948-07-02,2019-09-15,Polokwane,Retired,21003.43,510.0,fatima.botha709@gmail.com
CUST103643,Jessica,Khumalo,1964-06-25,2016-09-20,Kimberley,Sales Rep,35398.23,633.0,jessica.khumalo682@yahoo.com
CUST103644,Carlos,Smith,1964-08-09,2017-08-30,Kimberley,Technician,35695.39,673.0,carlos.smith582@gmail.com
CUST103645,Thabo,Mokoena,1968-02-22,2024-03-15,East London,Consultant,111594.6,584.0,thabo.mokoena369@gmail.com
CUST103646,Kagiso,Chen,1986-10-09,2022-03-21,Pretoria,Teacher,21987.79,501.0,kagiso.chen616@gmail.com
CUST103647,Zanele,Johnson,1960-02-11,2023-10-24,Kimberley,Manager,24716.81,534.0,zanele.johnson904@gmail.com
CUST103648,Sofia,Silva,1973-01-28,2016-02-18,Kimberley,,18245.27,785.0,
CUST103649,Chidi,Jones,1984-05-02,2020-04-21,Johannesburg,,14476.85,543.0,chidi.jones410@webmail.co.za
CUST103650,Patricia,Botha,1964-08-30,2024-03-25,Pretoria,Sales Rep,20457.89,654.0,patricia.botha958@gmail.com
CUST103651,ROBERT,Khumalo,2002-11-15,2018-01-29,Bloemfontein,Engineer,40097.15,636.0,robert.khumalo562@webmail.co.za
CUST103652,Susan,Davis,2004-10-04,2016-12-16,Bloemfontein,Engineer,41876.37,636.0,susan.davis723@webmail.co.za
CUST103653,Thabo,Johnson,1952-04-20,2019-06-03,Polokwane,Civil Servant,32125.58,621.0,thabo.johnson480@webmail.co.za
CUST103654,Lerato,Smith,1965-12-21,2018-11-11,Bloemfontein,Nurse,22528.6,721.0,lerato.smith285@yahoo.com
CUST103655,Jessica,Khan,1957-09-08,2017-02-23,Johannesburg,Engineer,20009.75,653.0,jessica.khan948@webmail.co.za
CUST103656,Thabo,Rodriguez,1956-05-24,2026-01-18,Cape Town,Accountant,15520.26,594.0,thabo.rodriguez682@gmail.com
CUST103657,Fatima,Van der Merwe,1974-12-13,2020-08-05,Polokwane,Accountant,19261.57,655.0,fatima.van der merwe386@gmail.com
CUST103658,David,Garcia,1979-05-24,2022-01-16,East London,,12368.69,535.0,david.garcia947@outlook.com
CUST103659,Jessica,Pretorius,1970-12-19,2016-05-27,,,60761.7,693.0,jessica.pretorius335@yahoo.com
CUST103660,Naledi,Pretorius,1961-08-17,2022-01-24,Port Elizabeth,Engineer,81007.0,589.0,naledi.pretorius684@gmail.com
CUST103661,Joseph,Williams,1961-12-30,2021-06-07,Durban,Student,8420.99,594.0,joseph.williams561@gmail.com
CUST103662,Carlos,Chen,2005-07-08,2025-10-17,Pretoria,Entrepreneur,32002.14,696.0,carlos.chen527@webmail.co.za
CUST103663,Carlos,Pretorius,2001-05-05,2019-10-11,East London,Artisan,,613.0,carlos.pretorius738@gmail.com
CUST103664,Thabo,Davis,1949-08-18,2024-01-22,Bloemfontein,Teacher,30494.0,618.0,thabo.davis290@yahoo.com
CUST103665,Joseph,Johnson,1985-01-18,2018-07-10,Cape Town,Student,18851.61,755.0,joseph.johnson725@yahoo.com
CUST103666,Sipho,Botha,1972-11-13,2021-09-14,Pretoria,Driver,49687.49,562.0,sipho.botha463@gmail.com
CUST103667,JENNIFER,Ndlovu,1987-01-07,2025-09-26,Nelspruit,Sales Rep,34416.33,695.0,jennifer.ndlovu345@yahoo.com
CUST103668,Susan,Smith,1981-05-31,2022-03-29,Bloemfontein,Accountant,50034.75,735.0,susan.smith210@gmail.com
CUST103669,MICHAEL,Van der Merwe,1999-03-30,2023-03-28,Nelspruit,Retired,17283.24,755.0,michael.van der merwe143@yahoo.com
CUST103670,John,Chen,1949-02-01,2025-02-22,Bloemfontein,Consultant,11732.17,846.0,john.chen164@gmail.com
CUST103671,Patricia,Johnson,1966-04-29,2025-09-19,Port Elizabeth,Nurse,34924.48,592.0,patricia.johnson833@outlook.com
CUST103672,Sipho,Garcia,2005-02-10,2017-05-31,Kimberley,,15096.73,572.0,sipho.garcia511@webmail.co.za
CUST103673,James,Smith,1956-02-14,2017-04-08,bloemfontein,Retired,50653.31,724.0,james.smith167@gmail.com
CUST103674,Kagiso,Nkosi,1952-10-07,2021-05-17,Cape Town,,7510.27,735.0,kagiso.nkosi80@gmail.com
CUST103675,Susan,Smith,1989-06-19,2026-07-13,Port Elizabeth  ,,,579.0,susan.smith112@webmail.co.za
CUST103676,BARBARA,Silva,1992-06-03,2020-09-04,East London,Nurse,18591.26,694.0,barbara.silva769@webmail.co.za
CUST103677,Wei,Dlamini,1986-01-03,2018-10-31,Pretoria,Entrepreneur,22039.11,895.0,wei.dlamini287@yahoo.com
CUST103678,Naledi,Khumalo,1992-05-06,2021-03-22,Port Elizabeth,Consultant,31465.89,659.0,naledi.khumalo358@gmail.com
CUST103679,Chidi,Silva,1987-04-26,2015-09-30,Nelspruit,Retired,34123.5,,chidi.silva472@webmail.co.za
CUST103680,Amara,Botha,1953-04-13,2017-01-19,Port Elizabeth,Manager,39491.57,792.0,amara.botha205@yahoo.com
CUST103681,Mary,Williams,1982-02-06,2016-09-21,Pretoria,Artisan,42319.02,875.0,mary.williams470@gmail.com
CUST103682,Michael,Smith,1992-05-22,2015-04-29,Cape Town,Accountant,24272.14,672.0,michael.smith588@yahoo.com
CUST103683,Sipho,Williams,1997-10-17,2023-05-13,Port Elizabeth,Technician,95341.71,763.0,sipho.williams709@outlook.com
CUST103684,Sofia,Patel,1960-01-08,2018-10-08,Polokwane,Accountant,61836.82,579.0,sofia.patel370@yahoo.com
CUST103685,John,Khumalo,1952-10-10,2016-12-13,Durban,Manager,22310.37,652.0,john.khumalo527@gmail.com
CUST103686,PATRICIA,Johnson,1992-08-23,2020-12-06,Port Elizabeth,,24782.07,610.0,patricia.johnson192@gmail.com
CUST103687,Carlos,Garcia,1960-08-25,2018-09-30,East London,,22030.24,480.0,carlos.garcia284@webmail.co.za
CUST103688,Carlos,Dlamini,1946-12-13,2019-07-21,Kimberley,Artisan,33455.76,506.0,carlos.dlamini245@webmail.co.za
CUST103689,Jennifer,Khan,1995-05-03,2018-08-27,Nelspruit,Artisan,15015.49,689.0,jennifer.khan691@webmail.co.za
CUST103690,Richard,Davis,1975-11-12,2015-01-17,Durban  ,Driver,16752.08,,richard.davis530@webmail.co.za
CUST103691,Kagiso,Pretorius,1964-12-04,2022-12-21,Cape Town,Sales Rep,7328.9,556.0,kagiso.pretorius442@yahoo.com
CUST103692,Michael,Nkosi,1945-09-12,2016-04-13,East London  ,,21179.82,790.0,michael.nkosi794@yahoo.com
CUST103693,David,Khan,1947-02-27,2017-07-15,Durban,Retired,50963.02,550.0,david.khan352@outlook.com
CUST103694,Richard,Martinez,1993-05-07,2017-03-16,Pretoria,,24556.68,,richard.martinez916@outlook.com
CUST103695,Kagiso,Botha,1974-11-15,2018-11-02,Cape Town,Engineer,25394.88,613.0,kagiso.botha820@yahoo.com
CUST103696,Elizabeth,Khan,1954-02-18,2016-11-08,Polokwane  ,Technician,31789.63,660.0,elizabeth.khan958@webmail.co.za
CUST103697,Susan,Dlamini,1966-11-14,2019-01-07,Cape Town,Entrepreneur,14744.97,731.0,susan.dlamini890@gmail.com
CUST103698,Elizabeth,Martinez,1955-01-31,2017-10-26,Pretoria,Retired,27314.47,718.0,elizabeth.martinez107@gmail.com
CUST103699,WEI,Van der Merwe,1951-11-20,2015-09-16,Port Elizabeth,Entrepreneur,45898.96,714.0,wei.van der merwe996@yahoo.com
CUST103700,JOHN,Khumalo,1961-11-08,2025-01-30,Johannesburg,Manager,32336.05,702.0,john.khumalo40@outlook.com
CUST103701,Linda,Jones,1978-07-09,2018-07-16,Polokwane,Accountant,48382.76,535.0,linda.jones790@outlook.com
CUST103702,Linda,Nkosi,1957-10-23,2016-02-08,East London,Artisan,57439.02,752.0,linda.nkosi578@webmail.co.za
CUST103703,Ahmed,Johnson,1965-12-18,2021-01-15,Bloemfontein  ,Engineer,40036.78,555.0,ahmed.johnson617@webmail.co.za
CUST103704,Carlos,Patel,1974-02-25,2016-06-05,Cape Town,,17535.45,640.0,carlos.patel517@gmail.com
CUST103705,Thabo,Chen,1970-08-15,2023-12-15,Johannesburg  ,,21884.17,618.0,thabo.chen167@outlook.com
CUST103706,Jennifer,Khumalo,1952-11-05,2015-09-18,Johannesburg,,85724.45,682.0,jennifer.khumalo49@gmail.com
CUST103707,Wei,Johnson,1947-05-16,2020-05-19,East London,Nurse,32483.94,606.0,wei.johnson799@outlook.com
CUST103708,Jessica,Ndlovu,1947-03-01,2025-12-06,Polokwane,Accountant,29988.64,636.0,jessica.ndlovu446@gmail.com
CUST103709,Priya,Botha,1966-05-12,2016-11-03,Polokwane,,16058.99,796.0,priya.botha588@gmail.com
CUST103710,Barbara,Garcia,1988-11-05,2017-05-01,Nelspruit,Engineer,25466.61,533.0,barbara.garcia360@webmail.co.za
CUST103711,Sofia,Patel,1953-01-03,2021-12-14,Pretoria,Engineer,41349.85,650.0,sofia.patel879@gmail.com
CUST103712,Mei,Van der Merwe,1993-01-02,2026-05-07,Johannesburg,,27143.89,550.0,mei.van der merwe606@gmail.com
CUST103713,Linda,Pretorius,1988-08-27,2019-06-21,Durban,Accountant,19699.98,711.0,linda.pretorius465@webmail.co.za
CUST103714,Chidi,Dlamini,1945-03-29,2022-07-06,Polokwane,Student,22642.15,585.0,chidi.dlamini36@webmail.co.za
CUST103715,Elizabeth,Miller,1946-08-19,2016-10-06,Polokwane,Engineer,55000.37,653.0,elizabeth.miller984@yahoo.com
CUST103716,BARBARA,Patel,1956-11-24,2022-06-06,Bloemfontein  ,Retired,40161.68,531.0,barbara.patel756@webmail.co.za
CUST103717,William,Ndlovu,1948-06-04,2017-12-04,Johannesburg  ,Retired,37064.84,766.0,william.ndlovu917@webmail.co.za
CUST103718,Lerato,Mokoena,1977-05-30,2022-02-07,Polokwane,Accountant,35049.94,657.0,lerato.mokoena802@gmail.com
CUST103719,William,Khan,1947-06-02,2016-01-11,Nelspruit,Consultant,13229.2,662.0,william.khan256@yahoo.com
CUST103720,Kagiso,Patel,1993-12-17,2021-01-29,Durban,Student,31679.01,725.0,kagiso.patel902@webmail.co.za
CUST103721,Sipho,Garcia,1975-01-26,2017-10-01,nelspruit,Entrepreneur,51062.44,537.0,sipho.garcia212@outlook.com
CUST103722,Wei,Khan,1989-05-28,2022-11-23,East London,Student,23004.54,595.0,
CUST103723,SOFIA,Dlamini,1990-10-16,2023-08-29,Nelspruit,,48361.38,665.0,sofia.dlamini384@webmail.co.za
CUST103724,James,Pretorius,1975-11-30,2024-10-27,East London,Teacher,37314.45,491.0,james.pretorius880@webmail.co.za
CUST103725,Sofia,Chen,2001-06-12,2026-06-29,Johannesburg,Artisan,44205.47,501.0,sofia.chen843@webmail.co.za
CUST103726,Patricia,Botha,2005-05-27,2020-04-27,East London,Retired,27738.09,576.0,patricia.botha74@outlook.com
CUST103727,Thabo,Nkosi,1966-11-29,2022-10-07,cape town,Accountant,45795.97,547.0,thabo.nkosi560@webmail.co.za
CUST103728,David,Nkosi,1952-09-05,2015-03-19,,Accountant,11172.28,619.0,david.nkosi612@gmail.com
CUST103729,Kagiso,Khan,1967-02-27,2025-06-25,Nelspruit,Teacher,27443.58,697.0,kagiso.khan906@outlook.com
CUST103730,Chidi,Mokoena,1958-08-17,2022-02-17,Kimberley,,,717.0,chidi.mokoena997@webmail.co.za
CUST103731,Priya,Williams,1977-05-23,2019-11-18,Port Elizabeth,Entrepreneur,32137.53,813.0,priya.williams240@webmail.co.za
CUST103732,Richard,Rodriguez,1968-01-31,2020-01-12,Durban  ,Teacher,51915.58,648.0,richard.rodriguez282@webmail.co.za
CUST103733,Fatima,Ndlovu,1974-04-22,2023-10-12,Pretoria,Accountant,24483.16,664.0,fatima.ndlovu800@gmail.com
CUST103734,David,Silva,1991-07-22,2024-08-26,Durban,Sales Rep,19370.89,648.0,david.silva454@yahoo.com
CUST103735,Michael,Khumalo,1961-09-18,2024-05-10,Bloemfontein,Civil Servant,10062.34,679.0,michael.khumalo928@webmail.co.za
CUST103736,Richard,Martinez,1977-10-14,2020-11-29,Port Elizabeth  ,,22838.89,686.0,richard.martinez341@yahoo.com
CUST103737,Thabo,Brown,1965-06-12,2019-04-19,Johannesburg,Civil Servant,36685.06,733.0,thabo.brown303@gmail.com
CUST103738,Lerato,Patel,1992-11-18,2025-12-13,East London,Entrepreneur,42472.2,733.0,lerato.patel709@outlook.com
CUST103739,Raj,Martinez,1984-01-05,2022-05-06,East London,Artisan,11620.07,697.0,raj.martinez199@yahoo.com
CUST103740,Linda,Smith,1945-07-09,2021-04-18,East London,Driver,54458.55,786.0,linda.smith752@webmail.co.za
CUST103741,ELIZABETH,Miller,1985-04-06,2021-12-05,Kimberley,Artisan,14993.13,652.0,elizabeth.miller80@gmail.com
CUST103742,Carlos,Botha,1955-05-20,2022-04-18,Polokwane,Technician,25017.01,595.0,carlos.botha72@webmail.co.za
CUST103743,Joseph,Williams,1989-03-11,2023-04-05,East London,,19124.21,610.0,joseph.williams913@gmail.com
CUST103744,Linda,Rodriguez,1979-08-10,2021-05-28,Durban,Sales Rep,34556.46,640.0,linda.rodriguez700@webmail.co.za
CUST103745,Sofia,Dlamini,1969-06-28,2025-02-19,Port Elizabeth,Retired,28465.41,552.0,sofia.dlamini962@webmail.co.za
CUST103746,Joseph,Johnson,1987-05-04,2024-12-15,port elizabeth,,40407.92,595.0,joseph.johnson954@yahoo.com
CUST103747,Sofia,Brown,1997-04-02,2020-02-14,Kimberley,Student,81331.02,547.0,sofia.brown265@outlook.com
CUST103748,Fatima,Pretorius,1992-07-02,2016-12-13,Port Elizabeth,Sales Rep,34156.61,681.0,fatima.pretorius521@yahoo.com
CUST103749,AHMED,Khumalo,1978-04-08,2021-09-05,East London,Sales Rep,19034.19,682.0,ahmed.khumalo642@yahoo.com
CUST103750,Sipho,Jones,1989-01-30,2022-03-10,Bloemfontein,Retired,35477.05,491.0,sipho.jones747@webmail.co.za
CUST103751,Mei,Brown,1970-04-01,2021-01-22,Johannesburg,Technician,86429.43,591.0,mei.brown19@webmail.co.za
CUST103752,Carlos,Martinez,1993-02-16,2025-04-25,Kimberley,Engineer,39886.94,814.0,carlos.martinez853@webmail.co.za
CUST103753,William,Patel,1995-07-28,2016-01-29,East London  ,Manager,47449.26,707.0,william.patel719@outlook.com
CUST103754,Mary,Khan,1953-05-17,2018-04-30,Durban,,10340.82,691.0,mary.khan344@webmail.co.za
CUST103755,David,Jones,1959-07-10,2025-01-10,Johannesburg,,33932.45,590.0,david.jones30@gmail.com
CUST103756,Kagiso,Patel,1961-06-21,2025-11-17,Kimberley,Artisan,22906.81,676.0,kagiso.patel697@gmail.com
CUST103757,Naledi,Botha,1955-02-18,2019-12-07,,Artisan,17888.71,649.0,naledi.botha786@outlook.com
CUST103758,Robert,Jones,1968-12-11,2017-03-25,Johannesburg,Accountant,26545.34,578.0,robert.jones893@gmail.com
CUST103759,Naledi,Smith,1956-10-10,2019-11-13,East London,Retired,28715.16,606.0,naledi.smith325@webmail.co.za
CUST103760,Jennifer,Nkosi,1981-04-30,2020-04-13,Johannesburg,Consultant,18497.02,608.0,jennifer.nkosi16@outlook.com
CUST103761,Thabo,Dlamini,1951-03-14,2021-01-06,Durban,Engineer,30124.02,516.0,thabo.dlamini964@outlook.com
CUST103762,Sipho,Silva,1961-06-19,2018-03-06,Nelspruit,,24243.6,531.0,sipho.silva278@gmail.com
CUST103763,Kagiso,Davis,1985-08-06,2018-08-15,,Entrepreneur,41005.58,632.0,kagiso.davis825@webmail.co.za
CUST103764,Susan,Miller,1969-04-24,2022-08-05,Polokwane,Teacher,30839.29,574.0,susan.miller944@yahoo.com
CUST103765,Susan,Jones,1970-09-16,2022-03-15,East London,Sales Rep,33710.14,623.0,susan.jones169@outlook.com
CUST103766,Lerato,Jones,1993-09-02,2022-09-01,Pretoria,Retired,48418.28,505.0,lerato.jones108@webmail.co.za
CUST103767,Chidi,Ndlovu,2005-01-19,2019-05-15,Durban,Retired,37532.91,722.0,chidi.ndlovu471@webmail.co.za
CUST103768,Mei,Williams,1979-06-21,2018-11-24,Port Elizabeth,Nurse,26805.15,837.0,mei.williams402@gmail.com
CUST103769,David,Van der Merwe,1949-10-28,2019-01-27,Bloemfontein,Engineer,7691.3,,david.van der merwe621@gmail.com
CUST103770,Susan,Dlamini,1951-04-12,2026-01-06,Nelspruit,,36615.86,752.0,susan.dlamini118@yahoo.com
CUST103771,David,Pretorius,2004-01-29,2019-07-30,Durban,Civil Servant,15566.03,706.0,
CUST103772,Thabo,Dlamini,1986-06-07,2022-01-07,Bloemfontein,Retired,,674.0,thabo.dlamini362@webmail.co.za
CUST103773,John,Miller,1990-11-25,2021-01-20,East London,Artisan,33611.66,658.0,john.miller485@outlook.com
CUST103774,Susan,Dlamini,1986-03-22,2025-02-23,Johannesburg  ,Student,59863.21,568.0,susan.dlamini103@gmail.com
CUST103775,Michael,Brown,1955-12-16,2019-04-11,Nelspruit,,81258.74,712.0,michael.brown866@yahoo.com
CUST103776,Naledi,Van der Merwe,1972-05-08,2020-01-11,kimberley,Student,15479.46,707.0,naledi.van der merwe717@webmail.co.za
CUST103777,Priya,Patel,1993-09-06,2024-10-05,Johannesburg,Driver,12215.76,608.0,priya.patel762@webmail.co.za
CUST103778,SOFIA,Brown,1997-11-05,2016-11-11,Durban,Teacher,32709.81,697.0,sofia.brown244@webmail.co.za
CUST103779,Joseph,Khumalo,1959-06-24,2021-11-18,Polokwane,Driver,31115.35,588.0,joseph.khumalo306@yahoo.com
CUST103780,Mary,Dlamini,1981-05-09,2019-08-19,Nelspruit,Driver,13080.46,593.0,mary.dlamini544@gmail.com
CUST103781,LINDA,Jones,1954-08-02,2026-06-01,cape town,Driver,26636.51,720.0,linda.jones32@webmail.co.za
CUST103782,Patricia,Williams,2003-06-15,2023-05-10,Kimberley,Technician,38504.28,689.0,patricia.williams89@outlook.com
CUST103783,Wei,Khan,1960-05-20,2015-02-14,Pretoria,Teacher,12860.41,629.0,wei.khan642@outlook.com
CUST103784,Sofia,Garcia,1989-04-28,2024-09-20,Durban,Sales Rep,14812.83,619.0,sofia.garcia471@webmail.co.za
CUST103785,Naledi,Dlamini,1959-02-05,2023-02-22,Pretoria,Sales Rep,18278.93,666.0,naledi.dlamini186@webmail.co.za
CUST103786,Jennifer,Garcia,1982-07-31,2021-06-30,East London,Nurse,23686.1,485.0,jennifer.garcia311@outlook.com
CUST103787,James,Chen,1985-03-19,2017-09-25,Durban,Sales Rep,40797.78,582.0,james.chen367@outlook.com
CUST103788,SOFIA,Johnson,1965-01-13,2016-09-23,Bloemfontein  ,Student,22117.22,536.0,sofia.johnson893@gmail.com
CUST103789,David,Davis,1994-12-12,2022-04-12,Johannesburg,Sales Rep,27811.09,651.0,david.davis63@yahoo.com
CUST103790,Patricia,Khumalo,1999-01-03,2020-02-04,cape town,Engineer,103539.32,,patricia.khumalo546@outlook.com
CUST103791,Jennifer,Martinez,1997-02-27,2024-12-23,Polokwane,Student,15156.94,693.0,jennifer.martinez439@outlook.com
CUST103792,William,Mokoena,1965-03-06,2018-01-14,Pretoria,Consultant,18182.3,604.0,william.mokoena729@webmail.co.za
CUST103793,Kagiso,Brown,1990-05-28,2022-05-20,Polokwane,Sales Rep,,586.0,
CUST103794,Ahmed,Martinez,1979-02-16,2017-11-18,Polokwane,Engineer,48670.38,582.0,ahmed.martinez669@outlook.com
CUST103795,William,Khan,1981-02-24,2022-05-15,Kimberley,Teacher,34505.72,830.0,william.khan967@gmail.com
CUST103796,Lerato,Davis,1974-02-14,2015-07-24,Cape Town,Teacher,79648.66,656.0,lerato.davis786@gmail.com
CUST103797,Robert,Brown,1981-08-13,2019-07-15,Kimberley,Entrepreneur,32548.08,668.0,robert.brown961@webmail.co.za
CUST103798,James,Van der Merwe,1953-04-11,2016-12-31,Nelspruit,Driver,8220.1,460.0,james.van der merwe874@webmail.co.za
CUST103799,MARY,Silva,1969-12-09,2022-01-07,Port Elizabeth,Sales Rep,28515.34,544.0,mary.silva76@yahoo.com
CUST103800,Fatima,Chen,1955-11-03,2018-09-01,Cape Town,Student,19099.35,646.0,fatima.chen608@webmail.co.za
CUST103801,Sipho,Silva,1962-02-01,2023-12-08,Cape Town,Artisan,61715.29,605.0,sipho.silva549@webmail.co.za
CUST103802,Mei,Silva,1952-10-18,2016-04-29,Bloemfontein,Engineer,47991.27,662.0,mei.silva577@gmail.com
CUST103803,James,Khan,1957-12-18,2021-06-10,Johannesburg  ,Civil Servant,10364.95,661.0,james.khan79@yahoo.com
CUST103804,JAMES,Dlamini,1992-09-11,2021-11-16,johannesburg,Accountant,60487.43,704.0,james.dlamini138@webmail.co.za
CUST103805,Priya,Smith,1978-07-16,2015-04-04,Bloemfontein,Retired,47269.51,482.0,priya.smith976@outlook.com
CUST103806,Patricia,Mokoena,1946-06-11,2015-06-02,Bloemfontein,Entrepreneur,22144.02,551.0,patricia.mokoena566@outlook.com
CUST103807,John,Miller,1993-02-05,2018-07-27,Nelspruit  ,Consultant,25666.32,641.0,john.miller657@gmail.com
CUST103808,Thabo,Silva,2000-06-23,2022-01-20,Kimberley,Nurse,62025.83,592.0,thabo.silva586@webmail.co.za
CUST103809,Zanele,Ndlovu,1998-09-15,2026-02-23,Durban,Consultant,8242.78,622.0,zanele.ndlovu549@outlook.com
CUST103810,Linda,Botha,1995-03-15,2016-01-20,Pretoria,Accountant,35145.04,660.0,linda.botha985@gmail.com
CUST103811,Joseph,Mokoena,2005-07-10,2023-02-22,Cape Town,Entrepreneur,51846.66,583.0,joseph.mokoena18@webmail.co.za
CUST103812,LERATO,Khumalo,1980-10-08,2023-01-09,Durban,Retired,25508.63,667.0,lerato.khumalo111@yahoo.com
CUST103813,Joseph,Pretorius,2003-09-19,2022-10-02,port elizabeth,Entrepreneur,39685.69,699.0,joseph.pretorius931@webmail.co.za
CUST103814,Richard,Ndlovu,2002-11-17,2020-12-23,Kimberley,Entrepreneur,28620.91,656.0,richard.ndlovu936@gmail.com
CUST103815,Robert,Rodriguez,1964-02-09,2026-03-13,Nelspruit,Nurse,16807.43,715.0,robert.rodriguez706@yahoo.com
CUST103816,Joseph,Rodriguez,1997-09-01,2020-10-23,Kimberley,Engineer,16557.29,454.0,joseph.rodriguez75@yahoo.com
CUST103817,Mei,Botha,1993-05-04,2024-09-15,port elizabeth,Artisan,41239.74,597.0,mei.botha932@yahoo.com
CUST103818,Kagiso,Khan,1992-04-28,2018-01-15,East London,Artisan,18371.87,730.0,kagiso.khan916@gmail.com
CUST103819,Ahmed,Brown,1999-09-03,2024-05-03,Polokwane,Entrepreneur,10777.88,572.0,ahmed.brown655@yahoo.com
CUST103820,John,Ndlovu,1968-06-08,2026-07-17,Durban,Artisan,28953.29,560.0,john.ndlovu299@webmail.co.za
CUST103821,James,Rodriguez,1969-05-27,2025-07-16,Port Elizabeth,Entrepreneur,19774.55,639.0,james.rodriguez613@gmail.com
CUST103822,Naledi,Chen,1984-01-16,2018-07-10,Bloemfontein,Manager,13102.2,648.0,naledi.chen653@yahoo.com
CUST103823,Jennifer,Johnson,1990-01-02,2024-10-19,Pretoria,Teacher,28086.62,602.0,jennifer.johnson803@gmail.com
CUST103824,Zanele,Patel,1998-08-30,2016-02-07,port elizabeth,Engineer,42632.24,816.0,zanele.patel286@outlook.com
CUST103825,Ahmed,Khan,1998-06-04,2022-11-06,Port Elizabeth  ,Sales Rep,27230.42,676.0,ahmed.khan247@gmail.com
CUST103826,DAVID,Jones,1988-12-31,2018-12-18,Johannesburg  ,Engineer,14189.47,,david.jones550@webmail.co.za
CUST103827,Naledi,Brown,2003-05-15,2022-08-18,Polokwane,Technician,35921.17,520.0,
CUST103828,Lerato,Mokoena,1955-11-24,2019-10-10,Kimberley,Sales Rep,50065.82,687.0,lerato.mokoena108@yahoo.com
CUST103829,John,Garcia,2002-12-20,2015-02-08,Polokwane,,101500.65,567.0,john.garcia57@outlook.com
CUST103830,Ahmed,Pretorius,1948-12-01,2017-09-05,Kimberley,Consultant,63902.03,844.0,ahmed.pretorius260@webmail.co.za
CUST103831,Michael,Silva,1978-11-22,2015-06-29,Port Elizabeth,Student,14717.39,689.0,michael.silva260@webmail.co.za
CUST103832,Mei,Nkosi,1950-07-03,2019-12-13,Johannesburg,Engineer,45019.44,700.0,mei.nkosi92@gmail.com
CUST103833,LERATO,Dlamini,1979-08-25,2024-09-23,Durban,Technician,31379.63,672.0,lerato.dlamini316@yahoo.com
CUST103834,John,Pretorius,1968-10-18,2023-07-19,Nelspruit,,13477.01,751.0,john.pretorius322@yahoo.com
CUST103835,Chidi,Smith,1949-12-24,2024-02-20,Cape Town,Driver,31897.32,434.0,chidi.smith693@yahoo.com
CUST103836,MICHAEL,Miller,1984-07-14,2024-05-07,Bloemfontein,Retired,85067.98,542.0,michael.miller154@outlook.com
CUST103837,ZANELE,Smith,1989-08-08,2019-04-23,Johannesburg,Manager,55133.82,743.0,zanele.smith634@yahoo.com
CUST103838,CARLOS,Chen,1955-08-17,2020-11-10,Pretoria,Driver,14646.11,785.0,carlos.chen509@yahoo.com
CUST103839,Carlos,Dlamini,1987-05-12,2020-11-20,Cape Town,Entrepreneur,27125.52,539.0,carlos.dlamini393@gmail.com
CUST103840,Priya,Miller,1955-12-04,2016-04-23,Cape Town,Manager,36134.55,486.0,priya.miller830@yahoo.com
CUST103841,Jessica,Miller,1953-05-20,2021-12-05,Cape Town,Entrepreneur,9528.65,665.0,jessica.miller695@gmail.com
CUST103842,Naledi,Chen,1953-12-28,2023-05-05,Bloemfontein,Artisan,9727.74,694.0,naledi.chen92@yahoo.com
CUST103843,Elizabeth,Brown,1981-07-17,2022-01-28,east london,Entrepreneur,29518.63,663.0,elizabeth.brown38@outlook.com
CUST103844,Fatima,Dlamini,1992-07-03,2023-08-22,Durban,Entrepreneur,29750.61,645.0,fatima.dlamini40@webmail.co.za
CUST103845,Jessica,Mokoena,1981-05-30,2016-05-17,Nelspruit,Civil Servant,8925.87,483.0,jessica.mokoena351@gmail.com
CUST103846,Wei,Garcia,1994-05-15,2023-10-26,Pretoria,Consultant,33954.75,616.0,wei.garcia141@yahoo.com
CUST103847,Barbara,Garcia,1981-01-29,2017-05-30,Polokwane,,51646.5,630.0,barbara.garcia52@webmail.co.za
CUST103848,Chidi,Davis,1993-08-20,2025-02-25,Bloemfontein,Engineer,23600.4,601.0,chidi.davis235@gmail.com
CUST103849,Linda,Mokoena,2004-07-25,2017-11-02,Polokwane,Technician,27886.2,477.0,linda.mokoena116@outlook.com
CUST103850,Chidi,Garcia,1968-11-06,2020-09-12,Kimberley,Manager,37905.33,703.0,chidi.garcia240@webmail.co.za
CUST103851,MARY,Rodriguez,1954-02-23,2020-08-23,Kimberley,Teacher,35011.0,728.0,mary.rodriguez409@yahoo.com
CUST103852,Patricia,Dlamini,1953-04-05,2018-02-11,Bloemfontein,Civil Servant,9885.52,578.0,patricia.dlamini853@webmail.co.za
CUST103853,Barbara,Jones,1981-06-12,2019-03-11,Kimberley  ,Entrepreneur,15629.69,633.0,barbara.jones550@gmail.com
CUST103854,Jessica,Khumalo,1978-05-16,2017-02-24,polokwane,Retired,21215.51,605.0,jessica.khumalo849@gmail.com
CUST103855,AMARA,Brown,1956-03-28,2021-08-08,Durban,Artisan,16050.64,606.0,amara.brown557@webmail.co.za
CUST103856,BARBARA,Brown,1998-10-22,2025-07-29,Kimberley,Artisan,64872.63,694.0,barbara.brown945@gmail.com
CUST103857,James,Garcia,2003-05-12,2018-09-01,Cape Town,Manager,39367.09,697.0,james.garcia289@gmail.com
CUST103858,David,Miller,1960-06-12,2020-11-19,Port Elizabeth,Student,13824.05,747.0,david.miller247@outlook.com
CUST103859,Joseph,Smith,1957-08-15,2024-12-24,Cape Town,,23656.63,745.0,joseph.smith9@outlook.com
CUST103860,Naledi,Nkosi,1958-01-18,2020-03-29,Polokwane,Accountant,53009.97,635.0,naledi.nkosi934@gmail.com
CUST103861,Kagiso,Miller,1968-08-19,2024-08-17,Nelspruit,Manager,18256.13,906.0,kagiso.miller360@outlook.com
CUST103862,Linda,Silva,1997-01-17,2020-03-03,nelspruit,Teacher,44844.23,789.0,linda.silva719@gmail.com
CUST103863,Zanele,Botha,1981-05-09,2020-02-06,Cape Town,Civil Servant,61691.89,591.0,zanele.botha864@outlook.com
CUST103864,Kagiso,Silva,1949-02-14,2016-10-27,durban,Technician,55808.67,661.0,kagiso.silva312@yahoo.com
CUST103865,WEI,Van der Merwe,1973-11-07,2016-06-12,Pretoria,Consultant,29978.7,471.0,wei.van der merwe305@webmail.co.za
CUST103866,THABO,Williams,1950-07-06,2022-01-30,Cape Town,Accountant,56989.08,652.0,thabo.williams778@webmail.co.za
CUST103867,Mei,Rodriguez,1969-10-12,2024-07-31,Bloemfontein  ,Engineer,19666.21,801.0,mei.rodriguez967@gmail.com
CUST103868,Linda,Khan,1969-08-13,2016-07-26,Johannesburg,Entrepreneur,119554.64,900.0,linda.khan923@outlook.com
CUST103869,Amara,Khumalo,1984-07-19,2025-07-16,East London,Entrepreneur,31085.9,639.0,amara.khumalo382@gmail.com
CUST103870,Mary,Smith,1978-07-08,2019-02-27,Bloemfontein,Manager,53534.23,680.0,mary.smith226@outlook.com
CUST103871,Patricia,Khumalo,1998-05-11,2019-12-04,Bloemfontein,Retired,21650.74,704.0,patricia.khumalo10@gmail.com
CUST103872,Priya,Silva,1945-12-29,2025-05-11,Kimberley,Consultant,36302.75,828.0,priya.silva73@gmail.com
CUST103873,Jessica,Van der Merwe,1992-03-18,2025-05-19,Polokwane,Artisan,37275.0,562.0,jessica.van der merwe788@gmail.com
CUST103874,ZANELE,Rodriguez,1946-05-20,2021-01-29,Durban,Nurse,15408.89,889.0,zanele.rodriguez963@yahoo.com
CUST103875,Zanele,Garcia,1963-07-25,2018-03-16,Bloemfontein,Artisan,15137.55,,zanele.garcia531@webmail.co.za
CUST103876,Amara,Miller,1998-08-29,2016-12-28,Nelspruit,Nurse,23796.61,545.0,amara.miller810@webmail.co.za
CUST103877,Linda,Miller,1987-02-11,2018-02-22,Nelspruit,Accountant,52218.89,622.0,linda.miller61@outlook.com
CUST103878,Jennifer,Davis,1955-06-29,2024-01-16,East London,Manager,8965.54,577.0,jennifer.davis88@webmail.co.za
CUST103879,Mary,Miller,1974-12-09,2018-10-05,Johannesburg,,,688.0,mary.miller865@webmail.co.za
CUST103880,Priya,Ndlovu,1989-01-13,2023-01-16,Port Elizabeth  ,Civil Servant,59037.23,501.0,priya.ndlovu419@yahoo.com
CUST103881,LINDA,Smith,2002-03-06,2017-04-05,Nelspruit,Engineer,12845.16,663.0,linda.smith784@webmail.co.za
CUST103882,Sipho,Miller,1983-09-11,2020-07-17,johannesburg,Civil Servant,57087.5,710.0,sipho.miller810@outlook.com
CUST103883,Joseph,Miller,1946-07-04,2019-01-29,Bloemfontein,Nurse,13674.99,783.0,joseph.miller591@yahoo.com
CUST103884,Jennifer,Brown,1975-06-25,2020-10-31,Bloemfontein,Civil Servant,15522.95,,jennifer.brown593@yahoo.com
CUST103885,Susan,Botha,1954-05-01,2021-08-07,Durban  ,Manager,24628.68,778.0,susan.botha206@yahoo.com
CUST103886,Robert,Chen,1947-12-01,2026-06-23,Pretoria,Civil Servant,,595.0,robert.chen479@gmail.com
CUST103887,Jennifer,Pretorius,1981-07-05,2025-06-03,Kimberley,Consultant,,685.0,jennifer.pretorius315@webmail.co.za
CUST103888,John,Khumalo,1992-05-23,2023-01-22,Bloemfontein  ,Technician,9511.17,449.0,
CUST103889,RAJ,Williams,1947-03-15,2016-10-12,Kimberley,,11600.9,640.0,raj.williams773@outlook.com
CUST103890,Sipho,Botha,1992-10-18,2025-08-23,Port Elizabeth,Sales Rep,47059.54,685.0,sipho.botha313@gmail.com
CUST103891,Fatima,Ndlovu,1988-02-02,2025-05-03,Nelspruit,Consultant,11934.11,693.0,fatima.ndlovu461@gmail.com
CUST103892,Susan,Patel,1990-11-14,2025-04-08,East London,,54873.11,508.0,susan.patel876@gmail.com
CUST103893,MICHAEL,Rodriguez,1959-12-06,2020-07-19,Kimberley,Accountant,28053.66,615.0,michael.rodriguez503@yahoo.com
CUST103894,Zanele,Ndlovu,1969-01-03,2016-12-23,Pretoria,,,627.0,zanele.ndlovu466@outlook.com
CUST103895,Fatima,Ndlovu,1952-04-21,2023-09-27,Pretoria  ,Accountant,32156.91,611.0,fatima.ndlovu262@outlook.com
CUST103896,Naledi,Miller,1959-07-29,2019-07-02,Johannesburg,Accountant,16638.05,715.0,naledi.miller977@yahoo.com
CUST103897,James,Khumalo,1963-06-21,2018-12-28,Durban,,29223.34,630.0,james.khumalo385@gmail.com
CUST103898,Elizabeth,Khan,1964-06-26,2019-07-12,Cape Town,Nurse,13149.73,659.0,elizabeth.khan813@webmail.co.za
CUST103899,Fatima,Smith,1955-09-05,2021-06-22,Cape Town,,60435.66,606.0,fatima.smith449@webmail.co.za
CUST103900,Thabo,Williams,1956-07-06,2018-11-11,Pretoria,Teacher,14524.95,746.0,thabo.williams368@webmail.co.za
CUST103901,Carlos,Van der Merwe,1999-12-27,2022-12-28,Nelspruit,Entrepreneur,35007.88,753.0,carlos.van der merwe819@yahoo.com
CUST103902,Thabo,Khumalo,1992-10-25,2022-07-02,Pretoria,Sales Rep,14460.12,622.0,thabo.khumalo665@webmail.co.za
CUST103903,James,Nkosi,1966-01-05,2020-11-22,Nelspruit,Engineer,19537.23,907.0,james.nkosi73@gmail.com
CUST103904,PRIYA,Mokoena,2002-10-21,2015-08-17,Nelspruit,Artisan,21497.69,581.0,priya.mokoena263@yahoo.com
CUST103905,Wei,Chen,1959-07-29,2025-11-05,kimberley,Student,160943.52,741.0,wei.chen190@outlook.com
CUST103906,Amara,Botha,1969-10-25,2019-10-08,Bloemfontein,Entrepreneur,,564.0,amara.botha605@gmail.com
CUST103907,Sofia,Chen,1994-08-16,2020-03-16,Nelspruit,,16433.58,720.0,sofia.chen902@yahoo.com
CUST103908,Michael,Davis,1972-01-07,2020-04-13,Port Elizabeth,Artisan,20604.54,713.0,michael.davis987@gmail.com
CUST103909,AHMED,Dlamini,1959-04-25,2019-03-25,East London,Consultant,10907.4,559.0,ahmed.dlamini85@gmail.com
CUST103910,Linda,Garcia,1967-06-25,2022-10-24,,Sales Rep,24399.76,638.0,linda.garcia386@outlook.com
CUST103911,Sofia,Davis,1975-07-18,2015-02-28,Cape Town,Civil Servant,81687.15,818.0,sofia.davis552@gmail.com
CUST103912,Michael,Chen,1982-11-10,2025-02-11,Johannesburg,Sales Rep,32913.02,577.0,michael.chen318@yahoo.com
CUST103913,NALEDI,Brown,1969-09-28,2016-03-09,Cape Town,Manager,46260.35,686.0,naledi.brown544@outlook.com
CUST103914,MEI,Chen,1971-04-24,2026-07-30,polokwane,,15584.53,680.0,mei.chen46@gmail.com
CUST103915,Robert,Khumalo,1961-02-06,2022-04-10,Port Elizabeth,Civil Servant,23813.19,646.0,robert.khumalo720@gmail.com
CUST103916,Robert,Miller,1977-08-28,2015-10-08,Durban  ,Civil Servant,30404.37,494.0,robert.miller682@yahoo.com
CUST103917,Priya,Smith,1958-05-22,2021-07-07,Polokwane,Student,17410.28,725.0,priya.smith388@gmail.com
CUST103918,Mary,Patel,1997-12-01,2018-11-02,johannesburg,Teacher,34200.79,651.0,mary.patel773@gmail.com
CUST103919,Zanele,Van der Merwe,1990-08-03,2026-01-14,Cape Town,Driver,38919.75,749.0,zanele.van der merwe9@webmail.co.za
CUST103920,Carlos,Khan,1970-01-10,2023-10-01,Port Elizabeth,Engineer,37261.24,671.0,carlos.khan152@gmail.com
CUST103921,Zanele,Martinez,1990-07-31,2020-11-14,Kimberley  ,Teacher,24571.68,656.0,zanele.martinez218@webmail.co.za
CUST103922,Jessica,Chen,1945-06-05,2019-12-23,Polokwane,Entrepreneur,51769.0,684.0,jessica.chen751@outlook.com
CUST103923,SUSAN,Martinez,1966-01-05,2026-07-14,East London,Entrepreneur,23050.2,561.0,susan.martinez981@gmail.com
CUST103924,Kagiso,Davis,1971-11-10,2022-09-24,Polokwane  ,Teacher,21822.73,790.0,kagiso.davis215@gmail.com
CUST103925,SIPHO,Davis,1973-08-28,2020-12-13,Pretoria,Sales Rep,63890.34,616.0,sipho.davis187@gmail.com
CUST103926,Thabo,Jones,1990-09-02,2019-08-11,Port Elizabeth,,13846.95,617.0,thabo.jones587@gmail.com
CUST103927,John,Nkosi,2003-09-24,2018-10-04,Nelspruit,Teacher,9683.89,766.0,john.nkosi39@yahoo.com
CUST103928,Lerato,Chen,1968-03-06,2023-03-03,Polokwane,Manager,15983.47,672.0,lerato.chen809@yahoo.com
CUST103929,Chidi,Brown,1966-05-22,2021-10-22,Bloemfontein,Teacher,33939.85,629.0,chidi.brown397@gmail.com
CUST103930,Amara,Botha,1982-03-29,2024-10-27,Johannesburg,Retired,58113.58,687.0,amara.botha679@yahoo.com
CUST103931,Robert,Brown,1962-02-27,2021-05-30,Polokwane,,18100.39,706.0,robert.brown995@gmail.com
CUST103932,Amara,Mokoena,1953-08-16,2021-09-29,Pretoria,Sales Rep,79929.68,639.0,amara.mokoena784@webmail.co.za
CUST103933,Chidi,Brown,2003-08-27,2020-07-12,Pretoria,Accountant,27345.8,733.0,chidi.brown366@yahoo.com
CUST103934,Jennifer,Davis,1994-05-19,2023-10-31,East London,Technician,25101.48,536.0,jennifer.davis960@webmail.co.za
CUST103935,Priya,Chen,2003-06-20,2019-10-22,Pretoria,,16155.84,674.0,priya.chen44@webmail.co.za
CUST103936,Thabo,Nkosi,1958-04-16,2024-11-12,Bloemfontein,Nurse,86752.38,722.0,thabo.nkosi739@yahoo.com
CUST103937,JESSICA,Nkosi,1946-02-01,2018-10-15,Johannesburg,Student,24583.4,706.0,jessica.nkosi690@webmail.co.za
CUST103938,Chidi,Botha,1971-09-03,2023-01-08,cape town,Teacher,12098.14,448.0,chidi.botha328@gmail.com
CUST103939,THABO,Garcia,2001-12-12,2025-05-05,Bloemfontein,Driver,117547.9,639.0,thabo.garcia36@webmail.co.za
CUST103940,Naledi,Williams,1953-06-09,2023-11-28,Kimberley,Sales Rep,34071.01,541.0,naledi.williams774@yahoo.com
CUST103941,Elizabeth,Botha,1952-02-24,2018-12-20,Polokwane,Manager,43447.05,766.0,elizabeth.botha475@webmail.co.za
CUST103942,Fatima,Pretorius,1949-03-17,2023-03-07,Port Elizabeth,Nurse,73786.87,615.0,fatima.pretorius882@webmail.co.za
CUST103943,Sofia,Miller,1991-08-31,2017-05-25,Kimberley,Retired,38897.2,756.0,sofia.miller570@webmail.co.za
CUST103944,John,Smith,1992-12-09,2015-09-04,Durban,Student,48287.77,540.0,john.smith130@webmail.co.za
CUST103945,Chidi,Chen,1987-06-02,2024-03-01,Nelspruit  ,Sales Rep,27794.54,685.0,chidi.chen907@gmail.com
CUST103946,James,Johnson,1948-04-02,2024-05-10,Port Elizabeth,Sales Rep,41782.77,651.0,james.johnson72@yahoo.com
CUST103947,Barbara,Smith,1989-02-13,2015-04-07,Johannesburg  ,Teacher,,899.0,barbara.smith764@gmail.com
CUST103948,Sofia,Pretorius,1972-05-14,2025-12-23,,Artisan,26578.93,756.0,sofia.pretorius743@gmail.com
CUST103949,Jennifer,Ndlovu,1954-08-19,2020-03-01,,Accountant,28906.74,,jennifer.ndlovu184@gmail.com
CUST103950,Richard,Williams,1963-01-02,2025-06-26,East London,Driver,21203.27,833.0,richard.williams526@webmail.co.za
CUST103951,LINDA,Chen,1975-07-28,2024-02-16,Cape Town,Entrepreneur,36411.02,676.0,linda.chen461@webmail.co.za
CUST103952,Chidi,Rodriguez,1965-02-09,2025-06-06,Kimberley,Artisan,36355.73,641.0,chidi.rodriguez804@outlook.com
CUST103953,Joseph,Dlamini,2004-02-26,2024-08-26,Johannesburg  ,Student,43973.83,631.0,joseph.dlamini728@webmail.co.za
CUST103954,Sipho,Botha,1973-12-16,2026-04-13,Pretoria,Accountant,39488.47,680.0,sipho.botha219@webmail.co.za
CUST103955,Carlos,Garcia,1967-09-14,2022-04-15,Polokwane,Technician,89324.03,401.0,carlos.garcia672@outlook.com
CUST103956,Thabo,Chen,1986-01-23,2017-08-19,Johannesburg  ,Engineer,50593.47,650.0,thabo.chen711@gmail.com
CUST103957,CHIDI,Van der Merwe,1984-09-06,2019-07-06,Kimberley,Accountant,23757.39,670.0,chidi.van der merwe569@webmail.co.za
CUST103958,Patricia,Martinez,1945-02-24,2023-09-16,East London,Entrepreneur,35307.23,636.0,patricia.martinez996@yahoo.com
CUST103959,Michael,Nkosi,1982-09-22,2016-10-25,Kimberley,Technician,62794.26,512.0,michael.nkosi859@yahoo.com
CUST103960,Carlos,Martinez,1959-11-14,2025-10-08,Nelspruit,Artisan,15214.68,637.0,carlos.martinez377@outlook.com
CUST103961,PRIYA,Ndlovu,1967-11-21,2017-05-18,Nelspruit,,90088.25,512.0,priya.ndlovu164@gmail.com
CUST103962,Lerato,Botha,1988-02-01,2025-02-22,Durban,,16902.49,810.0,lerato.botha834@outlook.com
CUST103963,Richard,Mokoena,1979-01-01,2020-08-08,Durban  ,Teacher,46173.68,627.0,richard.mokoena105@outlook.com
CUST103964,Michael,Botha,1967-06-28,2024-09-25,Durban,Consultant,27009.94,464.0,michael.botha588@outlook.com
CUST103965,Priya,Silva,1955-03-19,2026-02-05,Cape Town,,26093.47,631.0,priya.silva496@webmail.co.za
CUST103966,Mei,Patel,1975-11-01,2019-11-21,East London,Nurse,12311.05,731.0,mei.patel232@webmail.co.za
CUST103967,Linda,Garcia,1964-06-25,2023-01-25,Johannesburg,Entrepreneur,46374.27,666.0,linda.garcia418@yahoo.com
CUST103968,Sipho,Rodriguez,2000-09-08,2017-08-17,Port Elizabeth,Consultant,12419.03,568.0,sipho.rodriguez280@yahoo.com
CUST103969,Zanele,Botha,1977-08-05,2024-04-10,Bloemfontein,Driver,11320.13,589.0,zanele.botha168@outlook.com
CUST103970,Jessica,Mokoena,1997-10-27,2024-06-30,Bloemfontein,Retired,53950.48,624.0,jessica.mokoena405@yahoo.com
CUST103971,Fatima,Miller,1968-10-19,2018-06-02,Port Elizabeth,Civil Servant,78728.72,610.0,fatima.miller978@yahoo.com
CUST103972,Patricia,Davis,1995-06-22,2015-04-13,Durban,Nurse,18027.48,537.0,patricia.davis702@outlook.com
CUST103973,William,Silva,1948-06-13,2019-12-29,Cape Town,Student,49112.34,644.0,william.silva861@yahoo.com
CUST103974,Patricia,Brown,1963-03-09,2016-12-20,Kimberley,,43387.03,530.0,patricia.brown532@outlook.com
CUST103975,Amara,Williams,1949-10-08,2024-06-24,Port Elizabeth,Artisan,25465.73,735.0,amara.williams500@yahoo.com
CUST103976,Kagiso,Khan,1946-12-07,2018-01-09,Bloemfontein,Consultant,59963.43,746.0,kagiso.khan528@gmail.com
CUST103977,Sofia,Miller,2001-01-18,2025-12-05,Bloemfontein  ,Nurse,24387.52,560.0,sofia.miller880@webmail.co.za
CUST103978,Naledi,Khan,1988-09-23,2026-04-03,Pretoria,Sales Rep,36699.58,586.0,naledi.khan256@yahoo.com
CUST103979,John,Dlamini,1983-02-17,2025-07-11,Polokwane,Civil Servant,12679.45,612.0,john.dlamini32@outlook.com
CUST103980,Joseph,Nkosi,1977-06-25,2021-12-11,Pretoria,Retired,13008.81,,joseph.nkosi530@gmail.com
CUST103981,Robert,Dlamini,1979-09-29,2018-02-05,port elizabeth,Sales Rep,54253.73,673.0,robert.dlamini459@gmail.com
CUST103982,Lerato,Botha,1983-12-17,2024-05-07,Nelspruit,Driver,37448.54,692.0,lerato.botha387@outlook.com
CUST103983,Lerato,Van der Merwe,1995-06-03,2023-02-15,Pretoria,Entrepreneur,24699.19,690.0,lerato.van der merwe653@yahoo.com
CUST103984,Priya,Jones,1981-05-30,2026-04-26,East London  ,,84516.93,790.0,priya.jones511@webmail.co.za
CUST103985,David,Nkosi,1990-08-30,2019-05-15,East London,Driver,83984.66,655.0,david.nkosi98@gmail.com
CUST103986,Elizabeth,Khan,1962-02-20,2015-09-06,Johannesburg,Entrepreneur,35013.91,533.0,elizabeth.khan815@outlook.com
CUST103987,Robert,Williams,2004-07-31,2026-07-25,East London,Driver,11232.95,505.0,
CUST103988,Susan,Smith,1946-12-12,2024-09-15,Nelspruit,Entrepreneur,25160.75,797.0,susan.smith31@webmail.co.za
CUST103989,Jessica,Garcia,1968-07-31,2017-07-25,Durban,,16324.97,696.0,jessica.garcia826@gmail.com
CUST103990,Wei,Smith,1998-10-21,2023-05-28,Kimberley,Artisan,28387.61,669.0,wei.smith948@outlook.com
CUST103991,Wei,Davis,1956-01-05,2015-01-03,Johannesburg,Technician,15340.04,690.0,wei.davis424@outlook.com
CUST103992,John,Nkosi,1953-08-15,2021-06-17,Cape Town,Driver,13124.87,664.0,john.nkosi80@webmail.co.za
CUST103993,Elizabeth,Ndlovu,1967-04-17,2019-03-15,Kimberley,Engineer,6921.81,689.0,elizabeth.ndlovu292@webmail.co.za
CUST103994,THABO,Smith,1971-02-13,2019-06-02,Nelspruit,Engineer,29743.16,616.0,thabo.smith251@yahoo.com
CUST103995,David,Ndlovu,2001-12-08,2017-10-31,Polokwane,Entrepreneur,6773.29,745.0,
CUST103996,James,Jones,1996-01-01,2018-03-08,East London,Artisan,22200.18,603.0,james.jones841@webmail.co.za
CUST103997,PRIYA,Van der Merwe,1973-04-23,2020-04-07,Durban,,40808.19,569.0,priya.van der merwe251@webmail.co.za
CUST103998,Chidi,Johnson,2004-05-07,2017-11-15,Port Elizabeth  ,Consultant,17443.85,498.0,chidi.johnson318@webmail.co.za
CUST103999,Thabo,Khan,1984-03-06,2020-05-27,Bloemfontein,Civil Servant,14032.1,629.0,thabo.khan610@outlook.com
CUST104000,David,Martinez,1998-04-17,2021-09-08,Johannesburg,Artisan,25830.0,764.0,david.martinez348@yahoo.com
CUST104001,Raj,Smith,1960-01-04,2023-03-28,Bloemfontein,Civil Servant,16363.96,609.0,raj.smith442@outlook.com
CUST104002,MARY,Chen,1974-10-29,2022-11-04,Johannesburg,,30073.35,526.0,mary.chen841@gmail.com
CUST104003,Joseph,Ndlovu,1946-10-25,2017-10-20,Cape Town,,14476.79,676.0,joseph.ndlovu106@outlook.com
CUST104004,Mei,Khan,1945-07-17,2015-06-15,Cape Town,Artisan,25268.24,591.0,mei.khan167@gmail.com
CUST104005,Carlos,Mokoena,1988-01-12,2024-08-23,Cape Town,Consultant,21854.18,789.0,carlos.mokoena119@gmail.com
CUST104006,William,Silva,1952-03-20,2025-02-06,Johannesburg,Student,26717.85,747.0,william.silva64@webmail.co.za
CUST104007,Kagiso,Ndlovu,1978-06-01,2026-05-03,Kimberley  ,,71760.61,536.0,kagiso.ndlovu509@gmail.com
CUST104008,Michael,Smith,1987-06-16,2026-02-11,Nelspruit,Teacher,30329.82,634.0,michael.smith651@gmail.com
CUST104009,Patricia,Williams,1946-12-20,2022-05-05,Bloemfontein,Civil Servant,36412.47,582.0,patricia.williams538@webmail.co.za
CUST104010,Barbara,Ndlovu,1972-05-16,2025-05-10,Pretoria,Engineer,18492.57,546.0,barbara.ndlovu426@yahoo.com
CUST104011,Ahmed,Rodriguez,1986-09-25,2020-03-10,Cape Town,Technician,30759.49,645.0,ahmed.rodriguez895@outlook.com
CUST104012,Amara,Silva,1999-04-10,2024-02-13,Kimberley,Entrepreneur,22813.73,724.0,amara.silva843@gmail.com
CUST104013,Jessica,Martinez,1963-04-03,2026-01-24,Polokwane,,27386.18,643.0,jessica.martinez273@yahoo.com
CUST104014,Elizabeth,Van der Merwe,2004-06-04,2024-03-22,polokwane,Accountant,39710.36,604.0,elizabeth.van der merwe169@yahoo.com
CUST104015,John,Jones,1996-07-07,2019-10-25,Port Elizabeth,Artisan,19927.57,451.0,john.jones248@yahoo.com
CUST104016,William,Rodriguez,1984-09-08,2019-05-17,Johannesburg,Civil Servant,21187.63,590.0,william.rodriguez706@yahoo.com
CUST104017,John,Khan,1968-11-27,2018-05-18,East London,Accountant,20093.49,700.0,john.khan721@yahoo.com
CUST104018,Jennifer,Williams,1988-05-17,2019-04-02,Port Elizabeth,,19862.09,529.0,jennifer.williams494@yahoo.com
CUST104019,Amara,Davis,1994-10-14,2024-07-03,Durban,Artisan,29850.03,765.0,amara.davis85@gmail.com
CUST104020,John,Khan,1963-07-03,2023-02-15,Pretoria  ,Teacher,21625.12,597.0,john.khan183@webmail.co.za
CUST104021,MARY,Khumalo,2005-07-24,2017-11-22,Johannesburg,Driver,66090.07,667.0,mary.khumalo100@yahoo.com
CUST104022,Naledi,Silva,2000-06-04,2023-03-29,Nelspruit,Entrepreneur,134255.18,614.0,naledi.silva133@yahoo.com
CUST104023,Elizabeth,Dlamini,1974-08-13,2019-05-24,,Manager,19134.24,544.0,elizabeth.dlamini270@gmail.com
CUST104024,Joseph,Van der Merwe,1989-02-02,2021-06-17,Nelspruit,,32093.27,690.0,joseph.van der merwe515@outlook.com
CUST104025,John,Botha,1976-12-18,2019-04-16,Kimberley,Sales Rep,50151.54,596.0,john.botha652@gmail.com
CUST104026,MICHAEL,Nkosi,1991-06-01,2021-01-15,Johannesburg  ,Manager,22938.01,575.0,michael.nkosi848@outlook.com
CUST104027,Joseph,Williams,1995-06-12,2023-06-15,East London,Entrepreneur,14814.55,436.0,joseph.williams756@gmail.com
CUST104028,Amara,Mokoena,1946-06-02,2023-06-20,Johannesburg,Retired,76336.31,767.0,amara.mokoena168@outlook.com
CUST104029,Susan,Williams,1949-10-29,2023-09-21,Nelspruit,Accountant,40606.94,651.0,susan.williams888@yahoo.com
CUST104030,Naledi,Garcia,1965-07-11,2019-07-13,Bloemfontein,Retired,,750.0,naledi.garcia457@webmail.co.za
CUST104031,Thabo,Miller,2000-12-21,2022-12-30,Johannesburg,Accountant,64235.64,706.0,thabo.miller887@yahoo.com
CUST104032,William,Chen,1969-04-18,2017-10-06,Polokwane,Civil Servant,42707.93,750.0,william.chen677@outlook.com
CUST104033,William,Martinez,1999-02-19,2020-07-12,Polokwane,Engineer,26140.44,599.0,william.martinez299@yahoo.com
CUST104034,Susan,Botha,1973-03-17,2021-10-02,Kimberley,Artisan,14973.26,526.0,susan.botha135@webmail.co.za
CUST104035,Mary,Miller,1962-08-15,2022-12-13,port elizabeth,Nurse,20010.27,719.0,mary.miller272@gmail.com
CUST104036,Lerato,Mokoena,1999-12-09,2025-07-24,Kimberley  ,Student,55430.98,,lerato.mokoena502@webmail.co.za
CUST104037,Zanele,Khan,1979-03-15,2018-07-13,East London,,40507.86,608.0,zanele.khan18@webmail.co.za
CUST104038,Elizabeth,Nkosi,1966-12-28,2024-10-15,Bloemfontein,Student,24052.64,717.0,elizabeth.nkosi558@yahoo.com
CUST104039,Barbara,Garcia,1947-09-17,2018-08-09,Pretoria,Sales Rep,77647.76,678.0,barbara.garcia344@webmail.co.za
CUST104040,David,Khan,1951-10-08,2021-05-23,Durban,Entrepreneur,24481.36,708.0,david.khan750@outlook.com
CUST104041,Kagiso,Johnson,1953-07-01,2024-08-03,East London  ,Nurse,48655.04,558.0,kagiso.johnson388@webmail.co.za
CUST104042,Wei,Dlamini,1967-04-04,2023-05-17,Polokwane,Consultant,30700.17,738.0,wei.dlamini254@gmail.com
CUST104043,Patricia,Martinez,1982-01-17,2024-12-28,Johannesburg,,85799.79,650.0,patricia.martinez861@yahoo.com
CUST104044,SUSAN,Nkosi,1963-10-06,2024-06-08,Port Elizabeth,Manager,42269.76,748.0,susan.nkosi274@webmail.co.za
CUST104045,James,Silva,1948-12-30,2018-03-14,Johannesburg,Engineer,27658.7,737.0,james.silva696@yahoo.com
CUST104046,Joseph,Pretorius,1961-02-25,2026-07-02,Pretoria,Sales Rep,24166.41,,joseph.pretorius175@webmail.co.za
CUST104047,Linda,Van der Merwe,1969-12-06,2025-11-07,Polokwane,,26656.19,640.0,linda.van der merwe917@gmail.com
CUST104048,David,Martinez,2005-07-11,2019-12-25,East London,Entrepreneur,17409.33,714.0,david.martinez239@outlook.com
CUST104049,Joseph,Khan,1968-12-21,2015-07-19,Cape Town,Entrepreneur,11848.76,750.0,joseph.khan732@webmail.co.za
CUST104050,David,Smith,1950-06-11,2018-07-07,polokwane,Manager,32378.22,705.0,david.smith336@yahoo.com
CUST104051,Richard,Khumalo,1980-06-12,2024-09-06,Johannesburg,Retired,19533.55,668.0,richard.khumalo189@outlook.com
CUST104052,Wei,Johnson,2001-02-04,2026-01-05,Johannesburg,,19502.44,714.0,wei.johnson501@outlook.com
CUST104053,MEI,Patel,1992-12-26,2024-08-18,Kimberley,,25506.69,603.0,mei.patel876@gmail.com
CUST104054,James,Nkosi,1996-01-04,2019-08-06,Johannesburg,Artisan,27759.52,786.0,james.nkosi861@yahoo.com
CUST104055,RICHARD,Chen,2001-08-15,2015-08-28,Durban,Student,27022.51,499.0,richard.chen328@yahoo.com
CUST104056,Priya,Van der Merwe,1983-10-30,2020-12-29,Cape Town,Entrepreneur,76341.9,653.0,priya.van der merwe297@yahoo.com
CUST104057,THABO,Garcia,2005-09-08,2019-05-12,Bloemfontein,Artisan,40031.73,613.0,thabo.garcia693@yahoo.com
CUST104058,Michael,Nkosi,1947-01-12,2016-06-04,Bloemfontein,Teacher,95290.88,592.0,michael.nkosi607@yahoo.com
CUST104059,Sipho,Khumalo,1995-12-04,2016-03-23,Nelspruit,,20673.45,677.0,sipho.khumalo325@gmail.com
CUST104060,John,Chen,1997-04-11,2016-10-09,Kimberley,Sales Rep,43054.95,549.0,john.chen863@gmail.com
CUST104061,James,Khan,2000-12-01,2017-05-20,Polokwane,,21374.47,844.0,james.khan553@yahoo.com
CUST104062,Kagiso,Chen,1974-03-03,2023-09-24,Port Elizabeth,Manager,19212.59,528.0,kagiso.chen987@gmail.com
CUST104063,Thabo,Miller,1993-01-19,2019-06-03,Johannesburg,Entrepreneur,97472.5,564.0,thabo.miller425@webmail.co.za
CUST104064,Wei,Mokoena,1956-11-25,2020-01-23,Kimberley,,16968.45,556.0,wei.mokoena985@gmail.com
CUST104065,BARBARA,Chen,1981-10-16,2021-12-06,Bloemfontein,Consultant,7051.25,668.0,barbara.chen832@gmail.com
CUST104066,Priya,Van der Merwe,1966-11-17,2026-02-13,Durban,Teacher,17592.54,741.0,priya.van der merwe290@outlook.com
CUST104067,Susan,Ndlovu,1981-05-14,2023-10-05,Bloemfontein,Student,8062.72,697.0,susan.ndlovu377@webmail.co.za
CUST104068,Chidi,Dlamini,1986-03-17,2022-06-24,Pretoria  ,Nurse,15202.35,,chidi.dlamini391@outlook.com
CUST104069,Patricia,Dlamini,1966-03-04,2023-08-13,Pretoria,,16071.46,576.0,patricia.dlamini92@outlook.com
CUST104070,Patricia,Williams,1958-03-11,2023-05-01,Port Elizabeth,Civil Servant,27478.77,709.0,patricia.williams234@webmail.co.za
CUST104071,MEI,Johnson,1964-08-15,2022-12-29,Polokwane,Entrepreneur,7865.51,623.0,mei.johnson261@outlook.com
CUST104072,Raj,Smith,1985-07-02,2020-09-30,Cape Town,Manager,55136.73,671.0,raj.smith703@gmail.com
CUST104073,Carlos,Chen,1986-04-16,2021-07-25,Kimberley,Retired,8730.16,750.0,carlos.chen246@webmail.co.za
CUST104074,David,Martinez,1990-03-21,2020-05-06,johannesburg,Nurse,24918.09,498.0,david.martinez502@webmail.co.za
CUST104075,James,Botha,1952-09-20,2019-07-29,Cape Town,Driver,22148.1,829.0,james.botha366@webmail.co.za
CUST104076,Sofia,Patel,1994-12-05,2018-02-19,East London,Teacher,44143.91,637.0,sofia.patel928@gmail.com
CUST104077,Zanele,Brown,1986-12-23,2019-02-11,Cape Town,Engineer,33220.62,505.0,zanele.brown693@outlook.com
CUST104078,Linda,Williams,1946-11-11,2019-12-18,Polokwane,Manager,54837.18,588.0,linda.williams222@yahoo.com
CUST104079,Wei,Rodriguez,1965-06-21,2021-09-16,Polokwane,Consultant,21657.95,659.0,wei.rodriguez566@outlook.com
CUST104080,Ahmed,Pretorius,1973-06-20,2020-10-15,Port Elizabeth,Entrepreneur,20356.43,588.0,ahmed.pretorius686@outlook.com
CUST104081,Elizabeth,Johnson,1966-12-31,2016-04-01,Port Elizabeth,Engineer,34464.14,466.0,elizabeth.johnson556@outlook.com
CUST104082,WEI,Jones,1952-02-29,2018-12-09,Kimberley,Sales Rep,49887.27,659.0,wei.jones519@yahoo.com
CUST104083,Mei,Smith,1957-08-25,2019-05-11,Polokwane,Student,44136.46,585.0,mei.smith673@yahoo.com
CUST104084,Thabo,Martinez,1946-07-02,2023-03-10,East London,Accountant,32633.3,709.0,thabo.martinez657@webmail.co.za
CUST104085,KAGISO,Nkosi,1950-09-05,2018-11-09,Cape Town,Retired,30933.58,554.0,kagiso.nkosi74@webmail.co.za
CUST104086,William,Patel,1961-03-30,2015-02-03,Bloemfontein,Consultant,26323.74,854.0,william.patel14@yahoo.com
CUST104087,Fatima,Ndlovu,1995-01-07,2015-12-23,Johannesburg,Consultant,34405.03,696.0,fatima.ndlovu656@webmail.co.za
CUST104088,Sofia,Brown,1977-02-14,2020-10-03,Durban,Teacher,91213.73,668.0,sofia.brown104@outlook.com
CUST104089,SOFIA,Davis,1970-11-23,2017-03-08,East London,Nurse,23259.2,706.0,sofia.davis737@yahoo.com
CUST104090,Chidi,Dlamini,1985-05-23,2020-09-23,Port Elizabeth,Civil Servant,21618.53,,chidi.dlamini449@gmail.com
CUST104091,MARY,Miller,1978-01-12,2021-08-25,Kimberley,Civil Servant,20647.85,605.0,mary.miller362@webmail.co.za
CUST104092,Barbara,Patel,1953-01-08,2025-10-23,Kimberley,Sales Rep,33983.27,810.0,
CUST104093,Joseph,Nkosi,1958-07-31,2022-08-05,Johannesburg,Consultant,7532.28,621.0,joseph.nkosi283@outlook.com
CUST104094,Carlos,Jones,1958-07-29,2015-05-12,Nelspruit,Consultant,24809.03,644.0,carlos.jones544@webmail.co.za
CUST104095,Naledi,Garcia,1981-08-06,2019-05-30,Nelspruit,Technician,45633.08,608.0,naledi.garcia708@yahoo.com
CUST104096,Naledi,Williams,1973-02-27,2024-03-10,Cape Town  ,Student,19619.15,782.0,naledi.williams21@webmail.co.za
CUST104097,John,Patel,1968-08-23,2018-01-07,Pretoria,,30092.25,628.0,john.patel891@outlook.com
CUST104098,Mei,Ndlovu,1978-12-15,2025-09-17,kimberley  ,Teacher,95377.81,537.0,mei.ndlovu859@yahoo.com
CUST104099,David,Miller,2004-03-05,2021-02-15,Johannesburg,Teacher,32825.47,882.0,david.miller904@gmail.com
CUST104100,Robert,Jones,1964-03-01,2016-01-27,Johannesburg,Entrepreneur,7019.62,526.0,robert.jones316@webmail.co.za
CUST104101,Sofia,Johnson,1976-09-24,2017-10-19,Bloemfontein,Retired,11545.71,1200.0,sofia.johnson311@gmail.com
CUST104102,Michael,Ndlovu,1974-04-21,2025-06-30,kimberley,Nurse,23141.85,574.0,michael.ndlovu174@outlook.com
CUST104103,James,Patel,1988-09-18,2026-06-25,Durban,Engineer,16609.07,587.0,james.patel428@gmail.com
CUST104104,ROBERT,Garcia,1989-07-19,2024-12-29,Polokwane,Accountant,28624.83,555.0,robert.garcia619@yahoo.com
CUST104105,Joseph,Smith,1989-06-21,2018-09-18,East London,Consultant,22544.68,601.0,joseph.smith393@outlook.com
CUST104106,Patricia,Ndlovu,1957-04-17,2023-11-27,cape town,Consultant,54157.02,739.0,patricia.ndlovu542@gmail.com
CUST104107,Raj,Chen,1972-05-24,2017-07-29,Durban,Nurse,13977.46,479.0,raj.chen941@gmail.com
CUST104108,Thabo,Davis,1994-06-25,2019-06-15,East London,Nurse,23753.86,763.0,thabo.davis686@gmail.com
CUST104109,DAVID,Garcia,1968-04-10,2023-01-28,Port Elizabeth  ,Accountant,30648.99,,
CUST104110,James,Brown,2005-01-14,2026-03-22,durban,,33013.79,696.0,james.brown169@outlook.com
CUST104111,Jessica,Khan,1967-04-03,2020-02-01,Durban,Accountant,29380.4,661.0,jessica.khan293@yahoo.com
CUST104112,John,Van der Merwe,1975-05-11,2020-09-28,Bloemfontein  ,Sales Rep,6331.14,675.0,john.van der merwe936@webmail.co.za
CUST104113,SOFIA,Khan,1973-12-11,2017-07-20,Nelspruit,Engineer,28281.84,778.0,sofia.khan294@webmail.co.za
CUST104114,Elizabeth,Dlamini,1971-06-15,2019-09-02,Port Elizabeth,,24576.53,493.0,elizabeth.dlamini477@gmail.com
CUST104115,JESSICA,Patel,1996-07-31,2015-09-24,Kimberley  ,Civil Servant,45182.53,715.0,jessica.patel252@gmail.com
CUST104116,James,Rodriguez,1954-06-22,2024-12-10,East London,Manager,41513.84,583.0,james.rodriguez473@outlook.com
CUST104117,JOHN,Smith,1979-08-18,2015-04-09,Port Elizabeth,Entrepreneur,31085.81,724.0,john.smith569@gmail.com
CUST104118,Michael,Rodriguez,1982-09-25,2022-12-01,Polokwane,Consultant,32464.37,595.0,michael.rodriguez607@webmail.co.za
CUST104119,Mary,Patel,1996-12-03,2018-03-01,Port Elizabeth,Engineer,60562.42,714.0,mary.patel387@gmail.com
CUST104120,Chidi,Chen,1982-02-28,2020-07-06,Polokwane,Driver,53646.83,511.0,chidi.chen712@webmail.co.za
CUST104121,Carlos,Nkosi,2003-07-24,2018-04-05,Kimberley,Engineer,31735.75,498.0,carlos.nkosi429@gmail.com
CUST104122,Sofia,Nkosi,1998-03-15,2019-08-20,Polokwane,Student,97465.23,640.0,sofia.nkosi121@gmail.com
CUST104123,William,Garcia,1966-04-10,2021-05-01,Cape Town,Retired,18454.84,779.0,william.garcia619@gmail.com
CUST104124,Mei,Smith,1997-06-14,2022-06-03,Johannesburg,Artisan,13210.06,698.0,mei.smith72@outlook.com
CUST104125,Thabo,Miller,2003-06-19,2025-11-21,nelspruit  ,Engineer,26728.81,698.0,thabo.miller268@gmail.com
CUST104126,Mary,Botha,1960-09-09,2018-11-06,Nelspruit,Accountant,21497.98,727.0,mary.botha963@yahoo.com
CUST104127,Robert,Silva,1982-03-22,2021-10-09,Bloemfontein,Technician,6129.05,614.0,robert.silva2@yahoo.com
CUST104128,NALEDI,Williams,1962-03-11,2025-06-11,Durban,Nurse,18188.99,705.0,naledi.williams21@yahoo.com
CUST104129,SUSAN,Brown,1984-08-15,2018-05-12,Nelspruit,Teacher,33062.37,598.0,
CUST104130,James,Khumalo,1950-09-18,2025-01-07,Port Elizabeth,Driver,25982.63,622.0,james.khumalo418@yahoo.com
CUST104131,Fatima,Chen,1989-10-13,2026-02-02,Durban  ,Consultant,16884.02,633.0,fatima.chen583@webmail.co.za
CUST104132,Chidi,Nkosi,1970-08-11,2024-10-24,Pretoria,Teacher,27595.15,601.0,chidi.nkosi758@webmail.co.za
CUST104133,Thabo,Khan,1980-10-28,2021-08-07,Durban,,28965.0,1200.0,thabo.khan78@outlook.com
CUST104134,Sofia,Jones,1946-07-31,2023-05-13,Durban  ,Sales Rep,41317.63,627.0,sofia.jones336@outlook.com
CUST104135,Sofia,Smith,1987-06-03,2020-07-27,Pretoria,Nurse,18308.11,586.0,sofia.smith810@gmail.com
CUST104136,Sofia,Mokoena,1975-04-04,2021-12-01,East London  ,Engineer,45447.54,637.0,sofia.mokoena514@outlook.com
CUST104137,William,Khumalo,1983-02-20,2026-04-15,Johannesburg,,13983.23,664.0,william.khumalo357@outlook.com
CUST104138,Ahmed,Pretorius,1964-04-03,2017-11-28,Pretoria,Consultant,19890.03,551.0,ahmed.pretorius523@outlook.com
CUST104139,Thabo,Khumalo,1953-11-23,2024-03-06,Cape Town,,74562.72,688.0,
CUST104140,CHIDI,Dlamini,1971-07-24,2020-11-11,East London,Retired,,606.0,chidi.dlamini220@webmail.co.za
CUST104141,Priya,Miller,2002-07-31,2017-01-18,kimberley  ,,18119.42,668.0,priya.miller751@yahoo.com
CUST104142,Jennifer,Johnson,1958-11-24,2022-06-15,Polokwane  ,Civil Servant,12684.47,590.0,jennifer.johnson169@yahoo.com
CUST104143,Joseph,Botha,1986-03-24,2024-03-05,Durban,Retired,16377.11,745.0,joseph.botha514@outlook.com
CUST104144,John,Van der Merwe,1948-01-16,2021-08-02,Bloemfontein,Entrepreneur,29231.96,736.0,john.van der merwe915@outlook.com
CUST104145,WILLIAM,Brown,1988-10-20,2024-09-12,Johannesburg,Entrepreneur,41106.66,556.0,william.brown945@gmail.com
CUST104146,Susan,Patel,1959-07-19,2019-03-28,Port Elizabeth,Accountant,26604.01,697.0,susan.patel994@webmail.co.za
CUST104147,Priya,Rodriguez,1972-07-17,2025-08-01,Durban,Consultant,22140.99,780.0,priya.rodriguez100@gmail.com
CUST104148,Priya,Martinez,1967-06-08,2022-07-05,Bloemfontein,,12763.38,565.0,priya.martinez255@yahoo.com
CUST104149,Richard,Van der Merwe,1951-11-19,2024-04-20,Port Elizabeth,Civil Servant,17391.24,,richard.van der merwe111@yahoo.com
CUST104150,David,Van der Merwe,1966-01-30,2018-02-28,East London,Teacher,10640.03,,david.van der merwe546@yahoo.com
CUST104151,Thabo,Jones,1966-05-11,2020-03-02,Bloemfontein,Teacher,41853.71,532.0,thabo.jones667@webmail.co.za
CUST104152,Fatima,Miller,1976-11-05,2025-07-14,Kimberley  ,Accountant,43636.27,580.0,fatima.miller400@gmail.com
CUST104153,Sofia,Van der Merwe,2004-04-24,2015-08-04,Johannesburg,Retired,26258.14,559.0,sofia.van der merwe312@webmail.co.za
CUST104154,Linda,Pretorius,1973-09-02,2019-09-05,Kimberley  ,,35061.91,717.0,linda.pretorius392@webmail.co.za
CUST104155,Jennifer,Johnson,2000-10-11,2024-01-14,Polokwane,Artisan,45512.37,588.0,jennifer.johnson841@outlook.com
CUST104156,Amara,Van der Merwe,1973-02-26,2023-08-13,polokwane,Nurse,28587.51,624.0,amara.van der merwe623@gmail.com
CUST104157,Elizabeth,Ndlovu,1951-07-24,2024-11-11,Nelspruit,Engineer,62079.21,583.0,elizabeth.ndlovu746@yahoo.com
CUST104158,Michael,Khumalo,1959-01-15,2023-07-25,Johannesburg,Retired,14555.5,753.0,michael.khumalo415@webmail.co.za
CUST104159,James,Johnson,1969-11-10,2025-12-20,Durban,Driver,21824.7,573.0,james.johnson831@webmail.co.za
CUST104160,Richard,Chen,1964-11-05,2020-10-08,Johannesburg,Engineer,20319.87,523.0,richard.chen301@yahoo.com
CUST104161,Richard,Chen,1997-10-24,2022-03-25,Polokwane,Accountant,39669.7,520.0,richard.chen362@yahoo.com
CUST104162,Sipho,Chen,1986-05-25,2024-10-25,Pretoria,Driver,11378.89,712.0,sipho.chen755@outlook.com
CUST104163,Michael,Silva,1980-04-11,2023-02-16,Pretoria,Sales Rep,64137.52,719.0,michael.silva391@yahoo.com
CUST104164,Amara,Pretorius,1974-12-19,2016-03-07,east london,Civil Servant,37686.78,762.0,amara.pretorius882@gmail.com
CUST104165,Lerato,Van der Merwe,1969-03-26,2019-04-02,Port Elizabeth,Nurse,76893.5,537.0,lerato.van der merwe391@outlook.com
CUST104166,Joseph,Khan,1982-05-06,2021-05-26,East London,Artisan,26256.2,629.0,joseph.khan881@outlook.com
CUST104167,Jennifer,Nkosi,1952-08-08,2023-09-28,Kimberley,Driver,19337.63,868.0,jennifer.nkosi887@gmail.com
CUST104168,Thabo,Chen,1954-12-01,2021-04-18,Pretoria,Technician,39905.27,623.0,thabo.chen59@outlook.com
CUST104169,Lerato,Chen,1963-06-29,2024-01-03,Nelspruit,Driver,49928.09,599.0,lerato.chen491@yahoo.com
CUST104170,BARBARA,Dlamini,1955-06-11,2024-09-13,Bloemfontein,,17524.37,648.0,barbara.dlamini477@outlook.com
CUST104171,William,Khan,1986-04-21,2018-01-26,Pretoria,Consultant,8114.78,698.0,william.khan491@webmail.co.za
CUST104172,Thabo,Johnson,1946-07-06,2022-02-19,Kimberley  ,Consultant,8993.35,696.0,thabo.johnson513@yahoo.com
CUST104173,Barbara,Dlamini,1954-10-09,2021-06-14,Port Elizabeth,Nurse,31471.29,595.0,barbara.dlamini951@outlook.com
CUST104174,RICHARD,Martinez,2000-01-22,2017-08-19,Cape Town  ,Nurse,67786.18,597.0,richard.martinez424@outlook.com
CUST104175,Barbara,Pretorius,2005-11-06,2020-09-03,Durban,,12326.38,623.0,barbara.pretorius722@gmail.com
CUST104176,Elizabeth,Johnson,1974-09-29,2021-05-09,nelspruit,Civil Servant,22847.12,584.0,elizabeth.johnson846@webmail.co.za
CUST104177,Amara,Chen,1975-03-21,2024-06-19,Bloemfontein,Driver,21827.59,539.0,amara.chen855@outlook.com
CUST104178,Joseph,Jones,1992-03-05,2020-05-03,Bloemfontein,Consultant,85162.74,813.0,joseph.jones933@webmail.co.za
CUST104179,Joseph,Botha,1947-03-18,2015-12-09,East London,Sales Rep,104319.9,613.0,joseph.botha62@yahoo.com
CUST104180,Kagiso,Van der Merwe,1971-01-18,2020-08-23,Cape Town,Manager,34706.13,618.0,kagiso.van der merwe146@gmail.com
CUST104181,Barbara,Garcia,1951-02-03,2024-09-14,Johannesburg,Engineer,46110.7,621.0,barbara.garcia572@outlook.com
CUST104182,Patricia,Botha,1969-06-16,2021-08-13,Port Elizabeth,Sales Rep,45347.91,643.0,patricia.botha762@yahoo.com
CUST104183,PRIYA,Ndlovu,2005-01-04,2018-09-10,Kimberley,,12479.06,689.0,priya.ndlovu490@webmail.co.za
CUST104184,Mary,Nkosi,1990-12-21,2025-08-31,Cape Town,,40909.35,608.0,mary.nkosi410@webmail.co.za
CUST104185,Sipho,Khan,2005-01-31,2016-10-20,Polokwane,Driver,14592.11,753.0,sipho.khan940@gmail.com
CUST104186,William,Smith,1990-07-05,2018-10-14,Kimberley,Technician,24272.0,704.0,william.smith356@gmail.com
CUST104187,Michael,Jones,1982-02-04,2020-01-24,johannesburg,Driver,53308.03,633.0,michael.jones850@gmail.com
CUST104188,Mary,Rodriguez,1991-01-03,2023-07-19,Cape Town,Civil Servant,28241.84,590.0,mary.rodriguez652@gmail.com
CUST104189,Ahmed,Jones,1985-03-15,2024-09-05,Nelspruit,,,748.0,ahmed.jones476@outlook.com
CUST104190,SUSAN,Williams,1973-04-22,2015-09-05,Cape Town,Civil Servant,58662.62,635.0,susan.williams951@gmail.com
CUST104191,DAVID,Nkosi,1962-11-05,2024-03-04,Polokwane,Entrepreneur,9375.36,538.0,david.nkosi661@gmail.com
CUST104192,Chidi,Botha,1976-09-24,2023-05-06,polokwane,Driver,7283.61,742.0,chidi.botha729@webmail.co.za
CUST104193,Mary,Martinez,1960-10-07,2025-05-12,Pretoria  ,Sales Rep,54027.88,585.0,mary.martinez797@outlook.com
CUST104194,Sipho,Jones,1974-09-08,2025-06-05,Durban,Consultant,55350.69,728.0,sipho.jones354@gmail.com
CUST104195,Jessica,Brown,1953-11-30,2024-01-02,bloemfontein,Accountant,31380.96,424.0,jessica.brown317@gmail.com
CUST104196,NALEDI,Pretorius,1979-06-28,2017-03-15,bloemfontein,Entrepreneur,34041.29,617.0,naledi.pretorius125@webmail.co.za
CUST104197,Patricia,Davis,1959-12-18,2018-08-20,Nelspruit,Consultant,45973.88,754.0,patricia.davis901@webmail.co.za
CUST104198,Carlos,Smith,1962-11-29,2025-11-04,Bloemfontein,Accountant,45462.6,650.0,carlos.smith532@webmail.co.za
CUST104199,Linda,Rodriguez,1975-06-10,2021-12-05,Kimberley  ,Technician,22415.09,704.0,linda.rodriguez897@gmail.com
CUST104200,Lerato,Martinez,1954-11-30,2021-03-28,Durban  ,Entrepreneur,47739.3,569.0,lerato.martinez526@outlook.com
CUST104201,Chidi,Mokoena,2003-09-14,2025-08-09,Durban,Sales Rep,21853.49,681.0,chidi.mokoena162@webmail.co.za
CUST104202,Barbara,Davis,1972-04-06,2025-02-14,Durban,Student,31136.33,650.0,barbara.davis8@outlook.com
CUST104203,John,Pretorius,1966-06-28,2023-06-05,East London,,30333.67,672.0,john.pretorius654@outlook.com
CUST104204,Elizabeth,Chen,1946-10-13,2025-03-20,Johannesburg,Manager,16064.01,834.0,elizabeth.chen300@webmail.co.za
CUST104205,Mei,Nkosi,1996-06-08,2016-04-26,Nelspruit,,17226.56,767.0,mei.nkosi768@gmail.com
CUST104206,Fatima,Rodriguez,1983-03-05,2023-10-10,Polokwane,Sales Rep,102792.26,721.0,fatima.rodriguez758@webmail.co.za
CUST104207,Fatima,Chen,1970-05-27,2026-03-08,Kimberley,Consultant,15754.3,722.0,fatima.chen613@webmail.co.za
CUST104208,Linda,Rodriguez,1959-12-24,2015-07-27,Kimberley,Retired,33589.73,568.0,linda.rodriguez799@gmail.com
CUST104209,Zanele,Patel,1990-06-14,2017-08-01,Johannesburg,Teacher,38096.57,608.0,zanele.patel392@yahoo.com
CUST104210,John,Khan,2002-09-03,2024-03-12,Polokwane,Student,26042.11,512.0,john.khan844@gmail.com
CUST104211,Amara,Davis,1968-03-25,2021-01-08,Bloemfontein,Consultant,40251.15,536.0,amara.davis61@outlook.com
CUST104212,Susan,Pretorius,1953-03-24,2016-01-02,Polokwane  ,Artisan,32773.97,570.0,susan.pretorius396@outlook.com
CUST104213,Amara,Van der Merwe,1951-08-30,2018-02-07,Nelspruit,,15960.13,647.0,amara.van der merwe233@webmail.co.za
CUST104214,Lerato,Botha,1945-05-22,2018-10-02,Bloemfontein,Technician,37126.65,540.0,lerato.botha924@outlook.com
CUST104215,Sofia,Jones,1990-05-19,2018-09-20,Johannesburg,Civil Servant,19402.87,646.0,sofia.jones294@webmail.co.za
CUST104216,JESSICA,Patel,2004-11-11,2025-03-01,Nelspruit,Consultant,76450.71,636.0,jessica.patel830@outlook.com
CUST104217,DAVID,Williams,2005-07-23,2022-09-01,Port Elizabeth,Accountant,34803.57,548.0,david.williams299@gmail.com
CUST104218,Thabo,Williams,1992-11-01,2023-07-06,Port Elizabeth,Artisan,17675.02,787.0,thabo.williams433@yahoo.com
CUST104219,Jennifer,Nkosi,1954-11-23,2015-02-27,Bloemfontein,Nurse,33036.68,531.0,jennifer.nkosi719@webmail.co.za
CUST104220,Patricia,Brown,2004-08-21,2019-12-14,Kimberley,Civil Servant,15445.72,751.0,patricia.brown479@outlook.com
CUST104221,Thabo,Botha,1964-12-30,2018-09-06,Bloemfontein  ,Nurse,31403.27,447.0,thabo.botha214@outlook.com
CUST104222,RAJ,Martinez,1965-05-08,2024-11-12,Durban,Technician,23495.9,637.0,raj.martinez563@outlook.com
CUST104223,Naledi,Miller,1986-12-05,2026-01-17,polokwane,Entrepreneur,16381.0,542.0,naledi.miller599@outlook.com
CUST104224,Mei,Johnson,1947-12-29,2019-11-26,East London,Engineer,16257.92,591.0,mei.johnson190@gmail.com
CUST104225,Jennifer,Chen,1995-05-16,2026-04-09,Johannesburg  ,Technician,115955.36,813.0,jennifer.chen556@gmail.com
CUST104226,JOSEPH,Patel,2005-10-31,2015-03-02,Bloemfontein,Technician,28419.63,619.0,joseph.patel45@yahoo.com
CUST104227,Zanele,Ndlovu,1992-04-11,2018-10-09,Polokwane,Manager,20763.6,551.0,zanele.ndlovu263@webmail.co.za
CUST104228,Barbara,Silva,1992-09-05,2023-12-22,Nelspruit,Student,18714.41,694.0,barbara.silva576@webmail.co.za
CUST104229,James,Davis,1968-10-22,2019-03-04,Durban,Driver,35692.64,618.0,james.davis830@gmail.com
CUST104230,Robert,Khumalo,1949-01-08,2025-08-31,Bloemfontein,Manager,18341.15,664.0,robert.khumalo783@yahoo.com
CUST104231,Fatima,Miller,1993-05-08,2017-07-13,Nelspruit  ,Driver,13949.92,568.0,fatima.miller696@outlook.com
CUST104232,Zanele,Khumalo,1981-06-05,2024-03-19,Bloemfontein,Artisan,26385.01,572.0,zanele.khumalo302@gmail.com
CUST104233,William,Williams,2000-06-20,2017-05-03,Port Elizabeth,Civil Servant,26265.68,579.0,william.williams752@webmail.co.za
CUST104234,William,Ndlovu,1952-01-28,2017-04-13,Cape Town,Nurse,20947.59,722.0,william.ndlovu186@yahoo.com
CUST104235,Mary,Khumalo,1963-08-12,2020-02-29,Johannesburg,Sales Rep,15759.91,630.0,mary.khumalo853@webmail.co.za
CUST104236,CARLOS,Khumalo,1967-01-01,2025-12-11,East London,Accountant,21277.75,556.0,carlos.khumalo910@webmail.co.za
CUST104237,Patricia,Martinez,1986-09-05,2021-10-12,Kimberley,Accountant,20296.78,665.0,patricia.martinez206@gmail.com
CUST104238,Wei,Chen,1993-01-19,2022-05-10,East London,,18675.76,657.0,wei.chen964@webmail.co.za
CUST104239,Linda,Dlamini,2003-08-15,2015-02-11,Polokwane,Student,31758.0,702.0,linda.dlamini594@webmail.co.za
CUST104240,David,Miller,1963-01-08,2015-08-28,East London,,102307.35,607.0,david.miller414@yahoo.com
CUST104241,William,Jones,1975-02-10,2015-10-11,Pretoria,Artisan,59817.83,643.0,william.jones823@outlook.com
CUST104242,Raj,Chen,1946-10-08,2024-06-29,Bloemfontein,Artisan,86262.62,,raj.chen905@outlook.com
CUST104243,Mary,Pretorius,1960-06-07,2017-09-28,Durban,Student,19137.12,559.0,mary.pretorius870@webmail.co.za
CUST104244,Barbara,Khan,1967-10-25,2018-10-22,Durban,Artisan,73483.26,730.0,barbara.khan311@gmail.com
CUST104245,WILLIAM,Chen,1981-03-22,2022-01-24,Bloemfontein,Entrepreneur,30833.76,651.0,william.chen309@yahoo.com
CUST104246,William,Pretorius,1973-09-20,2021-10-06,East London  ,Driver,48621.35,551.0,william.pretorius84@yahoo.com
CUST104247,Michael,Botha,1967-03-27,2019-10-03,Kimberley,Teacher,35405.5,550.0,michael.botha927@yahoo.com
CUST104248,Fatima,Dlamini,1983-01-25,2015-01-19,Durban,Technician,21895.57,641.0,fatima.dlamini393@webmail.co.za
CUST104249,Richard,Williams,1995-07-18,2020-03-16,Durban,Engineer,41427.43,600.0,richard.williams884@outlook.com
CUST104250,Susan,Mokoena,1959-09-29,2023-07-23,Cape Town  ,Engineer,35988.63,,susan.mokoena811@gmail.com
CUST104251,Richard,Mokoena,1965-11-30,2017-09-22,Kimberley,Engineer,9312.27,624.0,richard.mokoena112@webmail.co.za
CUST104252,Sofia,Miller,1987-12-31,2023-03-16,Polokwane,Teacher,24972.37,677.0,sofia.miller884@webmail.co.za
CUST104253,DAVID,Van der Merwe,1992-06-14,2015-03-06,Pretoria,Student,,,david.van der merwe913@webmail.co.za
CUST104254,David,Botha,1995-05-08,2025-07-07,Kimberley,Consultant,31775.57,648.0,david.botha351@outlook.com
CUST104255,David,Davis,1957-10-08,2026-01-01,Polokwane,,35656.35,768.0,david.davis756@yahoo.com
CUST104256,David,Ndlovu,1977-11-23,2015-01-11,port elizabeth,Driver,17139.58,637.0,david.ndlovu589@webmail.co.za
CUST104257,Robert,Jones,1999-11-25,2020-04-20,Pretoria,Driver,31373.74,600.0,robert.jones99@yahoo.com
CUST104258,ZANELE,Brown,1968-11-28,2019-10-17,Bloemfontein,,25392.13,572.0,zanele.brown228@yahoo.com
CUST104259,James,Garcia,1971-03-23,2024-10-01,Johannesburg,Retired,23811.6,648.0,james.garcia525@webmail.co.za
CUST104260,Linda,Rodriguez,2005-01-26,2021-04-06,Cape Town,Civil Servant,17898.03,777.0,linda.rodriguez857@gmail.com
CUST104261,Michael,Miller,1951-11-24,2022-01-30,kimberley,,46579.57,527.0,michael.miller823@gmail.com
CUST104262,ELIZABETH,Brown,1988-01-16,2017-05-06,Durban,,33099.75,646.0,elizabeth.brown351@gmail.com
CUST104263,Wei,Martinez,1996-11-10,2015-11-22,Cape Town,,31154.96,496.0,wei.martinez14@gmail.com
CUST104264,Zanele,Mokoena,1954-03-14,2023-01-07,Nelspruit,Nurse,92085.32,613.0,zanele.mokoena225@yahoo.com
CUST104265,SOFIA,Davis,1988-07-31,2022-03-10,Kimberley,Technician,35749.07,674.0,sofia.davis312@gmail.com
CUST104266,Barbara,Dlamini,1973-08-27,2024-08-21,Nelspruit,Accountant,55287.27,508.0,barbara.dlamini338@gmail.com
CUST104267,Fatima,Garcia,1997-01-09,2024-10-13,Cape Town,Nurse,31690.1,610.0,fatima.garcia683@webmail.co.za
CUST104268,Mary,Patel,2000-05-09,2022-04-23,Nelspruit,Manager,21765.94,676.0,mary.patel63@webmail.co.za
CUST104269,Thabo,Chen,1998-03-22,2021-03-27,Durban,Retired,14250.08,662.0,thabo.chen907@outlook.com
CUST104270,Mei,Nkosi,1948-12-05,2025-08-02,johannesburg,Driver,31095.99,681.0,mei.nkosi57@outlook.com
CUST104271,Naledi,Johnson,1991-03-02,2024-04-12,Kimberley,Entrepreneur,5442.02,562.0,naledi.johnson407@outlook.com
CUST104272,Fatima,Van der Merwe,2001-03-18,2025-03-21,durban,Artisan,31681.25,676.0,fatima.van der merwe204@webmail.co.za
CUST104273,David,Davis,1982-11-26,2026-07-14,East London,Student,32507.92,596.0,david.davis802@yahoo.com
CUST104274,Mary,Johnson,1981-08-26,2019-09-03,Johannesburg,Accountant,23610.8,714.0,mary.johnson737@gmail.com
CUST104275,Wei,Patel,1947-09-30,2023-04-21,Cape Town  ,Entrepreneur,25452.78,442.0,wei.patel709@outlook.com
CUST104276,Robert,Brown,1997-03-20,2022-12-20,Nelspruit,Accountant,12699.25,624.0,robert.brown299@outlook.com
CUST104277,Wei,Brown,1947-10-31,2017-01-06,Bloemfontein,,61781.68,659.0,wei.brown666@webmail.co.za
CUST104278,Chidi,Nkosi,1964-02-15,2022-05-16,Kimberley,Retired,21974.75,771.0,chidi.nkosi327@webmail.co.za
CUST104279,Priya,Jones,2001-06-23,2019-12-16,Cape Town,Student,15014.09,658.0,priya.jones982@gmail.com
CUST104280,JESSICA,Khumalo,2002-12-07,2020-03-21,Nelspruit,Driver,37301.79,667.0,jessica.khumalo865@gmail.com
CUST104281,Ahmed,Jones,2005-07-03,2017-01-31,nelspruit,Accountant,28751.74,684.0,ahmed.jones875@webmail.co.za
CUST104282,Jennifer,Williams,1974-01-22,2023-08-17,Kimberley,Sales Rep,21698.52,763.0,jennifer.williams898@gmail.com
CUST104283,SUSAN,Smith,1955-10-28,2023-01-31,Johannesburg,Sales Rep,20365.14,616.0,susan.smith48@yahoo.com
CUST104284,Patricia,Smith,1974-10-06,2021-03-01,Cape Town,Engineer,26812.32,524.0,patricia.smith777@outlook.com
CUST104285,Wei,Ndlovu,1951-03-30,2016-10-24,Bloemfontein,Accountant,,506.0,wei.ndlovu763@outlook.com
CUST104286,Amara,Martinez,1998-03-23,2021-06-13,Cape Town,Nurse,35657.97,710.0,amara.martinez774@outlook.com
CUST104287,Mei,Smith,1979-03-12,2016-02-28,johannesburg,Nurse,26353.46,670.0,mei.smith171@gmail.com
CUST104288,Wei,Davis,1969-09-03,2018-12-06,Nelspruit,Manager,44867.11,627.0,wei.davis4@yahoo.com
CUST104289,Elizabeth,Miller,1949-11-07,2019-04-25,East London,,27351.29,597.0,
CUST104290,ROBERT,Khumalo,1969-09-20,2025-03-25,Nelspruit  ,Student,34232.52,666.0,
CUST104291,Fatima,Nkosi,1997-11-01,2019-10-24,Kimberley,Student,29456.7,669.0,fatima.nkosi658@outlook.com
CUST104292,Jessica,Patel,1987-11-28,2021-12-06,Cape Town,Accountant,38325.4,693.0,jessica.patel107@yahoo.com
CUST104293,Patricia,Pretorius,1950-01-12,2025-02-17,Nelspruit,Civil Servant,20609.63,550.0,patricia.pretorius417@gmail.com
CUST104294,Fatima,Jones,1954-10-03,2019-12-06,Johannesburg,Consultant,13580.56,491.0,fatima.jones817@yahoo.com
CUST104295,Sofia,Jones,1968-12-06,2025-03-27,Pretoria,Driver,46356.13,568.0,sofia.jones167@webmail.co.za
CUST104296,Joseph,Khan,1951-03-09,2016-07-31,durban,Nurse,66367.12,528.0,joseph.khan192@yahoo.com
CUST104297,Wei,Miller,2001-12-22,2019-03-24,Durban,Sales Rep,13972.85,524.0,wei.miller644@yahoo.com
CUST104298,Mary,Van der Merwe,1984-10-15,2016-02-05,Polokwane,,29958.7,791.0,mary.van der merwe832@yahoo.com
CUST104299,ROBERT,Ndlovu,1950-10-14,2021-06-30,Cape Town,Engineer,20551.27,446.0,robert.ndlovu115@yahoo.com
CUST104300,William,Jones,1993-01-26,2026-02-01,Nelspruit,Engineer,45707.94,692.0,william.jones191@webmail.co.za
CUST104301,Kagiso,Van der Merwe,1967-06-22,2022-08-10,Nelspruit  ,Sales Rep,31194.2,,kagiso.van der merwe523@gmail.com
CUST104302,JOHN,Khumalo,1959-12-09,2022-04-02,East London,Civil Servant,198091.31,739.0,john.khumalo336@outlook.com
CUST104303,Mary,Silva,1979-10-08,2018-03-22,Johannesburg,Driver,22452.11,675.0,mary.silva818@webmail.co.za
CUST104304,LERATO,Martinez,1945-10-25,2025-10-13,Bloemfontein,Retired,67668.46,769.0,lerato.martinez902@gmail.com
CUST104305,WEI,Williams,1973-05-22,2020-06-17,East London,Consultant,71738.18,,wei.williams731@gmail.com
CUST104306,CHIDI,Chen,1996-06-21,2018-02-03,Pretoria,,37055.0,623.0,chidi.chen599@gmail.com
CUST104307,Mei,Williams,2001-08-11,2026-06-09,Pretoria,Civil Servant,27508.49,690.0,mei.williams342@gmail.com
CUST104308,Mei,Chen,1965-11-23,2019-11-25,Port Elizabeth,Nurse,28478.44,765.0,mei.chen254@webmail.co.za
CUST104309,Zanele,Martinez,1984-03-09,2019-04-21,Kimberley,Technician,27068.42,572.0,zanele.martinez781@outlook.com
CUST104310,Thabo,Silva,1958-11-02,2015-05-28,Johannesburg,,53102.53,628.0,thabo.silva987@gmail.com
CUST104311,Priya,Botha,1979-03-04,2017-01-24,Bloemfontein,Student,15937.31,594.0,priya.botha918@yahoo.com
CUST104312,BARBARA,Rodriguez,1960-06-30,2024-05-15,Pretoria  ,Entrepreneur,24426.15,691.0,barbara.rodriguez883@outlook.com
CUST104313,Patricia,Botha,1979-11-08,2020-08-03,Bloemfontein,Student,22712.9,479.0,patricia.botha918@webmail.co.za
CUST104314,WEI,Williams,1955-06-23,2026-01-22,Johannesburg,Artisan,9549.88,779.0,wei.williams749@yahoo.com
CUST104315,William,Williams,2002-05-31,2015-12-21,Kimberley,Nurse,45041.92,0.0,william.williams78@yahoo.com
CUST104316,Sofia,Nkosi,1999-02-06,2022-02-18,Port Elizabeth,Driver,50906.79,703.0,sofia.nkosi201@gmail.com
CUST104317,Susan,Khumalo,1965-07-21,2023-05-04,Kimberley,Manager,18388.28,437.0,susan.khumalo134@gmail.com
CUST104318,Priya,Martinez,1992-05-17,2022-03-12,Cape Town,Manager,49915.13,556.0,priya.martinez795@outlook.com
CUST104319,Mary,Brown,1950-10-29,2021-02-19,Bloemfontein,Teacher,10402.54,784.0,mary.brown849@webmail.co.za
CUST104320,Lerato,Miller,1990-02-28,2021-09-12,East London,Teacher,27292.65,634.0,lerato.miller881@yahoo.com
CUST104321,Joseph,Patel,1962-03-25,2022-12-26,Polokwane,Sales Rep,24940.42,495.0,joseph.patel907@outlook.com
CUST104322,Joseph,Van der Merwe,1953-04-10,2024-12-30,Johannesburg,Student,28357.57,670.0,joseph.van der merwe149@yahoo.com
CUST104323,William,Pretorius,1986-05-15,2018-11-23,East London,Civil Servant,28269.17,711.0,william.pretorius280@gmail.com
CUST104324,SOFIA,Rodriguez,1973-08-28,2020-04-28,Cape Town,,,698.0,sofia.rodriguez173@outlook.com
CUST104325,Richard,Ndlovu,1977-05-03,2022-05-13,Port Elizabeth,Technician,21318.62,636.0,richard.ndlovu182@webmail.co.za
CUST104326,Priya,Brown,1976-10-01,2018-08-22,Johannesburg,Civil Servant,25204.46,752.0,priya.brown871@outlook.com
CUST104327,Susan,Johnson,1948-08-17,2017-01-26,Johannesburg  ,Sales Rep,60957.53,587.0,susan.johnson453@gmail.com
CUST104328,Mary,Martinez,1948-02-19,2026-03-10,Polokwane,Technician,19010.92,699.0,mary.martinez418@yahoo.com
CUST104329,Ahmed,Khumalo,1981-09-02,2017-04-03,Polokwane,,104110.07,662.0,ahmed.khumalo863@outlook.com
CUST104330,Jennifer,Williams,1983-01-21,2017-09-11,Nelspruit,Artisan,18377.85,638.0,jennifer.williams232@gmail.com
CUST104331,William,Rodriguez,1947-11-18,2022-03-02,Polokwane,Driver,31071.17,616.0,william.rodriguez819@outlook.com
CUST104332,Priya,Chen,1968-02-01,2015-11-24,Bloemfontein,Technician,37900.66,619.0,priya.chen982@outlook.com
CUST104333,AHMED,Silva,1982-05-20,2015-05-25,Cape Town  ,,22582.86,653.0,ahmed.silva463@yahoo.com
CUST104334,Fatima,Pretorius,1985-01-21,2015-09-28,Polokwane,Consultant,61661.68,624.0,fatima.pretorius60@outlook.com
CUST104335,Susan,Davis,1995-07-11,2016-06-05,Durban  ,Driver,37314.12,716.0,susan.davis992@outlook.com
CUST104336,Wei,Rodriguez,1970-08-31,2019-12-21,Cape Town,Student,23790.9,602.0,wei.rodriguez573@outlook.com
CUST104337,David,Botha,1978-06-11,2024-08-08,polokwane,Student,61252.43,791.0,david.botha3@yahoo.com
CUST104338,Chidi,Patel,1980-04-16,2018-12-17,Bloemfontein,Artisan,,598.0,chidi.patel108@webmail.co.za
CUST104339,Thabo,Miller,1964-01-14,2019-12-14,Cape Town,Engineer,19162.49,733.0,thabo.miller3@yahoo.com
CUST104340,Mary,Patel,1948-04-14,2021-12-14,Bloemfontein,,37704.78,737.0,mary.patel419@gmail.com
CUST104341,Susan,Brown,1945-04-05,2018-07-02,East London,Teacher,,665.0,susan.brown86@outlook.com
CUST104342,Joseph,Martinez,1996-01-02,2020-01-04,Port Elizabeth,,32649.12,657.0,joseph.martinez272@outlook.com
CUST104343,WILLIAM,Miller,1957-03-19,2019-06-23,Polokwane,Driver,24926.45,584.0,william.miller370@gmail.com
CUST104344,Barbara,Nkosi,1983-06-12,2018-12-17,bloemfontein,Technician,23135.73,603.0,barbara.nkosi104@webmail.co.za
CUST104345,Thabo,Smith,1980-03-14,2019-07-01,Pretoria  ,Civil Servant,53042.06,670.0,thabo.smith13@outlook.com
CUST104346,Mary,Van der Merwe,1969-05-18,2015-02-17,Durban,,31077.42,646.0,mary.van der merwe256@webmail.co.za
CUST104347,John,Miller,1995-11-04,2025-04-06,Durban,Accountant,15941.11,,john.miller443@gmail.com
CUST104348,Wei,Smith,1987-08-08,2026-04-27,Nelspruit,Entrepreneur,15399.01,609.0,wei.smith702@gmail.com
CUST104349,BARBARA,Chen,1946-05-22,2024-12-27,Pretoria,Student,66707.77,615.0,barbara.chen796@webmail.co.za
CUST104350,ZANELE,Chen,1992-05-17,2015-01-25,Polokwane,,17478.78,500.0,zanele.chen302@outlook.com
CUST104351,Sipho,Brown,1975-12-05,2023-09-12,Pretoria,Nurse,31686.27,708.0,sipho.brown203@yahoo.com
CUST104352,NALEDI,Smith,1966-03-03,2021-08-21,,,60508.79,0.0,naledi.smith645@yahoo.com
CUST104353,Susan,Williams,1989-05-04,2016-02-03,East London,Artisan,37244.68,738.0,susan.williams486@outlook.com
CUST104354,Jessica,Rodriguez,1986-11-06,2025-10-20,Port Elizabeth,Sales Rep,17075.75,743.0,jessica.rodriguez912@outlook.com
CUST104355,Raj,Williams,1963-12-12,2023-12-28,Polokwane,Consultant,14626.4,721.0,raj.williams81@outlook.com
CUST104356,Carlos,Patel,2004-12-18,2016-09-06,Kimberley,Accountant,82613.89,725.0,carlos.patel420@outlook.com
CUST104357,William,Johnson,1984-07-27,2026-03-01,Nelspruit,Artisan,14404.58,705.0,william.johnson286@webmail.co.za
CUST104358,LERATO,Silva,1981-12-14,2016-06-17,Kimberley,Nurse,19303.44,719.0,lerato.silva963@outlook.com
CUST104359,SOFIA,Botha,1949-04-06,2020-04-07,Johannesburg,Driver,33641.05,,sofia.botha653@webmail.co.za
CUST104360,JAMES,Patel,1962-01-14,2016-11-03,Polokwane,Technician,23592.24,551.0,james.patel30@webmail.co.za
CUST104361,Mei,Pretorius,1972-04-07,2016-09-27,Polokwane,Nurse,37959.81,536.0,mei.pretorius420@gmail.com
CUST104362,Jessica,Pretorius,1983-06-20,2026-03-17,Port Elizabeth  ,Civil Servant,11151.58,764.0,jessica.pretorius944@yahoo.com
CUST104363,Carlos,Johnson,1976-04-11,2021-08-17,Pretoria,Civil Servant,23712.57,580.0,carlos.johnson768@gmail.com
CUST104364,Sipho,Davis,1991-07-18,2018-01-01,Johannesburg  ,,40401.14,594.0,sipho.davis245@outlook.com
CUST104365,Raj,Khan,1961-01-06,2023-12-29,Nelspruit,Consultant,40483.26,651.0,raj.khan936@gmail.com
CUST104366,Jennifer,Davis,1987-10-31,2025-02-19,Nelspruit,Driver,19082.52,538.0,jennifer.davis891@yahoo.com
CUST104367,John,Khan,1994-10-23,2025-08-17,Johannesburg,Accountant,14573.7,684.0,john.khan216@outlook.com
CUST104368,Fatima,Silva,1991-09-01,2025-10-21,Bloemfontein,,30583.87,458.0,fatima.silva534@outlook.com
CUST104369,Thabo,Nkosi,1992-01-08,2025-06-27,Bloemfontein,Sales Rep,12240.71,544.0,thabo.nkosi138@outlook.com
CUST104370,Naledi,Davis,1999-03-14,2022-05-26,Cape Town  ,,58137.28,668.0,naledi.davis366@webmail.co.za
CUST104371,JENNIFER,Davis,1950-02-19,2018-12-19,Bloemfontein,Teacher,29567.92,538.0,jennifer.davis655@gmail.com
CUST104372,Linda,Smith,1987-07-12,2025-09-20,Nelspruit,Teacher,17710.5,767.0,linda.smith874@yahoo.com
CUST104373,Raj,Miller,2004-02-02,2016-06-02,Pretoria,Technician,14289.77,654.0,raj.miller365@outlook.com
CUST104374,Elizabeth,Miller,1979-12-29,2016-12-15,Polokwane,Retired,18401.11,752.0,elizabeth.miller876@outlook.com
CUST104375,Sipho,Martinez,1958-04-04,2020-01-10,kimberley,Sales Rep,10539.04,682.0,sipho.martinez455@yahoo.com
CUST104376,David,Martinez,2005-12-03,2018-04-14,Port Elizabeth,Entrepreneur,36201.92,649.0,david.martinez818@yahoo.com
CUST104377,William,Van der Merwe,1955-08-28,2022-02-17,Cape Town,Teacher,16618.84,560.0,william.van der merwe642@gmail.com
CUST104378,JENNIFER,Silva,1965-06-20,2025-06-26,Durban,Entrepreneur,34193.92,734.0,jennifer.silva210@webmail.co.za
CUST104379,Fatima,Khan,1955-07-01,2020-09-08,cape town  ,Sales Rep,37142.88,690.0,fatima.khan864@yahoo.com
CUST104380,Carlos,Smith,1973-05-02,2021-05-31,Pretoria,Driver,48030.83,838.0,carlos.smith725@gmail.com
CUST104381,Patricia,Ndlovu,1970-07-21,2019-11-25,East London,Artisan,31291.71,725.0,patricia.ndlovu697@yahoo.com
CUST104382,BARBARA,Khan,1974-12-19,2023-03-13,Durban,Retired,52846.18,614.0,barbara.khan75@webmail.co.za
CUST104383,Sipho,Garcia,2001-08-09,2016-03-01,Bloemfontein,Civil Servant,61800.47,676.0,sipho.garcia239@webmail.co.za
CUST104384,RICHARD,Martinez,1974-03-06,2015-07-25,Kimberley,Teacher,31411.49,688.0,richard.martinez43@yahoo.com
CUST104385,CHIDI,Patel,1976-05-23,2022-06-05,Durban,Student,32568.99,755.0,chidi.patel236@yahoo.com
CUST104386,William,Silva,1999-02-01,2021-03-12,Nelspruit,Driver,19254.8,769.0,william.silva8@yahoo.com
CUST104387,Mary,Van der Merwe,1994-11-18,2019-09-20,Pretoria,Technician,14874.82,635.0,mary.van der merwe89@webmail.co.za
CUST104388,David,Martinez,1959-08-16,2018-11-13,East London,Sales Rep,58060.72,541.0,
CUST104389,Zanele,Rodriguez,1945-10-15,2015-08-08,Cape Town  ,,38694.25,483.0,zanele.rodriguez616@outlook.com
CUST104390,Jennifer,Rodriguez,1983-05-26,2022-11-18,Durban,Manager,40623.31,547.0,jennifer.rodriguez541@yahoo.com
CUST104391,RAJ,Chen,1996-07-14,2019-11-18,Nelspruit,Driver,18874.63,597.0,raj.chen403@outlook.com
CUST104392,James,Martinez,1978-09-21,2020-02-27,Bloemfontein,,71278.71,785.0,james.martinez100@yahoo.com
CUST104393,Robert,Rodriguez,1957-11-18,2025-05-07,Bloemfontein,Student,,787.0,
CUST104394,Thabo,Brown,1990-03-22,2023-07-17,Bloemfontein,Entrepreneur,16628.87,736.0,thabo.brown576@webmail.co.za
CUST104395,Thabo,Ndlovu,1985-11-03,2017-07-17,Durban  ,Engineer,19068.55,761.0,thabo.ndlovu938@gmail.com
CUST104396,Elizabeth,Garcia,1979-06-20,2022-08-11,Kimberley,Consultant,69058.89,586.0,elizabeth.garcia479@yahoo.com
CUST104397,William,Dlamini,1997-08-30,2016-07-13,Pretoria,Teacher,13813.08,514.0,william.dlamini88@gmail.com
CUST104398,Robert,Botha,1992-11-02,2017-03-31,Johannesburg,Artisan,17142.68,559.0,robert.botha628@webmail.co.za
CUST104399,Lerato,Silva,1985-09-29,2023-04-09,Kimberley,Artisan,153139.66,467.0,lerato.silva293@outlook.com
CUST104400,Richard,Ndlovu,1985-07-20,2016-06-16,Johannesburg,Entrepreneur,47316.89,550.0,richard.ndlovu311@webmail.co.za
CUST104401,Patricia,Nkosi,1985-05-24,2018-03-31,Nelspruit,Nurse,17329.52,604.0,patricia.nkosi987@webmail.co.za
CUST104402,Richard,Nkosi,1977-01-13,2025-05-26,Durban,Retired,14060.6,665.0,richard.nkosi727@yahoo.com
CUST104403,Fatima,Martinez,1973-04-19,2023-07-21,johannesburg  ,Student,9861.38,662.0,fatima.martinez913@yahoo.com
CUST104404,William,Khan,1988-04-14,2025-10-06,Durban,Artisan,,588.0,william.khan301@webmail.co.za
CUST104405,Ahmed,Davis,1982-03-29,2025-03-19,East London,Artisan,41639.82,701.0,ahmed.davis530@gmail.com
CUST104406,William,Botha,1974-11-21,2018-08-15,Bloemfontein,Consultant,66921.72,590.0,william.botha20@gmail.com
CUST104407,Jennifer,Rodriguez,1952-09-22,2022-04-28,Cape Town,Engineer,8635.27,651.0,jennifer.rodriguez160@gmail.com
CUST104408,William,Garcia,1987-10-26,2019-05-21,Pretoria,,12146.19,550.0,william.garcia345@gmail.com
CUST104409,David,Williams,1984-05-28,2023-01-27,,Manager,25041.0,748.0,david.williams902@outlook.com
CUST104410,Patricia,Van der Merwe,1965-11-16,2019-01-13,East London,Teacher,143286.59,652.0,patricia.van der merwe971@gmail.com
CUST104411,Sipho,Miller,1966-09-26,2015-01-06,Nelspruit,Artisan,45777.2,711.0,sipho.miller533@gmail.com
CUST104412,DAVID,Silva,1960-01-19,2016-02-02,Durban,,33647.02,541.0,david.silva708@gmail.com
CUST104413,Amara,Johnson,2003-09-04,2023-12-06,Nelspruit,Student,12900.82,666.0,amara.johnson290@gmail.com
CUST104414,Jessica,Dlamini,1997-06-21,2015-12-22,Port Elizabeth,Accountant,7540.24,702.0,jessica.dlamini480@yahoo.com
CUST104415,Joseph,Martinez,1979-03-23,2021-12-10,Johannesburg,Entrepreneur,27537.66,,joseph.martinez540@gmail.com
CUST104416,Jessica,Martinez,1969-07-02,2024-12-07,Pretoria,Entrepreneur,25346.05,755.0,jessica.martinez508@gmail.com
CUST104417,Jennifer,Brown,1989-12-11,2023-08-01,Nelspruit,Driver,22909.7,538.0,jennifer.brown42@gmail.com
CUST104418,Amara,Johnson,1977-03-11,2019-10-15,Nelspruit,Technician,21412.71,669.0,amara.johnson267@outlook.com
CUST104419,Patricia,Davis,2004-07-10,2017-06-01,Polokwane,Entrepreneur,17171.18,811.0,patricia.davis330@webmail.co.za
CUST104420,CHIDI,Ndlovu,1948-05-13,2025-09-07,Pretoria,Nurse,14964.18,736.0,chidi.ndlovu677@webmail.co.za
CUST104421,SOFIA,Silva,1947-02-03,2021-07-23,Polokwane,Manager,61926.57,516.0,sofia.silva583@gmail.com
CUST104422,Wei,Ndlovu,1979-09-08,2019-09-11,Polokwane,Sales Rep,15805.02,634.0,wei.ndlovu662@yahoo.com
CUST104423,Joseph,Garcia,1957-05-26,2025-11-28,Polokwane,Engineer,22795.33,761.0,joseph.garcia591@outlook.com
CUST104424,DAVID,Garcia,1981-11-11,2017-06-28,Bloemfontein,Nurse,26279.73,576.0,david.garcia73@gmail.com
CUST104425,Priya,Mokoena,1992-08-31,2020-02-14,Bloemfontein,Artisan,41100.2,618.0,priya.mokoena250@yahoo.com
CUST104426,WILLIAM,Martinez,1953-06-04,2016-04-04,Kimberley,Accountant,16137.51,615.0,william.martinez478@yahoo.com
CUST104427,Jessica,Botha,1971-11-17,2016-06-12,Kimberley,Accountant,48379.95,701.0,jessica.botha900@gmail.com
CUST104428,Wei,Martinez,1987-01-03,2019-08-14,Bloemfontein,Driver,19000.11,512.0,wei.martinez544@webmail.co.za
CUST104429,FATIMA,Khumalo,1995-11-12,2023-02-07,Durban,Teacher,24412.77,706.0,fatima.khumalo769@webmail.co.za
CUST104430,FATIMA,Johnson,1975-04-12,2018-12-04,Port Elizabeth,Artisan,,594.0,fatima.johnson136@yahoo.com
CUST104431,Robert,Jones,1957-07-29,2022-12-26,Bloemfontein  ,Accountant,15039.92,,robert.jones173@yahoo.com
CUST104432,Ahmed,Van der Merwe,1980-09-25,2024-04-28,East London,Artisan,41462.42,630.0,ahmed.van der merwe913@yahoo.com
CUST104433,Patricia,Davis,1972-09-22,2025-03-01,Pretoria,Entrepreneur,49156.61,704.0,patricia.davis364@yahoo.com
CUST104434,Sipho,Martinez,1992-02-01,2015-07-09,Johannesburg,Technician,32400.81,648.0,sipho.martinez166@outlook.com
CUST104435,Fatima,Khumalo,1978-11-21,2023-12-17,Nelspruit,Civil Servant,25071.36,780.0,fatima.khumalo664@webmail.co.za
CUST104436,Kagiso,Johnson,1962-01-17,2016-09-14,Kimberley,Nurse,96319.15,739.0,kagiso.johnson350@yahoo.com
CUST104437,Carlos,Dlamini,1991-01-07,2023-02-01,Johannesburg,,26680.62,578.0,carlos.dlamini474@gmail.com
CUST104438,Barbara,Davis,1976-07-31,2019-04-22,Pretoria,Driver,30407.56,773.0,barbara.davis22@webmail.co.za
CUST104439,DAVID,Brown,1955-10-31,2023-03-13,Port Elizabeth,Driver,21984.3,679.0,david.brown859@gmail.com
CUST104440,David,Martinez,1979-05-07,2017-06-23,Polokwane,,29455.89,665.0,david.martinez626@outlook.com
CUST104441,Barbara,Martinez,2002-11-05,2022-06-21,polokwane,Sales Rep,47976.7,726.0,barbara.martinez739@outlook.com
CUST104442,LERATO,Jones,1988-01-14,2016-06-14,Pretoria,Retired,22806.86,556.0,lerato.jones890@yahoo.com
CUST104443,Joseph,Dlamini,1963-03-25,2016-12-19,Pretoria,Entrepreneur,7592.24,526.0,joseph.dlamini74@outlook.com
CUST104444,Chidi,Khan,1988-05-12,2022-02-12,Port Elizabeth,,36612.39,652.0,chidi.khan790@gmail.com
CUST104445,SUSAN,Garcia,1962-03-29,2018-11-25,Durban,Driver,14086.88,595.0,susan.garcia902@gmail.com
CUST104446,Elizabeth,Nkosi,1978-02-07,2023-02-24,Port Elizabeth,,41987.44,837.0,elizabeth.nkosi377@outlook.com
CUST104447,Michael,Mokoena,1977-02-14,2022-12-08,Durban,Manager,26881.81,581.0,michael.mokoena352@outlook.com
CUST104448,Naledi,Silva,1960-02-03,2022-03-14,Johannesburg,Sales Rep,47375.74,654.0,naledi.silva38@yahoo.com
CUST104449,Ahmed,Johnson,1966-03-22,2023-06-18,Polokwane,Accountant,15229.56,667.0,ahmed.johnson781@outlook.com
CUST104450,Priya,Khan,2002-06-21,2024-03-12,Polokwane  ,Civil Servant,19513.61,761.0,priya.khan436@gmail.com
CUST104451,William,Davis,1960-04-15,2025-07-22,Durban,Consultant,21938.06,560.0,william.davis532@webmail.co.za
CUST104452,Jessica,Patel,1993-11-11,2015-12-07,Port Elizabeth,Retired,11054.92,505.0,jessica.patel450@outlook.com
CUST104453,AMARA,Silva,1985-09-16,2021-08-14,port elizabeth,Artisan,52409.97,775.0,amara.silva314@outlook.com
CUST104454,Zanele,Garcia,1977-06-28,2023-09-03,Johannesburg,Manager,10145.1,657.0,zanele.garcia754@yahoo.com
CUST104455,Robert,Garcia,1953-05-22,2017-07-06,Bloemfontein,Driver,51968.25,723.0,robert.garcia98@yahoo.com
CUST104456,Sipho,Johnson,1957-06-24,2018-01-20,Port Elizabeth,,34705.0,727.0,sipho.johnson766@outlook.com
CUST104457,Mary,Mokoena,1955-12-02,2018-02-03,Kimberley,Engineer,23877.21,743.0,mary.mokoena457@yahoo.com
CUST104458,Patricia,Silva,1980-10-17,2021-08-17,Pretoria,Driver,33092.76,616.0,patricia.silva764@outlook.com
CUST104459,Kagiso,Martinez,2004-05-17,2019-03-29,Polokwane,Retired,32553.49,,kagiso.martinez143@yahoo.com
CUST104460,PATRICIA,Brown,1998-07-06,2022-09-18,Pretoria,Consultant,21157.36,470.0,patricia.brown794@gmail.com
CUST104461,David,Miller,1946-07-17,2022-01-25,Cape Town,Artisan,32173.23,560.0,david.miller973@gmail.com
CUST104462,Sipho,Rodriguez,1961-09-12,2022-08-11,Pretoria  ,Engineer,41718.92,,sipho.rodriguez486@webmail.co.za
CUST104463,KAGISO,Pretorius,1954-08-05,2017-12-03,Nelspruit  ,Accountant,15263.05,587.0,kagiso.pretorius374@gmail.com
CUST104464,JOSEPH,Williams,2004-07-07,2023-11-20,Durban  ,Consultant,33114.18,547.0,joseph.williams31@yahoo.com
CUST104465,Patricia,Davis,1959-05-17,2022-09-09,Nelspruit,Driver,5564.74,655.0,patricia.davis269@outlook.com
CUST104466,Mei,Chen,1957-04-13,2016-07-06,East London,Technician,,771.0,mei.chen664@gmail.com
CUST104467,Carlos,Garcia,1982-11-15,2017-04-26,Polokwane,,37749.07,645.0,carlos.garcia754@webmail.co.za
CUST104468,Ahmed,Botha,1978-12-05,2018-06-27,Polokwane,Artisan,20937.61,548.0,ahmed.botha126@yahoo.com
CUST104469,Chidi,Pretorius,1958-10-11,2025-11-03,Bloemfontein,Artisan,,765.0,chidi.pretorius736@webmail.co.za
CUST104470,Richard,Rodriguez,1985-11-22,2018-10-12,East London,Nurse,26060.73,580.0,richard.rodriguez573@yahoo.com
CUST104471,Ahmed,Khan,1950-12-02,2015-03-26,Johannesburg  ,Consultant,21214.26,783.0,ahmed.khan690@outlook.com
CUST104472,Jessica,Khan,1946-03-08,2016-08-22,East London,,14866.05,626.0,jessica.khan172@yahoo.com
CUST104473,John,Chen,1950-01-11,2015-05-17,Polokwane,Artisan,10062.5,659.0,john.chen848@webmail.co.za
CUST104474,Priya,Jones,1967-04-04,2019-09-01,Cape Town,Retired,,790.0,priya.jones176@gmail.com
CUST104475,David,Johnson,2004-06-22,2024-03-25,Bloemfontein,,41909.82,528.0,david.johnson726@yahoo.com
CUST104476,CARLOS,Davis,1978-05-20,2020-03-20,Bloemfontein,Civil Servant,20879.02,555.0,carlos.davis790@gmail.com
CUST104477,Barbara,Williams,1991-01-14,2024-09-18,Pretoria,Manager,48133.3,621.0,barbara.williams606@webmail.co.za
CUST104478,Priya,Miller,1964-08-11,2015-07-21,Johannesburg,Driver,20752.25,637.0,priya.miller459@yahoo.com
CUST104479,Naledi,Chen,1988-11-17,2020-06-09,Johannesburg,Driver,33288.99,888.0,naledi.chen271@outlook.com
CUST104480,Joseph,Khumalo,2003-12-08,2024-02-12,Durban,Retired,24953.2,570.0,joseph.khumalo331@yahoo.com
CUST104481,Elizabeth,Jones,1966-10-28,2022-10-25,Durban,Manager,27630.29,533.0,elizabeth.jones858@webmail.co.za
CUST104482,RAJ,Smith,2005-12-10,2024-11-16,Durban,Entrepreneur,28447.69,566.0,raj.smith39@gmail.com
CUST104483,Mary,Jones,1983-12-11,2018-03-04,East London,Entrepreneur,20590.31,671.0,mary.jones537@webmail.co.za
CUST104484,Jessica,Ndlovu,1990-08-30,2020-10-19,Port Elizabeth,Artisan,12864.5,694.0,jessica.ndlovu471@outlook.com
CUST104485,Barbara,Silva,1960-05-20,2022-11-03,Cape Town,Teacher,42602.96,586.0,barbara.silva849@yahoo.com
CUST104486,Naledi,Rodriguez,1984-03-24,2016-12-13,Johannesburg,Student,69991.43,652.0,
CUST104487,William,Miller,1976-03-03,2024-06-12,East London,Accountant,72804.22,825.0,william.miller34@webmail.co.za
CUST104488,Lerato,Khumalo,2003-05-04,2018-08-10,Kimberley,Consultant,19303.43,653.0,lerato.khumalo335@gmail.com
CUST104489,Richard,Johnson,2000-03-08,2016-01-30,Nelspruit,Accountant,17328.32,679.0,richard.johnson74@yahoo.com
CUST104490,Michael,Jones,1969-03-13,2023-11-13,Polokwane,Engineer,19291.71,820.0,michael.jones584@gmail.com
CUST104491,Michael,Smith,2002-10-04,2023-03-02,Pretoria,Artisan,24209.43,587.0,michael.smith419@yahoo.com
CUST104492,Amara,Dlamini,1998-12-21,2025-03-26,Polokwane,Sales Rep,26069.55,581.0,amara.dlamini57@outlook.com
CUST104493,William,Martinez,1981-01-05,2025-05-01,Johannesburg,Artisan,14783.14,608.0,william.martinez230@gmail.com
CUST104494,Elizabeth,Khumalo,1950-01-04,2018-03-24,Cape Town,Technician,11071.82,602.0,elizabeth.khumalo134@yahoo.com
CUST104495,Kagiso,Mokoena,1954-10-23,2022-06-05,Cape Town,Manager,27721.55,486.0,kagiso.mokoena708@yahoo.com
CUST104496,David,Rodriguez,1949-09-09,2026-07-28,Cape Town,Engineer,3234.9,662.0,david.rodriguez765@yahoo.com
CUST104497,Richard,Botha,1951-08-03,2017-10-28,Pretoria,Driver,25326.48,670.0,richard.botha187@webmail.co.za
CUST104498,Linda,Pretorius,2004-08-04,2020-06-23,johannesburg,Civil Servant,3052492.0,633.0,linda.pretorius773@webmail.co.za
CUST104499,Barbara,Williams,1957-12-10,2025-07-17,Nelspruit,Retired,42962.92,672.0,barbara.williams557@outlook.com
CUST104500,Amara,Pretorius,1987-02-21,2016-03-12,polokwane,Sales Rep,50442.07,673.0,amara.pretorius848@yahoo.com
CUST104501,Naledi,Jones,1983-10-30,2025-10-01,East London,Engineer,51161.75,532.0,naledi.jones626@gmail.com
CUST104502,Sofia,Garcia,1983-07-02,2020-08-26,Cape Town,,21853.84,676.0,sofia.garcia80@yahoo.com
CUST104503,Wei,Dlamini,1957-08-11,2025-05-05,Nelspruit,Retired,13614.81,700.0,wei.dlamini703@webmail.co.za
CUST104504,James,Smith,1980-05-04,2022-03-13,Johannesburg,Engineer,16502.13,506.0,james.smith165@webmail.co.za
CUST104505,Richard,Rodriguez,1983-02-27,2022-10-11,Kimberley,Accountant,31970.42,782.0,richard.rodriguez606@outlook.com
CUST104506,Elizabeth,Jones,1979-10-18,2023-12-14,,Nurse,10021.43,539.0,elizabeth.jones612@outlook.com
CUST104507,SIPHO,Ndlovu,1956-05-10,2015-10-11,Durban,,,548.0,sipho.ndlovu362@gmail.com
CUST104508,William,Silva,1989-02-08,2022-04-09,Cape Town,,22062.22,668.0,william.silva598@outlook.com
CUST104509,Carlos,Pretorius,1949-06-20,2025-09-13,,Sales Rep,36319.29,698.0,carlos.pretorius99@outlook.com
CUST104510,Elizabeth,Jones,1981-01-23,2026-01-27,Nelspruit,Nurse,9238.59,720.0,elizabeth.jones769@gmail.com
CUST104511,Thabo,Dlamini,1971-08-12,2026-03-19,port elizabeth,Artisan,15435.28,700.0,thabo.dlamini542@yahoo.com
CUST104512,Patricia,Ndlovu,1960-04-08,2022-06-24,,Driver,8574.88,603.0,patricia.ndlovu653@outlook.com
CUST104513,Fatima,Martinez,1994-04-01,2022-05-02,Port Elizabeth,Teacher,49648.02,660.0,fatima.martinez374@yahoo.com
CUST104514,Fatima,Mokoena,1955-09-24,2021-05-25,Port Elizabeth  ,Accountant,24437.57,621.0,fatima.mokoena40@gmail.com
CUST104515,Mei,Nkosi,2001-11-28,2022-01-13,Pretoria,Accountant,37902.9,666.0,mei.nkosi758@yahoo.com
CUST104516,BARBARA,Rodriguez,1998-12-16,2022-02-02,Kimberley,Engineer,27946.53,656.0,barbara.rodriguez877@webmail.co.za
CUST104517,MARY,Johnson,1966-12-30,2015-06-29,Pretoria,Student,35635.05,605.0,mary.johnson396@outlook.com
CUST104518,Amara,Pretorius,1963-08-13,2016-01-11,Durban,Manager,4394446.0,619.0,amara.pretorius58@outlook.com
CUST104519,Susan,Pretorius,1953-05-22,2022-03-05,East London,Consultant,23810.28,483.0,susan.pretorius74@outlook.com
CUST104520,Sofia,Davis,2000-11-22,2018-08-22,East London,,25462.46,,sofia.davis565@yahoo.com
CUST104521,AMARA,Dlamini,1983-04-12,2018-06-29,East London,Retired,34316.41,677.0,amara.dlamini654@outlook.com
CUST104522,Naledi,Van der Merwe,1946-12-10,2017-03-29,,Retired,34866.13,442.0,naledi.van der merwe285@gmail.com
CUST104523,Sofia,Dlamini,1976-03-03,2024-04-11,Pretoria,Consultant,145344.51,721.0,sofia.dlamini966@webmail.co.za
CUST104524,Mei,Ndlovu,1950-03-27,2026-03-03,Durban,Entrepreneur,73788.73,645.0,mei.ndlovu287@outlook.com
CUST104525,Joseph,Pretorius,1979-12-31,2022-04-09,Cape Town,Consultant,9253.39,566.0,joseph.pretorius40@outlook.com
CUST104526,James,Van der Merwe,1976-01-18,2025-12-13,Cape Town,Engineer,24689.58,558.0,james.van der merwe19@webmail.co.za
CUST104527,Robert,Dlamini,1950-01-20,2025-03-27,Bloemfontein,Entrepreneur,21088.06,588.0,robert.dlamini38@gmail.com
CUST104528,Joseph,Brown,1994-10-07,2017-07-10,Port Elizabeth,Retired,,566.0,joseph.brown326@gmail.com
CUST104529,Naledi,Martinez,1961-01-01,2016-10-11,Polokwane  ,Sales Rep,22260.1,578.0,naledi.martinez45@webmail.co.za
CUST104530,James,Chen,1978-01-11,2017-06-14,Nelspruit,Manager,35545.66,,james.chen760@yahoo.com
CUST104531,John,Garcia,1983-12-25,2016-02-11,Bloemfontein,Civil Servant,6619.42,683.0,john.garcia697@yahoo.com
CUST104532,Amara,Dlamini,2003-09-13,2021-10-01,Cape Town,Sales Rep,10849.12,833.0,amara.dlamini215@outlook.com
CUST104533,WEI,Chen,1975-02-14,2018-04-10,Johannesburg,Manager,94407.51,670.0,wei.chen525@gmail.com
CUST104534,James,Johnson,2000-12-14,2025-07-28,Durban,Student,27726.58,702.0,james.johnson698@yahoo.com
CUST104535,Thabo,Khumalo,1966-08-24,2022-02-07,Durban,Driver,14778.43,571.0,thabo.khumalo73@gmail.com
CUST104536,Robert,Khan,1997-04-20,2019-03-02,Johannesburg,Sales Rep,31123.63,635.0,robert.khan319@gmail.com
CUST104537,Chidi,Jones,1959-05-21,2026-05-28,Polokwane,Retired,14302.14,643.0,chidi.jones727@gmail.com
CUST104538,Raj,Khumalo,1988-02-26,2026-01-15,Pretoria  ,Accountant,22696.72,706.0,raj.khumalo157@gmail.com
CUST104539,Priya,Patel,1950-05-29,2024-01-07,polokwane,Engineer,11253.44,646.0,priya.patel714@webmail.co.za
CUST104540,ZANELE,Smith,2005-02-23,2024-03-02,Durban,Manager,16760.28,682.0,zanele.smith812@yahoo.com
CUST104541,KAGISO,Chen,2003-03-10,2026-04-26,Johannesburg,Nurse,20956.37,678.0,kagiso.chen682@yahoo.com
CUST104542,Fatima,Garcia,1971-12-23,2021-12-14,Cape Town,Manager,52702.57,623.0,fatima.garcia592@outlook.com
CUST104543,Zanele,Rodriguez,1976-12-16,2025-03-11,Port Elizabeth,Teacher,35540.48,613.0,zanele.rodriguez613@yahoo.com
CUST104544,Joseph,Chen,1981-06-18,2015-10-02,port elizabeth,Consultant,39462.83,590.0,joseph.chen864@webmail.co.za
CUST104545,Wei,Smith,1961-10-11,2021-06-01,Port Elizabeth,Technician,,747.0,wei.smith932@webmail.co.za
CUST104546,Sipho,Smith,1986-02-21,2020-10-26,Kimberley,Driver,44077.71,623.0,sipho.smith686@webmail.co.za
CUST104547,Raj,Martinez,1987-08-12,2015-06-09,East London,Artisan,15928.87,680.0,raj.martinez849@yahoo.com
CUST104548,Thabo,Pretorius,1977-01-11,2016-01-03,Polokwane  ,Nurse,17333.16,636.0,thabo.pretorius544@outlook.com
CUST104549,Priya,Smith,1954-01-05,2015-04-03,Cape Town,Engineer,34356.78,746.0,priya.smith213@yahoo.com
CUST104550,Mary,Silva,2001-01-25,2018-05-28,Port Elizabeth,Technician,22754.35,471.0,mary.silva26@webmail.co.za
CUST104551,Mary,Johnson,1952-01-08,2015-08-15,East London  ,Nurse,26680.61,677.0,mary.johnson347@webmail.co.za
CUST104552,Patricia,Ndlovu,1983-05-19,2019-11-25,bloemfontein,Entrepreneur,24380.01,,
CUST104553,Naledi,Martinez,1951-04-16,2024-05-30,Kimberley,Driver,57072.08,685.0,naledi.martinez984@webmail.co.za
CUST104554,Amara,Ndlovu,1953-11-29,2022-02-09,Port Elizabeth,Sales Rep,58884.42,637.0,amara.ndlovu610@yahoo.com
CUST104555,Michael,Johnson,1946-04-03,2022-10-21,Pretoria,Driver,18477.34,517.0,michael.johnson298@yahoo.com
CUST104556,John,Khan,1967-03-02,2015-05-14,Kimberley,Sales Rep,9358.86,680.0,john.khan494@outlook.com
CUST104557,Priya,Miller,1984-01-06,2024-09-21,Pretoria  ,Teacher,17555.14,670.0,priya.miller690@yahoo.com
CUST104558,WEI,Khan,1976-10-24,2016-09-10,Bloemfontein,,15706.41,629.0,wei.khan616@outlook.com
CUST104559,Kagiso,Chen,1986-02-23,2018-07-04,Johannesburg,Nurse,,641.0,kagiso.chen417@outlook.com
CUST104560,JESSICA,Khumalo,1986-03-05,2020-12-26,Cape Town,,46737.33,665.0,jessica.khumalo473@gmail.com
CUST104561,Susan,Miller,1953-07-20,2025-10-08,Johannesburg,Entrepreneur,14492.05,756.0,susan.miller182@yahoo.com
CUST104562,James,Chen,1948-07-01,2026-07-24,Port Elizabeth,Sales Rep,17107.93,622.0,james.chen582@outlook.com
CUST104563,Michael,Nkosi,1983-02-23,2024-01-24,Kimberley,Student,11076.64,741.0,michael.nkosi393@yahoo.com
CUST104564,Ahmed,Pretorius,1984-11-05,2023-06-12,Johannesburg  ,Teacher,29162.16,647.0,ahmed.pretorius654@yahoo.com
CUST104565,David,Pretorius,1978-12-16,2021-02-10,Kimberley,Driver,26187.83,767.0,david.pretorius435@gmail.com
CUST104566,Amara,Jones,1959-12-29,2022-09-16,Nelspruit,Retired,43194.7,629.0,amara.jones294@gmail.com
CUST104567,Amara,Khumalo,1994-06-16,2016-09-02,,Accountant,36253.05,590.0,amara.khumalo568@yahoo.com
CUST104568,Elizabeth,Rodriguez,1949-08-14,2018-02-12,Johannesburg  ,Sales Rep,38797.91,551.0,elizabeth.rodriguez172@outlook.com
CUST104569,Michael,Nkosi,1983-07-28,2026-05-28,Kimberley,Teacher,10665.81,647.0,michael.nkosi202@webmail.co.za
CUST104570,Amara,Pretorius,1952-05-06,2026-05-06,Bloemfontein,Technician,18475.57,579.0,amara.pretorius112@gmail.com
CUST104571,Robert,Botha,1984-12-02,2018-09-28,Cape Town,Manager,47540.55,776.0,robert.botha124@webmail.co.za
CUST104572,Jessica,Brown,1970-06-25,2017-10-16,Kimberley,Entrepreneur,,572.0,jessica.brown180@yahoo.com
CUST104573,Ahmed,Davis,1988-10-20,2017-08-28,Bloemfontein,Manager,10132.07,588.0,ahmed.davis537@webmail.co.za
CUST104574,Amara,Patel,1948-03-08,2020-08-12,East London,Entrepreneur,43686.47,702.0,amara.patel783@yahoo.com
CUST104575,Wei,Khan,1978-11-10,2017-08-04,East London,Civil Servant,19027.51,757.0,wei.khan106@outlook.com
CUST104576,ROBERT,Davis,1953-11-02,2022-07-06,Durban,Entrepreneur,50898.17,716.0,robert.davis777@outlook.com
CUST104577,Michael,Brown,1986-08-16,2015-11-13,pretoria,Retired,26607.57,745.0,michael.brown921@webmail.co.za
CUST104578,William,Brown,1952-04-26,2016-03-14,Cape Town  ,,22780.69,643.0,william.brown992@webmail.co.za
CUST104579,ELIZABETH,Patel,1949-06-28,2018-03-17,Bloemfontein,Technician,60956.42,644.0,elizabeth.patel560@webmail.co.za
CUST104580,Michael,Martinez,1988-07-01,2024-01-02,,Teacher,12312.95,831.0,michael.martinez508@yahoo.com
CUST104581,Sofia,Ndlovu,1948-11-16,2018-09-29,East London,Nurse,63610.43,802.0,sofia.ndlovu331@outlook.com
CUST104582,Jennifer,Silva,1958-09-12,2020-06-14,East London,Manager,18331.69,714.0,jennifer.silva328@outlook.com
CUST104583,AMARA,Smith,1995-04-23,2022-08-09,Cape Town,Artisan,29656.06,750.0,amara.smith749@outlook.com
CUST104584,Sipho,Khan,1994-05-23,2024-02-18,Bloemfontein,Engineer,29824.7,727.0,sipho.khan645@webmail.co.za
CUST104585,Zanele,Miller,1997-02-06,2018-07-23,Kimberley,,20821.22,541.0,zanele.miller335@webmail.co.za
CUST104586,Michael,Pretorius,1964-11-22,2023-06-20,Johannesburg,,17030.01,646.0,michael.pretorius580@yahoo.com
CUST104587,Elizabeth,Nkosi,1977-03-18,2018-04-25,Durban,Teacher,21549.47,785.0,elizabeth.nkosi68@gmail.com
CUST104588,Zanele,Dlamini,1992-03-04,2022-06-19,Polokwane,Teacher,14636.33,715.0,zanele.dlamini231@webmail.co.za
CUST104589,Elizabeth,Miller,1953-05-10,2020-03-22,Johannesburg,Entrepreneur,87306.17,644.0,elizabeth.miller917@outlook.com
CUST104590,Amara,Garcia,1989-03-09,2025-09-24,Durban,Nurse,20157.29,786.0,amara.garcia525@outlook.com
CUST104591,Mary,Brown,1950-12-12,2026-05-17,Kimberley,Nurse,53926.02,683.0,mary.brown5@outlook.com
CUST104592,ROBERT,Nkosi,2000-09-15,2023-12-19,Johannesburg  ,Nurse,49826.58,718.0,robert.nkosi962@yahoo.com
CUST104593,Chidi,Jones,1983-11-16,2025-08-08,Port Elizabeth,Student,33448.35,684.0,chidi.jones46@webmail.co.za
CUST104594,Zanele,Martinez,1975-02-03,2016-07-31,Pretoria  ,Teacher,24799.84,1200.0,zanele.martinez14@webmail.co.za
CUST104595,MARY,Ndlovu,1974-07-27,2022-07-31,pretoria,Nurse,30220.3,705.0,mary.ndlovu321@webmail.co.za
CUST104596,Ahmed,Chen,1956-01-24,2017-04-19,durban,Manager,37922.58,767.0,ahmed.chen919@gmail.com
CUST104597,James,Van der Merwe,1966-02-06,2018-03-17,Durban,Artisan,28574.82,779.0,james.van der merwe34@webmail.co.za
CUST104598,Carlos,Khumalo,1989-05-09,2021-01-20,Polokwane,,10508.61,609.0,carlos.khumalo695@yahoo.com
CUST104599,CHIDI,Khan,1977-12-30,2023-08-05,Johannesburg,Accountant,9036.37,682.0,chidi.khan164@webmail.co.za
CUST104600,Sofia,Khumalo,1977-04-15,2023-05-10,Cape Town,Accountant,66528.98,764.0,sofia.khumalo688@outlook.com
CUST104601,Carlos,Martinez,1956-11-28,2025-01-25,Durban,Consultant,5536.8,638.0,carlos.martinez863@webmail.co.za
CUST104602,David,Brown,1987-02-10,2021-06-23,Nelspruit,Sales Rep,30254.83,532.0,david.brown20@yahoo.com
CUST104603,Wei,Jones,1968-11-30,2025-09-23,Pretoria,Artisan,23365.44,568.0,wei.jones654@yahoo.com
CUST104604,Michael,Martinez,1956-02-24,2025-04-13,Johannesburg,Accountant,29628.16,,michael.martinez52@webmail.co.za
CUST104605,Jessica,Johnson,2002-07-27,2024-10-31,bloemfontein,,13575.47,609.0,jessica.johnson759@webmail.co.za
CUST104606,LINDA,Miller,1975-11-30,2017-08-28,East London  ,Civil Servant,33203.36,583.0,linda.miller922@gmail.com
CUST104607,JESSICA,Ndlovu,1977-03-18,2021-02-26,,Student,30442.95,743.0,jessica.ndlovu953@webmail.co.za
CUST104608,PRIYA,Ndlovu,2004-11-10,2023-07-12,Johannesburg,Retired,141012.96,625.0,priya.ndlovu306@outlook.com
CUST104609,Susan,Silva,1967-05-09,2026-04-21,Nelspruit,Teacher,29085.3,763.0,susan.silva104@gmail.com
CUST104610,Robert,Nkosi,2002-07-10,2015-02-19,nelspruit,Civil Servant,60411.88,548.0,robert.nkosi729@webmail.co.za
CUST104611,DAVID,Khan,1987-05-23,2018-10-15,Kimberley,Student,10946.65,618.0,david.khan91@outlook.com
CUST104612,Mei,Johnson,1983-08-14,2018-12-19,Kimberley,Artisan,49615.43,659.0,mei.johnson839@outlook.com
CUST104613,Thabo,Rodriguez,1959-04-20,2018-05-05,pretoria,Nurse,30815.22,723.0,
CUST104614,Naledi,Khan,1948-02-28,2024-06-19,Port Elizabeth,Consultant,31629.43,753.0,naledi.khan131@outlook.com
CUST104615,SUSAN,Mokoena,1971-09-15,2015-07-10,kimberley,Student,31892.98,,susan.mokoena840@webmail.co.za
CUST104616,Elizabeth,Ndlovu,1945-08-15,2019-03-01,Port Elizabeth,,74892.04,739.0,elizabeth.ndlovu346@yahoo.com
CUST104617,Zanele,Martinez,1949-05-01,2023-03-30,Nelspruit,Teacher,,499.0,zanele.martinez48@gmail.com
CUST104618,Kagiso,Rodriguez,1981-04-25,2019-09-17,East London,Engineer,16806.6,728.0,kagiso.rodriguez338@gmail.com
CUST104619,Ahmed,Khumalo,1989-03-11,2016-09-01,Kimberley,Technician,18591.08,529.0,ahmed.khumalo635@webmail.co.za
CUST104620,Zanele,Brown,1955-03-31,2022-01-27,Johannesburg,,43926.65,690.0,zanele.brown853@yahoo.com
CUST104621,Sofia,Dlamini,1989-09-06,2021-01-19,Polokwane,,35188.45,752.0,sofia.dlamini814@yahoo.com
CUST104622,Raj,Jones,2002-12-06,2026-05-16,,Student,10739.84,730.0,raj.jones542@outlook.com
CUST104623,ROBERT,Chen,1990-05-02,2023-09-02,Cape Town,,36635.94,502.0,robert.chen355@gmail.com
CUST104624,Richard,Botha,1992-11-12,2026-06-03,Polokwane,Civil Servant,14053.05,610.0,richard.botha814@yahoo.com
CUST104625,Richard,Dlamini,1987-09-29,2017-02-27,Cape Town,Artisan,34994.8,715.0,richard.dlamini217@webmail.co.za
CUST104626,JAMES,Rodriguez,1958-09-16,2023-10-27,Kimberley,Student,16591.86,712.0,
CUST104627,Jennifer,Pretorius,1967-01-06,2021-05-22,Kimberley,Teacher,22722.5,675.0,jennifer.pretorius913@webmail.co.za
CUST104628,Wei,Chen,2002-11-26,2023-04-02,Johannesburg,Teacher,19401.68,452.0,wei.chen270@gmail.com
CUST104629,Barbara,Martinez,1985-05-02,2020-05-31,Bloemfontein,Student,66926.33,758.0,barbara.martinez684@outlook.com
CUST104630,John,Smith,1993-02-16,2017-06-17,Pretoria,Entrepreneur,34238.59,774.0,john.smith748@webmail.co.za
CUST104631,ELIZABETH,Smith,2004-02-02,2015-07-13,Nelspruit,Nurse,57335.07,665.0,elizabeth.smith875@webmail.co.za
CUST104632,WILLIAM,Jones,1959-02-13,2024-09-15,Pretoria,Consultant,152837.04,671.0,william.jones242@gmail.com
CUST104633,Jennifer,Garcia,1964-08-15,2024-06-08,Polokwane,Driver,27669.42,695.0,jennifer.garcia384@webmail.co.za
CUST104634,Patricia,Patel,1984-05-01,2016-11-18,Cape Town,Teacher,66250.22,781.0,patricia.patel23@yahoo.com
CUST104635,Wei,Dlamini,1946-06-27,2022-06-22,Durban,Manager,17682.43,673.0,wei.dlamini432@webmail.co.za
CUST104636,Raj,Nkosi,1979-11-05,2023-07-18,Kimberley,,57120.99,633.0,raj.nkosi147@gmail.com
CUST104637,Jessica,Dlamini,1994-04-30,2021-06-16,Pretoria,Retired,16572.41,684.0,jessica.dlamini909@gmail.com
CUST104638,Zanele,Botha,1982-03-28,2018-09-03,Polokwane,Entrepreneur,26607.57,649.0,zanele.botha80@gmail.com
CUST104639,Fatima,Khumalo,1963-01-08,2025-03-15,Kimberley  ,,37128.0,650.0,fatima.khumalo343@gmail.com
CUST104640,RAJ,Davis,1989-03-03,2022-06-10,Kimberley,Teacher,40804.14,491.0,raj.davis813@gmail.com
CUST104641,Mary,Patel,1953-11-28,2023-05-05,Johannesburg,Civil Servant,12537.37,697.0,mary.patel139@gmail.com
CUST104642,Carlos,Martinez,1999-07-31,2022-07-21,Durban,Technician,15991.09,755.0,carlos.martinez652@outlook.com
CUST104643,Robert,Miller,1951-02-27,2023-05-10,Polokwane,Nurse,38826.96,742.0,robert.miller163@webmail.co.za
CUST104644,James,Ndlovu,1997-09-02,2016-09-05,Kimberley,Artisan,21576.72,736.0,james.ndlovu372@webmail.co.za
CUST104645,RICHARD,Chen,1975-05-14,2025-09-07,Kimberley,Engineer,11632.88,645.0,richard.chen649@yahoo.com
CUST104646,CHIDI,Rodriguez,1971-02-23,2018-04-23,Polokwane,Sales Rep,25781.54,663.0,chidi.rodriguez604@gmail.com
CUST104647,Robert,Patel,1975-07-17,2024-09-08,Cape Town,Entrepreneur,25049.7,757.0,robert.patel486@outlook.com
CUST104648,Elizabeth,Nkosi,1957-03-19,2025-05-07,Polokwane,,29916.01,728.0,elizabeth.nkosi898@gmail.com
CUST104649,William,Martinez,1972-12-01,2022-07-17,Durban,Driver,36958.27,784.0,william.martinez58@outlook.com
CUST104650,Richard,Miller,1996-10-30,2021-12-05,Nelspruit,Nurse,35574.73,589.0,richard.miller209@webmail.co.za
CUST104651,Sofia,Rodriguez,1993-11-09,2016-04-06,Bloemfontein,Consultant,16968.2,589.0,sofia.rodriguez542@yahoo.com
CUST104652,David,Van der Merwe,1954-12-12,2020-01-20,Cape Town,Nurse,21025.75,620.0,david.van der merwe308@webmail.co.za
CUST104653,Michael,Brown,1986-01-29,2022-01-31,Nelspruit,,46942.24,565.0,michael.brown258@outlook.com
CUST104654,Patricia,Nkosi,1997-04-07,2015-12-13,Kimberley,Driver,19420.59,531.0,patricia.nkosi233@outlook.com
CUST104655,Michael,Martinez,1995-01-02,2016-04-16,Bloemfontein,Nurse,21225.21,692.0,michael.martinez700@webmail.co.za
CUST104656,John,Van der Merwe,1970-12-18,2026-07-04,Nelspruit  ,Accountant,10910.04,686.0,john.van der merwe100@gmail.com
CUST104657,Sipho,Silva,1947-12-08,2018-11-06,Johannesburg,Manager,26444.19,672.0,sipho.silva631@webmail.co.za
CUST104658,Susan,Silva,2001-10-19,2019-01-19,Durban,Retired,33095.82,682.0,susan.silva103@gmail.com
CUST104659,Jessica,Botha,1969-02-23,2017-11-29,Cape Town,Civil Servant,8223.11,518.0,jessica.botha606@yahoo.com
CUST104660,RAJ,Jones,1967-01-08,2022-06-25,Durban,Retired,14155.38,607.0,raj.jones473@webmail.co.za
CUST104661,Sipho,Mokoena,1991-05-01,2020-06-24,Pretoria,Artisan,11463.96,624.0,sipho.mokoena848@yahoo.com
CUST104662,John,Williams,1961-02-07,2024-02-26,Port Elizabeth,Driver,43174.76,654.0,john.williams693@outlook.com
CUST104663,Richard,Miller,1995-12-02,2020-12-07,Pretoria,,8540.62,519.0,richard.miller913@outlook.com
CUST104664,DAVID,Smith,1949-08-22,2015-03-07,Bloemfontein,,25662.58,566.0,david.smith5@gmail.com
CUST104665,Raj,Patel,1990-03-08,2020-08-03,Durban,Artisan,41386.8,611.0,raj.patel867@gmail.com
CUST104666,Elizabeth,Mokoena,2003-11-29,2015-08-22,Pretoria  ,Retired,30112.42,745.0,elizabeth.mokoena290@yahoo.com
CUST104667,John,Khan,2005-09-27,2024-07-29,Nelspruit,Driver,,674.0,john.khan655@gmail.com
CUST104668,Chidi,Brown,2001-05-08,2016-04-25,Bloemfontein,Sales Rep,33119.62,742.0,chidi.brown648@gmail.com
CUST104669,SUSAN,Davis,1998-02-11,2017-07-06,Johannesburg,Entrepreneur,50120.43,639.0,susan.davis370@outlook.com
CUST104670,Patricia,Chen,1962-01-05,2020-04-29,Pretoria,Sales Rep,25221.02,650.0,patricia.chen126@gmail.com
CUST104671,Amara,Van der Merwe,2003-12-18,2017-04-05,Nelspruit,Retired,7020.84,695.0,amara.van der merwe475@gmail.com
CUST104672,Michael,Botha,2001-08-07,2021-03-30,Cape Town,Entrepreneur,53564.39,634.0,michael.botha246@yahoo.com
CUST104673,Priya,Johnson,1977-08-06,2020-05-02,Kimberley,,34206.08,594.0,priya.johnson171@gmail.com
CUST104674,Raj,Rodriguez,1969-07-11,2026-01-12,Durban,Driver,26374.53,516.0,raj.rodriguez924@outlook.com
CUST104675,BARBARA,Smith,1951-09-01,2016-01-09,East London,Technician,8199.08,596.0,barbara.smith411@outlook.com
CUST104676,Naledi,Van der Merwe,1981-01-10,2021-09-05,Port Elizabeth  ,,,725.0,naledi.van der merwe994@yahoo.com
CUST104677,Sipho,Williams,1987-09-25,2023-05-06,East London,Technician,15910.17,763.0,sipho.williams156@gmail.com
CUST104678,Kagiso,Van der Merwe,1969-08-23,2016-06-23,Polokwane,Retired,12967.9,580.0,kagiso.van der merwe960@outlook.com
CUST104679,Robert,Brown,1969-10-07,2022-05-16,Cape Town,Driver,24788.38,494.0,robert.brown699@webmail.co.za
CUST104680,David,Smith,1979-12-21,2025-01-03,Pretoria,Accountant,19504.88,733.0,david.smith306@webmail.co.za
CUST104681,Jennifer,Botha,1946-09-12,2024-02-14,Bloemfontein,Driver,20291.16,656.0,jennifer.botha368@yahoo.com
CUST104682,AMARA,Martinez,2003-06-06,2025-10-30,Durban  ,Retired,41930.8,529.0,amara.martinez726@webmail.co.za
CUST104683,Robert,Martinez,1962-09-07,2023-05-07,Pretoria,,31361.72,370.0,robert.martinez428@gmail.com
CUST104684,Thabo,Chen,1953-08-05,2019-07-25,Nelspruit,Teacher,19984.08,563.0,thabo.chen654@yahoo.com
CUST104685,Chidi,Miller,1945-05-03,2025-08-29,Durban,,18519.35,608.0,chidi.miller50@webmail.co.za
CUST104686,Carlos,Patel,1997-04-08,2017-08-11,cape town,Engineer,20477.56,546.0,carlos.patel335@yahoo.com
CUST104687,Elizabeth,Martinez,1997-08-27,2021-10-05,bloemfontein,Technician,23191.32,712.0,elizabeth.martinez987@webmail.co.za
CUST104688,James,Garcia,1950-10-25,2023-11-13,Johannesburg,Nurse,38193.86,577.0,james.garcia68@webmail.co.za
CUST104689,Chidi,Rodriguez,1954-04-15,2025-02-06,Johannesburg  ,,14392.52,651.0,chidi.rodriguez292@outlook.com
CUST104690,James,Smith,1972-04-27,2025-08-12,Nelspruit,Retired,64541.49,864.0,james.smith349@webmail.co.za
CUST104691,Robert,Miller,1956-04-30,2015-12-26,Durban,Manager,38210.41,661.0,robert.miller694@gmail.com
CUST104692,Sofia,Mokoena,1989-11-19,2023-05-30,Cape Town  ,Student,5204.31,640.0,sofia.mokoena136@webmail.co.za
CUST104693,Priya,Brown,1948-07-17,2017-05-13,East London,Entrepreneur,28316.77,642.0,priya.brown72@outlook.com
CUST104694,AMARA,Williams,1978-07-13,2024-01-09,port elizabeth,Accountant,50233.73,710.0,amara.williams433@gmail.com
CUST104695,Raj,Chen,1968-05-08,2023-02-11,Port Elizabeth,Artisan,33969.68,699.0,raj.chen763@outlook.com
CUST104696,Robert,Martinez,1973-05-12,2017-02-06,port elizabeth,Driver,21006.67,560.0,robert.martinez68@outlook.com
CUST104697,Robert,Brown,1970-11-29,2024-08-23,Cape Town,Student,25934.9,613.0,robert.brown414@webmail.co.za
CUST104698,Elizabeth,Khan,1954-05-06,2020-05-07,Nelspruit,Consultant,29941.24,590.0,elizabeth.khan266@gmail.com
CUST104699,James,Silva,1958-06-09,2021-04-19,Johannesburg,Student,42691.41,625.0,james.silva985@webmail.co.za
CUST104700,Ahmed,Smith,1948-12-14,2026-04-02,Port Elizabeth,Artisan,11509.67,814.0,ahmed.smith255@yahoo.com
CUST104701,Mary,Jones,1952-01-13,2022-08-09,Durban  ,Artisan,18713.29,706.0,mary.jones757@yahoo.com
CUST104702,Naledi,Rodriguez,2004-08-25,2021-10-25,East London,Teacher,71908.29,643.0,naledi.rodriguez687@gmail.com
CUST104703,Priya,Khan,1962-01-25,2015-03-12,bloemfontein  ,Entrepreneur,27440.31,762.0,priya.khan986@webmail.co.za
CUST104704,Chidi,Johnson,1963-09-24,2017-04-22,Pretoria,Nurse,67288.28,667.0,chidi.johnson336@webmail.co.za
CUST104705,Linda,Silva,1952-10-02,2015-04-23,Bloemfontein,Manager,161353.97,503.0,linda.silva174@yahoo.com
CUST104706,Jessica,Davis,1991-01-24,2018-11-10,Durban,Technician,20025.85,800.0,jessica.davis353@yahoo.com
CUST104707,NALEDI,Williams,2001-05-15,2018-12-28,Cape Town,Entrepreneur,13116.57,636.0,naledi.williams812@yahoo.com
CUST104708,Wei,Van der Merwe,1993-03-04,2021-02-21,Kimberley  ,Artisan,22941.01,447.0,wei.van der merwe7@yahoo.com
CUST104709,SUSAN,Johnson,1982-05-15,2022-12-27,East London,Nurse,52020.63,506.0,susan.johnson52@yahoo.com
CUST104710,Elizabeth,Williams,1994-08-10,2017-01-28,East London,Driver,56575.85,751.0,elizabeth.williams679@gmail.com
CUST104711,Mei,Pretorius,1969-08-28,2021-12-19,kimberley,Nurse,105154.55,507.0,mei.pretorius64@yahoo.com
CUST104712,Ahmed,Dlamini,1997-06-05,2025-08-14,Kimberley,Consultant,26315.59,771.0,ahmed.dlamini482@gmail.com
CUST104713,JESSICA,Ndlovu,1993-09-16,2017-02-21,Bloemfontein,Student,36056.19,657.0,jessica.ndlovu325@outlook.com
CUST104714,JAMES,Patel,1945-02-08,2022-08-19,Polokwane,Student,17552.26,714.0,james.patel570@webmail.co.za
CUST104715,Thabo,Mokoena,1974-10-03,2015-07-12,Bloemfontein,Retired,5977.81,627.0,thabo.mokoena105@outlook.com
CUST104716,Ahmed,Mokoena,1961-02-21,2021-02-24,Durban,Student,26270.67,697.0,ahmed.mokoena591@yahoo.com
CUST104717,Sofia,Smith,1950-04-06,2023-08-03,East London,Civil Servant,13463.63,678.0,sofia.smith614@gmail.com
CUST104718,Richard,Khumalo,1996-08-13,2015-05-24,Kimberley,Civil Servant,39577.43,647.0,richard.khumalo677@yahoo.com
CUST104719,John,Miller,1945-06-27,2018-11-12,nelspruit  ,Driver,8700.75,554.0,john.miller41@gmail.com
CUST104720,Sipho,Silva,1989-07-16,2025-03-02,Bloemfontein,Driver,17264.37,682.0,sipho.silva365@yahoo.com
CUST104721,RAJ,Dlamini,2005-04-11,2017-08-11,Kimberley,Engineer,31590.37,486.0,raj.dlamini229@outlook.com
CUST104722,Carlos,Williams,1974-05-27,2023-05-16,Cape Town,Driver,33638.19,734.0,carlos.williams264@gmail.com
CUST104723,Mary,Botha,1967-08-24,2022-02-02,johannesburg,Technician,26148.22,668.0,mary.botha223@yahoo.com
CUST104724,Elizabeth,Miller,1981-12-15,2016-11-23,Port Elizabeth,Artisan,82487.92,692.0,elizabeth.miller45@gmail.com
CUST104725,Jessica,Garcia,1994-01-31,2023-08-04,durban,Civil Servant,68987.33,414.0,jessica.garcia157@yahoo.com
CUST104726,Patricia,Pretorius,1959-08-28,2021-02-28,Kimberley,Consultant,17843.66,549.0,patricia.pretorius951@webmail.co.za
CUST104727,Ahmed,Silva,1960-04-17,2016-04-18,Cape Town,,70660.77,604.0,ahmed.silva82@gmail.com
CUST104728,Patricia,Van der Merwe,1982-01-14,2025-12-29,Bloemfontein  ,Consultant,,711.0,patricia.van der merwe104@gmail.com
CUST104729,Lerato,Chen,2002-05-01,2020-09-11,Polokwane,Entrepreneur,24975.7,565.0,lerato.chen505@webmail.co.za
CUST104730,Fatima,Pretorius,1963-03-16,2023-08-18,Cape Town,Entrepreneur,27646.15,879.0,fatima.pretorius434@yahoo.com
CUST104731,Lerato,Williams,1967-12-25,2017-07-09,Johannesburg,Technician,26096.78,626.0,lerato.williams594@yahoo.com
CUST104732,Wei,Mokoena,2005-08-04,2016-08-03,Bloemfontein,Civil Servant,18269.72,559.0,wei.mokoena808@webmail.co.za
CUST104733,William,Miller,1955-10-02,2023-08-02,Kimberley,Entrepreneur,19391.68,633.0,william.miller982@gmail.com
CUST104734,Raj,Rodriguez,1949-09-11,2022-10-21,Johannesburg,Driver,59372.92,564.0,raj.rodriguez433@outlook.com
CUST104735,Susan,Garcia,1980-12-22,2018-03-05,Johannesburg,Accountant,34976.29,543.0,susan.garcia672@outlook.com
CUST104736,Mary,Jones,1946-06-25,2023-08-23,Kimberley,Teacher,19292.78,741.0,mary.jones468@yahoo.com
CUST104737,Barbara,Martinez,1956-01-03,2020-11-06,East London,Civil Servant,15435.15,696.0,barbara.martinez752@yahoo.com
CUST104738,Barbara,Pretorius,1982-12-15,2019-01-14,Polokwane,Sales Rep,17070.96,696.0,barbara.pretorius407@yahoo.com
CUST104739,THABO,Mokoena,1985-03-25,2024-02-11,,Consultant,24384.11,765.0,thabo.mokoena124@outlook.com
CUST104740,William,Davis,1976-02-19,2022-02-21,Pretoria,Driver,46532.3,694.0,william.davis850@gmail.com
CUST104741,Joseph,Martinez,1968-05-29,2020-11-15,Port Elizabeth,Manager,16057.82,554.0,joseph.martinez402@webmail.co.za
CUST104742,SUSAN,Dlamini,1980-02-24,2023-12-15,durban,Sales Rep,46213.24,714.0,susan.dlamini150@yahoo.com
CUST104743,David,Garcia,1984-03-30,2021-04-23,Port Elizabeth,Consultant,30277.92,549.0,david.garcia960@outlook.com
CUST104744,Amara,Dlamini,1994-01-04,2025-11-14,Kimberley,Nurse,29310.62,607.0,amara.dlamini876@outlook.com
CUST104745,Elizabeth,Patel,1993-05-10,2024-06-22,Polokwane,Retired,49785.43,646.0,elizabeth.patel681@yahoo.com
CUST104746,Wei,Garcia,1985-07-21,2019-02-24,Nelspruit,Manager,44623.47,637.0,wei.garcia952@yahoo.com
CUST104747,William,Khumalo,1999-07-19,2020-05-20,port elizabeth,Accountant,11582.95,489.0,william.khumalo538@webmail.co.za
CUST104748,PRIYA,Patel,1996-02-13,2026-02-01,Polokwane,Engineer,14038.96,563.0,priya.patel548@webmail.co.za
CUST104749,Barbara,Dlamini,1953-02-16,2025-05-14,Port Elizabeth,Teacher,23442.13,648.0,barbara.dlamini776@gmail.com
CUST104750,Mary,Miller,2003-05-10,2017-03-19,East London,Driver,33309.03,595.0,mary.miller441@webmail.co.za
CUST104751,John,Khumalo,1999-05-25,2018-03-06,Polokwane,Student,61007.09,751.0,john.khumalo557@webmail.co.za
CUST104752,Mei,Silva,1964-07-29,2019-03-22,Nelspruit,Entrepreneur,27974.27,767.0,mei.silva334@outlook.com
CUST104753,Priya,Jones,1946-03-26,2025-03-10,Kimberley,,74773.42,549.0,priya.jones15@webmail.co.za
CUST104754,Michael,Khumalo,1981-11-03,2025-09-27,Cape Town,Driver,,655.0,michael.khumalo170@webmail.co.za
CUST104755,Zanele,Chen,1971-09-29,2024-04-16,Polokwane,Artisan,19486.02,792.0,zanele.chen24@gmail.com
CUST104756,Sipho,Davis,1990-09-21,2018-03-12,Polokwane,Driver,22394.94,638.0,sipho.davis391@gmail.com
CUST104757,John,Rodriguez,1976-12-31,2025-04-10,Polokwane,Nurse,16476.06,613.0,
CUST104758,Joseph,Botha,1949-09-01,2015-05-20,Johannesburg,Consultant,53940.81,727.0,joseph.botha162@webmail.co.za
CUST104759,Amara,Davis,1959-12-05,2019-11-24,Port Elizabeth  ,Artisan,5105.64,625.0,amara.davis467@outlook.com
CUST104760,Carlos,Mokoena,1998-10-31,2019-05-17,Kimberley,,19887.74,764.0,carlos.mokoena637@yahoo.com
CUST104761,Priya,Brown,1947-04-20,2021-03-14,Kimberley,Teacher,53579.64,596.0,priya.brown824@gmail.com
CUST104762,Patricia,Pretorius,1989-12-08,2021-06-29,Durban  ,Retired,22305.95,607.0,patricia.pretorius567@gmail.com
CUST104763,Linda,Mokoena,1962-10-23,2017-08-11,Port Elizabeth,Driver,51212.14,721.0,linda.mokoena450@yahoo.com
CUST104764,SUSAN,Khan,1972-08-11,2017-05-15,Nelspruit,Driver,100570.12,659.0,susan.khan598@yahoo.com
CUST104765,John,Mokoena,1977-05-23,2024-04-22,Kimberley,Engineer,28232.55,660.0,john.mokoena661@gmail.com
CUST104766,Sipho,Davis,1960-04-03,2015-11-19,Pretoria,Accountant,54250.12,478.0,sipho.davis167@gmail.com
CUST104767,James,Davis,1984-10-08,2020-09-17,Nelspruit,Technician,114861.52,618.0,james.davis480@yahoo.com
CUST104768,Patricia,Patel,1987-04-20,2017-03-21,Nelspruit,Nurse,34243.58,728.0,patricia.patel824@yahoo.com
CUST104769,Mary,Van der Merwe,1950-03-11,2018-09-13,Cape Town,Driver,26138.43,579.0,mary.van der merwe580@outlook.com
CUST104770,Elizabeth,Williams,1967-10-23,2018-03-18,Johannesburg,Technician,46234.39,713.0,elizabeth.williams615@outlook.com
CUST104771,Wei,Van der Merwe,1990-05-28,2023-03-17,Johannesburg,Teacher,54749.86,674.0,wei.van der merwe509@gmail.com
CUST104772,Jennifer,Van der Merwe,1989-01-07,2020-04-12,Cape Town,Civil Servant,26283.87,632.0,jennifer.van der merwe449@outlook.com
CUST104773,SOFIA,Williams,1978-03-22,2018-06-20,Polokwane,Driver,20124.51,,sofia.williams116@yahoo.com
CUST104774,William,Williams,1992-06-08,2024-08-17,Pretoria,Retired,75390.55,619.0,william.williams517@outlook.com
CUST104775,MARY,Patel,1951-07-27,2015-12-29,East London,Artisan,22871.14,626.0,mary.patel976@webmail.co.za
CUST104776,David,Van der Merwe,1952-03-18,2023-11-16,johannesburg,Retired,55063.22,631.0,david.van der merwe212@gmail.com
CUST104777,CHIDI,Rodriguez,1985-02-08,2017-11-16,East London,Driver,,657.0,chidi.rodriguez598@gmail.com
CUST104778,Patricia,Chen,1987-04-17,2025-08-19,Polokwane,Nurse,80513.41,719.0,patricia.chen673@outlook.com
CUST104779,Robert,Nkosi,1994-09-07,2015-01-24,,Nurse,16164.49,517.0,robert.nkosi187@outlook.com
CUST104780,Priya,Davis,1956-01-17,2021-06-12,pretoria,Accountant,16145.74,728.0,priya.davis39@yahoo.com
CUST104781,Sipho,Jones,1976-07-10,2022-03-17,Bloemfontein,Consultant,44922.4,656.0,sipho.jones386@webmail.co.za
CUST104782,David,Nkosi,1985-04-23,2021-09-07,Port Elizabeth,,13654.12,700.0,david.nkosi483@webmail.co.za
CUST104783,WEI,Miller,1958-08-24,2024-06-09,Pretoria,,28853.23,865.0,wei.miller121@outlook.com
CUST104784,Priya,Ndlovu,1976-07-13,2016-04-19,East London,,68121.32,604.0,priya.ndlovu943@yahoo.com
CUST104785,Barbara,Martinez,1983-12-11,2019-10-24,Bloemfontein,Entrepreneur,9219.73,540.0,barbara.martinez856@gmail.com
CUST104786,Naledi,Dlamini,1958-01-30,2025-01-01,Nelspruit  ,Manager,34244.58,667.0,naledi.dlamini731@yahoo.com
CUST104787,James,Garcia,1967-11-29,2025-04-17,johannesburg,Technician,55661.68,682.0,james.garcia669@webmail.co.za
CUST104788,Elizabeth,Chen,1958-03-13,2020-10-08,Durban,,26488.22,728.0,elizabeth.chen44@yahoo.com
CUST104789,Zanele,Patel,2000-01-29,2021-06-18,Bloemfontein,Student,15424.99,602.0,zanele.patel434@outlook.com
CUST104790,Michael,Jones,1959-06-12,2023-11-06,Bloemfontein,Sales Rep,,575.0,michael.jones110@outlook.com
CUST104791,Sofia,Ndlovu,1952-05-16,2024-01-11,Kimberley,Entrepreneur,16266.91,512.0,sofia.ndlovu48@gmail.com
CUST104792,Sofia,Johnson,1947-02-23,2025-04-14,east london,Nurse,28043.02,527.0,sofia.johnson143@outlook.com
CUST104793,William,Jones,1947-09-29,2024-10-09,johannesburg,Student,22787.71,613.0,william.jones567@webmail.co.za
CUST104794,Richard,Nkosi,1956-09-08,2019-10-20,Port Elizabeth,,19772.43,640.0,richard.nkosi687@webmail.co.za
CUST104795,Michael,Dlamini,1982-02-06,2022-07-11,Nelspruit,Technician,35585.32,836.0,michael.dlamini299@gmail.com
CUST104796,THABO,Mokoena,1946-01-29,2020-08-06,Nelspruit  ,Artisan,69388.01,498.0,thabo.mokoena436@yahoo.com
CUST104797,PATRICIA,Botha,1962-06-29,2016-05-13,Nelspruit,Engineer,32751.12,680.0,patricia.botha436@outlook.com
CUST104798,Richard,Patel,1948-07-19,2024-07-07,Port Elizabeth,Artisan,60246.47,585.0,richard.patel129@webmail.co.za
CUST104799,Naledi,Silva,1969-08-16,2021-12-20,Cape Town,Driver,69375.91,670.0,naledi.silva156@webmail.co.za
CUST104800,ZANELE,Patel,1947-12-19,2015-09-03,Durban,,18920.78,600.0,zanele.patel675@gmail.com
CUST104801,Zanele,Ndlovu,1982-01-22,2022-11-03,Nelspruit,Driver,31726.74,743.0,zanele.ndlovu460@yahoo.com
CUST104802,Linda,Mokoena,1986-12-29,2018-04-12,Pretoria,,20848.38,743.0,linda.mokoena487@yahoo.com
CUST104803,Mei,Miller,1989-08-11,2015-10-20,Polokwane,Manager,11055.7,640.0,mei.miller472@webmail.co.za
CUST104804,Amara,Botha,1958-09-08,2022-01-09,Johannesburg,Student,33304.79,780.0,amara.botha201@outlook.com
CUST104805,Wei,Brown,1997-12-23,2023-06-25,port elizabeth,,14309.95,718.0,wei.brown840@yahoo.com
CUST104806,JOSEPH,Botha,1987-02-08,2020-12-28,Kimberley,Manager,35975.09,775.0,joseph.botha907@yahoo.com
CUST104807,AHMED,Botha,1948-06-16,2015-01-24,Durban,Accountant,10577.38,646.0,ahmed.botha206@yahoo.com
CUST104808,Richard,Brown,1971-11-20,2021-09-06,Johannesburg,Retired,29809.9,736.0,richard.brown780@gmail.com
CUST104809,Mei,Patel,1991-10-31,2015-01-28,Durban,Consultant,10483.52,581.0,mei.patel304@gmail.com
CUST104810,Michael,Nkosi,1963-12-19,2025-09-23,Johannesburg,Sales Rep,40308.55,572.0,michael.nkosi444@yahoo.com
CUST104811,LINDA,Khumalo,1968-04-10,2018-02-04,East London  ,,21247.02,846.0,linda.khumalo816@outlook.com
CUST104812,Thabo,Davis,1983-05-28,2025-02-01,Cape Town,Technician,20052.8,552.0,thabo.davis884@yahoo.com
CUST104813,Naledi,Botha,1948-05-21,2015-02-21,Durban,Artisan,52886.47,611.0,naledi.botha531@outlook.com
CUST104814,Chidi,Dlamini,2003-12-25,2016-02-16,Bloemfontein  ,,22182.48,479.0,chidi.dlamini712@outlook.com
CUST104815,Elizabeth,Williams,1955-08-24,2020-03-24,Pretoria,Accountant,28753.41,574.0,elizabeth.williams979@gmail.com
CUST104816,PRIYA,Garcia,1946-08-18,2023-10-14,East London,Civil Servant,23880.8,561.0,priya.garcia235@webmail.co.za
CUST104817,David,Patel,1945-04-29,2025-12-01,Kimberley,,36476.94,590.0,david.patel99@gmail.com
CUST104818,Naledi,Ndlovu,1969-05-16,2021-01-13,Kimberley,Technician,50300.33,677.0,naledi.ndlovu138@gmail.com
CUST104819,FATIMA,Jones,1998-12-09,2019-02-12,Polokwane,Manager,44417.17,699.0,fatima.jones665@yahoo.com
CUST104820,Naledi,Silva,1995-01-02,2015-07-08,Kimberley,Nurse,20332.97,559.0,naledi.silva941@gmail.com
CUST104821,Lerato,Williams,2000-08-19,2021-10-05,Polokwane,Engineer,55571.63,579.0,lerato.williams456@webmail.co.za
CUST104822,Fatima,Jones,1977-07-24,2019-05-27,Johannesburg,,15524.72,748.0,fatima.jones360@webmail.co.za
CUST104823,SOFIA,Ndlovu,1972-05-16,2025-07-12,Kimberley  ,Sales Rep,17231.78,803.0,sofia.ndlovu839@webmail.co.za
CUST104824,Jessica,Smith,1968-07-15,2020-07-23,Bloemfontein  ,Student,24917.35,763.0,jessica.smith606@webmail.co.za
CUST104825,Susan,Rodriguez,1947-11-01,2023-11-12,Johannesburg,Accountant,50416.83,502.0,susan.rodriguez992@outlook.com
CUST104826,Michael,Pretorius,2000-06-24,2024-10-27,East London,Driver,13331.82,757.0,michael.pretorius61@outlook.com
CUST104827,Naledi,Pretorius,1975-04-08,2016-02-20,Durban,Entrepreneur,45930.77,,naledi.pretorius165@outlook.com
CUST104828,FATIMA,Botha,1972-10-04,2020-02-08,Bloemfontein,Artisan,26033.82,497.0,fatima.botha324@webmail.co.za
CUST104829,Jessica,Davis,1976-06-04,2025-05-08,East London,Accountant,20738.76,747.0,jessica.davis738@yahoo.com
CUST104830,Barbara,Johnson,1993-06-10,2019-12-01,Johannesburg,Engineer,51983.61,670.0,barbara.johnson962@webmail.co.za
CUST104831,Patricia,Silva,1958-09-10,2021-07-18,Port Elizabeth,Entrepreneur,16620.59,621.0,patricia.silva422@yahoo.com
CUST104832,RICHARD,Rodriguez,1988-04-20,2025-02-10,Johannesburg,Teacher,106022.4,660.0,richard.rodriguez308@gmail.com
CUST104833,Linda,Khan,1988-05-10,2017-09-10,Cape Town  ,Engineer,24197.75,690.0,linda.khan980@outlook.com
CUST104834,Sofia,Williams,1996-10-27,2025-05-12,Durban,Driver,29433.98,754.0,sofia.williams813@outlook.com
CUST104835,Thabo,Chen,1945-07-13,2019-08-07,Polokwane,,67896.72,750.0,thabo.chen611@outlook.com
CUST104836,JOHN,Khumalo,1955-05-25,2021-11-13,Port Elizabeth,Artisan,29898.33,514.0,john.khumalo984@gmail.com
CUST104837,Robert,Pretorius,1973-09-25,2018-10-19,Johannesburg,Engineer,54902.89,592.0,robert.pretorius440@gmail.com
CUST104838,Priya,Williams,1996-11-18,2021-02-07,Polokwane,Civil Servant,8334.05,658.0,priya.williams701@gmail.com
CUST104839,Fatima,Rodriguez,2003-11-14,2015-07-28,Bloemfontein,,20628.77,791.0,fatima.rodriguez762@outlook.com
CUST104840,WEI,Nkosi,1981-04-15,2015-10-04,Cape Town,Student,34133.69,405.0,wei.nkosi411@webmail.co.za
CUST104841,Patricia,Rodriguez,1957-12-10,2019-10-21,Bloemfontein,Teacher,51475.0,595.0,patricia.rodriguez948@outlook.com
CUST104842,Patricia,Chen,1956-04-05,2018-11-17,Durban,Engineer,42694.18,512.0,patricia.chen440@outlook.com
CUST104843,Michael,Brown,1984-01-03,2022-02-17,East London,Civil Servant,40361.0,527.0,michael.brown40@gmail.com
CUST104844,WEI,Khan,1957-10-25,2015-06-10,Kimberley,Entrepreneur,50849.96,739.0,wei.khan327@yahoo.com
CUST104845,Wei,Miller,1978-09-27,2016-12-10,Pretoria,Entrepreneur,35775.26,602.0,wei.miller671@outlook.com
CUST104846,Raj,Khumalo,1995-12-03,2017-06-05,Polokwane  ,Technician,7436.01,440.0,raj.khumalo54@yahoo.com
CUST104847,Patricia,Botha,1968-10-11,2020-02-07,Johannesburg,Consultant,63915.81,636.0,patricia.botha817@webmail.co.za
CUST104848,JOHN,Chen,1968-02-01,2017-11-10,Port Elizabeth,Nurse,16275.25,833.0,john.chen310@yahoo.com
CUST104849,Ahmed,Ndlovu,1947-03-17,2016-08-05,Nelspruit,Engineer,32473.35,487.0,ahmed.ndlovu605@webmail.co.za
CUST104850,Fatima,Jones,1960-07-01,2021-12-02,johannesburg,Accountant,,698.0,fatima.jones828@outlook.com
CUST104851,CHIDI,Davis,1987-08-04,2023-08-13,Kimberley,Artisan,27678.09,791.0,chidi.davis807@gmail.com
CUST104852,Patricia,Van der Merwe,1966-12-26,2022-12-08,Johannesburg,Sales Rep,13854.64,,patricia.van der merwe421@yahoo.com
CUST104853,Robert,Jones,1954-08-28,2018-03-14,Port Elizabeth,Artisan,8406.7,824.0,robert.jones629@outlook.com
CUST104854,MARY,Chen,1951-06-15,2024-11-23,Cape Town,Sales Rep,14743.72,591.0,mary.chen447@yahoo.com
CUST104855,Amara,Ndlovu,1950-10-19,2022-02-01,johannesburg  ,Consultant,44167.44,780.0,amara.ndlovu899@webmail.co.za
CUST104856,Priya,Davis,1985-03-16,2022-02-13,Pretoria,,11294.0,759.0,priya.davis458@outlook.com
CUST104857,Kagiso,Patel,1982-05-15,2017-06-19,Bloemfontein,Artisan,15864.38,647.0,kagiso.patel303@gmail.com
CUST104858,William,Davis,1976-08-18,2017-10-21,Polokwane,,34572.99,516.0,william.davis22@gmail.com
CUST104859,Wei,Miller,1975-07-09,2020-07-01,Pretoria  ,,14523.82,560.0,wei.miller863@gmail.com
CUST104860,MARY,Dlamini,1954-05-05,2017-10-02,Port Elizabeth,Artisan,19422.18,439.0,mary.dlamini764@gmail.com
CUST104861,Raj,Khan,1975-07-15,2022-12-20,Cape Town,,28256.9,703.0,raj.khan230@yahoo.com
CUST104862,Ahmed,Botha,1948-08-28,2018-07-29,Polokwane  ,Accountant,31875.27,693.0,ahmed.botha215@gmail.com
CUST104863,Amara,Mokoena,2001-06-23,2016-10-04,Cape Town,Technician,14352.28,657.0,amara.mokoena987@yahoo.com
CUST104864,AHMED,Chen,1948-07-16,2016-10-03,Nelspruit,Teacher,29277.24,,ahmed.chen423@outlook.com
CUST104865,Sipho,Silva,1970-11-01,2016-06-22,Cape Town,Teacher,34177.16,772.0,sipho.silva913@yahoo.com
CUST104866,Joseph,Garcia,1945-01-13,2020-02-04,East London,Teacher,12532.49,677.0,joseph.garcia453@yahoo.com
CUST104867,David,Garcia,1992-12-14,2015-01-13,Pretoria,Nurse,30604.61,,david.garcia261@gmail.com
CUST104868,Fatima,Ndlovu,1955-02-20,2021-04-13,Kimberley,Sales Rep,17501.64,663.0,fatima.ndlovu920@webmail.co.za
CUST104869,AMARA,Mokoena,2001-06-02,2018-06-15,Durban,Student,28979.65,834.0,amara.mokoena678@yahoo.com
CUST104870,Michael,Chen,1947-09-07,2021-05-25,kimberley,,41516.55,706.0,michael.chen660@gmail.com
CUST104871,Carlos,Brown,1995-01-25,2025-10-31,Nelspruit,,24203.31,615.0,carlos.brown118@outlook.com
CUST104872,Mary,Silva,1985-01-20,2025-01-24,Port Elizabeth,Nurse,46539.15,646.0,mary.silva229@outlook.com
CUST104873,Sipho,Rodriguez,1960-03-26,2021-09-04,Port Elizabeth,Sales Rep,43238.58,692.0,sipho.rodriguez278@webmail.co.za
CUST104874,Michael,Botha,1957-05-07,2019-11-04,Pretoria  ,Sales Rep,46383.45,612.0,michael.botha611@webmail.co.za
CUST104875,Lerato,Patel,1966-10-26,2023-02-02,Port Elizabeth,Teacher,34264.53,604.0,lerato.patel952@yahoo.com
CUST104876,Susan,Nkosi,1995-07-13,2025-09-09,Port Elizabeth,Engineer,52076.03,649.0,susan.nkosi865@yahoo.com
CUST104877,Susan,Mokoena,1997-07-30,2020-09-01,Cape Town,,33896.17,787.0,susan.mokoena962@yahoo.com
CUST104878,Lerato,Dlamini,1955-09-11,2016-02-25,Pretoria,Entrepreneur,9893.6,721.0,lerato.dlamini843@outlook.com
CUST104879,Wei,Jones,1966-07-24,2023-11-15,nelspruit,Manager,16726.63,613.0,wei.jones634@outlook.com
CUST104880,Richard,Rodriguez,1959-06-28,2015-02-14,Kimberley,Manager,23700.37,728.0,richard.rodriguez674@webmail.co.za
CUST104881,Sofia,Van der Merwe,1952-06-25,2023-11-09,,,25531.45,651.0,sofia.van der merwe253@yahoo.com
CUST104882,Jessica,Rodriguez,1984-06-07,2015-12-26,Polokwane,Manager,33344.34,681.0,jessica.rodriguez7@webmail.co.za
CUST104883,Jennifer,Johnson,1966-02-05,2016-03-26,Durban,Student,16577.95,673.0,jennifer.johnson606@webmail.co.za
CUST104884,James,Garcia,1958-10-01,2024-01-20,East London,,89789.67,460.0,james.garcia628@gmail.com
CUST104885,Michael,Mokoena,1997-10-28,2022-12-26,East London,Teacher,25299.12,376.0,michael.mokoena998@yahoo.com
CUST104886,AMARA,Mokoena,1990-08-24,2021-07-04,Nelspruit,Technician,26779.38,670.0,amara.mokoena699@gmail.com
CUST104887,Naledi,Nkosi,1992-03-13,2024-07-03,Polokwane,Manager,17989.63,573.0,naledi.nkosi596@yahoo.com
CUST104888,David,Pretorius,1947-05-24,2024-11-10,Nelspruit,Teacher,14734.9,502.0,david.pretorius926@outlook.com
CUST104889,Jessica,Dlamini,2000-10-27,2020-04-19,,Engineer,24939.75,576.0,jessica.dlamini933@yahoo.com
CUST104890,Raj,Khumalo,1980-01-22,2026-07-16,East London,Artisan,27351.6,733.0,raj.khumalo659@webmail.co.za
CUST104891,Sipho,Silva,1975-09-25,2019-02-21,port elizabeth,Artisan,25536.33,682.0,sipho.silva251@yahoo.com
CUST104892,Mary,Johnson,1945-08-24,2016-12-26,Pretoria,Consultant,72627.11,719.0,mary.johnson674@gmail.com
CUST104893,Mary,Mokoena,1999-10-04,2024-10-18,Pretoria,Student,24939.66,691.0,mary.mokoena400@webmail.co.za
CUST104894,Jessica,Ndlovu,1978-03-06,2019-10-24,Pretoria,Student,25551.27,567.0,jessica.ndlovu840@webmail.co.za
CUST104895,Richard,Silva,1995-05-02,2025-02-16,Durban,Engineer,43878.39,,richard.silva669@outlook.com
CUST104896,Priya,Silva,1984-12-26,2015-09-16,Pretoria,Engineer,24278.84,703.0,priya.silva231@webmail.co.za
CUST104897,Sipho,Chen,1993-08-06,2016-04-14,Bloemfontein,Manager,37182.87,639.0,sipho.chen735@outlook.com
CUST104898,Wei,Chen,1987-04-08,2015-06-20,Durban,Consultant,12488.62,655.0,wei.chen607@gmail.com
CUST104899,Sipho,Patel,2001-03-06,2021-12-21,Pretoria,Civil Servant,12547.96,721.0,sipho.patel51@webmail.co.za
CUST104900,Barbara,Khumalo,1958-10-03,2024-08-19,polokwane,,28947.38,583.0,barbara.khumalo277@yahoo.com
CUST104901,Lerato,Garcia,1957-04-30,2019-08-31,Pretoria,Entrepreneur,23412.6,748.0,lerato.garcia461@webmail.co.za
CUST104902,ZANELE,Miller,1988-06-18,2016-01-19,Cape Town,Driver,16557.35,701.0,zanele.miller354@webmail.co.za
CUST104903,Chidi,Khan,1975-08-02,2019-04-29,Johannesburg,Consultant,28943.79,650.0,chidi.khan497@gmail.com
CUST104904,Michael,Mokoena,1981-07-19,2019-01-12,Polokwane,Teacher,30499.33,788.0,michael.mokoena691@webmail.co.za
CUST104905,KAGISO,Garcia,1988-03-21,2022-06-14,Kimberley,Technician,17572.0,534.0,kagiso.garcia221@webmail.co.za
CUST104906,Elizabeth,Botha,1978-05-24,2022-07-21,East London,Teacher,19706.87,609.0,elizabeth.botha100@yahoo.com
CUST104907,Mei,Nkosi,1993-01-18,2016-03-11,Johannesburg,,30637.19,589.0,mei.nkosi239@webmail.co.za
CUST104908,Mei,Mokoena,1964-06-14,2019-11-13,Bloemfontein,Sales Rep,14579.23,682.0,mei.mokoena988@outlook.com
CUST104909,Zanele,Garcia,1997-05-25,2022-06-10,Durban,Student,18724.35,756.0,zanele.garcia139@gmail.com
CUST104910,Carlos,Pretorius,1951-07-27,2017-12-30,Pretoria,Teacher,37062.5,562.0,carlos.pretorius788@webmail.co.za
CUST104911,Naledi,Garcia,1983-09-03,2019-09-18,Kimberley,,26521.17,947.0,
CUST104912,James,Martinez,1999-04-19,2022-02-08,nelspruit,,20204.86,590.0,james.martinez179@gmail.com
CUST104913,Zanele,Van der Merwe,1960-05-31,2019-09-01,Polokwane,Teacher,15648.94,682.0,zanele.van der merwe499@yahoo.com
CUST104914,Wei,Dlamini,1964-12-08,2015-05-11,bloemfontein,Manager,14648.21,650.0,wei.dlamini232@webmail.co.za
CUST104915,PATRICIA,Garcia,1963-08-19,2017-07-30,Bloemfontein,Accountant,24858.29,654.0,patricia.garcia305@webmail.co.za
CUST104916,PATRICIA,Johnson,1979-06-03,2023-12-27,Kimberley,Teacher,90715.86,579.0,patricia.johnson566@outlook.com
CUST104917,William,Davis,1970-03-09,2017-11-17,East London,Engineer,37777.61,746.0,william.davis975@webmail.co.za
CUST104918,Priya,Chen,1951-08-03,2024-06-20,Bloemfontein,Student,12091.78,573.0,priya.chen287@webmail.co.za
CUST104919,Thabo,Patel,1999-05-14,2020-05-29,Johannesburg,Civil Servant,41123.28,491.0,thabo.patel482@yahoo.com
CUST104920,SOFIA,Jones,1957-06-26,2020-06-23,Kimberley,,17063.01,549.0,sofia.jones345@gmail.com
CUST104921,PRIYA,Brown,1977-07-30,2023-12-04,Nelspruit,Student,26824.89,780.0,priya.brown247@webmail.co.za
CUST104922,Naledi,Patel,1981-04-13,2019-06-10,Pretoria,Engineer,18895.59,763.0,
CUST104923,Lerato,Brown,1947-06-27,2017-10-05,Durban,Nurse,90549.59,469.0,lerato.brown570@outlook.com
CUST104924,David,Johnson,1950-11-03,2016-03-20,Kimberley,Engineer,13623.28,723.0,david.johnson167@gmail.com
CUST104925,Robert,Ndlovu,2004-04-09,2022-10-13,Kimberley,,,,
CUST104926,RICHARD,Khumalo,1985-07-14,2020-06-10,,Retired,17833.0,648.0,richard.khumalo895@outlook.com
CUST104927,Sipho,Garcia,1947-01-18,2024-05-16,Durban,,41910.72,541.0,sipho.garcia117@gmail.com
CUST104928,Jennifer,Jones,1993-06-11,2020-04-19,Polokwane,Civil Servant,32082.7,730.0,jennifer.jones540@yahoo.com
CUST104929,Linda,Garcia,1976-01-08,2019-10-21,East London,Accountant,57109.83,700.0,linda.garcia693@outlook.com
CUST104930,James,Davis,1949-08-03,2018-06-18,Kimberley,Technician,41393.15,738.0,james.davis334@outlook.com
CUST104931,Chidi,Smith,1986-07-11,2017-04-23,Bloemfontein,Artisan,17745.37,623.0,chidi.smith333@gmail.com
CUST104932,Ahmed,Smith,1975-06-18,2024-08-13,Bloemfontein,Retired,154774.04,633.0,ahmed.smith969@yahoo.com
CUST104933,Raj,Rodriguez,1957-07-02,2016-02-07,Cape Town,Student,37543.51,515.0,raj.rodriguez143@webmail.co.za
CUST104934,RICHARD,Smith,1998-07-16,2025-06-13,,Sales Rep,19333.66,557.0,richard.smith595@yahoo.com
CUST104935,Sipho,Davis,1962-10-10,2015-04-24,Pretoria  ,Engineer,30434.26,735.0,sipho.davis88@gmail.com
CUST104936,CARLOS,Khumalo,1962-05-11,2021-01-18,Durban,,39281.16,683.0,carlos.khumalo757@gmail.com
CUST104937,Sipho,Smith,1961-08-22,2015-09-04,Polokwane,Student,38394.78,659.0,sipho.smith276@outlook.com
CUST104938,Elizabeth,Mokoena,1991-10-25,2024-01-11,Pretoria,Entrepreneur,36229.06,764.0,elizabeth.mokoena338@yahoo.com
CUST104939,David,Mokoena,1988-01-27,2017-06-13,Durban,Accountant,48044.81,533.0,david.mokoena915@outlook.com
CUST104940,Chidi,Khumalo,2000-02-03,2021-07-21,Kimberley,Teacher,45292.77,715.0,chidi.khumalo707@gmail.com
CUST104941,Joseph,Mokoena,1958-12-28,2025-08-12,Kimberley,Civil Servant,16178.85,544.0,joseph.mokoena284@webmail.co.za
CUST104942,Raj,Silva,1992-12-19,2022-07-09,Port Elizabeth,Entrepreneur,95304.51,783.0,raj.silva838@webmail.co.za
CUST104943,Priya,Johnson,1979-12-15,2017-01-24,Durban,Entrepreneur,87669.79,699.0,priya.johnson743@yahoo.com
CUST104944,Mary,Brown,1963-10-31,2024-03-23,Cape Town,Sales Rep,43502.73,737.0,mary.brown365@webmail.co.za
CUST104945,Chidi,Miller,1947-03-01,2020-02-11,East London,Civil Servant,27535.13,587.0,chidi.miller566@gmail.com
CUST104946,Barbara,Patel,1994-12-15,2015-02-25,East London  ,Accountant,27820.59,846.0,barbara.patel388@outlook.com
CUST104947,THABO,Botha,1959-09-15,2020-08-21,East London,Retired,22153.29,830.0,thabo.botha533@webmail.co.za
CUST104948,William,Pretorius,1983-07-15,2024-05-29,Polokwane,Technician,23941.52,689.0,william.pretorius825@yahoo.com
CUST104949,Barbara,Khumalo,1978-06-25,2019-12-24,Port Elizabeth,Nurse,7244.0,756.0,barbara.khumalo235@webmail.co.za
CUST104950,David,Martinez,1945-04-10,2023-10-14,East London,Student,67383.68,623.0,david.martinez479@outlook.com
CUST104951,Mary,Martinez,2005-08-26,2023-03-04,East London  ,Manager,54528.14,536.0,mary.martinez183@yahoo.com
CUST104952,Mei,Johnson,1994-09-03,2020-04-16,Polokwane,Nurse,9837.81,722.0,mei.johnson49@yahoo.com
CUST104953,John,Ndlovu,1974-09-04,2018-09-29,polokwane,Student,45889.55,567.0,john.ndlovu587@outlook.com
CUST104954,Richard,Dlamini,1986-07-02,2023-06-01,Johannesburg,Retired,26778.95,768.0,richard.dlamini843@gmail.com
CUST104955,Michael,Jones,1974-01-27,2019-04-10,East London,Driver,23874.65,744.0,michael.jones871@webmail.co.za
CUST104956,Jennifer,Khan,1990-06-02,2016-12-20,Kimberley,,36159.86,671.0,jennifer.khan202@gmail.com
CUST104957,Barbara,Silva,1953-03-12,2018-09-19,Bloemfontein,Student,9455.27,666.0,barbara.silva776@webmail.co.za
CUST104958,Fatima,Miller,1972-03-24,2025-02-26,Bloemfontein,Engineer,26722.21,739.0,fatima.miller206@yahoo.com
CUST104959,Carlos,Pretorius,1965-06-20,2018-04-13,East London,Manager,28217.25,675.0,carlos.pretorius857@gmail.com
CUST104960,Richard,Williams,1973-01-14,2017-09-20,Bloemfontein,,28233.64,614.0,richard.williams511@outlook.com
CUST104961,THABO,Pretorius,1972-06-24,2016-07-18,Port Elizabeth,Nurse,11843.17,514.0,thabo.pretorius4@webmail.co.za
CUST104962,Sofia,Khan,1953-09-23,2015-08-22,kimberley,,35177.06,736.0,sofia.khan558@yahoo.com
CUST104963,Linda,Jones,2004-07-25,2026-04-24,Johannesburg,,50812.06,683.0,linda.jones539@webmail.co.za
CUST104964,Carlos,Chen,1945-12-12,2021-03-20,,Student,34351.43,898.0,carlos.chen284@yahoo.com
CUST104965,Patricia,Miller,1945-08-13,2023-06-14,Cape Town,Student,23446.75,641.0,patricia.miller536@gmail.com
CUST104966,Linda,Silva,1967-10-12,2023-12-14,Durban,Technician,135053.24,677.0,linda.silva213@webmail.co.za
CUST104967,David,Brown,1982-11-04,2019-01-30,east london  ,Technician,15448.31,679.0,david.brown489@outlook.com
CUST104968,Mary,Garcia,1955-12-17,2024-04-02,East London,Consultant,42790.47,709.0,mary.garcia849@gmail.com
CUST104969,Raj,Miller,1977-07-11,2026-02-19,Kimberley  ,Artisan,31131.15,563.0,raj.miller996@outlook.com
CUST104970,Priya,Jones,1989-02-01,2023-08-04,Durban,Retired,89984.06,643.0,priya.jones420@webmail.co.za
CUST104971,Richard,Davis,1950-09-27,2023-03-30,Johannesburg,Sales Rep,33929.83,724.0,richard.davis280@gmail.com
CUST104972,Raj,Mokoena,2005-01-17,2020-01-03,Durban,Sales Rep,38587.87,620.0,raj.mokoena237@webmail.co.za
CUST104973,Wei,Mokoena,1965-07-16,2024-09-28,Bloemfontein,Retired,36440.29,721.0,wei.mokoena570@yahoo.com
CUST104974,Mei,Khumalo,1984-03-09,2016-01-11,pretoria,Retired,14257.05,659.0,mei.khumalo480@outlook.com
CUST104975,MEI,Jones,1951-10-03,2023-09-07,Durban  ,Artisan,15973.27,686.0,mei.jones695@webmail.co.za
CUST104976,Sipho,Jones,1988-04-11,2019-03-12,Kimberley  ,Sales Rep,22801.9,754.0,sipho.jones501@gmail.com
CUST104977,PATRICIA,Pretorius,1996-04-07,2021-07-22,bloemfontein,Consultant,47783.21,630.0,patricia.pretorius333@gmail.com
CUST104978,Fatima,Garcia,1951-06-04,2025-05-05,East London,Consultant,30941.64,519.0,fatima.garcia773@yahoo.com
CUST104979,Zanele,Williams,1952-09-05,2022-01-03,Polokwane,Sales Rep,23764.76,626.0,zanele.williams245@yahoo.com
CUST104980,Ahmed,Martinez,1962-02-22,2015-04-19,Port Elizabeth,Nurse,61286.81,576.0,ahmed.martinez479@outlook.com
CUST104981,Carlos,Smith,1945-09-23,2023-05-15,Polokwane,Consultant,8188.96,459.0,carlos.smith179@outlook.com
CUST104982,Jennifer,Davis,2005-02-23,2025-10-04,Kimberley,Sales Rep,12363.55,640.0,jennifer.davis216@outlook.com
CUST104983,Richard,Van der Merwe,1981-07-02,2022-06-08,Polokwane,Engineer,6015.17,668.0,richard.van der merwe538@webmail.co.za
CUST104984,Michael,Garcia,1982-01-23,2024-12-22,Durban,,55547.08,742.0,michael.garcia704@gmail.com
CUST104985,Mary,Patel,2003-06-30,2024-07-23,Polokwane,Student,,547.0,mary.patel796@webmail.co.za
CUST104986,Carlos,Ndlovu,1995-10-02,2024-12-22,Durban,Teacher,48039.32,658.0,carlos.ndlovu199@gmail.com
CUST104987,Fatima,Davis,1994-09-01,2018-12-26,Johannesburg,Accountant,25196.11,,fatima.davis722@gmail.com
CUST104988,Fatima,Chen,1965-09-16,2020-06-28,Port Elizabeth,Consultant,49707.46,598.0,fatima.chen579@yahoo.com
CUST104989,Ahmed,Mokoena,1965-06-05,2024-10-27,Bloemfontein,Entrepreneur,24933.03,698.0,ahmed.mokoena717@outlook.com
CUST104990,KAGISO,Davis,1962-10-18,2025-07-17,Port Elizabeth,Technician,34404.64,,kagiso.davis840@webmail.co.za
CUST104991,Thabo,Jones,1966-02-24,2016-09-13,Durban,Entrepreneur,31511.51,482.0,thabo.jones642@gmail.com
CUST104992,SOFIA,Pretorius,1967-07-17,2017-02-06,Durban,Teacher,32945.97,675.0,sofia.pretorius949@outlook.com
CUST104993,Naledi,Brown,1953-07-17,2019-01-07,Kimberley,Technician,73927.66,755.0,naledi.brown63@outlook.com
CUST104994,Kagiso,Nkosi,1966-09-18,2023-12-03,Durban,Entrepreneur,10151.18,618.0,kagiso.nkosi107@webmail.co.za
CUST104995,Michael,Ndlovu,1972-04-02,2025-02-18,Polokwane,Entrepreneur,25821.69,775.0,michael.ndlovu250@gmail.com
CUST104996,Chidi,Nkosi,1963-11-14,2021-09-20,Durban,Accountant,30296.65,707.0,chidi.nkosi230@yahoo.com
CUST104997,Raj,Davis,1955-02-01,2016-04-24,Cape Town,Student,27694.03,809.0,raj.davis349@yahoo.com
CUST104998,Lerato,Khumalo,1967-10-12,2018-07-08,Johannesburg,Engineer,21189.67,702.0,lerato.khumalo462@webmail.co.za
CUST104999,Jessica,Mokoena,1974-05-03,2024-12-04,Durban  ,Nurse,19519.52,817.0,jessica.mokoena464@webmail.co.za
CUST102764,Michael,Ndlovu,1983-09-22,2020-04-20,Kimberley,Accountant,21634.49,679.0,michael.ndlovu584@webmail.co.za
CUST104767,James,Davis,1984-10-08,2020-09-17,Nelspruit,Technician,114861.52,618.0,james.davis480@yahoo.com
CUST103814,Richard,Ndlovu,2002-11-17,2020-12-23,Kimberley,Entrepreneur,28620.91,656.0,richard.ndlovu936@gmail.com
CUST103499,Joseph,Silva,1945-05-16,2023-03-10,Bloemfontein,Teacher,7877.28,,joseph.silva70@yahoo.com
CUST102735,JOHN,Garcia,1969-03-13,2026-07-07,Bloemfontein,Student,15716.18,671.0,john.garcia837@gmail.com
CUST103922,Jessica,Chen,1945-06-05,2019-12-23,Polokwane,Entrepreneur,51769.0,684.0,jessica.chen751@outlook.com
CUST102701,Mei,Martinez,1977-03-22,2023-04-29,Johannesburg,Driver,19830.63,647.0,mei.martinez429@outlook.com
CUST101179,James,Pretorius,1971-04-12,2021-12-11,Polokwane,Manager,47389.1,783.0,james.pretorius982@webmail.co.za
CUST100932,William,Davis,1963-11-16,2023-05-25,Bloemfontein,Entrepreneur,52806.58,707.0,william.davis607@webmail.co.za
CUST100792,Chidi,Rodriguez,1953-01-29,2021-01-21,Johannesburg,,19924.32,524.0,chidi.rodriguez717@webmail.co.za
CUST101852,Joseph,Chen,1988-04-05,2019-04-05,johannesburg  ,Student,13651.5,517.0,joseph.chen161@outlook.com
CUST101185,Elizabeth,Van der Merwe,1989-05-29,2019-08-09,,Manager,22221.01,766.0,elizabeth.van der merwe178@webmail.co.za
CUST101724,Naledi,Miller,1970-11-11,2015-07-18,Cape Town,Entrepreneur,33955.0,673.0,naledi.miller878@yahoo.com
CUST104080,Ahmed,Pretorius,1973-06-20,2020-10-15,Port Elizabeth,Entrepreneur,20356.43,588.0,ahmed.pretorius686@outlook.com
CUST103823,Jennifer,Johnson,1990-01-02,2024-10-19,Pretoria,Teacher,28086.62,602.0,jennifer.johnson803@gmail.com
CUST104054,James,Nkosi,1996-01-04,2019-08-06,Johannesburg,Artisan,27759.52,786.0,james.nkosi861@yahoo.com
CUST102721,Lerato,Ndlovu,1997-09-02,2016-02-07,Durban,,20231.7,584.0,lerato.ndlovu192@outlook.com
CUST103903,James,Nkosi,1966-01-05,2020-11-22,Nelspruit,Engineer,19537.23,907.0,james.nkosi73@gmail.com
CUST101865,Richard,Nkosi,1966-08-17,2021-09-18,Johannesburg,Consultant,8104.4,699.0,richard.nkosi266@gmail.com
CUST100759,Chidi,Smith,1948-03-30,2025-06-05,nelspruit,Technician,45306.27,575.0,chidi.smith203@outlook.com
CUST102416,Zanele,Silva,1957-07-28,2025-07-22,Polokwane,Sales Rep,21798.74,571.0,zanele.silva421@yahoo.com
CUST103670,John,Chen,1949-02-01,2025-02-22,Bloemfontein,Consultant,11732.17,846.0,john.chen164@gmail.com
CUST104838,Priya,Williams,1996-11-18,2021-02-07,Polokwane,Civil Servant,8334.05,658.0,priya.williams701@gmail.com
CUST103090,David,Dlamini,1965-09-08,2019-01-24,Cape Town,Accountant,24712.52,492.0,david.dlamini741@yahoo.com
CUST101546,LERATO,Patel,1947-03-03,2021-10-28,Nelspruit,Sales Rep,65751.6,633.0,lerato.patel671@outlook.com
CUST101132,Mei,Pretorius,1989-03-25,2017-02-07,bloemfontein,Accountant,,584.0,mei.pretorius13@yahoo.com
CUST104703,Priya,Khan,1962-01-25,2015-03-12,bloemfontein  ,Entrepreneur,27440.31,762.0,priya.khan986@webmail.co.za
CUST104494,Elizabeth,Khumalo,1950-01-04,2018-03-24,Cape Town,Technician,11071.82,602.0,elizabeth.khumalo134@yahoo.com
CUST102775,Elizabeth,Van der Merwe,1971-01-31,2015-08-10,Pretoria,Nurse,28100.86,604.0,elizabeth.van der merwe997@webmail.co.za
CUST103185,Carlos,Van der Merwe,2001-08-23,2018-02-15,Durban,Engineer,94946.01,599.0,carlos.van der merwe899@webmail.co.za
CUST101213,Priya,Davis,1981-07-09,2015-12-04,Durban,Teacher,24946.41,694.0,priya.davis221@gmail.com
CUST103289,Jennifer,Ndlovu,1960-03-28,2026-07-30,East London,Student,18366.37,805.0,jennifer.ndlovu790@outlook.com
CUST100763,Fatima,Williams,2001-11-03,2024-07-14,Durban,Driver,13628.76,847.0,fatima.williams532@yahoo.com
CUST101216,Thabo,Martinez,1977-07-15,2025-04-10,Kimberley,Student,23803.47,706.0,thabo.martinez86@outlook.com
CUST100348,Jennifer,Miller,1985-08-20,2019-03-01,Nelspruit  ,Entrepreneur,14694.83,,jennifer.miller766@webmail.co.za
CUST102982,Mei,Dlamini,2001-07-17,2023-09-06,Polokwane,Sales Rep,41316.34,662.0,mei.dlamini573@yahoo.com
CUST102916,Zanele,Chen,1998-12-22,2020-11-01,Durban,Consultant,37854.1,733.0,zanele.chen985@webmail.co.za
CUST102971,Mary,Johnson,1954-02-25,2019-07-29,Kimberley,Technician,16980.45,779.0,mary.johnson68@yahoo.com
CUST101355,Jessica,Rodriguez,1975-06-29,2016-10-28,Johannesburg,Sales Rep,31833.79,653.0,jessica.rodriguez679@yahoo.com
CUST102330,ROBERT,Garcia,1957-11-26,2018-02-11,Port Elizabeth,,44196.69,841.0,robert.garcia512@outlook.com
CUST101513,David,Williams,1990-11-17,2016-06-04,Durban,Technician,7913.49,504.0,david.williams880@gmail.com
CUST102181,LINDA,Silva,1971-08-15,2024-05-17,Durban,Driver,38975.7,713.0,linda.silva646@gmail.com
CUST103347,John,Miller,1953-08-05,2024-01-26,Pretoria,Driver,75909.15,544.0,john.miller93@gmail.com
CUST101660,Zanele,Johnson,1965-04-12,2023-12-10,Bloemfontein,Teacher,26310.58,689.0,zanele.johnson258@webmail.co.za
CUST104377,William,Van der Merwe,1955-08-28,2022-02-17,Cape Town,Teacher,16618.84,560.0,william.van der merwe642@gmail.com
CUST100804,Chidi,Miller,1976-01-13,2021-05-15,Johannesburg,Manager,19201.97,680.0,chidi.miller87@gmail.com
CUST101441,Thabo,Miller,2000-07-24,2018-03-04,Nelspruit,Student,10795.46,731.0,thabo.miller131@yahoo.com
CUST101094,David,Miller,2004-04-26,2015-07-02,Kimberley,,27310.58,776.0,david.miller672@yahoo.com
CUST103988,Susan,Smith,1946-12-12,2024-09-15,Nelspruit,Entrepreneur,25160.75,797.0,susan.smith31@webmail.co.za
CUST103705,Thabo,Chen,1970-08-15,2023-12-15,Johannesburg  ,,21884.17,618.0,thabo.chen167@outlook.com
CUST103743,Joseph,Williams,1989-03-11,2023-04-05,East London,,19124.21,610.0,joseph.williams913@gmail.com
CUST103271,Susan,Smith,1954-07-30,2022-03-19,Port Elizabeth,Retired,12677.38,753.0,susan.smith225@yahoo.com
CUST101453,Linda,Chen,1961-09-08,2016-01-09,Pretoria,Engineer,39408.13,555.0,linda.chen427@gmail.com
CUST102513,Wei,Garcia,1987-08-06,2023-02-18,East London,Technician,15655.03,621.0,wei.garcia606@webmail.co.za
CUST102000,Ahmed,Botha,1990-05-01,2020-12-31,East London,Driver,20191.11,557.0,ahmed.botha714@outlook.com
CUST104133,Thabo,Khan,1980-10-28,2021-08-07,Durban,,28965.0,1200.0,thabo.khan78@outlook.com
CUST104077,Zanele,Brown,1986-12-23,2019-02-11,Cape Town,Engineer,33220.62,505.0,zanele.brown693@outlook.com
CUST100988,Linda,Botha,2002-12-13,2018-01-04,Cape Town,Civil Servant,28202.4,753.0,linda.botha159@webmail.co.za
CUST101621,James,Pretorius,1961-09-03,2019-01-01,East London,Driver,18584.84,551.0,james.pretorius986@outlook.com
CUST104198,Carlos,Smith,1962-11-29,2025-11-04,Bloemfontein,Accountant,45462.6,650.0,carlos.smith532@webmail.co.za
CUST101412,William,Johnson,1971-06-23,2024-06-29,pretoria,Engineer,12171.73,666.0,william.johnson249@yahoo.com
CUST100608,Carlos,Mokoena,1971-03-07,2025-12-28,Durban,Manager,38958.22,710.0,carlos.mokoena899@outlook.com
CUST101772,Barbara,Nkosi,1973-05-06,2018-12-15,Port Elizabeth,Artisan,32262.18,653.0,barbara.nkosi858@outlook.com
CUST103283,PATRICIA,Dlamini,1975-10-03,2017-10-12,Pretoria,,20789.16,537.0,patricia.dlamini897@yahoo.com
CUST103635,Jessica,Silva,1974-03-16,2017-06-28,Cape Town,Nurse,19471.94,648.0,jessica.silva798@webmail.co.za
CUST104828,FATIMA,Botha,1972-10-04,2020-02-08,Bloemfontein,Artisan,26033.82,497.0,fatima.botha324@webmail.co.za
CUST103521,David,Nkosi,1967-04-23,2024-09-04,Nelspruit  ,Technician,14522.26,451.0,david.nkosi521@gmail.com
CUST102717,Amara,Patel,1995-09-07,2023-06-29,Bloemfontein,Accountant,18173.54,697.0,amara.patel381@outlook.com
CUST104079,Wei,Rodriguez,1965-06-21,2021-09-16,Polokwane,Consultant,21657.95,659.0,wei.rodriguez566@outlook.com
CUST102334,NALEDI,Davis,1968-09-24,2016-01-05,Polokwane,Entrepreneur,21278.38,645.0,naledi.davis534@gmail.com
CUST104437,Carlos,Dlamini,1991-01-07,2023-02-01,Johannesburg,,26680.62,578.0,carlos.dlamini474@gmail.com
CUST104115,JESSICA,Patel,1996-07-31,2015-09-24,Kimberley  ,Civil Servant,45182.53,715.0,jessica.patel252@gmail.com
CUST102755,Priya,Pretorius,2000-06-12,2024-03-29,Pretoria,Teacher,2610220.0,561.0,priya.pretorius49@webmail.co.za
CUST100636,Linda,Garcia,1961-01-06,2026-03-22,Polokwane,Civil Servant,25048.01,485.0,linda.garcia284@gmail.com
CUST100503,Priya,Patel,1983-03-10,2022-02-21,Cape Town,Manager,37209.06,634.0,priya.patel122@gmail.com
CUST103420,THABO,Khan,1962-02-02,2019-06-20,Pretoria,Student,31960.08,746.0,thabo.khan276@webmail.co.za
CUST103944,John,Smith,1992-12-09,2015-09-04,Durban,Student,48287.77,540.0,john.smith130@webmail.co.za
CUST102943,Michael,Brown,1976-05-02,2024-08-07,Polokwane,Nurse,11724.16,797.0,michael.brown463@gmail.com
CUST103019,Chidi,Mokoena,1983-02-28,2017-05-13,Cape Town,,22137.48,836.0,chidi.mokoena610@webmail.co.za
CUST104589,Elizabeth,Miller,1953-05-10,2020-03-22,Johannesburg,Entrepreneur,87306.17,644.0,elizabeth.miller917@outlook.com
CUST102671,Priya,Martinez,1955-08-10,2025-09-11,Pretoria,Student,26798.58,680.0,priya.martinez292@yahoo.com
CUST103111,WEI,Van der Merwe,1960-11-14,2016-02-17,Johannesburg  ,Consultant,44096.74,641.0,wei.van der merwe298@outlook.com
CUST103144,WEI,Mokoena,1981-11-22,2019-09-05,Bloemfontein,Engineer,37048.87,679.0,wei.mokoena292@outlook.com
CUST104102,Michael,Ndlovu,1974-04-21,2025-06-30,kimberley,Nurse,23141.85,574.0,michael.ndlovu174@outlook.com
CUST100874,Amara,Patel,1955-02-07,2026-07-13,Cape Town,Manager,32209.71,511.0,amara.patel268@outlook.com
CUST100200,BARBARA,Martinez,1960-09-11,2022-07-18,Durban,,12846.56,778.0,barbara.martinez677@gmail.com
CUST104700,Ahmed,Smith,1948-12-14,2026-04-02,Port Elizabeth,Artisan,11509.67,814.0,ahmed.smith255@yahoo.com
CUST103041,Elizabeth,Jones,1970-01-18,2020-06-03,Nelspruit  ,Entrepreneur,18626.29,720.0,elizabeth.jones348@yahoo.com
CUST103586,Joseph,Khan,1953-07-20,2020-06-20,Polokwane,Accountant,36580.26,806.0,joseph.khan505@outlook.com
CUST102998,Susan,Williams,1959-03-03,2024-09-21,Port Elizabeth,Sales Rep,23452.42,589.0,susan.williams348@webmail.co.za
CUST103534,ROBERT,Ndlovu,1990-02-03,2021-08-17,Polokwane,Entrepreneur,70716.81,755.0,robert.ndlovu603@outlook.com
CUST104756,Sipho,Davis,1990-09-21,2018-03-12,Polokwane,Driver,22394.94,638.0,sipho.davis391@gmail.com
CUST100079,Lerato,Dlamini,1988-10-02,2023-04-08,Nelspruit,Retired,12278.24,588.0,lerato.dlamini17@outlook.com
CUST104092,Barbara,Patel,1953-01-08,2025-10-23,Kimberley,Sales Rep,33983.27,810.0,
CUST100349,Jennifer,Khumalo,1957-06-07,2024-08-05,Johannesburg,Student,36359.04,636.0,jennifer.khumalo823@yahoo.com
CUST100325,Linda,Rodriguez,1953-12-06,2015-01-13,Polokwane,Nurse,62007.48,678.0,linda.rodriguez645@webmail.co.za
CUST103093,LINDA,Garcia,2005-05-27,2023-10-24,Pretoria,Consultant,28681.03,608.0,linda.garcia637@yahoo.com
CUST100280,William,Patel,2003-05-31,2022-10-10,East London,Student,40392.32,674.0,william.patel122@webmail.co.za
CUST100694,ROBERT,Khumalo,1990-09-19,2023-12-29,Johannesburg,Consultant,33476.77,429.0,robert.khumalo931@outlook.com
CUST104640,RAJ,Davis,1989-03-03,2022-06-10,Kimberley,Teacher,40804.14,491.0,raj.davis813@gmail.com
