loan_id,customer_id,loan_type,principal,interest_rate,term_months,start_date,status
LOAN300000,CUST101205,Business,197250.84,23.59,36,2017-07-08 09:30:40.624318123,Active
LOAN300001,CUST100594,Student,9114.83,,84,2024-04-25 10:02:11.544258356,Closed
LOAN300002,CUST103448,Home,9841.0,17.46,36,2016-09-05 11:55:43.501821517,Active
LOAN300003,CUST101778,Home,95755.74,23.74,36,2024-05-20 04:48:18.398421288,Active
LOAN300004,CUST101807,Vehicle,7653.56,21.12,24,2021-01-05 02:59:15.070569515,Defaulted
LOAN300005,CUST103297,Home,26211.17,9.06,24,2017-12-05 03:50:11.205741405,Defaulted
LOAN300006,CUST100735,Personal,19106.74,24.83,84,2018-05-31 04:39:22.377793312,Closed
LOAN300007,CUST100682,Home,24609.35,15.72,12,2025-12-27 04:20:03.184136868,Closed
LOAN300008,CUST102628,Business,38591.29,18.75,36,2021-10-10 15:50:37.267496585,Closed
LOAN300009,CUST100568,Home,23948.53,21.38,60,2023-08-05 06:40:31.727938652,Active
LOAN300010,CUST100858,Personal,8683.34,17.51,60,2018-03-07 01:38:09.589611769,Active
LOAN300011,CUST101172,Personal,14641.41,17.27,60,2026-01-13 23:41:55.003100872,Defaulted
LOAN300012,CUST101108,Home,44209.02,20.41,84,2019-08-30 14:30:21.386206627,Closed
LOAN300013,CUST100438,Vehicle,69535.84,9.28,84,2023-05-20 13:07:14.560085773,Closed
LOAN300014,CUST102845,Vehicle,50418.99,14.69,36,2020-02-16 17:08:30.758978367,Active
LOAN300015,CUST100446,Personal,81141.75,,60,2016-03-13 07:38:10.387985468,Defaulted
LOAN300016,CUST101457,Business,133295.06,12.78,36,2023-02-27 01:51:57.439790010,Active
LOAN300017,CUST100956,Student,113121.19,19.34,36,2025-05-14 08:12:22.104820967,Closed
LOAN300018,CUST102880,Business,6059.55,19.9,24,2021-05-06 11:28:56.867782593,Active
LOAN300019,CUST102674,Personal,81583.53,9.33,12,2025-09-29 02:55:31.399019241,Active
LOAN300020,CUST104588,Business,15378.85,12.25,12,2023-02-10 00:53:02.293373108,Closed
LOAN300021,CUST101344,Home,72276.28,20.43,24,2020-06-20 02:31:51.505416392,Active
LOAN300022,CUST102274,Personal,11102.78,15.67,60,2018-03-06 15:08:35.835995436,Defaulted
LOAN300023,CUST102789,Business,9008.08,16.13,12,2019-06-21 07:49:50.490573883,Active
LOAN300024,CUST104015,Home,22720.7,23.04,60,2021-03-25 16:30:44.783829212,Defaulted
LOAN300025,CUST104201,Personal,18120.35,11.09,48,2025-10-23 02:21:39.817955256,Active
LOAN300026,CUST103345,Personal,13704.66,14.58,24,2016-12-02 16:13:58.971957922,Active
LOAN300027,CUST102627,Student,90830.44,9.7,48,2019-07-02 17:10:02.195244551,Closed
LOAN300028,CUST101932,Personal,42217.79,16.13,84,2021-08-02 06:57:51.411352634,Active
LOAN300029,CUST101517,Business,12910.82,16.96,36,2018-10-21 10:35:54.280755281,Closed
LOAN300030,CUST102165,Home,85729.41,14.0,12,2022-12-18 10:44:50.775374174,Active
LOAN300031,CUST103351,Home,41573.25,18.94,120,2020-12-24 10:35:46.594193459,Active
LOAN300032,CUST102033,Home,15256.12,17.0,24,2016-08-30 02:46:45.748012066,Closed
LOAN300033,CUST102304,Home,56779.72,23.42,60,2016-12-18 15:32:03.968461037,Active
LOAN300034,CUST100209,Business,119844.76,21.0,12,2021-05-30 13:55:51.981462240,Active
LOAN300035,CUST100775,Business,84382.78,16.96,12,2025-04-01 16:19:03.783799887,Defaulted
LOAN300036,CUST101443,Vehicle,50359.77,17.3,240,2018-11-28 05:50:30.998442173,Closed
LOAN300037,CUST101264,Home,51545.5,23.28,240,2022-03-09 21:38:49.155140400,Defaulted
LOAN300038,CUST103843,Business,65620.88,21.14,84,2020-06-09 05:26:19.892993689,Closed
LOAN300039,CUST103857,Home,152176.8,14.74,240,2020-07-10 08:11:36.931020498,Restructured
LOAN300040,CUST100618,Home,21375.12,8.58,120,2016-08-22 13:17:18.547605276,Active
LOAN300041,CUST103651,Vehicle,2826.22,17.39,36,2021-04-17 12:53:16.021481991,Active
LOAN300042,CUST104997,Student,26029.95,8.95,36,2018-02-18 05:03:02.393140793,Active
LOAN300043,CUST101373,Home,51919.89,22.06,36,2017-08-17 07:29:40.448984146,Active
LOAN300044,CUST102036,Home,29332.6,17.73,60,2025-02-13 19:19:34.130509853,Closed
LOAN300045,CUST101150,Student,127259.0,20.68,36,2024-10-10 20:15:00.533984661,Active
LOAN300046,CUST104322,Vehicle,27782.72,12.82,240,2019-07-03 19:50:11.323691845,Active
LOAN300047,CUST103241,Business,138785.86,8.73,48,2025-08-10 23:20:40.154656410,Active
LOAN300048,CUST104885,Personal,233572.32,18.16,24,2021-09-21 23:08:35.119031906,Closed
LOAN300049,CUST103181,Business,22177.86,20.96,36,2022-03-10 20:47:55.244012356,Active
LOAN300050,CUST104379,Student,47946.44,18.04,24,2025-08-26 15:53:46.260892391,Closed
LOAN300051,CUST103711,Business,101279.47,24.28,12,2024-04-04 21:40:35.826629639,Closed
LOAN300052,CUST101899,Business,28932.59,12.77,24,2019-10-04 05:20:23.347944736,Restructured
LOAN300053,CUST100837,Student,20573.0,22.92,60,2019-11-25 05:35:27.949953079,Closed
LOAN300054,CUST100983,Student,116000.23,18.22,36,2020-08-28 07:41:26.180974722,Closed
LOAN300055,CUST103614,Home,9673.94,13.5,12,2025-10-27 14:25:50.936069727,Closed
LOAN300056,CUST102531,Vehicle,30146.31,10.28,84,2019-01-04 03:23:35.691439152,Closed
LOAN300057,CUST100986,Vehicle,27273.9,16.53,48,2022-03-12 09:34:59.694592953,Active
LOAN300058,CUST100390,Business,13695.65,20.18,120,2016-05-20 04:02:24.243842363,Active
LOAN300059,CUST101839,Vehicle,3571.59,11.26,24,2017-07-11 01:15:17.007583141,Restructured
LOAN300060,CUST103393,Business,24474.21,10.01,120,2021-08-01 19:18:55.959502697,Closed
LOAN300061,CUST102854,Home,33453.28,19.23,12,2025-01-12 16:30:39.720222950,Active
LOAN300062,CUST102733,Business,158260.05,,36,2022-08-07 09:18:45.037686348,Active
LOAN300063,CUST101769,Student,381467.29,10.15,24,2023-03-22 13:30:07.786960840,Restructured
LOAN300064,CUST104360,Personal,35855.96,23.91,36,2022-10-23 01:07:05.757558346,Restructured
LOAN300065,CUST101530,Personal,11372.5,15.15,36,2019-01-31 21:48:59.960837364,Active
LOAN300066,CUST100444,Business,58640.19,20.26,12,2025-07-30 03:04:24.566360712,Closed
LOAN300067,CUST103548,Business,3432.11,12.91,120,2022-03-25 22:07:45.706372499,Restructured
LOAN300068,CUST104354,Personal,32638.76,21.67,36,2021-05-27 21:35:13.996751070,Closed
LOAN300069,CUST101292,Personal,165111.66,11.61,120,2023-03-24 10:02:10.270728588,Active
LOAN300070,CUST103420,Business,191906.09,9.78,36,2021-08-25 10:32:22.122816801,Active
LOAN300071,CUST101693,Home,71326.75,8.86,24,2025-03-11 10:40:46.715883732,Defaulted
LOAN300072,CUST101859,Home,115948.83,21.93,12,2023-07-27 13:46:45.336412191,Defaulted
LOAN300073,CUST102289,Business,21660.62,18.05,36,2016-08-06 20:32:46.951675653,Closed
LOAN300074,CUST100117,Student,11526.3,16.02,84,2017-12-29 16:29:19.675441742,Active
LOAN300075,CUST102741,Business,117457.91,9.0,60,2018-12-02 04:26:59.561868668,Active
LOAN300076,CUST103855,Business,59266.96,14.99,48,2016-12-01 00:03:16.475316763,Active
LOAN300077,CUST101153,Home,82363.73,20.34,48,2020-07-03 14:53:42.689826727,Restructured
LOAN300078,CUST102828,Home,47484.03,17.41,36,2020-01-24 14:48:36.240271330,Active
LOAN300079,CUST100062,Student,40718.6,16.82,120,2020-06-23 06:40:09.408319950,Defaulted
LOAN300080,CUST104591,Vehicle,18369.05,13.28,60,2019-07-23 21:06:43.712743282,Active
LOAN300081,CUST102746,Vehicle,18676.63,22.39,24,2023-10-23 13:16:05.591463566,Active
LOAN300082,CUST102518,Home,11533.02,21.63,36,2019-05-17 16:58:03.545527697,Closed
LOAN300083,CUST101460,Student,13722.0,13.68,36,2022-06-13 10:57:43.131821156,Active
LOAN300084,CUST104851,Business,59944.14,15.57,84,2022-06-21 09:19:20.675233126,Closed
LOAN300085,CUST102572,Home,24224.48,7.61,240,2019-01-30 04:05:12.359715223,Closed
LOAN300086,CUST103126,Student,10263.77,23.38,240,2023-07-04 22:40:53.775091887,Active
LOAN300087,CUST101136,Student,243546.53,17.89,36,2016-04-19 15:43:53.439436436,Active
LOAN300088,CUST101386,Student,8396.91,8.86,240,2019-03-20 15:59:03.344760656,Active
LOAN300089,CUST101456,Vehicle,36160.67,16.15,240,2023-11-15 07:16:29.262390614,Active
LOAN300090,CUST101148,Business,14361.55,17.07,24,2020-07-17 20:39:22.853025198,Restructured
LOAN300091,CUST104112,Business,76265.84,21.25,60,2021-09-17 12:38:25.492129564,Active
LOAN300092,CUST100239,Personal,35022.75,7.73,36,2022-01-08 01:56:06.431135178,Active
LOAN300093,CUST102529,Vehicle,92103.92,21.9,12,2021-12-23 12:05:03.201697826,Defaulted
LOAN300094,CUST101918,Home,394888.84,22.74,24,2018-02-28 10:24:54.032248259,Closed
LOAN300095,CUST101225,Home,7378.02,17.37,12,2023-02-11 09:10:14.991058826,Active
LOAN300096,CUST103448,Business,81858.69,14.86,48,2016-04-12 01:09:56.333123446,Active
LOAN300097,CUST101054,Vehicle,54452.87,12.47,60,2025-01-03 23:47:05.252806664,Active
LOAN300098,CUST102303,Home,33892.82,10.13,240,2024-11-12 03:21:10.131500243,Active
LOAN300099,CUST102175,Student,30686.95,23.09,120,2021-04-30 15:37:51.822185040,Defaulted
LOAN300100,CUST101037,Personal,11708.48,9.36,48,2016-12-03 21:43:52.232624531,Closed
LOAN300101,CUST102283,Student,101689.88,13.45,48,2022-10-20 17:42:50.403011799,Defaulted
LOAN300102,CUST104093,Personal,138385.57,18.34,240,2018-12-30 23:29:04.838285685,Restructured
LOAN300103,CUST104075,Vehicle,10441.43,8.34,120,2026-02-03 20:48:58.829129696,Closed
LOAN300104,CUST101562,Home,82914.51,17.85,12,2025-12-20 17:35:25.878685951,Closed
LOAN300105,CUST100904,Vehicle,103784.25,19.51,84,2024-04-06 11:22:17.457421303,Active
LOAN300106,CUST100025,Home,11346.73,21.62,84,2016-08-30 09:03:43.695237637,Closed
LOAN300107,CUST100498,Student,199490.03,12.49,240,2025-06-07 16:24:06.734178782,Active
LOAN300108,CUST102513,Vehicle,107066.68,11.13,36,2016-05-07 08:18:10.944545984,Active
LOAN300109,CUST102952,Business,20734.48,24.5,12,2025-11-15 17:57:40.257477283,Active
LOAN300110,CUST101571,Personal,32311.02,14.43,36,2016-12-18 22:44:00.041052818,Defaulted
LOAN300111,CUST104607,Student,72708.87,13.03,12,2019-11-26 02:28:43.783300400,Active
LOAN300112,CUST104638,Vehicle,32531.25,10.13,12,2018-06-20 14:26:19.180991411,Closed
LOAN300113,CUST101425,Home,39772.42,17.44,84,2025-01-24 10:10:09.548410892,Active
LOAN300114,CUST101879,Vehicle,61478.36,24.85,84,2018-04-05 15:55:23.693799734,Closed
LOAN300115,CUST101184,Home,49099.42,17.24,12,2025-09-08 19:46:03.187505960,Active
LOAN300116,CUST101648,Vehicle,13967.83,,48,2021-10-14 04:11:43.380532026,Defaulted
LOAN300117,CUST102318,Home,19920.24,9.15,84,2019-01-05 23:14:01.558094740,Active
LOAN300118,CUST103390,Vehicle,18653.78,19.85,12,2021-02-19 00:52:41.448894739,Active
LOAN300119,CUST103313,Home,86134.62,12.89,48,2018-08-08 05:57:53.805300951,Active
LOAN300120,CUST100596,Business,66165.09,11.2,36,2016-12-31 09:52:19.573073387,Active
LOAN300121,CUST103713,Student,38716.7,12.99,240,2017-09-16 02:18:52.342706680,Active
LOAN300122,CUST102144,Student,25161.68,21.76,24,2018-01-15 12:05:36.040113688,Active
LOAN300123,CUST101140,Home,39015.03,9.89,84,2018-10-16 11:12:36.218253374,Closed
LOAN300124,CUST102786,Business,44560.37,9.41,12,2023-08-31 19:12:33.403257370,Defaulted
LOAN300125,CUST102688,Vehicle,7365.33,19.47,240,2019-04-09 14:57:33.193320036,Active
LOAN300126,CUST102980,Student,86839.68,13.01,84,2018-08-14 20:16:26.261725902,Active
LOAN300127,CUST102047,Student,156333.36,14.22,240,2021-12-02 11:35:06.760266781,Active
LOAN300128,CUST100581,Personal,35861.69,12.29,48,2023-01-12 01:33:07.042628765,Active
LOAN300129,CUST102279,Student,15056.01,8.62,12,2017-01-26 20:12:38.598033190,Active
LOAN300130,CUST101096,Home,11769.44,8.26,84,2024-05-15 23:17:38.562762737,Closed
LOAN300131,CUST103241,Business,86890.81,19.61,12,2017-06-18 13:45:45.205031872,Active
LOAN300132,CUST102269,Vehicle,5355.04,9.49,120,2019-09-03 14:46:20.147498131,Active
LOAN300133,CUST102131,Home,4469.18,23.4,24,2018-08-16 22:03:48.908112049,Closed
LOAN300134,CUST100403,Business,32759.25,14.55,84,2018-08-19 10:02:35.378314972,Active
LOAN300135,CUST102298,Home,67381.74,18.0,36,2025-09-13 06:41:16.070143938,Active
LOAN300136,CUST103382,Personal,75930.11,9.66,240,2018-06-18 12:42:49.744684458,Closed
LOAN300137,CUST100368,Home,24222.31,23.55,60,2023-02-18 02:54:36.646116972,Active
LOAN300138,CUST100607,Personal,56471.42,18.5,48,2019-12-23 10:40:06.018333673,Active
LOAN300139,CUST103597,Student,46841.2,11.45,12,2017-02-22 09:18:16.380199671,Restructured
LOAN300140,CUST102424,Vehicle,6648.02,18.39,24,2023-04-05 06:43:44.581526756,Active
LOAN300141,CUST102569,Vehicle,23257.56,17.1,36,2020-09-05 09:51:59.341123581,Active
LOAN300142,CUST103207,Student,62002.63,20.2,36,2020-09-25 13:59:48.884263039,Active
LOAN300143,CUST100894,Home,36022.88,19.16,84,2018-10-30 03:25:36.737869263,Active
LOAN300144,CUST101561,Student,37190.51,16.49,48,2018-12-09 17:52:55.309345722,Closed
LOAN300145,CUST100060,Vehicle,63907.66,15.67,60,2026-03-12 20:33:30.158114195,Defaulted
LOAN300146,CUST102470,Home,30441.02,24.28,60,2023-11-22 04:31:37.795536041,Defaulted
LOAN300147,CUST103293,Vehicle,18434.61,16.62,36,2017-08-27 09:01:41.431659937,Defaulted
LOAN300148,CUST103526,Personal,14640.99,19.88,48,2019-05-14 04:23:54.303795338,Active
LOAN300149,CUST103552,Business,57642.06,15.45,84,2016-08-28 14:46:26.359217405,Active
LOAN300150,CUST104921,Vehicle,101941.53,9.35,84,2025-08-05 16:04:02.855288982,Active
LOAN300151,CUST101836,Business,116748.45,24.11,48,2025-12-18 15:25:11.460206509,Active
LOAN300152,CUST104675,Home,27568.24,11.68,48,2022-09-15 02:43:44.684859514,Active
LOAN300153,CUST103788,Student,43072.55,15.49,120,2025-07-17 20:59:53.573380470,Active
LOAN300154,CUST100127,Business,59153.62,8.55,24,2018-11-09 16:13:52.923080921,Closed
LOAN300155,CUST103589,Business,10752.74,22.21,12,2023-07-19 22:18:27.080235958,Active
LOAN300156,CUST101097,Vehicle,4833.12,8.51,36,2020-09-13 15:05:36.822052717,Closed
LOAN300157,CUST104218,Business,170969.37,10.89,48,2018-10-15 21:47:34.214797974,Active
LOAN300158,CUST100855,Home,33724.84,10.45,240,2016-09-02 23:55:41.967652321,Closed
LOAN300159,CUST103876,Student,45689.2,11.38,48,2022-01-30 09:51:34.236190081,Closed
LOAN300160,CUST103165,Student,43445.13,23.86,84,2018-12-04 23:55:30.650976419,Closed
LOAN300161,CUST100588,Personal,18421.16,19.49,24,2022-03-15 16:23:40.952566862,Active
LOAN300162,CUST104072,Personal,355548.35,16.6,240,2025-04-20 10:54:07.044182301,Active
LOAN300163,CUST100027,Vehicle,14525.19,21.86,240,2019-12-13 09:17:19.634996653,Active
LOAN300164,CUST103462,Personal,4397.04,,120,2017-02-28 12:01:27.949561596,Closed
LOAN300165,CUST100277,Personal,39076.59,16.26,12,2024-07-23 11:08:21.744825363,Active
LOAN300166,CUST103980,Vehicle,1838.98,21.58,240,2021-10-13 22:32:32.982596636,Active
LOAN300167,CUST101867,Home,54550.98,14.27,60,2025-05-25 19:47:28.214936972,Closed
LOAN300168,CUST100311,Home,39522.35,21.99,120,2017-01-06 08:48:58.571558475,Active
LOAN300169,CUST104737,Home,31886.44,21.11,12,2024-02-27 05:00:43.565613031,Active
LOAN300170,CUST103987,Student,86054.09,20.9,120,2018-03-13 19:24:40.180521727,Closed
LOAN300171,CUST104907,Vehicle,18229.1,19.3,48,2020-11-10 18:08:07.995635509,Closed
LOAN300172,CUST104507,Home,62791.03,21.69,48,2022-04-18 14:07:02.245191813,Defaulted
LOAN300173,CUST104565,Student,23987.66,12.63,48,2020-08-24 11:51:33.372210026,Defaulted
LOAN300174,CUST100922,Vehicle,86270.34,10.14,240,2019-12-23 14:55:09.447910547,Active
LOAN300175,CUST103163,Student,92387.72,14.57,60,2016-03-10 11:24:37.385133982,Active
LOAN300176,CUST101768,Vehicle,142154.99,19.01,12,2023-11-27 11:04:07.450136662,Active
LOAN300177,CUST100938,Personal,39352.88,22.75,24,2024-06-07 09:42:24.915718794,Active
LOAN300178,CUST101853,Vehicle,340649.2,21.64,84,2020-03-19 02:12:29.164249420,Active
LOAN300179,CUST102378,Personal,11534.26,13.72,240,2016-10-20 21:37:46.003041506,Active
LOAN300180,CUST102727,Vehicle,29651.17,20.92,120,2023-11-25 10:49:38.349474192,Active
LOAN300181,CUST100306,Home,5377.67,24.57,84,2021-12-05 14:46:08.584292650,Active
LOAN300182,CUST104458,Student,44856.83,21.88,84,2021-08-31 05:02:47.086611509,Active
LOAN300183,CUST103023,Vehicle,24789.95,8.91,48,2020-12-15 02:46:29.551348209,Active
LOAN300184,CUST100059,Vehicle,29945.11,13.04,60,2019-10-16 21:41:08.050550699,Closed
LOAN300185,CUST103806,Business,5907.23,7.7,240,2021-10-13 21:34:45.025030136,Defaulted
LOAN300186,CUST104898,Business,45462.72,8.75,24,2024-06-23 06:40:19.729224443,Closed
LOAN300187,CUST102018,Personal,11106.23,13.62,36,2017-09-17 17:15:35.829451323,Active
LOAN300188,CUST101743,Student,80581.02,24.2,240,2019-09-21 00:57:11.035972357,Active
LOAN300189,CUST104115,Home,10411.91,9.81,48,2023-12-02 12:42:00.825619936,Active
LOAN300190,CUST100599,Home,41228.86,8.13,60,2018-02-23 00:34:55.395152807,Active
LOAN300191,CUST102391,Personal,17432.7,11.65,12,2018-11-16 08:12:41.894690990,Active
LOAN300192,CUST101231,Business,18511.57,23.61,12,2025-08-31 18:42:28.857681751,Active
LOAN300193,CUST102319,Business,41121.3,20.83,240,2020-01-09 01:22:08.728672981,Closed
LOAN300194,CUST101745,Personal,25405.82,22.31,48,2018-01-28 01:51:32.216734171,Active
LOAN300195,CUST102484,Home,117665.27,16.25,12,2018-10-15 09:10:39.334524155,Active
LOAN300196,CUST101926,Home,42718.1,23.2,48,2023-11-04 07:50:34.009938478,Active
LOAN300197,CUST101042,Student,73783.35,22.89,48,2023-12-13 23:09:09.158655405,Closed
LOAN300198,CUST101397,Business,45961.58,16.91,12,2016-11-15 00:30:18.639703989,Active
LOAN300199,CUST102211,Vehicle,42144.62,18.86,36,2021-10-12 20:43:26.795808315,Defaulted
LOAN300200,CUST100192,Personal,81973.88,13.57,84,2024-01-05 12:19:49.659919500,Defaulted
LOAN300201,CUST104674,Student,22455.88,9.92,120,2025-12-14 22:28:42.749618053,Active
LOAN300202,CUST101812,Student,129680.5,15.33,36,2020-07-21 13:43:06.660046339,Closed
LOAN300203,CUST100271,Student,11042.12,24.23,60,2024-04-29 06:12:49.208881140,Closed
LOAN300204,CUST101025,Vehicle,20178.11,20.24,84,2020-09-14 10:34:06.210852146,Active
LOAN300205,CUST100893,Student,33172.2,11.22,48,2021-12-31 02:35:46.346559525,Active
LOAN300206,CUST103834,Student,76980.22,13.4,12,2017-03-07 09:34:05.285992384,Closed
LOAN300207,CUST102763,Student,18108.77,,12,2021-06-24 10:38:38.646300316,Active
LOAN300208,CUST102164,Personal,6981.97,16.62,48,2019-07-12 09:52:09.668724537,Active
LOAN300209,CUST100836,Vehicle,51153.6,9.51,12,2023-06-27 01:34:20.766280413,Active
LOAN300210,CUST103804,Home,43225.64,22.57,36,2026-01-10 14:37:42.799717426,Closed
LOAN300211,CUST100825,Business,57194.61,15.26,48,2025-03-06 03:21:36.551669121,Active
LOAN300212,CUST100167,Business,119751.04,23.73,24,2021-05-08 19:10:34.284080744,Active
LOAN300213,CUST104660,Home,10469.13,20.2,84,2016-01-13 13:06:40.903082609,Active
LOAN300214,CUST103064,Vehicle,192635.5,22.26,240,2024-07-28 10:48:28.276668072,Active
LOAN300215,CUST103340,Vehicle,19848.51,19.52,240,2019-01-18 04:31:37.528895140,Active
LOAN300216,CUST104188,Vehicle,119982.8,21.07,84,2016-10-16 10:25:28.967819929,Restructured
LOAN300217,CUST100820,Business,38182.22,15.85,36,2018-03-17 13:33:17.389722347,Active
LOAN300218,CUST103450,Vehicle,10774.27,,24,2017-11-17 23:58:46.296051502,Defaulted
LOAN300219,CUST103101,Student,9512.11,12.64,240,2022-06-13 19:35:04.048365116,Closed
LOAN300220,CUST101439,Business,13562.49,13.94,240,2016-09-20 01:15:56.103502512,Active
LOAN300221,CUST101107,Vehicle,182537.48,14.69,240,2020-04-08 12:55:39.576462507,Active
LOAN300222,CUST103119,Student,86284.91,16.44,84,2021-05-10 22:05:57.807896852,Closed
LOAN300223,CUST101898,Business,17216.75,22.81,84,2017-06-17 17:49:31.451963186,Restructured
LOAN300224,CUST102060,Business,36792.78,,48,2024-11-28 20:03:10.191120863,Closed
LOAN300225,CUST104078,Business,16111.86,24.01,240,2019-04-11 00:00:11.405472279,Active
LOAN300226,CUST104850,Vehicle,42087.94,9.52,84,2019-04-08 23:47:04.804377556,Active
LOAN300227,CUST102149,Student,32597.65,17.15,60,2019-01-23 07:16:35.580452919,Closed
LOAN300228,CUST103559,Personal,12391.22,19.81,24,2020-12-16 06:56:47.399429083,Active
LOAN300229,CUST102682,Student,18390.39,14.95,24,2017-07-13 21:30:06.661948442,Active
LOAN300230,CUST100310,Student,30521.78,14.86,48,2017-05-21 04:56:25.373566866,Closed
LOAN300231,CUST102914,Student,11865.85,8.17,48,2016-02-03 18:54:33.699756145,Active
LOAN300232,CUST103873,Vehicle,16871.76,21.4,240,2025-08-08 04:12:19.633002043,Restructured
LOAN300233,CUST104037,Business,51055.75,11.82,12,2023-12-25 00:28:59.309825420,Active
LOAN300234,CUST102243,Business,43730.1,22.9,36,2024-04-03 10:18:06.267324685,Active
LOAN300235,CUST102642,Student,61908.06,9.65,120,2018-03-29 15:37:12.070898294,Active
LOAN300236,CUST101555,Student,25337.13,8.07,60,2020-03-26 20:35:21.987653494,Active
LOAN300237,CUST103960,Vehicle,5781.17,24.14,12,2023-09-11 04:14:45.180307150,Active
LOAN300238,CUST104488,Business,30726.47,19.43,12,2018-12-27 14:16:16.853253841,Active
LOAN300239,CUST100659,Vehicle,3695.49,21.75,48,2018-06-20 20:50:44.414829016,Active
LOAN300240,CUST103474,Personal,131022.87,17.75,60,2019-12-22 07:16:03.770839930,Defaulted
LOAN300241,CUST103595,Student,43211.53,13.02,24,2020-03-17 21:34:57.210508108,Active
LOAN300242,CUST100931,Student,89164.03,17.82,48,2016-08-18 06:27:51.307289839,Restructured
LOAN300243,CUST100549,Student,61300.63,11.58,48,2018-05-25 05:38:24.566370010,Closed
LOAN300244,CUST101347,Home,76909.96,,240,2025-12-01 16:54:54.814157486,Active
LOAN300245,CUST102434,Home,17440.13,20.8,36,2024-03-25 02:24:06.851682663,Active
LOAN300246,CUST100405,Personal,30792.84,21.94,24,2022-04-15 00:31:44.826025486,Active
LOAN300247,CUST103585,Student,2360.17,11.26,120,2017-06-22 01:54:36.329971790,Closed
LOAN300248,CUST102744,Personal,76073.05,16.09,36,2019-07-29 15:42:30.720082045,Active
LOAN300249,CUST100597,Student,8745.43,24.18,120,2020-06-03 12:11:41.872305155,Restructured
LOAN300250,CUST104004,Home,10289.38,8.03,24,2017-07-09 13:09:19.117655039,Active
LOAN300251,CUST102522,Vehicle,138200.9,20.57,48,2024-09-07 23:03:52.269675016,Active
LOAN300252,CUST103851,Home,89374.12,14.19,240,2021-10-04 09:56:41.918562889,Active
LOAN300253,CUST100319,Home,129112.86,15.17,24,2025-11-11 21:55:06.698912144,Active
LOAN300254,CUST102484,Home,8342.33,17.8,12,2024-12-23 10:15:20.544497728,Restructured
LOAN300255,CUST101680,Business,5955.23,11.2,24,2016-01-08 22:28:51.490708113,Closed
LOAN300256,CUST102586,Personal,5430.85,24.43,36,2026-01-22 09:25:54.355786085,Active
LOAN300257,CUST100074,Personal,77277.35,16.61,240,2017-06-20 04:50:45.829600573,Closed
LOAN300258,CUST104956,Student,51548.2,18.36,240,2017-05-16 23:04:55.175660133,Active
LOAN300259,CUST100858,Vehicle,25198.13,12.45,60,2016-07-14 22:30:33.391824484,Closed
LOAN300260,CUST102460,Business,4884.93,18.3,24,2016-11-18 20:51:44.732271671,Defaulted
LOAN300261,CUST101975,Vehicle,26339.11,14.62,12,2023-03-05 05:11:35.146023512,Defaulted
LOAN300262,CUST104684,Student,10203.24,21.49,48,2018-12-23 20:25:49.660778046,Active
LOAN300263,CUST101153,Student,40734.92,13.38,36,2023-03-22 14:59:59.419872522,Active
LOAN300264,CUST100268,Vehicle,25176.43,18.6,84,2024-07-02 07:12:10.464366436,Active
LOAN300265,CUST103784,Personal,18741.47,9.32,120,2019-04-05 07:09:27.733541727,Active
LOAN300266,CUST101256,Business,1311.98,13.3,60,2023-07-18 10:48:01.502365588,Closed
LOAN300267,CUST103270,Business,27628.95,8.39,120,2024-08-13 06:41:34.943869114,Closed
LOAN300268,CUST104875,Personal,53481.15,11.05,60,2023-01-29 21:57:09.918649912,Active
LOAN300269,CUST103171,Vehicle,109671.33,21.1,48,2021-12-20 00:27:01.174674988,Active
LOAN300270,CUST103254,Student,31374.82,23.18,84,2025-06-17 15:58:38.333488226,Closed
LOAN300271,CUST104506,Personal,14312.23,24.87,84,2022-03-16 13:13:55.885839462,Closed
LOAN300272,CUST101432,Vehicle,83081.01,11.61,48,2019-01-02 01:02:35.442911148,Closed
LOAN300273,CUST100179,Student,487948.58,22.88,84,2020-08-12 18:02:44.346305370,Defaulted
LOAN300274,CUST101984,Vehicle,52834.5,23.43,24,2022-09-14 06:39:38.312045336,Defaulted
LOAN300275,CUST104544,Vehicle,33134.02,10.02,48,2024-03-04 01:53:22.854551554,Closed
LOAN300276,CUST102252,Business,104495.15,20.3,120,2022-11-16 10:52:51.731640816,Closed
LOAN300277,CUST104093,Home,52348.12,22.02,240,2017-08-17 08:26:02.573461533,Active
LOAN300278,CUST100649,Personal,17792.59,8.58,36,2019-06-29 15:30:33.516332865,Closed
LOAN300279,CUST101717,Student,6145.44,17.75,12,2021-03-12 14:40:34.567320585,Active
LOAN300280,CUST104038,Vehicle,186742.06,23.72,48,2025-09-09 23:10:53.625344276,Closed
LOAN300281,CUST103558,Vehicle,35672.05,17.23,84,2025-07-02 06:09:40.193310738,Closed
LOAN300282,CUST101507,Business,64700.64,17.56,48,2016-12-16 21:17:26.134880781,Defaulted
LOAN300283,CUST102331,Personal,31262.94,15.25,48,2021-06-28 01:54:11.649851322,Closed
LOAN300284,CUST100302,Student,67120.98,13.18,120,2023-04-08 23:55:33.543025017,Closed
LOAN300285,CUST104949,Personal,32229.17,22.95,48,2024-01-17 01:14:59.566775799,Active
LOAN300286,CUST100405,Business,31760.16,11.54,240,2024-10-11 18:10:08.392574310,Active
LOAN300287,CUST103013,Personal,33148.29,24.02,60,2025-08-15 06:46:35.454851151,Closed
LOAN300288,CUST103644,Business,8206.98,19.72,240,2022-02-16 03:07:23.646228552,Active
LOAN300289,CUST104459,Student,20858.46,12.41,240,2016-05-01 11:28:43.849637747,Defaulted
LOAN300290,CUST102051,Vehicle,68592.32,10.04,84,2019-04-20 04:33:57.507225990,Closed
LOAN300291,CUST100948,Student,296361.96,18.7,240,2017-08-13 07:38:39.080874443,Active
LOAN300292,CUST100654,Business,100098.81,7.89,84,2019-06-18 08:24:49.789313316,Closed
LOAN300293,CUST101728,Home,18340.75,14.77,84,2023-04-09 13:57:57.089393854,Active
LOAN300294,CUST103693,Home,32385.79,7.66,60,2020-08-18 00:35:46.307631731,Closed
LOAN300295,CUST100116,Home,194273.87,10.1,36,2023-05-04 22:00:49.430557251,Active
LOAN300296,CUST100521,Home,7300.54,8.36,36,2023-06-25 02:04:04.801454782,Active
LOAN300297,CUST102290,Home,53973.16,11.24,240,2017-06-22 22:37:32.033459663,Closed
LOAN300298,CUST101949,Vehicle,49789.93,9.38,84,2021-03-05 14:13:17.464516401,Defaulted
LOAN300299,CUST103608,Home,46979.29,21.96,120,2025-02-26 12:19:25.591446638,Closed
LOAN300300,CUST102242,Personal,9004.8,20.21,36,2025-05-02 09:20:08.857624292,Closed
LOAN300301,CUST103206,Personal,98542.69,24.05,60,2024-01-14 12:37:33.664229631,Active
LOAN300302,CUST101262,Home,18910.9,23.01,36,2018-06-22 13:42:25.329250574,Active
LOAN300303,CUST100205,Personal,47036.9,14.65,12,2021-08-12 06:01:25.549214840,Active
LOAN300304,CUST100987,Personal,7540.27,14.17,48,2018-05-16 22:19:48.176329374,Closed
LOAN300305,CUST102470,Home,44899.23,10.5,24,2021-12-24 01:46:10.449364662,Closed
LOAN300306,CUST102153,Vehicle,13027.54,8.89,240,2021-11-13 09:30:56.087058306,Active
LOAN300307,CUST104908,Business,114856.55,15.49,12,2019-10-20 04:38:41.607408524,Active
LOAN300308,CUST102873,Student,10549.29,16.35,120,2016-07-23 20:03:30.050290346,Active
LOAN300309,CUST104058,Personal,43706.9,16.19,12,2024-06-29 21:00:54.746587753,Active
LOAN300310,CUST104242,Business,53510.49,16.26,12,2022-11-06 13:18:04.049052715,Defaulted
LOAN300311,CUST104446,Business,41227.39,13.12,36,2017-10-05 00:15:26.334718466,Active
LOAN300312,CUST100852,Student,238611.56,14.7,240,2019-12-22 07:56:05.124135971,Closed
LOAN300313,CUST102886,Personal,15306.15,24.52,24,2016-11-08 08:51:10.351956606,Closed
LOAN300314,CUST100939,Business,49972.95,21.56,12,2026-02-06 05:39:54.598342419,Closed
LOAN300315,CUST100008,Student,54133.69,8.49,240,2023-03-21 15:32:34.655280352,Defaulted
LOAN300316,CUST101293,Vehicle,47945.64,9.13,84,2024-05-26 11:31:41.862528086,Closed
LOAN300317,CUST104179,Business,104403.96,23.98,36,2017-03-03 10:16:26.754442215,Active
LOAN300318,CUST102816,Vehicle,36908.44,18.98,60,2023-07-21 22:54:38.529530764,Active
LOAN300319,CUST104615,Vehicle,16271.93,19.02,120,2018-01-08 22:17:40.181202650,Active
LOAN300320,CUST103362,Home,73028.03,16.61,24,2017-11-16 05:14:38.036163092,Active
LOAN300321,CUST102647,Vehicle,19156.01,12.56,60,2024-03-06 17:42:36.939101219,Closed
LOAN300322,CUST101652,Business,152281.99,24.68,36,2019-03-06 00:17:16.284057140,Active
LOAN300323,CUST100991,Business,26767.02,17.1,48,2020-06-11 13:03:32.378498793,Active
LOAN300324,CUST101008,Student,26610.44,16.1,12,2026-05-21 22:19:13.025084257,Active
LOAN300325,CUST100940,Personal,14495.18,23.97,240,2017-04-03 08:16:51.293285370,Defaulted
LOAN300326,CUST103217,Vehicle,17654.13,14.82,36,2022-04-15 15:07:51.931000471,Closed
LOAN300327,CUST104733,Business,14937.33,14.94,48,2018-03-26 16:13:01.277751446,Active
LOAN300328,CUST102769,Personal,25242.85,24.19,12,2017-02-11 04:56:47.379308701,Closed
LOAN300329,CUST100471,Business,26801.88,9.09,60,2021-11-02 13:13:24.861435413,Active
LOAN300330,CUST102306,Personal,19533.48,10.59,12,2025-02-11 15:11:48.365317822,Active
LOAN300331,CUST104320,Home,118110.86,23.28,240,2025-06-29 14:12:16.821289062,Active
LOAN300332,CUST103609,Vehicle,16638.0,17.04,12,2024-04-24 15:48:43.790898323,Active
LOAN300333,CUST101779,Personal,66051.83,8.36,84,2024-10-16 08:18:33.479275227,Closed
LOAN300334,CUST102613,Student,59690.62,9.6,84,2017-08-22 13:34:51.142778635,Closed
LOAN300335,CUST103634,Business,62560.88,11.68,120,2026-01-02 09:23:38.482264042,Closed
LOAN300336,CUST100307,Student,6023.12,20.26,240,2017-09-06 05:42:14.774381161,Active
LOAN300337,CUST103715,Personal,6767.37,13.68,60,2021-11-06 13:57:14.230598688,Active
LOAN300338,CUST100196,Home,29164.61,15.48,60,2023-06-24 04:32:13.141490459,Closed
LOAN300339,CUST103646,Business,16758.75,17.9,12,2024-09-14 17:11:18.421628237,Closed
LOAN300340,CUST100654,Vehicle,161756.96,20.8,48,2024-09-24 03:42:35.569397926,Active
LOAN300341,CUST101269,Home,84034.97,14.11,240,2025-02-20 10:31:31.802591324,Active
LOAN300342,CUST100390,Vehicle,103608.24,18.84,12,2020-12-05 20:08:33.837934732,Defaulted
LOAN300343,CUST103916,Business,20748.9,16.65,84,2021-05-07 12:00:58.580780745,Active
LOAN300344,CUST102387,Personal,42508.81,13.31,12,2022-06-12 05:13:17.474148273,Active
LOAN300345,CUST100693,Student,34374.19,23.47,60,2023-03-26 22:15:52.558691025,Active
LOAN300346,CUST100263,Home,52538.63,9.21,24,2017-03-17 08:13:29.599647999,Closed
LOAN300347,CUST100993,Student,114207.88,11.15,240,2022-06-06 19:45:20.140119791,Closed
LOAN300348,CUST103699,Student,39660.52,19.36,240,2024-06-20 21:06:44.772140026,Closed
LOAN300349,CUST104025,Vehicle,22753.56,14.57,120,2024-02-08 12:13:39.919710636,Closed
LOAN300350,CUST104691,Home,80199.57,7.51,36,2025-04-06 21:21:15.813840151,Closed
LOAN300351,CUST104658,Personal,62137.53,7.88,12,2024-09-23 05:56:27.118814468,Restructured
LOAN300352,CUST102566,Personal,48163.22,10.59,48,2018-06-10 11:04:02.186494589,Active
LOAN300353,CUST101256,Student,24719.16,16.89,36,2017-08-27 01:41:10.432596207,Active
LOAN300354,CUST102811,Home,14665.74,7.64,24,2016-02-09 05:00:44.456860542,Closed
LOAN300355,CUST103778,Personal,4400.99,23.21,36,2021-11-12 11:42:06.568052292,Active
LOAN300356,CUST100015,Student,48402.19,15.65,36,2023-04-15 15:04:33.137208700,Active
LOAN300357,CUST104873,Business,22577.18,,240,2026-04-01 04:33:57.120222092,Closed
LOAN300358,CUST100180,Vehicle,48520.19,20.29,120,2016-03-24 13:06:19.129168987,Closed
LOAN300359,CUST104284,Vehicle,17503.2,14.2,120,2020-09-03 16:35:08.351852894,Active
LOAN300360,CUST100055,Personal,39581.06,22.8,24,2018-04-12 03:21:53.851056814,Closed
LOAN300361,CUST102877,Personal,65100.54,17.54,36,2019-07-11 00:06:24.858990908,Closed
LOAN300362,CUST101913,Home,10418.8,21.7,60,2024-01-19 13:22:49.460138798,Active
LOAN300363,CUST101581,Home,10921.82,14.88,12,2019-04-03 11:33:41.640310764,Active
LOAN300364,CUST103889,Vehicle,65677.69,8.84,36,2022-05-10 03:07:46.419683218,Defaulted
LOAN300365,CUST104535,Business,140333.52,15.53,24,2025-12-26 16:39:11.390508890,Closed
LOAN300366,CUST101498,Personal,12795.0,9.37,24,2018-03-21 08:10:20.348693371,Active
LOAN300367,CUST103906,Home,21203.49,12.65,24,2019-10-12 16:12:15.064925671,Defaulted
LOAN300368,CUST103504,Business,34389.43,,48,2017-07-23 15:29:35.150952816,Active
LOAN300369,CUST104313,Business,34895.29,21.85,84,2023-06-21 11:06:57.282049417,Active
LOAN300370,CUST101756,Vehicle,95584.94,24.87,60,2024-11-03 21:35:30.331397295,Active
LOAN300371,CUST103179,Business,28905.19,15.15,84,2021-12-10 08:31:49.806783199,Active
LOAN300372,CUST102762,Personal,40314.3,21.06,48,2026-02-20 20:55:34.826423168,Defaulted
LOAN300373,CUST103760,Home,59710.9,10.18,60,2024-12-03 06:42:37.892628193,Active
LOAN300374,CUST103880,Student,4140.44,19.45,84,2024-04-24 02:28:53.407956362,Closed
LOAN300375,CUST100642,Home,45357.3,20.48,84,2024-08-08 14:05:45.893517971,Active
LOAN300376,CUST102929,Vehicle,33718.62,22.58,60,2024-01-02 08:48:05.449190617,Closed
LOAN300377,CUST102364,Student,67011.03,22.57,84,2023-10-13 11:48:14.076470137,Closed
LOAN300378,CUST101261,Business,205256.99,16.0,12,2020-03-07 07:28:50.099729300,Defaulted
LOAN300379,CUST101425,Vehicle,15319.38,13.24,12,2020-10-14 05:07:04.866719961,Closed
LOAN300380,CUST100397,Student,9647.48,11.22,120,2021-06-18 14:36:09.498728991,Restructured
LOAN300381,CUST101402,Home,5840.71,22.38,60,2018-09-06 02:23:26.392441988,Active
LOAN300382,CUST103034,Home,15211.92,16.96,120,2022-03-17 01:05:17.549890757,Closed
LOAN300383,CUST100048,Student,104113.86,24.57,36,2026-05-04 00:30:51.184672117,Active
LOAN300384,CUST100512,Vehicle,32417.12,11.67,84,2017-08-03 20:53:56.355948925,Closed
LOAN300385,CUST104825,Personal,18668.66,23.16,120,2023-01-05 12:50:09.557057858,Active
LOAN300386,CUST101215,Business,18555.32,11.7,84,2024-02-12 13:48:52.177452326,Active
LOAN300387,CUST104632,Personal,26811.18,12.91,84,2022-11-04 00:01:19.707237959,Active
LOAN300388,CUST101703,Personal,7184.24,22.02,84,2016-09-07 12:26:30.544982910,Active
LOAN300389,CUST100328,Business,24634.57,22.26,84,2022-02-10 16:55:21.713883400,Closed
LOAN300390,CUST102962,Business,78816.32,24.8,12,2022-01-08 20:14:27.136699915,Defaulted
LOAN300391,CUST103589,Student,38649.58,13.47,60,2017-04-26 16:27:16.395036697,Active
LOAN300392,CUST104399,Home,66795.13,10.93,84,2024-10-30 14:02:16.435129166,Active
LOAN300393,CUST102804,Business,49657.17,10.0,12,2018-11-10 15:44:20.035759687,Active
LOAN300394,CUST103259,Personal,67211.55,15.7,24,2023-02-21 04:43:48.514822960,Active
LOAN300395,CUST104529,Business,9679.8,7.67,120,2022-10-06 19:43:57.256639242,Active
LOAN300396,CUST102136,Business,54620.32,24.35,12,2026-01-27 15:08:12.661637783,Closed
LOAN300397,CUST102355,Home,55530.66,19.06,36,2016-09-12 18:43:40.167465687,Active
LOAN300398,CUST104693,Business,56827.53,12.83,60,2018-05-25 02:31:31.937886477,Active
LOAN300399,CUST100063,Business,35853.84,14.5,84,2025-04-03 00:04:20.014125824,Active
LOAN300400,CUST100468,Personal,107149.93,14.82,48,2023-09-23 06:44:47.471467733,Active
LOAN300401,CUST100309,Student,47217.54,13.62,12,2026-05-26 12:10:06.867369413,Active
LOAN300402,CUST102792,Home,29816.8,12.74,48,2019-01-08 12:01:28.753268242,Active
LOAN300403,CUST100439,Business,11129.04,9.88,36,2020-02-24 22:27:09.086171627,Active
LOAN300404,CUST104893,Vehicle,16976.71,13.16,84,2019-05-06 09:24:43.430505991,Closed
LOAN300405,CUST102986,Vehicle,53702.33,20.83,48,2020-10-27 14:30:28.210459709,Active
LOAN300406,CUST104423,Vehicle,51121.1,13.76,240,2021-04-06 08:56:58.654918194,Active
LOAN300407,CUST102793,Business,15713.08,13.35,12,2021-10-16 14:02:18.912560940,Closed
LOAN300408,CUST103309,Personal,27917.01,13.66,48,2024-11-12 18:03:11.313795328,Active
LOAN300409,CUST100784,Business,39708.73,20.35,84,2022-07-25 20:07:55.685930967,Active
LOAN300410,CUST100577,Business,53881.93,20.43,120,2022-02-27 20:58:30.042593002,Closed
LOAN300411,CUST101584,Student,24214.68,15.56,24,2016-04-14 21:57:48.414726734,Restructured
LOAN300412,CUST100537,Business,63664.91,11.03,12,2018-10-21 20:42:43.809006214,Active
LOAN300413,CUST104874,Student,80378.47,23.65,36,2024-05-10 00:49:38.282543898,Closed
LOAN300414,CUST101869,Vehicle,53560.99,19.7,120,2023-04-06 02:28:51.798591614,Active
LOAN300415,CUST103692,Student,77864.35,21.83,36,2021-02-06 19:11:32.687931061,Active
LOAN300416,CUST103946,Business,61218.19,16.03,48,2025-11-26 10:25:34.436026812,Active
LOAN300417,CUST101188,Home,51901.69,19.06,12,2020-10-22 00:22:31.471273899,Closed
LOAN300418,CUST102375,Student,10790.34,22.12,12,2024-05-14 00:06:08.487508059,Active
LOAN300419,CUST100099,Student,79127.19,10.17,24,2020-05-13 09:47:47.548651934,Defaulted
LOAN300420,CUST102454,Personal,52180.15,15.12,12,2020-08-21 00:40:56.000379801,Active
LOAN300421,CUST104496,Personal,144512.38,12.7,12,2019-03-26 21:51:10.112222672,Closed
LOAN300422,CUST101070,Business,35837.24,12.05,12,2019-11-05 19:19:02.301188469,Active
LOAN300423,CUST102338,Student,35872.98,21.15,240,2024-10-29 06:11:34.049071789,Active
LOAN300424,CUST102594,Personal,22659.48,15.82,48,2023-05-17 01:38:21.172055960,Active
LOAN300425,CUST101527,Vehicle,183077.56,11.01,48,2020-03-29 05:14:41.634059906,Active
LOAN300426,CUST102381,Personal,32388.0,15.73,24,2017-04-21 09:25:18.141766787,Closed
LOAN300427,CUST104230,Vehicle,3343.15,16.78,240,2017-07-13 09:12:41.754156113,Active
LOAN300428,CUST101234,Home,29343.68,15.25,48,2025-05-16 11:53:43.394832850,Active
LOAN300429,CUST100989,Student,13588.3,21.62,84,2020-06-10 06:53:21.821767092,Closed
LOAN300430,CUST101384,Business,28931.66,18.97,48,2016-12-03 03:59:20.701313496,Active
LOAN300431,CUST102553,Student,18268.52,17.85,240,2018-02-03 00:13:58.202265739,Defaulted
LOAN300432,CUST102866,Home,44735.12,9.05,84,2025-01-15 05:00:09.483920336,Defaulted
LOAN300433,CUST100005,Home,95348.37,19.11,48,2016-04-07 05:55:48.187218189,Active
LOAN300434,CUST102889,Student,38549.64,21.58,48,2020-08-11 11:53:23.629847527,Active
LOAN300435,CUST101406,Business,50304.57,11.76,120,2016-05-11 03:53:56.128536939,Active
LOAN300436,CUST100075,Business,17256.57,15.36,84,2020-08-20 10:43:37.582734346,Active
LOAN300437,CUST103116,Vehicle,87230.9,8.72,12,2020-04-05 23:44:09.210854292,Active
LOAN300438,CUST101467,Business,14223.51,11.58,36,2025-02-10 19:57:33.027960777,Defaulted
LOAN300439,CUST103308,Home,47341.97,8.92,84,2016-07-30 15:36:35.659222603,Active
LOAN300440,CUST100365,Student,57424.31,20.0,60,2026-04-10 09:51:05.265995026,Active
LOAN300441,CUST100972,Home,94019.24,13.38,36,2026-01-15 20:52:53.542271137,Closed
LOAN300442,CUST100099,Vehicle,30496.74,21.19,12,2020-12-20 02:03:04.696678162,Active
LOAN300443,CUST103186,Vehicle,71896.54,12.58,24,2018-09-04 07:08:59.358353615,Active
LOAN300444,CUST104871,Home,56868.45,12.41,60,2022-01-06 07:39:37.335715532,Active
LOAN300445,CUST104030,Home,79341.36,14.69,240,2020-05-01 05:00:48.094234943,Active
LOAN300446,CUST101254,Vehicle,75169.76,,12,2023-08-26 06:08:30.637903929,Closed
LOAN300447,CUST103263,Student,23382.32,17.12,60,2020-12-05 00:29:27.548752785,Closed
LOAN300448,CUST101446,Vehicle,34738.76,10.27,48,2025-07-15 13:03:14.187084436,Defaulted
LOAN300449,CUST100716,Vehicle,218012.19,7.58,36,2020-08-02 13:34:43.084030151,Active
LOAN300450,CUST100600,Student,18144.46,17.34,48,2021-08-07 16:07:08.888607979,Closed
LOAN300451,CUST104568,Personal,26438.87,15.61,240,2018-10-06 11:58:17.238958597,Active
LOAN300452,CUST101521,Personal,169563.83,13.83,24,2020-06-15 05:27:53.183720112,Closed
LOAN300453,CUST100633,Business,26400.67,16.87,48,2022-03-28 07:29:36.824668407,Closed
LOAN300454,CUST103446,Home,56466.4,8.58,60,2022-06-14 02:54:52.866131306,Closed
LOAN300455,CUST102324,Vehicle,25047.43,11.52,60,2025-06-07 16:55:09.829276323,Active
LOAN300456,CUST102992,Personal,22719.0,16.81,12,2016-09-30 19:07:01.715045452,Active
LOAN300457,CUST104194,Student,10587.96,16.78,12,2021-04-13 03:52:24.017222404,Closed
LOAN300458,CUST102242,Student,29733.32,11.87,60,2025-09-19 03:26:26.245742798,Active
LOAN300459,CUST103479,Business,63820.0,8.37,24,2022-10-30 20:34:03.331019402,Active
LOAN300460,CUST101511,Personal,30797.05,14.53,48,2020-04-22 10:28:16.549465656,Closed
LOAN300461,CUST103137,Personal,21265.78,22.16,36,2024-10-02 23:56:14.255389929,Closed
LOAN300462,CUST100504,Business,106327.45,14.09,240,2019-11-16 16:48:32.724471569,Active
LOAN300463,CUST103202,Home,8779.17,15.84,36,2021-04-15 22:55:34.869932175,Closed
LOAN300464,CUST102667,Student,8247.43,19.79,240,2021-07-07 01:39:32.606075048,Closed
LOAN300465,CUST104327,Business,170492.6,15.77,60,2025-11-27 12:04:52.280864239,Active
LOAN300466,CUST103118,Vehicle,108798.82,15.46,60,2023-10-26 15:59:34.670617819,Active
LOAN300467,CUST100661,Vehicle,144638.78,24.13,24,2025-07-20 12:33:46.623645306,Active
LOAN300468,CUST103562,Student,4944.05,23.17,240,2019-04-03 00:53:45.196324587,Closed
LOAN300469,CUST102409,Student,15222.65,18.6,36,2025-05-19 11:01:28.222481251,Active
LOAN300470,CUST104147,Personal,9796.47,24.03,60,2021-02-19 18:04:42.594493866,Active
LOAN300471,CUST100219,Student,28067.85,8.7,48,2022-10-26 22:27:58.730037212,Active
LOAN300472,CUST101408,Home,38798.12,17.43,60,2017-04-14 21:02:43.704919100,Closed
LOAN300473,CUST101399,Vehicle,35204.75,8.84,60,2021-07-20 12:25:03.623203278,Active
LOAN300474,CUST102685,Personal,63763.09,13.37,120,2020-08-13 16:48:45.023185730,Closed
LOAN300475,CUST101364,Student,26549.86,18.16,48,2018-01-08 13:29:00.129154682,Closed
LOAN300476,CUST101746,Personal,138166.57,15.42,240,2019-07-31 01:52:04.922615290,Closed
LOAN300477,CUST100194,Vehicle,37915.9,12.06,240,2020-11-05 10:26:50.693248034,Defaulted
LOAN300478,CUST103889,Business,42214.07,24.64,240,2016-11-12 17:20:04.516074181,Active
LOAN300479,CUST100729,Vehicle,223651.45,18.62,36,2023-03-01 21:24:49.553924084,Active
LOAN300480,CUST104955,Business,65488.58,13.78,84,2022-02-16 10:46:18.238894224,Defaulted
LOAN300481,CUST101999,Student,48066.41,12.76,12,2025-01-18 03:28:36.236489296,Defaulted
LOAN300482,CUST103339,Business,38912.2,10.7,240,2025-11-13 21:35:39.015866041,Restructured
LOAN300483,CUST101767,Home,27802.93,22.41,48,2025-11-08 05:10:13.407761335,Active
LOAN300484,CUST102356,Home,18260.01,11.63,120,2025-05-04 19:31:09.895449638,Active
LOAN300485,CUST100615,Personal,101339.13,14.2,36,2020-06-21 13:08:04.393323898,Active
LOAN300486,CUST101702,Home,48333.03,8.37,48,2023-04-22 01:34:30.592847586,Closed
LOAN300487,CUST104839,Personal,12288.46,7.99,84,2016-02-18 08:32:38.468375444,Active
LOAN300488,CUST103375,Student,82290.17,22.93,84,2020-01-08 10:44:25.947356462,Active
LOAN300489,CUST102087,Personal,67338.35,15.94,48,2018-05-28 00:21:03.382365227,Active
LOAN300490,CUST100665,Vehicle,29760.73,17.73,240,2020-04-25 09:31:47.860692501,Closed
LOAN300491,CUST104264,Personal,63191.93,7.67,240,2020-11-05 23:01:04.828829527,Closed
LOAN300492,CUST102633,Business,6797.07,24.62,60,2020-03-02 18:56:41.511528491,Active
LOAN300493,CUST102998,Vehicle,15795.27,11.18,48,2018-01-09 12:01:57.269636869,Active
LOAN300494,CUST100822,Personal,26074.29,12.25,48,2022-09-01 10:23:33.823314428,Active
LOAN300495,CUST101657,Vehicle,68798.14,16.53,84,2025-11-09 15:02:27.904499531,Active
LOAN300496,CUST100703,Home,45536.68,19.22,120,2021-06-24 19:49:19.319069624,Active
LOAN300497,CUST102308,Vehicle,23807.94,15.0,60,2022-03-20 08:16:21.539472103,Active
LOAN300498,CUST102080,Business,12578.54,22.74,60,2020-12-23 14:59:27.383141518,Active
LOAN300499,CUST103868,Vehicle,10883.13,7.55,12,2026-05-14 21:17:07.437125206,Active
LOAN300500,CUST100851,Vehicle,25419.76,9.93,60,2017-06-16 01:41:05.426810503,Active
LOAN300501,CUST104412,Home,40820.31,24.45,240,2024-03-16 17:20:02.450105667,Closed
LOAN300502,CUST103440,Vehicle,30704.47,8.77,48,2016-09-11 09:19:17.624798059,Active
LOAN300503,CUST100596,Personal,85016.81,13.68,240,2023-11-05 05:56:08.661149502,Restructured
LOAN300504,CUST104219,Vehicle,49329.79,23.33,24,2021-01-10 12:53:24.069975138,Active
LOAN300505,CUST101324,Business,89575.34,15.31,120,2023-05-31 04:50:15.871241093,Active
LOAN300506,CUST103682,Home,38103.69,12.72,120,2021-12-05 06:29:21.766915083,Active
LOAN300507,CUST102187,Vehicle,18626.86,14.51,60,2018-05-14 01:24:39.366924286,Active
LOAN300508,CUST100259,Business,48868.13,17.78,24,2020-04-08 05:43:13.078546762,Active
LOAN300509,CUST104631,Home,31155.41,8.79,24,2021-11-27 05:41:05.983315945,Active
LOAN300510,CUST102011,Home,29695.47,13.73,60,2022-02-19 07:08:49.074385405,Active
LOAN300511,CUST101096,Vehicle,33933.34,9.01,84,2021-05-05 06:50:09.290416718,Active
LOAN300512,CUST100773,Home,16230.64,22.61,36,2023-03-13 12:53:03.808929682,Active
LOAN300513,CUST101114,Personal,21772.85,8.04,12,2018-06-14 16:39:10.332342625,Active
LOAN300514,CUST104435,Student,7468.52,21.69,60,2017-11-24 00:06:02.216932774,Active
LOAN300515,CUST101752,Personal,23987.59,19.82,120,2022-05-13 20:39:04.465707541,Defaulted
LOAN300516,CUST103986,Business,69253.1,21.55,12,2023-01-25 03:31:01.228817940,Active
LOAN300517,CUST103441,Personal,11052.47,18.95,24,2017-06-21 22:12:25.690331221,Active
LOAN300518,CUST102735,Business,9343.87,24.17,60,2016-10-21 05:42:12.080696344,Active
LOAN300519,CUST100159,Business,44115.2,22.19,36,2018-06-16 10:50:43.020381689,Closed
LOAN300520,CUST104489,Vehicle,50607.22,13.06,120,2017-05-25 05:13:30.153345823,Closed
LOAN300521,CUST104544,Vehicle,40460.48,15.57,84,2020-11-15 13:07:31.503818512,Active
LOAN300522,CUST101300,Business,83126.5,20.37,84,2021-07-04 14:16:22.710801363,Defaulted
LOAN300523,CUST103872,Vehicle,22770.02,22.7,36,2018-08-10 07:34:32.244586468,Active
LOAN300524,CUST101551,Student,123819.08,21.11,48,2024-07-26 05:21:01.456520796,Active
LOAN300525,CUST103303,Personal,146292.81,23.57,12,2023-09-25 08:52:15.182949305,Closed
LOAN300526,CUST104064,Home,31380.32,21.42,84,2016-01-15 09:21:42.953130960,Closed
LOAN300527,CUST104952,Vehicle,19107.07,24.02,240,2019-01-28 22:33:29.040921926,Defaulted
LOAN300528,CUST103039,Student,40006.9,9.61,84,2018-10-31 22:40:31.715306759,Active
LOAN300529,CUST104972,Personal,198049.41,15.65,120,2026-03-17 13:49:28.575749874,Active
LOAN300530,CUST103781,Student,48682.4,20.31,24,2024-09-22 17:23:16.681236506,Active
LOAN300531,CUST102091,Business,28233.96,10.15,84,2018-11-20 09:21:00.148108721,Active
LOAN300532,CUST100585,Personal,54110.07,20.88,84,2023-07-31 06:47:44.023098469,Closed
LOAN300533,CUST101688,Personal,49303.59,9.09,12,2019-11-09 07:06:34.139795065,Active
LOAN300534,CUST104040,Vehicle,47088.65,13.52,48,2016-09-15 15:14:31.977094412,Restructured
LOAN300535,CUST102019,Vehicle,55172.23,9.21,120,2017-06-18 00:58:48.901022673,Active
LOAN300536,CUST101623,Student,69903.78,19.32,240,2025-11-08 19:49:02.345243692,Restructured
LOAN300537,CUST100105,Vehicle,64229.27,9.13,36,2024-09-09 19:49:08.468884230,Restructured
LOAN300538,CUST102181,Business,15680.42,8.42,240,2016-06-01 02:06:41.389050484,Active
LOAN300539,CUST100480,Student,14748.04,21.29,12,2025-02-13 22:10:09.777229071,Active
LOAN300540,CUST102279,Personal,54209.13,22.2,84,2018-09-29 14:35:30.851159573,Closed
LOAN300541,CUST100539,Home,51356.94,13.57,84,2023-09-24 09:16:09.671123266,Closed
LOAN300542,CUST104009,Business,59286.14,13.4,120,2024-01-15 09:20:21.143289566,Closed
LOAN300543,CUST102129,Home,36725.29,23.97,120,2022-09-29 16:52:33.426906347,Active
LOAN300544,CUST100790,Student,50224.74,9.21,60,2017-07-10 13:41:59.754939318,Active
LOAN300545,CUST102811,Student,60752.21,13.18,36,2025-06-10 15:47:53.872821093,Active
LOAN300546,CUST104858,Vehicle,64094.67,15.94,36,2026-04-20 17:09:19.111255646,Defaulted
LOAN300547,CUST102823,Personal,13422.04,21.81,84,2025-08-20 06:08:22.564769983,Defaulted
LOAN300548,CUST100861,Business,79501.78,24.39,12,2019-02-25 08:33:40.564917326,Active
LOAN300549,CUST101321,Personal,61749.56,9.29,48,2017-08-24 20:54:43.883472204,Active
LOAN300550,CUST102216,Business,314335.81,24.53,24,2024-08-12 20:51:20.353630543,Closed
LOAN300551,CUST100565,Vehicle,21505.4,8.87,120,2024-10-15 13:29:29.508132935,Active
LOAN300552,CUST100735,Student,48292.19,22.15,24,2017-02-01 14:14:14.122985125,Active
LOAN300553,CUST100694,Vehicle,31630.06,24.02,24,2018-04-13 15:40:20.486133099,Active
LOAN300554,CUST101151,Home,21745.13,11.19,60,2024-10-01 19:30:49.455945253,Restructured
LOAN300555,CUST101857,Vehicle,9354.4,11.96,24,2023-04-18 03:29:14.229509354,Closed
LOAN300556,CUST104288,Home,10869.58,21.54,24,2018-04-15 09:43:04.982406616,Active
LOAN300557,CUST102117,Student,134020.85,19.4,240,2026-04-24 05:53:28.813736200,Closed
LOAN300558,CUST104677,Personal,11931.1,8.94,84,2019-10-06 16:57:08.673959255,Active
LOAN300559,CUST102930,Home,314158.23,19.01,84,2019-08-22 16:39:36.555263042,Defaulted
LOAN300560,CUST104022,Personal,185275.75,13.28,12,2017-11-29 12:50:25.003332615,Closed
LOAN300561,CUST101350,Home,27656.54,17.46,24,2021-06-07 20:55:20.753679514,Closed
LOAN300562,CUST102961,Home,238357.88,15.43,24,2023-02-15 11:31:24.748314381,Active
LOAN300563,CUST101648,Personal,65636.86,23.01,12,2016-07-23 00:44:56.219248056,Active
LOAN300564,CUST102166,Home,13646.01,19.12,24,2025-11-19 10:35:49.059451103,Active
LOAN300565,CUST104768,Personal,14861.16,22.17,12,2019-11-02 13:27:47.568031788,Closed
LOAN300566,CUST103120,Business,25913.08,11.8,120,2018-08-16 14:11:15.883847952,Closed
LOAN300567,CUST102213,Business,5752.63,17.71,12,2020-12-22 15:55:06.656575203,Restructured
LOAN300568,CUST100205,Vehicle,30681.71,20.76,12,2023-06-19 18:22:03.976778984,Closed
LOAN300569,CUST102327,Personal,8042.21,9.27,240,2019-12-18 23:21:52.190244675,Closed
LOAN300570,CUST104289,Vehicle,17543.21,22.28,36,2024-02-28 08:23:58.588743925,Active
LOAN300571,CUST102944,Student,83166.63,22.75,240,2017-04-25 05:56:07.204112053,Closed
LOAN300572,CUST103791,Personal,33530.75,23.18,120,2020-10-07 10:38:19.410814524,Active
LOAN300573,CUST101239,Personal,82084.78,14.73,12,2021-10-06 14:26:23.068887472,Active
LOAN300574,CUST104152,Student,28410.16,10.57,84,2019-07-23 17:03:34.738215923,Active
LOAN300575,CUST100405,Business,37907.99,21.2,240,2026-01-19 07:49:45.563847065,Closed
LOAN300576,CUST100400,Business,15506.55,13.99,48,2024-04-14 00:19:49.013860464,Active
LOAN300577,CUST101748,Personal,22092.79,10.17,48,2021-05-04 11:29:47.647028923,Closed
LOAN300578,CUST101385,Personal,91297.89,23.5,120,2020-06-28 20:27:57.771227360,Closed
LOAN300579,CUST103382,Business,5800.37,9.19,24,2022-01-20 21:09:27.044369221,Active
LOAN300580,CUST100056,Personal,32267.0,13.1,24,2018-07-11 01:24:28.288858652,Closed
LOAN300581,CUST104443,Student,94596.26,20.64,48,2020-07-22 07:27:29.116819382,Active
LOAN300582,CUST103085,Business,11136.08,20.97,36,2018-03-16 10:50:28.216563225,Active
LOAN300583,CUST104701,Home,33160.52,14.38,24,2017-11-16 07:35:24.453372717,Active
LOAN300584,CUST103233,Home,85430.11,20.7,48,2021-08-15 07:37:29.792037249,Closed
LOAN300585,CUST102560,Vehicle,66314.62,11.46,120,2024-11-03 10:04:49.745453119,Active
LOAN300586,CUST104346,Student,20437.09,9.03,240,2020-05-09 16:05:45.878305912,Active
LOAN300587,CUST101613,Personal,37313.45,22.42,60,2022-09-14 13:39:41.800596714,Active
LOAN300588,CUST100422,Vehicle,13471.45,18.48,84,2018-12-24 12:55:29.274392605,Active
LOAN300589,CUST102898,Personal,11004.4,22.68,84,2023-05-16 11:00:12.357120514,Active
LOAN300590,CUST103443,Student,11183.55,11.8,120,2016-05-24 01:25:56.163924456,Closed
LOAN300591,CUST101464,Personal,30557.3,22.38,240,2018-08-09 12:32:44.204767704,Defaulted
LOAN300592,CUST103091,Personal,26795.69,7.57,84,2017-12-16 09:33:22.338169813,Active
LOAN300593,CUST101410,Personal,18950.83,22.21,240,2024-12-10 23:35:26.483522177,Closed
LOAN300594,CUST103993,Business,19469.54,10.01,60,2022-03-18 06:19:58.475457907,Active
LOAN300595,CUST103469,Student,117090.84,24.65,84,2016-01-04 17:51:08.004339218,Closed
LOAN300596,CUST100438,Home,25127.0,8.14,120,2018-05-30 19:54:25.083853722,Closed
LOAN300597,CUST101168,Personal,17499.29,15.67,24,2017-07-23 02:48:31.024043798,Active
LOAN300598,CUST102660,Home,59368.21,18.89,120,2021-06-16 02:49:31.172742367,Restructured
LOAN300599,CUST102238,Business,115661.03,13.95,12,2021-12-23 04:25:32.666667223,Active
LOAN300600,CUST102336,Business,107656.25,14.38,48,2016-09-04 05:15:58.728618145,Active
LOAN300601,CUST104637,Business,56610.61,17.28,240,2018-07-20 16:04:42.639939547,Active
LOAN300602,CUST101811,Personal,56587.02,11.32,36,2023-09-02 15:37:11.575184107,Active
LOAN300603,CUST100996,Personal,20734.21,20.58,240,2023-02-19 11:15:26.511646271,Closed
LOAN300604,CUST102318,Vehicle,27279.83,16.84,84,2022-05-16 08:41:47.807294369,Active
LOAN300605,CUST104823,Business,74697.59,11.57,12,2019-11-14 13:30:06.302065134,Defaulted
LOAN300606,CUST103653,Student,69121.99,20.88,60,2025-05-03 14:28:46.234721899,Active
LOAN300607,CUST103904,Home,39722.22,7.95,48,2020-09-26 18:53:48.477308273,Closed
LOAN300608,CUST103725,Vehicle,8782.21,8.34,240,2017-07-10 02:18:46.177523136,Active
LOAN300609,CUST104653,Home,45731.12,24.48,36,2025-02-27 17:27:02.396612167,Closed
LOAN300610,CUST100036,Personal,36475.88,24.85,24,2017-07-04 10:15:16.487186909,Closed
LOAN300611,CUST104390,Home,58860.1,16.12,60,2024-01-26 03:13:24.117826939,Closed
LOAN300612,CUST100256,Business,68225.24,13.27,36,2018-07-23 23:34:45.367829561,Restructured
LOAN300613,CUST103690,Student,92965.79,14.92,24,2017-09-18 13:15:35.363592863,Closed
LOAN300614,CUST101646,Home,37015.05,22.94,120,2016-07-02 19:23:05.043435335,Closed
LOAN300615,CUST103992,Business,16358.82,20.74,48,2018-09-05 12:39:01.881238937,Active
LOAN300616,CUST104113,Student,168903.55,,84,2019-11-05 23:43:46.231787682,Active
LOAN300617,CUST103408,Business,8732.26,20.06,36,2021-07-27 16:09:01.583880186,Closed
LOAN300618,CUST103637,Home,72840.25,21.96,48,2020-11-25 21:33:33.320281506,Closed
LOAN300619,CUST102227,Vehicle,30051.97,24.3,12,2019-02-13 15:39:33.833221674,Closed
LOAN300620,CUST101580,Student,10495.09,9.16,36,2018-04-16 08:47:07.578722000,Closed
LOAN300621,CUST104485,Personal,21132.14,20.26,24,2023-01-06 00:52:09.259918690,Closed
LOAN300622,CUST103636,Home,59936.96,13.15,60,2023-04-15 17:27:14.410325289,Active
LOAN300623,CUST100540,Vehicle,22500.44,10.69,48,2021-07-17 01:04:06.582420826,Active
LOAN300624,CUST103055,Business,41566.23,17.97,60,2022-02-24 22:57:33.848806381,Closed
LOAN300625,CUST100974,Student,26949.34,19.68,60,2025-04-07 11:15:43.543304920,Active
LOAN300626,CUST104778,Vehicle,27158.59,20.52,48,2020-07-08 21:57:51.403876066,Active
LOAN300627,CUST104954,Business,55104.04,18.51,60,2016-08-20 00:26:27.443685770,Active
LOAN300628,CUST104368,Business,17074.35,22.25,60,2017-09-25 22:52:16.167711735,Active
LOAN300629,CUST103351,Business,44167.75,23.36,48,2022-01-24 11:41:28.033558130,Closed
LOAN300630,CUST103400,Student,11391.73,13.91,48,2025-05-01 11:10:58.932329178,Closed
LOAN300631,CUST102083,Student,36066.68,22.32,120,2018-10-21 01:36:53.486761570,Active
LOAN300632,CUST103329,Home,48994.82,8.36,240,2022-08-15 13:45:02.923637390,Active
LOAN300633,CUST102740,Vehicle,9192.92,9.65,36,2016-08-12 13:55:41.860945225,Closed
LOAN300634,CUST102713,Vehicle,63625.33,7.8,12,2024-03-02 10:34:33.451060772,Active
LOAN300635,CUST104782,Home,75455.44,16.52,24,2020-08-01 06:30:32.693722486,Active
LOAN300636,CUST101393,Personal,61148.42,13.86,12,2023-02-15 17:13:36.530789136,Restructured
LOAN300637,CUST104859,Home,98314.96,15.79,240,2023-03-29 16:41:03.877293587,Defaulted
LOAN300638,CUST101471,Student,109110.98,10.33,36,2018-02-11 07:12:32.599838257,Active
LOAN300639,CUST100093,Personal,22824.97,18.89,60,2021-12-01 13:02:32.552437782,Active
LOAN300640,CUST104002,Personal,96189.5,19.35,36,2019-12-25 16:15:57.894544363,Active
LOAN300641,CUST101136,Personal,11042.64,20.89,120,2022-04-10 03:46:31.644942522,Active
LOAN300642,CUST100417,Vehicle,31007.15,24.17,60,2022-08-12 06:16:04.504134893,Closed
LOAN300643,CUST100583,Student,33065.39,14.2,240,2026-03-24 09:54:46.906199217,Active
LOAN300644,CUST104149,Business,87390.86,14.64,60,2017-07-19 08:37:19.639366627,Closed
LOAN300645,CUST102019,Home,45265.85,14.7,48,2022-04-17 01:56:30.993231773,Active
LOAN300646,CUST101217,Student,61066.65,22.57,12,2026-01-21 03:59:08.912734509,Closed
LOAN300647,CUST100319,Vehicle,40276.68,11.94,120,2022-06-28 15:33:59.264796733,Closed
LOAN300648,CUST104485,Student,18957.65,9.5,120,2020-06-14 17:57:24.681239843,Active
LOAN300649,CUST103943,Student,12030.96,9.37,24,2021-08-12 02:11:41.435361385,Defaulted
LOAN300650,CUST104507,Student,11212.62,7.9,120,2022-11-19 14:34:18.301666737,Active
LOAN300651,CUST100258,Vehicle,18255.44,22.06,120,2021-12-27 00:57:32.709558249,Active
LOAN300652,CUST104012,Business,53687.06,10.42,48,2018-11-29 08:25:42.813818216,Active
LOAN300653,CUST103173,Business,49565.48,22.68,48,2017-10-13 08:52:27.022500515,Active
LOAN300654,CUST101014,Student,32725.95,17.34,12,2022-08-07 22:23:09.866617203,Closed
LOAN300655,CUST102415,Personal,29607.84,21.65,36,2022-09-21 17:01:14.446842670,Defaulted
LOAN300656,CUST102132,Vehicle,3539.45,22.19,24,2023-11-19 04:40:17.301114082,Active
LOAN300657,CUST104012,Home,27944.76,19.9,84,2017-09-07 12:15:57.902993679,Active
LOAN300658,CUST100170,Business,38667.61,17.08,60,2018-06-16 16:48:13.216960907,Defaulted
LOAN300659,CUST101777,Vehicle,129936.76,17.09,12,2021-03-26 21:32:47.170288563,Active
LOAN300660,CUST104105,Business,16047.51,18.36,36,2019-07-30 18:16:00.147348642,Closed
LOAN300661,CUST102623,Student,21364.14,19.01,48,2017-01-16 01:16:34.785207033,Active
LOAN300662,CUST103523,Student,47067.55,17.71,240,2018-01-20 15:19:52.408375978,Closed
LOAN300663,CUST102230,Vehicle,31007.64,23.04,24,2025-11-12 04:16:42.854906797,Closed
LOAN300664,CUST100906,Business,19416.43,15.74,240,2019-10-29 18:05:28.246957541,Active
LOAN300665,CUST104451,Home,96191.6,16.33,240,2018-06-28 10:34:57.480351686,Active
LOAN300666,CUST104336,Student,10902.44,,120,2022-11-02 08:05:38.293366671,Active
LOAN300667,CUST101372,Business,69160.1,14.63,240,2020-12-06 14:19:14.739910841,Closed
LOAN300668,CUST102310,Business,15150.74,11.38,12,2016-04-01 11:59:27.135150194,Active
LOAN300669,CUST104196,Business,22561.58,19.64,120,2022-12-19 19:25:14.759625912,Active
LOAN300670,CUST100351,Business,12058.94,17.38,12,2018-06-14 07:01:55.276803493,Closed
LOAN300671,CUST103588,Home,18814.38,9.81,240,2024-01-31 02:24:52.616199255,Active
LOAN300672,CUST101430,Vehicle,27229.48,20.28,24,2024-07-25 14:05:46.973585367,Active
LOAN300673,CUST100056,Home,58736.51,19.48,12,2018-04-21 13:14:41.776942492,Active
LOAN300674,CUST102735,Business,53053.42,13.43,120,2020-07-21 12:03:17.720755339,Closed
LOAN300675,CUST102454,Student,49434.81,20.05,84,2020-12-05 03:04:24.296013594,Active
LOAN300676,CUST102079,Student,6943.19,18.93,12,2026-03-21 19:03:23.294157505,Closed
LOAN300677,CUST101832,Personal,45005.96,12.75,120,2023-04-23 04:15:08.324291229,Closed
LOAN300678,CUST102440,Home,22766.8,10.77,84,2025-11-12 23:53:37.860690355,Active
LOAN300679,CUST103619,Vehicle,21013.82,15.55,120,2024-09-13 06:30:35.821663141,Active
LOAN300680,CUST104839,Home,40205.66,13.85,24,2023-04-11 01:10:32.708634853,Closed
LOAN300681,CUST103629,Home,12281.07,15.19,84,2016-05-12 17:15:45.323408365,Closed
LOAN300682,CUST104598,Vehicle,15950.55,12.66,36,2017-09-28 06:55:08.900993347,Active
LOAN300683,CUST101492,Business,44445.16,21.36,84,2016-01-10 19:24:46.740077972,Active
LOAN300684,CUST101901,Personal,45014.02,18.63,48,2020-07-31 18:56:50.063979864,Active
LOAN300685,CUST103055,Student,16466.96,11.36,120,2024-05-14 20:14:38.933609724,Defaulted
LOAN300686,CUST104835,Business,19665.69,,12,2022-11-13 08:41:53.953507423,Closed
LOAN300687,CUST104409,Personal,100637.57,8.43,48,2024-05-22 06:13:22.118192196,Active
LOAN300688,CUST104712,Student,32418.65,16.15,240,2019-02-21 12:10:00.565168381,Defaulted
LOAN300689,CUST101924,Business,6806.64,12.83,240,2018-08-27 08:47:48.110135078,Active
LOAN300690,CUST100945,Personal,24609.22,20.94,24,2020-09-13 04:28:50.641305685,Closed
LOAN300691,CUST104646,Vehicle,82099.16,7.68,12,2020-06-26 10:37:09.380843878,Closed
LOAN300692,CUST100201,Student,55859.24,24.77,12,2019-02-17 03:33:18.212104797,Active
LOAN300693,CUST104164,Student,25757.37,16.51,240,2020-09-10 20:12:48.327089071,Closed
LOAN300694,CUST103151,Student,81964.15,19.7,84,2018-06-12 10:29:23.879578352,Closed
LOAN300695,CUST100650,Home,56063.76,20.5,240,2021-01-08 22:06:59.034763813,Active
LOAN300696,CUST100443,Business,13509.38,22.15,84,2026-05-26 19:35:00.966090441,Active
LOAN300697,CUST103045,Business,105657.64,10.55,84,2023-01-26 16:44:22.246765852,Active
LOAN300698,CUST100229,Personal,39604.86,16.15,120,2019-10-10 08:46:55.629976511,Closed
LOAN300699,CUST104819,Personal,22579.4,14.76,48,2016-09-16 01:43:52.584294081,Active
LOAN300700,CUST102404,Business,2873.77,24.69,24,2025-04-17 01:38:57.079079866,Restructured
LOAN300701,CUST103694,Student,16433.65,21.28,36,2024-02-15 00:21:20.481731892,Active
LOAN300702,CUST102531,Student,60311.89,24.51,84,2020-12-08 06:09:15.170845747,Active
LOAN300703,CUST104906,Business,27702.15,20.86,60,2018-12-15 06:29:40.555962563,Closed
LOAN300704,CUST102234,Student,169570.03,14.02,120,2023-03-27 09:41:37.840623856,Active
LOAN300705,CUST104889,Home,21659.33,21.49,12,2023-12-26 05:32:00.692450047,Defaulted
LOAN300706,CUST104953,Business,81414.51,19.29,84,2023-04-03 19:30:51.993319750,Active
LOAN300707,CUST102576,Business,264720.69,12.51,240,2023-03-04 13:09:01.943354368,Active
LOAN300708,CUST104544,Personal,46399.06,17.32,48,2021-03-28 10:27:57.320029259,Active
LOAN300709,CUST100977,Student,70322.08,20.07,60,2020-08-29 07:42:49.926374435,Closed
LOAN300710,CUST102347,Vehicle,123939.47,16.56,12,2019-02-21 09:34:10.746781826,Closed
LOAN300711,CUST104587,Vehicle,12098.36,12.03,60,2016-05-30 03:25:48.849646807,Closed
LOAN300712,CUST104100,Business,97325.23,15.86,24,2019-07-07 13:53:04.995103359,Active
LOAN300713,CUST102573,Business,31308.15,10.7,60,2020-06-02 10:11:06.722313881,Active
LOAN300714,CUST104997,Business,10219.08,10.21,84,2016-07-14 02:58:25.034109831,Active
LOAN300715,CUST104224,Vehicle,17157.9,12.05,240,2017-06-10 15:04:56.588680267,Defaulted
LOAN300716,CUST102432,Business,7796.0,13.43,60,2022-09-10 01:37:05.122930288,Active
LOAN300717,CUST104730,Student,105447.01,17.21,240,2021-02-22 02:23:24.072839022,Closed
LOAN300718,CUST101713,Business,80279.71,9.45,120,2025-11-24 01:22:21.033253431,Active
LOAN300719,CUST101877,Home,191144.64,21.39,12,2019-11-23 18:45:34.464976072,Restructured
LOAN300720,CUST101797,Student,13532.4,14.72,48,2016-01-16 12:16:41.102275133,Active
LOAN300721,CUST104356,Personal,127633.46,22.28,84,2016-03-02 14:49:38.259679555,Closed
LOAN300722,CUST103433,Vehicle,62352.25,12.49,36,2023-07-18 19:06:49.261725425,Restructured
LOAN300723,CUST102153,Personal,63931.83,12.27,24,2018-11-30 06:00:04.966649771,Closed
LOAN300724,CUST103517,Personal,25985.32,19.98,84,2020-06-14 16:52:40.148768187,Active
LOAN300725,CUST101961,Business,46187.12,12.31,120,2023-04-30 09:17:23.635168791,Closed
LOAN300726,CUST104427,Home,94262.01,9.74,36,2024-07-28 15:28:17.145940542,Active
LOAN300727,CUST101920,Student,78152.75,10.19,240,2023-10-17 09:56:42.729606390,Active
LOAN300728,CUST101426,Home,20307.76,15.86,120,2023-02-13 10:20:23.340499878,Active
LOAN300729,CUST103708,Vehicle,48263.1,9.68,48,2025-07-25 05:16:00.514127731,Active
LOAN300730,CUST100937,Student,33468.5,18.98,60,2018-03-25 15:29:38.219088316,Active
LOAN300731,CUST104034,Home,20311.55,24.59,24,2018-03-21 03:46:40.908644199,Active
LOAN300732,CUST100936,Business,28067.83,17.8,120,2024-09-21 12:13:39.955185175,Closed
LOAN300733,CUST100217,Business,15498.55,8.39,36,2019-04-21 09:06:17.963423014,Active
LOAN300734,CUST102978,Vehicle,72797.5,12.22,24,2022-03-28 04:51:43.764247417,Closed
LOAN300735,CUST100004,Vehicle,14450.33,12.68,120,2022-08-25 17:58:41.205343246,Active
LOAN300736,CUST104597,Student,145207.6,13.67,84,2020-04-27 05:14:00.091187239,Active
LOAN300737,CUST104109,Vehicle,13985.33,13.38,84,2017-04-15 22:59:26.810480833,Restructured
LOAN300738,CUST101313,Business,19188.77,10.34,48,2022-01-29 18:27:20.864718437,Closed
LOAN300739,CUST104471,Home,26642.9,21.47,36,2024-12-10 17:18:53.916640759,Active
LOAN300740,CUST102515,Personal,51826.03,22.12,24,2019-12-06 11:30:39.026093483,Defaulted
LOAN300741,CUST102115,Home,59228.77,15.41,240,2025-12-23 05:19:52.320453882,Closed
LOAN300742,CUST104980,Vehicle,24525.89,11.96,36,2016-10-03 01:31:02.486340523,Active
LOAN300743,CUST100209,Vehicle,13495.69,17.98,36,2023-07-08 19:17:36.925992012,Active
LOAN300744,CUST102084,Personal,12882.91,22.37,60,2021-02-02 15:08:16.657007933,Closed
LOAN300745,CUST100119,Business,14949.33,16.72,240,2020-01-29 21:55:10.987125397,Active
LOAN300746,CUST102849,Student,37648.49,22.1,84,2021-05-11 12:42:27.411027431,Active
LOAN300747,CUST103613,Business,18776.08,24.09,12,2022-06-30 06:51:54.970082521,Active
LOAN300748,CUST100360,Personal,106243.0,20.43,84,2018-09-22 16:06:16.555038452,Active
LOAN300749,CUST101592,Home,52584.45,10.36,24,2021-11-17 19:22:28.870855808,Active
LOAN300750,CUST101509,Vehicle,11088.33,20.89,12,2019-05-26 06:10:49.160335302,Active
LOAN300751,CUST101858,Personal,65426.35,18.39,48,2025-09-13 21:42:27.539867878,Closed
LOAN300752,CUST100189,Personal,23033.08,18.77,60,2024-11-18 18:45:18.039144278,Closed
LOAN300753,CUST101262,Student,37854.02,15.56,12,2019-01-12 04:05:16.465157270,Defaulted
LOAN300754,CUST101607,Personal,23999.98,11.26,36,2025-11-12 22:11:24.324260950,Active
LOAN300755,CUST104284,Vehicle,11871.91,15.53,48,2024-10-06 09:23:13.314495564,Defaulted
LOAN300756,CUST100476,Vehicle,25641.49,17.54,240,2019-01-10 11:00:38.100062370,Closed
LOAN300757,CUST103407,Home,27635.85,9.39,48,2026-04-22 21:35:54.849167347,Active
LOAN300758,CUST104818,Student,7131.23,14.52,24,2016-02-17 16:34:06.518933296,Active
LOAN300759,CUST103990,Student,16019.73,9.19,48,2016-07-07 04:53:50.438791037,Closed
LOAN300760,CUST103824,Personal,33389.41,19.63,60,2018-07-12 22:09:06.290150166,Closed
LOAN300761,CUST100779,Business,59616.96,11.62,60,2018-01-03 02:20:43.187758923,Active
LOAN300762,CUST101731,Vehicle,23220.33,15.58,240,2023-08-09 01:02:49.973234892,Active
LOAN300763,CUST101272,Business,85416.86,,84,2023-12-08 06:41:57.957083941,Active
LOAN300764,CUST104016,Personal,14421.42,24.45,36,2016-12-05 20:34:14.320896387,Closed
LOAN300765,CUST101269,Personal,47815.48,23.49,36,2025-09-02 07:15:17.962723970,Closed
LOAN300766,CUST104098,Vehicle,15258.14,7.72,120,2025-10-29 04:03:07.763180017,Active
LOAN300767,CUST104645,Home,18115.22,9.45,240,2019-04-13 22:08:30.252361536,Restructured
LOAN300768,CUST102245,Vehicle,26089.03,23.78,24,2025-04-22 01:44:36.958271503,Closed
LOAN300769,CUST100241,Business,81660.53,24.63,240,2022-12-16 12:43:15.732280016,Active
LOAN300770,CUST102625,Personal,37542.64,19.42,84,2021-02-15 15:08:47.794872522,Closed
LOAN300771,CUST100588,Student,23325.67,19.03,240,2016-05-20 01:16:20.362384558,Active
LOAN300772,CUST102638,Personal,32301.19,8.07,84,2022-12-28 06:01:48.968305826,Active
LOAN300773,CUST103442,Home,61354.48,18.25,24,2017-11-06 21:48:03.278684616,Active
LOAN300774,CUST104566,Personal,7475.34,21.48,240,2019-03-05 17:24:25.138734579,Restructured
LOAN300775,CUST102321,Business,89878.94,20.08,240,2021-04-08 13:29:32.457017422,Defaulted
LOAN300776,CUST103672,Vehicle,37132.65,21.99,120,2018-02-01 16:20:09.786507607,Active
LOAN300777,CUST101713,Business,12276.49,9.84,12,2020-05-27 00:56:25.018050432,Defaulted
LOAN300778,CUST103249,Personal,14959.74,12.52,84,2020-09-05 02:33:39.013257027,Defaulted
LOAN300779,CUST101032,Home,43050.02,13.06,240,2016-06-01 11:33:29.567746639,Closed
LOAN300780,CUST104338,Vehicle,478686.4,21.03,12,2020-07-06 21:53:42.698231697,Closed
LOAN300781,CUST101906,Personal,31479.05,24.07,60,2018-03-01 14:35:13.075438499,Restructured
LOAN300782,CUST104920,Home,38520.51,19.78,240,2020-06-16 07:37:27.881175756,Closed
LOAN300783,CUST103635,Student,51703.42,7.81,84,2024-05-24 17:33:44.375033617,Active
LOAN300784,CUST103049,Vehicle,19569.64,14.86,60,2025-04-22 05:52:24.789079666,Restructured
LOAN300785,CUST103742,Business,5011.35,20.7,48,2018-10-11 19:44:28.515488386,Restructured
LOAN300786,CUST104598,Business,55518.65,22.41,60,2017-08-29 11:38:14.764606476,Restructured
LOAN300787,CUST100480,Home,67824.49,18.16,60,2023-01-06 22:01:13.590726852,Closed
LOAN300788,CUST102912,Personal,19129.85,9.61,36,2016-09-16 19:40:03.289166451,Active
LOAN300789,CUST102789,Business,17297.93,20.71,84,2025-05-11 02:25:00.275318146,Defaulted
LOAN300790,CUST100777,Student,55464.1,19.11,120,2019-10-13 06:13:35.935730219,Closed
LOAN300791,CUST103843,Personal,7554.68,22.07,240,2018-08-05 21:41:48.024727583,Active
LOAN300792,CUST100434,Business,4620.34,20.37,24,2025-04-02 18:17:39.197714806,Active
LOAN300793,CUST100343,Home,17678.85,19.26,36,2017-04-18 09:01:05.775161743,Active
LOAN300794,CUST102110,Business,80876.72,22.12,48,2018-05-17 17:53:44.023415565,Active
LOAN300795,CUST100643,Personal,57489.23,11.53,24,2026-05-18 12:50:12.487597466,Active
LOAN300796,CUST101017,Vehicle,34221.75,9.25,48,2025-09-13 01:24:48.862272263,Closed
LOAN300797,CUST103096,Vehicle,48310.07,18.6,60,2021-02-19 08:28:32.207728386,Defaulted
LOAN300798,CUST101784,Personal,93049.05,15.57,120,2025-09-23 04:34:41.620753527,Active
LOAN300799,CUST101230,Home,133622.25,16.44,120,2023-05-19 02:32:29.674674988,Active
LOAN300800,CUST103970,Home,32145.63,11.55,24,2024-12-14 07:58:46.093503237,Active
LOAN300801,CUST101371,Personal,39119.84,18.76,60,2024-04-01 18:00:32.111062050,Active
LOAN300802,CUST101496,Student,24287.56,8.41,24,2019-12-16 01:21:51.146855831,Active
LOAN300803,CUST100003,Home,69561.77,13.73,48,2024-03-27 22:15:23.214011669,Active
LOAN300804,CUST101655,Business,24146.31,15.93,60,2021-08-30 07:45:09.503494740,Active
LOAN300805,CUST101783,Student,76990.02,22.52,48,2025-06-22 12:56:42.449773073,Active
LOAN300806,CUST100858,Vehicle,57508.23,,60,2019-01-10 05:15:41.880198956,Closed
LOAN300807,CUST104491,Vehicle,58671.08,20.95,36,2026-05-20 00:32:23.766230106,Closed
LOAN300808,CUST101477,Personal,7295.52,19.38,84,2024-11-30 09:41:01.368242741,Closed
LOAN300809,CUST104194,Home,12264.57,11.64,36,2023-12-23 15:07:55.106371880,Closed
LOAN300810,CUST100159,Vehicle,28367.07,15.99,240,2025-11-30 16:10:49.298572063,Active
LOAN300811,CUST102934,Business,47348.88,7.87,120,2016-09-09 02:09:44.284641743,Active
LOAN300812,CUST101605,Personal,53655.88,22.22,24,2019-09-01 08:22:48.393071175,Closed
LOAN300813,CUST102386,Business,43225.74,12.08,84,2025-03-10 05:53:31.882832289,Active
LOAN300814,CUST100520,Personal,109210.2,21.61,12,2018-03-22 22:59:04.158735991,Active
LOAN300815,CUST104101,Personal,65695.49,11.69,48,2025-08-10 14:19:58.057666540,Closed
LOAN300816,CUST101140,Vehicle,154180.71,8.05,84,2016-12-22 03:35:16.993822336,Closed
LOAN300817,CUST101934,Personal,17982.2,7.58,12,2023-05-18 18:15:46.507606506,Active
LOAN300818,CUST104614,Student,108327.9,,48,2022-05-16 20:52:08.942206144,Closed
LOAN300819,CUST102109,Student,41368.86,8.86,120,2018-10-18 11:40:19.158319712,Active
LOAN300820,CUST101236,Vehicle,228453.29,8.46,84,2024-06-16 00:13:47.431419849,Closed
LOAN300821,CUST101267,Home,135328.49,7.71,36,2017-02-21 19:49:08.191259623,Active
LOAN300822,CUST102716,Personal,165075.05,8.2,36,2020-06-29 23:52:50.007393360,Active
LOAN300823,CUST102209,Student,197029.95,10.29,60,2025-01-27 07:19:16.599740505,Closed
LOAN300824,CUST100438,Vehicle,22190.64,12.74,36,2025-04-04 01:45:27.840770483,Active
LOAN300825,CUST104479,Vehicle,40475.16,20.52,24,2018-07-28 18:40:01.983070612,Active
LOAN300826,CUST103146,Vehicle,44170.92,11.94,12,2024-04-14 16:20:35.812216282,Active
LOAN300827,CUST100268,Personal,30116.87,11.28,12,2017-05-20 11:24:26.613271475,Active
LOAN300828,CUST100484,Student,9000.23,14.29,120,2018-06-11 11:28:41.605812788,Active
LOAN300829,CUST104205,Home,86414.17,16.61,84,2018-05-16 14:20:52.694125175,Active
LOAN300830,CUST100896,Student,58993.81,22.1,36,2018-06-14 18:53:50.819647551,Active
LOAN300831,CUST100286,Business,164150.51,8.78,120,2020-09-19 09:45:14.091707706,Active
LOAN300832,CUST100981,Personal,94989.36,19.58,24,2021-02-05 23:28:29.606683969,Active
LOAN300833,CUST101133,Home,38335.19,22.35,24,2025-04-25 08:46:33.308568478,Defaulted
LOAN300834,CUST104495,Student,24576.77,18.64,12,2025-06-01 13:22:55.978308678,Restructured
LOAN300835,CUST102847,Home,6246.35,14.37,84,2023-04-12 00:34:36.277811527,Restructured
LOAN300836,CUST103804,Home,89384.64,22.15,36,2025-05-12 12:31:20.860234022,Defaulted
LOAN300837,CUST104278,Home,20076.26,23.06,48,2018-03-05 04:26:51.297641754,Closed
LOAN300838,CUST100029,Business,20195.87,22.92,12,2019-06-05 16:48:29.682099819,Active
LOAN300839,CUST102711,Home,52794.16,8.73,84,2023-09-25 05:21:06.779207945,Closed
LOAN300840,CUST103304,Vehicle,41724.27,17.17,24,2018-04-27 13:12:59.287024498,Defaulted
LOAN300841,CUST100613,Vehicle,2971.9,9.07,240,2019-11-22 04:01:45.846390724,Closed
LOAN300842,CUST101950,Vehicle,22126.8,8.69,60,2025-04-15 09:36:12.223618031,Active
LOAN300843,CUST101098,Business,78414.75,9.67,24,2022-05-24 18:49:32.921611547,Active
LOAN300844,CUST103837,Home,62396.48,9.55,120,2021-08-06 07:59:25.530925512,Restructured
LOAN300845,CUST100014,Student,54146.3,20.23,120,2016-09-08 01:38:00.672694445,Closed
LOAN300846,CUST102641,Vehicle,23573.87,7.51,120,2023-05-30 13:16:49.206372499,Defaulted
LOAN300847,CUST100939,Business,30711.73,10.58,36,2020-07-29 08:15:02.279922009,Active
LOAN300848,CUST103117,Vehicle,14977.96,18.36,12,2016-06-09 14:16:59.272240162,Closed
LOAN300849,CUST101269,Vehicle,24317.22,13.69,48,2026-04-30 16:17:17.002167940,Active
LOAN300850,CUST100313,Student,47512.08,18.1,12,2023-04-24 22:35:19.251132011,Closed
LOAN300851,CUST100794,Personal,21228.74,21.83,12,2020-11-17 11:17:21.423342943,Defaulted
LOAN300852,CUST102712,Business,18806.75,13.17,60,2021-06-28 23:34:40.649168730,Active
LOAN300853,CUST102335,Vehicle,47681.02,23.13,120,2018-07-26 12:15:17.118180752,Closed
LOAN300854,CUST102266,Vehicle,20675.62,24.63,48,2025-04-18 22:08:38.634956121,Closed
LOAN300855,CUST101987,Student,13590.9,9.95,36,2026-03-08 16:20:24.939100027,Active
LOAN300856,CUST103673,Home,13552.17,13.64,60,2024-05-12 11:37:08.428650856,Active
LOAN300857,CUST102074,Home,48315.06,10.33,24,2022-02-20 18:39:50.131581783,Closed
LOAN300858,CUST104398,Business,104842.1,17.7,48,2023-04-13 10:40:10.478013992,Restructured
LOAN300859,CUST100515,Vehicle,46835.78,10.31,36,2025-09-20 13:06:02.152307034,Active
LOAN300860,CUST104061,Student,19067.64,10.36,240,2023-06-03 03:50:43.924228668,Defaulted
LOAN300861,CUST103482,Student,57824.95,19.4,12,2024-07-02 21:14:21.720836639,Closed
LOAN300862,CUST103516,Personal,865142.69,,12,2021-08-02 10:51:53.749949694,Active
LOAN300863,CUST103437,Student,18514.41,16.17,120,2020-01-01 12:21:03.545013428,Restructured
LOAN300864,CUST100399,Business,28624.14,19.96,36,2022-11-23 06:33:35.210605621,Restructured
LOAN300865,CUST101419,Student,123439.91,,48,2024-03-07 06:16:16.084371805,Active
LOAN300866,CUST101052,Student,18078.54,11.64,48,2018-01-14 15:16:18.424323797,Active
LOAN300867,CUST102745,Business,60024.56,17.83,60,2022-05-03 03:33:19.751248837,Active
LOAN300868,CUST104977,Business,35137.73,21.93,24,2024-03-30 09:07:43.687207937,Active
LOAN300869,CUST104042,Student,59193.07,,240,2016-08-11 22:48:53.318899870,Closed
LOAN300870,CUST101726,Student,10888.43,15.44,84,2018-03-01 12:01:35.871257305,Closed
LOAN300871,CUST102784,Business,16101.66,24.39,12,2017-04-16 17:37:40.865063906,Active
LOAN300872,CUST103779,Personal,15625.86,8.58,12,2024-10-30 03:31:29.541763783,Active
LOAN300873,CUST103734,Vehicle,157647.94,23.07,24,2024-12-06 01:44:21.646052361,Active
LOAN300874,CUST102203,Home,40822.47,9.96,120,2023-12-28 21:01:03.268980503,Active
LOAN300875,CUST104681,Student,126321.33,24.19,240,2016-01-15 08:25:32.182486057,Defaulted
LOAN300876,CUST100262,Business,23392.35,12.86,36,2016-03-11 02:15:03.163820744,Closed
LOAN300877,CUST100726,Personal,77712.06,12.03,120,2020-04-24 13:14:34.751628637,Defaulted
LOAN300878,CUST102235,Business,26321.77,13.61,240,2024-12-23 08:43:35.798918486,Closed
LOAN300879,CUST100893,Business,43520.33,23.06,24,2025-10-22 08:58:51.361397743,Active
LOAN300880,CUST101901,Vehicle,32541.27,8.21,60,2016-01-29 18:02:47.511983871,Defaulted
LOAN300881,CUST101201,Student,41399.36,18.75,84,2021-09-06 15:08:21.980990410,Defaulted
LOAN300882,CUST103487,Home,60451.38,22.06,48,2022-04-14 04:16:46.484533548,Active
LOAN300883,CUST100780,Business,68605.33,14.75,84,2018-03-10 07:09:07.885519266,Active
LOAN300884,CUST102145,Home,10552.24,16.92,48,2022-10-01 04:47:09.635477304,Active
LOAN300885,CUST104560,Business,58336.48,17.27,24,2024-05-12 19:13:04.247589111,Closed
LOAN300886,CUST100350,Home,15163.61,21.69,24,2022-03-04 16:11:38.429170847,Closed
LOAN300887,CUST100993,Business,11517.32,17.02,48,2020-04-20 16:17:14.550906420,Active
LOAN300888,CUST102019,Home,463577.76,9.7,24,2022-08-10 07:02:38.763509750,Defaulted
LOAN300889,CUST101613,Personal,52497.44,9.76,36,2017-03-29 04:23:40.618098021,Active
LOAN300890,CUST101853,Home,21175.22,10.31,240,2026-05-03 00:19:32.919724941,Active
LOAN300891,CUST104154,Home,18822.64,14.56,60,2018-01-08 21:33:44.344860792,Closed
LOAN300892,CUST103357,Student,48387.87,9.73,60,2021-10-22 07:52:57.317758799,Closed
LOAN300893,CUST104555,Vehicle,47290.15,23.6,36,2024-10-22 05:55:05.974098206,Active
LOAN300894,CUST102514,Business,12921.8,24.18,12,2016-07-10 15:12:31.644153833,Active
LOAN300895,CUST100293,Home,18184.42,13.18,36,2020-03-19 00:11:17.843523979,Active
LOAN300896,CUST100177,Home,17282.1,7.94,24,2017-05-04 03:40:58.073600292,Active
LOAN300897,CUST100780,Home,22650.57,20.53,120,2020-08-27 13:42:16.229403019,Active
LOAN300898,CUST104766,Personal,61937.09,9.66,12,2025-12-08 13:01:24.922639370,Active
LOAN300899,CUST100903,Vehicle,48071.06,23.08,36,2018-12-11 11:52:59.385386705,Active
LOAN300900,CUST102606,Home,46877.37,17.12,24,2021-07-19 14:28:32.192373753,Active
LOAN300901,CUST103132,Business,88426.9,17.79,36,2024-01-13 12:44:44.837262630,Active
LOAN300902,CUST101819,Business,32608.96,16.47,36,2016-07-28 00:00:23.260324478,Active
LOAN300903,CUST100107,Personal,62454.09,11.55,24,2024-05-28 09:03:23.278787136,Active
LOAN300904,CUST100550,Business,89926.71,10.77,60,2017-01-14 13:03:17.515933514,Active
LOAN300905,CUST102042,Business,48297.1,18.82,12,2018-08-02 17:18:29.551439762,Active
LOAN300906,CUST101407,Business,18154.87,22.96,240,2019-01-09 12:33:43.631317616,Active
LOAN300907,CUST101977,Student,65617.09,23.91,120,2024-10-29 22:02:24.379405975,Active
LOAN300908,CUST100723,Student,56500.14,19.35,24,2023-09-07 05:34:56.179451704,Active
LOAN300909,CUST104956,Home,77164.2,21.68,84,2017-01-21 19:51:46.445811510,Active
LOAN300910,CUST102741,Business,18578.34,24.33,12,2021-09-10 00:08:06.135597944,Closed
LOAN300911,CUST102767,Home,61888.22,24.71,60,2026-03-28 23:01:07.000453472,Active
LOAN300912,CUST103970,Vehicle,177865.74,18.58,60,2025-11-04 13:13:43.194415569,Active
LOAN300913,CUST101347,Business,11672.72,19.35,60,2019-05-17 23:33:20.844533682,Active
LOAN300914,CUST103187,Vehicle,60212.08,14.65,120,2021-09-09 04:12:52.767765045,Active
LOAN300915,CUST101654,Vehicle,68284.97,11.07,12,2021-04-26 16:35:19.150259256,Active
LOAN300916,CUST102528,Vehicle,22529.49,17.46,48,2017-06-10 18:58:10.153481722,Restructured
LOAN300917,CUST100049,Vehicle,83219.49,7.73,60,2022-09-17 09:13:15.270341635,Active
LOAN300918,CUST101938,Home,17111.2,11.92,120,2025-11-02 16:47:23.730818272,Active
LOAN300919,CUST100363,Business,70517.97,8.13,48,2021-02-22 09:18:56.314181089,Restructured
LOAN300920,CUST103082,Personal,156673.17,17.1,84,2024-12-11 20:05:34.403957844,Closed
LOAN300921,CUST102948,Business,30897.92,18.0,60,2022-07-09 16:12:25.300805330,Active
LOAN300922,CUST101908,Vehicle,22619.9,14.39,36,2016-03-26 22:45:48.985057354,Active
LOAN300923,CUST102356,Student,9602.3,11.97,24,2018-02-14 01:05:29.705392122,Active
LOAN300924,CUST101421,Home,74614.64,19.76,36,2020-08-24 17:09:05.834458828,Active
LOAN300925,CUST102074,Personal,103744.23,13.66,48,2024-03-31 19:24:18.269034863,Restructured
LOAN300926,CUST103682,Vehicle,62185.3,23.49,240,2021-06-11 15:46:35.600025177,Active
LOAN300927,CUST104542,Student,29982.65,13.39,48,2025-10-28 08:14:09.223327398,Active
LOAN300928,CUST100353,Personal,37266.83,24.5,240,2024-02-11 22:01:43.511962414,Active
LOAN300929,CUST104221,Vehicle,14760.16,19.07,48,2021-04-22 16:43:58.752801418,Active
LOAN300930,CUST100529,Personal,43655.11,18.06,60,2026-02-19 18:16:04.487846375,Closed
LOAN300931,CUST101646,Business,31386.08,9.41,24,2024-03-11 19:55:40.161673307,Active
LOAN300932,CUST102192,Personal,62924.31,17.52,60,2019-07-13 12:19:33.548495054,Active
LOAN300933,CUST104302,Home,40648.06,24.31,12,2023-12-18 20:50:27.374275684,Active
LOAN300934,CUST100725,Home,43771.05,23.18,12,2016-02-02 18:59:48.489816904,Active
LOAN300935,CUST104318,Home,52406.13,18.37,84,2025-01-15 03:15:43.150418282,Closed
LOAN300936,CUST102860,Vehicle,312262.12,16.69,84,2020-02-28 19:49:07.438185453,Active
LOAN300937,CUST101399,Personal,20967.56,9.07,36,2022-11-06 13:52:12.059578657,Active
LOAN300938,CUST104425,Personal,57476.01,8.69,36,2017-12-26 19:18:47.901629925,Active
LOAN300939,CUST101022,Personal,23654.35,20.96,12,2024-02-04 20:35:45.843856812,Active
LOAN300940,CUST103087,Home,36981.83,16.77,60,2023-07-28 23:15:17.387768984,Closed
LOAN300941,CUST103271,Vehicle,14196.94,24.37,120,2017-11-18 02:45:45.358940125,Active
LOAN300942,CUST102689,Personal,20768.47,9.56,240,2024-02-05 11:47:58.681383133,Defaulted
LOAN300943,CUST101773,Home,26011.97,17.89,240,2021-03-01 21:45:06.749684095,Closed
LOAN300944,CUST100748,Student,8562.08,22.3,60,2019-04-25 16:30:37.049543858,Defaulted
LOAN300945,CUST102936,Personal,29592.89,10.21,36,2025-07-20 02:49:12.645470381,Active
LOAN300946,CUST101423,Home,53455.11,14.11,84,2017-02-10 03:15:57.025131226,Closed
LOAN300947,CUST100847,Personal,23750.82,19.54,12,2022-01-06 09:48:45.813452721,Closed
LOAN300948,CUST104924,Student,28785.55,21.09,36,2026-03-09 11:24:32.004970074,Closed
LOAN300949,CUST101014,Vehicle,64191.23,24.38,240,2025-08-02 11:21:46.804593563,Active
LOAN300950,CUST103255,Business,22060.88,10.05,24,2020-03-16 08:54:41.241452456,Closed
LOAN300951,CUST100929,Personal,20322.31,23.13,120,2023-04-07 15:56:49.438323259,Active
LOAN300952,CUST104397,Home,14078.25,8.81,84,2024-09-04 14:44:48.104087114,Closed
LOAN300953,CUST102319,Home,35953.96,14.84,24,2018-03-07 09:29:52.890556335,Closed
LOAN300954,CUST100062,Personal,31504.36,12.82,84,2019-09-21 20:21:02.728415012,Active
LOAN300955,CUST104126,Vehicle,43813.95,10.75,120,2024-12-08 20:30:35.330517769,Active
LOAN300956,CUST100885,Student,59881.75,13.72,48,2019-10-14 07:06:55.690381765,Active
LOAN300957,CUST101884,Personal,103903.7,12.01,12,2017-01-14 10:28:35.483409405,Active
LOAN300958,CUST101587,Vehicle,25378.3,11.91,12,2021-03-24 12:49:10.965837717,Active
LOAN300959,CUST101547,Vehicle,49734.92,21.48,12,2024-12-12 18:14:09.406099558,Defaulted
LOAN300960,CUST103589,Personal,72274.32,9.87,24,2026-01-21 13:39:46.633797169,Active
LOAN300961,CUST104139,Personal,29078.01,15.68,240,2025-04-06 15:06:34.685098648,Active
LOAN300962,CUST103806,Vehicle,56321.42,24.08,120,2022-12-28 09:03:16.985839367,Closed
LOAN300963,CUST104081,Business,35153.72,24.43,48,2021-12-28 01:26:15.121134758,Restructured
LOAN300964,CUST104417,Home,16586.36,21.15,48,2020-12-21 04:25:09.748873711,Closed
LOAN300965,CUST100932,Business,72255.39,10.1,36,2024-01-25 05:40:23.244183779,Active
LOAN300966,CUST100164,Student,30967.88,12.77,84,2020-03-29 16:56:16.416302443,Closed
LOAN300967,CUST101807,Student,48193.08,24.83,24,2024-06-17 03:44:00.769515276,Active
LOAN300968,CUST102078,Vehicle,7683.52,15.39,120,2026-04-05 23:49:14.573704481,Closed
LOAN300969,CUST102801,Personal,47957.74,8.8,12,2020-02-21 12:42:09.668375015,Active
LOAN300970,CUST102704,Personal,16919.89,8.41,84,2016-03-16 00:39:15.716529131,Closed
LOAN300971,CUST103033,Student,166986.68,7.62,240,2019-02-27 01:15:20.264215945,Closed
LOAN300972,CUST102045,Vehicle,51236.61,22.19,84,2017-03-04 09:04:50.565618515,Active
LOAN300973,CUST104271,Personal,8098.23,14.88,60,2017-05-08 09:45:38.498330355,Active
LOAN300974,CUST104626,Business,17098.29,17.16,24,2022-06-26 00:39:16.199943781,Active
LOAN300975,CUST100516,Vehicle,169283.46,19.85,24,2017-12-15 13:05:01.335215569,Defaulted
LOAN300976,CUST104197,Vehicle,12190.53,19.36,24,2017-12-26 23:52:34.143811464,Active
LOAN300977,CUST104752,Business,20039.22,18.16,60,2018-01-10 04:15:18.561272860,Active
LOAN300978,CUST104415,Student,26795.27,21.95,60,2023-11-19 05:08:17.960006475,Closed
LOAN300979,CUST100483,Business,55329.63,19.4,60,2020-07-21 10:17:34.494370937,Closed
LOAN300980,CUST102868,Personal,76878.88,16.11,84,2023-08-19 12:51:04.066177130,Active
LOAN300981,CUST104870,Student,49987.17,,48,2022-05-15 20:10:15.396899939,Active
LOAN300982,CUST101056,Home,36930.19,16.19,48,2016-01-03 10:03:43.951730490,Active
LOAN300983,CUST100627,Personal,34550.29,24.44,12,2018-04-14 15:20:54.491436481,Active
LOAN300984,CUST101097,Student,21101.09,13.34,48,2017-07-09 12:34:51.840550900,Closed
LOAN300985,CUST101287,Personal,44454.7,22.52,60,2016-04-26 15:02:28.017038584,Closed
LOAN300986,CUST104743,Business,187597.47,14.05,36,2020-06-18 22:25:32.780749798,Restructured
LOAN300987,CUST100827,Student,68383.93,14.44,120,2018-10-16 01:02:03.465859413,Active
LOAN300988,CUST103001,Business,27640.96,24.68,120,2023-05-09 00:50:40.675913334,Active
LOAN300989,CUST100971,Business,42359.11,19.12,48,2026-05-11 08:23:03.708380222,Restructured
LOAN300990,CUST101846,Home,13840.77,19.31,84,2016-04-23 05:23:24.938119173,Active
LOAN300991,CUST104906,Personal,71159.94,12.16,12,2017-09-29 22:08:21.991029501,Closed
LOAN300992,CUST104024,Personal,19130.08,23.51,36,2016-07-27 15:23:34.559482336,Closed
LOAN300993,CUST102355,Personal,147912.82,12.09,84,2026-03-27 18:17:43.733536959,Active
LOAN300994,CUST101920,Personal,86451.07,20.59,84,2022-07-30 10:35:42.640046120,Restructured
LOAN300995,CUST101779,Vehicle,22416.47,17.69,12,2026-04-21 00:21:15.750167847,Closed
LOAN300996,CUST103198,Personal,33790.32,11.88,60,2017-12-07 20:08:10.010511875,Active
LOAN300997,CUST104746,Business,75982.55,8.01,84,2019-12-18 17:07:02.631220818,Active
LOAN300998,CUST104679,Student,9903.26,24.27,48,2026-02-16 07:19:09.832173109,Closed
LOAN300999,CUST102910,Student,22062.68,15.16,120,2018-06-29 16:21:03.049462318,Active
LOAN301000,CUST101626,Vehicle,111196.67,10.37,84,2021-01-18 00:17:32.477128029,Closed
LOAN301001,CUST104742,Business,24516.09,10.17,84,2018-01-13 09:28:37.252086878,Closed
LOAN301002,CUST100600,Personal,44167.54,18.28,240,2016-09-07 11:57:52.238160849,Closed
LOAN301003,CUST103414,Vehicle,8987.68,18.22,84,2021-01-12 17:52:53.947978973,Active
LOAN301004,CUST101785,Home,5054.9,21.94,48,2020-07-20 02:02:50.899298906,Active
LOAN301005,CUST102519,Personal,22676.95,22.41,240,2019-05-17 10:23:57.394385576,Active
LOAN301006,CUST101433,Business,46001.75,15.58,84,2023-07-06 03:56:31.858217239,Active
LOAN301007,CUST100163,Student,24459.34,21.28,24,2017-07-28 23:26:35.945850611,Restructured
LOAN301008,CUST101483,Personal,45453.5,21.42,240,2025-09-07 17:44:00.390968561,Active
LOAN301009,CUST101707,Business,41861.56,22.98,60,2022-07-15 11:29:36.854053020,Closed
LOAN301010,CUST102028,Home,19018.03,24.01,36,2018-08-22 16:23:19.843842983,Restructured
LOAN301011,CUST101897,Home,83757.28,16.42,60,2019-10-21 21:06:16.586706877,Closed
LOAN301012,CUST100919,Business,14849.68,10.43,120,2024-09-27 15:13:54.598724127,Active
LOAN301013,CUST104009,Personal,70258.9,21.46,120,2022-07-22 14:51:21.140026093,Closed
LOAN301014,CUST104282,Home,53966.05,20.69,24,2024-02-23 21:25:29.049161673,Active
LOAN301015,CUST100763,Vehicle,367256.69,11.23,240,2016-08-20 11:01:22.458332062,Closed
LOAN301016,CUST100351,Student,63831.03,9.23,240,2021-12-13 06:32:41.502737283,Defaulted
LOAN301017,CUST101934,Student,99400.05,17.03,48,2022-05-26 10:55:27.400135756,Active
LOAN301018,CUST104838,Student,102448.63,8.84,12,2021-06-20 13:21:19.483524084,Active
LOAN301019,CUST100094,Business,61350.58,13.85,48,2023-07-02 13:31:54.386474133,Defaulted
LOAN301020,CUST104988,Home,22764.52,21.65,120,2016-12-23 16:50:50.293133974,Defaulted
LOAN301021,CUST102792,Personal,26869.88,10.45,48,2022-12-17 07:36:01.883300781,Active
LOAN301022,CUST102678,Home,9142.62,19.89,120,2020-11-27 04:07:28.648040771,Active
LOAN301023,CUST100525,Personal,20940.42,13.58,84,2020-06-11 01:00:21.861849785,Active
LOAN301024,CUST103415,Personal,19068.45,16.95,60,2019-11-13 03:48:25.754366398,Active
LOAN301025,CUST104115,Home,14294.46,23.71,24,2022-03-11 08:01:02.450278759,Active
LOAN301026,CUST104435,Student,42425.48,18.15,120,2024-11-28 10:28:36.431157589,Closed
LOAN301027,CUST103849,Business,66708.34,22.03,36,2016-10-07 10:12:29.268658876,Closed
LOAN301028,CUST103744,Personal,44861.9,22.71,84,2018-04-20 11:43:41.721979856,Active
LOAN301029,CUST101981,Student,33786.99,10.04,48,2019-06-28 07:33:17.015191555,Closed
LOAN301030,CUST104458,Business,53252.54,23.54,60,2022-12-09 23:33:57.460717440,Active
LOAN301031,CUST103855,Vehicle,129706.62,12.15,120,2026-05-30 07:15:36.482964516,Active
LOAN301032,CUST104075,Business,17490.68,20.12,60,2018-03-29 20:38:46.738389015,Closed
LOAN301033,CUST100836,Vehicle,212528.47,12.42,60,2023-09-19 10:46:50.571856976,Active
LOAN301034,CUST102337,Business,145940.3,13.85,48,2020-08-21 17:13:27.696024418,Closed
LOAN301035,CUST100365,Vehicle,11481.61,17.88,24,2022-01-11 17:02:27.463513613,Defaulted
LOAN301036,CUST102991,Personal,16808.61,8.71,120,2019-08-21 20:06:11.504267216,Closed
LOAN301037,CUST100459,Student,21387.06,10.43,60,2020-04-09 11:04:06.789146662,Active
LOAN301038,CUST104194,Personal,5218.33,15.48,48,2019-06-24 10:47:00.634774685,Active
LOAN301039,CUST103793,Vehicle,53878.0,20.52,60,2021-07-17 03:16:35.909963369,Active
LOAN301040,CUST101689,Student,114690.45,22.35,36,2020-05-25 20:00:17.724794388,Active
LOAN301041,CUST101863,Home,65443.51,18.48,60,2022-07-18 17:03:15.582593679,Active
LOAN301042,CUST101897,Business,65544.76,20.01,240,2021-05-25 23:16:30.944758415,Closed
LOAN301043,CUST101604,Vehicle,5024.25,15.48,12,2020-09-21 08:30:19.469306469,Active
LOAN301044,CUST103454,Home,21864.78,18.4,240,2022-10-18 17:20:57.735281944,Active
LOAN301045,CUST101461,Vehicle,25220.1,23.07,240,2020-10-10 18:20:34.169735432,Active
LOAN301046,CUST104183,Student,110252.54,10.86,84,2016-08-01 05:47:56.705216646,Closed
LOAN301047,CUST100054,Vehicle,17404.43,23.44,12,2023-12-27 01:40:10.220346689,Active
LOAN301048,CUST101777,Personal,28449.43,10.25,36,2016-11-30 12:36:03.802250624,Active
LOAN301049,CUST103869,Student,37792.84,21.37,60,2018-03-24 06:41:50.882291079,Defaulted
LOAN301050,CUST101008,Student,31861.76,8.75,60,2019-10-13 16:08:53.392495871,Active
LOAN301051,CUST101240,Vehicle,128202.53,15.66,36,2022-06-29 21:56:38.116458654,Closed
LOAN301052,CUST103731,Business,11060.9,20.67,60,2020-08-05 06:07:04.359752178,Active
LOAN301053,CUST102807,Vehicle,149386.11,23.91,60,2017-01-14 19:45:24.703146458,Active
LOAN301054,CUST102728,Vehicle,91749.04,9.41,84,2022-05-22 14:56:05.985070944,Closed
LOAN301055,CUST103287,Personal,29905.47,16.47,84,2022-12-03 11:00:03.144762278,Active
LOAN301056,CUST100317,Personal,49798.45,13.71,240,2017-06-03 04:54:44.060575485,Active
LOAN301057,CUST102058,Home,13669.51,13.32,120,2018-07-01 23:47:57.455132484,Closed
LOAN301058,CUST102234,Personal,85992.56,10.02,48,2019-11-09 07:26:34.217019081,Defaulted
LOAN301059,CUST104726,Business,393674.78,19.38,48,2018-04-23 07:45:27.681694031,Closed
LOAN301060,CUST101946,Personal,45782.42,9.38,48,2025-10-05 14:35:16.153584957,Active
LOAN301061,CUST103550,Student,7692.84,15.04,84,2017-04-11 07:12:02.043740749,Closed
LOAN301062,CUST104963,Student,13257.37,11.56,84,2021-07-24 05:28:58.853975534,Active
LOAN301063,CUST100763,Personal,18679.75,9.78,120,2016-11-03 21:18:29.650349855,Active
LOAN301064,CUST100752,Student,18347.22,15.39,24,2024-12-18 12:14:15.519088507,Closed
LOAN301065,CUST101644,Personal,268105.75,13.4,48,2021-01-01 23:05:06.917315006,Active
LOAN301066,CUST100131,Vehicle,83777.18,13.63,60,2025-12-16 06:05:57.061067581,Active
LOAN301067,CUST101595,Personal,20155.25,20.15,84,2018-08-09 13:47:18.534631729,Active
LOAN301068,CUST100246,Vehicle,3111.58,22.91,48,2020-07-18 01:24:14.318711996,Closed
LOAN301069,CUST103574,Business,2831.97,10.45,48,2021-11-28 07:56:09.062984467,Active
LOAN301070,CUST103353,Business,16549.94,13.07,120,2023-04-28 08:40:18.464265347,Closed
LOAN301071,CUST102502,Home,8891.12,8.02,120,2017-07-16 15:20:52.090828896,Active
LOAN301072,CUST103927,Home,30665.48,9.76,84,2021-12-26 08:47:34.115799427,Closed
LOAN301073,CUST101694,Vehicle,58596.56,23.08,48,2021-06-24 16:55:16.890247107,Active
LOAN301074,CUST104954,Vehicle,13527.73,13.37,84,2018-06-04 06:47:59.889024496,Closed
LOAN301075,CUST101826,Personal,67758.6,17.78,240,2017-01-12 19:46:48.942067862,Active
LOAN301076,CUST102626,Business,33348.08,16.87,120,2023-03-18 02:03:05.858680725,Active
LOAN301077,CUST103356,Personal,30331.62,8.61,240,2019-02-05 04:53:37.573846102,Closed
LOAN301078,CUST101889,Business,285625.53,20.27,84,2018-02-26 04:35:42.158200741,Active
LOAN301079,CUST104534,Student,59443.28,16.18,84,2016-02-13 04:11:54.362296343,Closed
LOAN301080,CUST104555,Business,45319.36,24.83,120,2020-11-21 09:46:47.513226509,Defaulted
LOAN301081,CUST103702,Business,27579.95,8.75,120,2016-09-27 04:40:55.875582933,Active
LOAN301082,CUST101258,Vehicle,67274.94,12.28,84,2017-02-27 11:32:52.653773308,Restructured
LOAN301083,CUST102656,Vehicle,91771.19,10.42,60,2019-04-20 22:17:39.700115919,Active
LOAN301084,CUST100961,Student,4004.6,12.4,24,2016-02-03 08:52:40.313488007,Active
LOAN301085,CUST102031,Business,78976.67,22.97,240,2026-01-07 12:27:26.666509151,Closed
LOAN301086,CUST101643,Personal,25794.76,,60,2025-07-21 14:39:58.222608566,Closed
LOAN301087,CUST101375,Vehicle,113244.52,18.89,60,2020-11-26 04:29:30.138457298,Closed
LOAN301088,CUST101999,Home,29841.73,11.81,84,2023-10-20 08:29:18.844987631,Defaulted
LOAN301089,CUST101640,Home,56398.44,23.27,24,2023-06-11 02:53:13.758670568,Active
LOAN301090,CUST104673,Student,115733.28,17.52,36,2016-07-16 21:42:28.627583981,Active
LOAN301091,CUST102301,Business,98067.57,14.34,240,2023-01-25 07:07:01.247112274,Active
LOAN301092,CUST103267,Home,58342.14,7.77,36,2019-01-28 15:29:54.880339384,Defaulted
LOAN301093,CUST104094,Personal,136147.4,24.15,60,2023-10-25 14:16:59.245044231,Restructured
LOAN301094,CUST103440,Home,84520.39,24.68,240,2023-12-09 02:48:40.240827799,Active
LOAN301095,CUST101720,Student,123760.72,14.41,36,2024-01-02 10:55:11.970456123,Defaulted
LOAN301096,CUST104559,Business,97564.51,14.48,120,2017-12-21 23:28:03.918594360,Closed
LOAN301097,CUST103676,Student,118561.37,13.75,120,2022-05-29 17:05:58.781969309,Active
LOAN301098,CUST104889,Personal,33342.54,18.62,48,2024-12-10 17:36:25.592782974,Active
LOAN301099,CUST103838,Student,23490.7,24.02,48,2018-01-11 03:41:07.602931738,Closed
LOAN301100,CUST101769,Home,101306.6,8.5,48,2026-03-04 06:48:45.812680244,Closed
LOAN301101,CUST101525,Business,13414.66,9.6,48,2023-03-05 13:14:33.408440113,Active
LOAN301102,CUST100339,Home,124544.71,21.79,48,2019-09-15 08:55:58.493219376,Active
LOAN301103,CUST101918,Business,62258.23,15.33,60,2018-10-16 00:58:07.205834389,Active
LOAN301104,CUST101959,Home,25364.27,9.5,240,2019-06-04 00:36:22.325845718,Active
LOAN301105,CUST102434,Student,31266.17,20.94,36,2024-08-30 07:46:21.606635809,Active
LOAN301106,CUST102799,Business,44799.63,20.32,240,2026-05-03 23:35:20.705391169,Active
LOAN301107,CUST101809,Home,41711.46,18.92,240,2016-06-14 05:03:39.875609636,Defaulted
LOAN301108,CUST104781,Home,296614.65,,120,2025-10-19 01:48:37.794703007,Active
LOAN301109,CUST103306,Home,21481.48,8.13,240,2020-04-21 11:40:35.056230068,Active
LOAN301110,CUST101637,Student,50441.6,15.23,60,2025-12-26 07:01:11.436852932,Closed
LOAN301111,CUST104985,Personal,55536.7,24.69,12,2017-11-25 21:29:05.088665962,Closed
LOAN301112,CUST100059,Student,97726.67,12.61,60,2016-01-18 22:39:07.406669378,Closed
LOAN301113,CUST102389,Personal,52744.19,23.54,48,2026-04-02 03:43:45.226169348,Restructured
LOAN301114,CUST100271,Business,35990.44,24.21,24,2016-03-30 08:56:50.670207739,Active
LOAN301115,CUST104219,Personal,52498.28,13.17,60,2023-08-09 03:00:04.761613369,Active
LOAN301116,CUST101446,Personal,101195.71,15.68,48,2025-12-24 15:32:10.471925735,Closed
LOAN301117,CUST102578,Home,126363.73,7.65,240,2016-10-16 11:15:09.360723734,Active
LOAN301118,CUST101390,Vehicle,33608.84,24.54,60,2019-09-06 06:45:44.724219561,Active
LOAN301119,CUST103044,Vehicle,42806.8,14.31,84,2020-03-31 12:29:33.772229671,Active
LOAN301120,CUST103915,Business,24414.41,12.03,48,2020-03-11 12:09:11.797019720,Active
LOAN301121,CUST104349,Vehicle,27239.35,21.02,36,2023-02-25 00:01:55.837400913,Active
LOAN301122,CUST100257,Personal,115561.41,11.1,60,2019-12-10 21:54:31.483298779,Active
LOAN301123,CUST104391,Business,86733.24,17.93,24,2019-01-24 09:47:49.167959213,Closed
LOAN301124,CUST100546,Vehicle,22463.06,9.63,36,2020-06-03 17:12:32.763196945,Closed
LOAN301125,CUST101724,Personal,46297.03,15.82,120,2017-01-12 09:43:36.571218491,Closed
LOAN301126,CUST102824,Vehicle,31854.41,14.91,12,2017-09-02 16:51:51.308059931,Restructured
LOAN301127,CUST101395,Student,75802.81,24.84,240,2021-10-17 01:11:41.241190434,Closed
LOAN301128,CUST104328,Personal,28398.9,21.18,36,2018-11-05 23:34:51.835259676,Closed
LOAN301129,CUST104208,Vehicle,23098.64,19.68,48,2016-09-03 16:51:42.446837425,Closed
LOAN301130,CUST101569,Vehicle,166304.77,20.55,60,2016-10-03 21:36:49.099854231,Closed
LOAN301131,CUST104401,Home,30073.89,24.75,12,2018-07-10 06:15:01.199122667,Closed
LOAN301132,CUST101356,Student,14598.72,20.3,48,2016-04-04 17:31:24.836853743,Active
LOAN301133,CUST104365,Business,48300.69,12.61,36,2025-02-09 21:23:50.918883562,Active
LOAN301134,CUST102007,Home,15751.01,22.56,24,2020-12-29 10:34:07.377546549,Defaulted
LOAN301135,CUST103721,Vehicle,18088.65,22.34,24,2016-01-28 01:42:50.349041462,Active
LOAN301136,CUST102769,Business,215500.52,13.04,84,2021-03-21 21:58:25.863384724,Active
LOAN301137,CUST100277,Vehicle,3821.73,11.72,24,2026-04-05 07:18:36.305181265,Closed
LOAN301138,CUST104292,Home,52647.72,16.87,60,2017-05-13 00:45:44.624800444,Active
LOAN301139,CUST101995,Personal,110180.87,21.21,120,2017-12-29 07:26:28.422523499,Closed
LOAN301140,CUST101604,Home,22359.1,16.25,36,2022-10-06 21:09:00.524276257,Active
LOAN301141,CUST103419,Personal,11364.36,16.86,120,2020-11-11 23:10:16.769982100,Active
LOAN301142,CUST100305,Business,79300.68,8.09,240,2020-10-28 19:22:27.451576948,Active
LOAN301143,CUST104697,Business,12675.6,9.95,48,2025-09-11 02:41:43.375736952,Closed
LOAN301144,CUST101021,Personal,17467.74,19.16,24,2017-05-24 10:39:32.947721720,Active
LOAN301145,CUST101027,Student,36602.15,23.88,36,2017-01-19 13:17:49.245316505,Active
LOAN301146,CUST101594,Home,95091.59,23.07,120,2017-03-28 14:37:46.796956062,Active
LOAN301147,CUST103396,Business,505079.32,23.83,84,2016-10-20 07:40:15.376435041,Active
LOAN301148,CUST100922,Student,20147.19,11.98,240,2021-01-29 16:13:27.436604023,Active
LOAN301149,CUST104031,Home,31911.24,9.8,120,2016-01-31 04:52:29.411554813,Active
LOAN301150,CUST103108,Business,53721.65,9.71,12,2023-02-12 13:51:49.922073364,Closed
LOAN301151,CUST100589,Vehicle,18586.13,16.92,84,2016-06-14 10:06:55.651763916,Defaulted
LOAN301152,CUST104645,Vehicle,6765.94,9.29,120,2026-04-09 20:48:09.712944269,Active
LOAN301153,CUST103634,Home,13996.0,23.04,240,2018-09-09 17:27:11.049407005,Active
LOAN301154,CUST100495,Vehicle,36105.44,22.38,120,2025-05-27 14:52:25.326649189,Active
LOAN301155,CUST104830,Home,51142.35,19.27,60,2021-06-19 09:34:13.182391882,Active
LOAN301156,CUST101210,Business,79995.11,21.54,12,2022-09-25 06:45:59.297602654,Active
LOAN301157,CUST101928,Student,73694.37,11.45,84,2024-01-19 01:09:50.344089985,Closed
LOAN301158,CUST104416,Personal,223621.5,8.1,12,2018-01-03 18:23:10.294617653,Active
LOAN301159,CUST102755,Personal,13216.28,8.91,84,2024-06-26 22:42:49.431327343,Active
LOAN301160,CUST103295,Student,83034.58,12.32,24,2018-07-05 10:49:15.113701820,Active
LOAN301161,CUST102046,Home,40191.58,13.74,120,2023-07-17 11:05:14.942219257,Active
LOAN301162,CUST104039,Vehicle,18321.36,22.67,84,2019-12-23 17:14:49.660475016,Defaulted
LOAN301163,CUST104010,Personal,47250.02,22.01,48,2019-02-22 02:06:38.621583223,Closed
LOAN301164,CUST100771,Home,58359.03,12.0,24,2019-08-13 03:11:20.968742132,Closed
LOAN301165,CUST102361,Student,15323.51,15.22,36,2024-03-08 01:18:14.068124294,Active
LOAN301166,CUST101097,Business,27260.61,20.22,36,2022-04-25 13:22:08.026744127,Active
LOAN301167,CUST103723,Home,9838.82,20.03,240,2024-07-30 05:03:17.304590702,Closed
LOAN301168,CUST100629,Personal,23110.46,10.78,120,2017-10-27 19:39:35.467861176,Active
LOAN301169,CUST100619,Home,62636.3,24.3,84,2023-10-16 05:29:15.306747198,Closed
LOAN301170,CUST100600,Vehicle,46767.0,24.52,120,2020-01-21 02:13:30.608951807,Closed
LOAN301171,CUST100709,Vehicle,29977.62,9.38,120,2017-08-17 03:24:40.357721329,Active
LOAN301172,CUST104295,Vehicle,151150.81,15.13,60,2026-03-28 05:12:01.204775095,Active
LOAN301173,CUST100644,Vehicle,28205.08,13.2,84,2024-07-14 14:24:33.262486934,Active
LOAN301174,CUST101281,Vehicle,37435.18,14.91,48,2022-03-10 11:46:16.023297787,Closed
LOAN301175,CUST102551,Home,10229.59,9.57,240,2025-12-20 09:32:14.550105095,Defaulted
LOAN301176,CUST102401,Business,10474.99,10.81,24,2021-05-24 03:07:10.122962713,Active
LOAN301177,CUST101297,Personal,424034.82,16.92,60,2019-02-19 09:31:26.945340395,Closed
LOAN301178,CUST104895,Home,71398.78,,48,2017-03-03 12:44:04.652125359,Active
LOAN301179,CUST102496,Home,38142.0,24.31,84,2019-08-29 16:35:50.419600725,Active
LOAN301180,CUST103820,Student,23175.38,8.39,60,2018-03-13 11:36:07.154411554,Closed
LOAN301181,CUST101425,Home,13834.16,15.75,24,2019-10-20 18:54:28.755853415,Closed
LOAN301182,CUST103358,Business,38786.75,18.81,60,2024-09-20 09:53:53.661703110,Closed
LOAN301183,CUST101203,Business,8505.24,18.39,12,2023-08-12 01:49:16.051875591,Active
LOAN301184,CUST103530,Personal,44373.58,16.47,60,2020-01-17 20:54:39.745971918,Defaulted
LOAN301185,CUST104381,Personal,21745.32,18.31,48,2020-04-19 11:58:56.658764362,Closed
LOAN301186,CUST104180,Personal,137915.84,20.07,48,2023-03-03 22:26:11.621740341,Closed
LOAN301187,CUST103021,Vehicle,108190.32,17.27,60,2020-02-22 17:56:53.539771557,Closed
LOAN301188,CUST102888,Personal,52802.03,9.35,24,2022-03-18 03:19:14.640586853,Closed
LOAN301189,CUST100950,Home,61876.26,19.44,36,2021-09-28 05:16:25.953989267,Active
LOAN301190,CUST104399,Student,39348.56,22.11,60,2017-07-26 03:37:43.481124163,Closed
LOAN301191,CUST104082,Home,23075.28,15.6,24,2023-08-10 16:50:09.528254509,Active
LOAN301192,CUST104179,Home,128459.34,9.6,84,2022-11-20 02:49:20.926639318,Closed
LOAN301193,CUST100364,Business,50862.14,21.03,24,2018-09-26 01:35:07.455122471,Active
LOAN301194,CUST100474,Vehicle,24990.69,24.55,60,2026-05-29 17:34:25.088942051,Active
LOAN301195,CUST102212,Business,26509.03,11.22,60,2025-06-10 00:21:14.178266048,Active
LOAN301196,CUST101842,Student,7527.41,14.22,120,2025-04-01 14:11:23.830723524,Active
LOAN301197,CUST104305,Business,22493.46,24.23,12,2018-12-05 07:48:02.698263407,Active
LOAN301198,CUST101280,Home,66902.85,24.22,240,2016-01-11 02:42:55.412778854,Closed
LOAN301199,CUST102449,Personal,47753.9,13.52,240,2024-08-29 19:46:22.612405777,Closed
LOAN301200,CUST100911,Vehicle,41858.41,18.68,24,2018-01-26 10:16:47.390959740,Active
LOAN301201,CUST101017,Home,17447.32,16.69,240,2016-11-26 09:21:02.367498159,Active
LOAN301202,CUST102542,Business,42929.94,12.72,120,2023-11-08 10:45:36.905854225,Active
LOAN301203,CUST101776,Vehicle,6398.17,21.02,60,2016-10-29 09:41:38.028439045,Active
LOAN301204,CUST100514,Personal,117493.44,8.91,24,2020-06-22 19:29:13.037597895,Active
LOAN301205,CUST102456,Vehicle,68007.13,14.39,48,2021-11-06 03:37:06.809570789,Active
LOAN301206,CUST104901,Personal,75959.89,16.0,24,2024-10-31 17:43:45.425173759,Defaulted
LOAN301207,CUST101128,Student,94231.7,23.06,60,2024-02-21 10:27:54.595823765,Closed
LOAN301208,CUST102948,Student,18717.62,14.9,48,2021-06-08 12:05:04.742529869,Active
LOAN301209,CUST101843,Student,28450.32,15.65,240,2023-01-26 20:59:06.712289333,Active
LOAN301210,CUST100206,Vehicle,21292.68,22.05,36,2021-07-05 10:57:59.047460318,Active
LOAN301211,CUST101131,Personal,5558.71,9.83,48,2024-01-25 01:36:32.119441509,Active
LOAN301212,CUST101766,Home,10159.65,21.31,36,2023-09-14 01:03:26.084256172,Restructured
LOAN301213,CUST102296,Business,58956.63,12.98,240,2022-12-04 03:36:05.434787512,Active
LOAN301214,CUST103143,Student,12451.97,23.06,84,2025-01-02 10:18:03.633772612,Active
LOAN301215,CUST102117,Student,21024.63,12.37,36,2017-03-27 12:04:54.437646627,Restructured
LOAN301216,CUST104903,Personal,24582.71,22.5,240,2019-11-03 02:00:37.935069561,Active
LOAN301217,CUST102631,Personal,41115.0,14.27,84,2018-02-27 10:13:10.147712708,Active
LOAN301218,CUST101156,Student,102983.16,10.99,12,2018-07-27 16:52:27.348121643,Active
LOAN301219,CUST103212,Personal,43648.09,9.38,12,2016-06-01 17:16:19.322421074,Restructured
LOAN301220,CUST100181,Student,68257.28,11.46,48,2019-11-20 18:42:13.041154623,Closed
LOAN301221,CUST103336,Student,26943.45,9.76,48,2019-06-22 10:37:28.001678467,Restructured
LOAN301222,CUST102911,Home,48784.77,14.66,120,2020-12-26 18:02:16.357577324,Active
LOAN301223,CUST101746,Vehicle,54446.17,19.71,60,2026-03-04 02:34:07.546501398,Active
LOAN301224,CUST101625,Vehicle,53725.66,22.07,48,2020-05-28 21:36:58.873970985,Closed
LOAN301225,CUST104680,Vehicle,55687.84,20.51,24,2025-08-01 01:03:03.596516371,Closed
LOAN301226,CUST104492,Personal,74673.96,16.51,60,2019-09-28 10:11:09.208549261,Active
LOAN301227,CUST101932,Personal,36411.97,22.65,240,2021-09-06 09:07:07.156638145,Active
LOAN301228,CUST102015,Business,33484.31,16.35,48,2016-07-26 21:01:01.693631172,Active
LOAN301229,CUST101548,Personal,19068.56,17.59,24,2025-03-08 12:14:53.589550972,Active
LOAN301230,CUST100929,Home,79095.83,13.92,12,2022-09-29 13:45:18.905400991,Defaulted
LOAN301231,CUST101647,Personal,13057.37,18.01,12,2023-09-24 23:15:22.264720440,Active
LOAN301232,CUST101042,Student,104978.25,17.55,24,2023-01-23 11:04:51.728771210,Closed
LOAN301233,CUST102844,Personal,57981.3,17.52,240,2017-10-23 06:41:40.667019367,Closed
LOAN301234,CUST104868,Business,4989.74,23.12,120,2020-08-02 02:31:10.054440022,Defaulted
LOAN301235,CUST102624,Home,254758.87,10.02,12,2023-08-21 07:22:02.451869726,Active
LOAN301236,CUST103865,Vehicle,36149.94,7.62,36,2022-04-02 12:19:24.369705200,Active
LOAN301237,CUST104839,Business,40641.7,11.85,120,2022-02-18 23:19:37.854270458,Active
LOAN301238,CUST103214,Home,88593.57,22.15,84,2020-03-30 18:25:39.742587328,Active
LOAN301239,CUST100690,Home,26695.54,18.85,120,2016-11-21 07:42:40.614665270,Restructured
LOAN301240,CUST103123,Student,81591.16,18.99,240,2022-01-11 10:26:06.588563919,Active
LOAN301241,CUST103609,Student,54401.86,19.97,36,2018-05-05 17:06:13.583734035,Active
LOAN301242,CUST100085,Personal,49253.4,23.3,240,2016-10-12 22:54:49.377005339,Active
LOAN301243,CUST101496,Home,28965.88,17.41,24,2025-01-25 12:43:31.429663420,Active
LOAN301244,CUST103133,Personal,27109.62,20.25,36,2018-03-18 07:50:00.757408142,Closed
LOAN301245,CUST103151,Vehicle,17045.71,15.28,240,2017-02-27 04:32:34.422064066,Closed
LOAN301246,CUST103809,Student,115619.04,20.03,240,2016-05-12 07:14:34.267521143,Active
LOAN301247,CUST100267,Vehicle,160517.39,7.62,60,2017-03-08 21:42:26.230758429,Closed
LOAN301248,CUST103652,Student,45623.35,12.34,240,2022-06-25 17:56:18.999914885,Closed
LOAN301249,CUST100865,Home,33080.67,21.65,48,2021-07-21 19:53:57.491440296,Closed
LOAN301250,CUST101510,Vehicle,20849.2,23.67,120,2016-08-30 09:53:17.073136806,Defaulted
LOAN301251,CUST104474,Student,44433.76,23.48,12,2025-06-12 14:22:55.119290113,Active
LOAN301252,CUST102667,Home,5678.55,24.89,24,2022-09-06 10:06:57.674645662,Active
LOAN301253,CUST100387,Home,23305.88,24.28,24,2024-06-03 09:10:46.370892048,Defaulted
LOAN301254,CUST100137,Personal,66868.84,15.35,120,2020-07-27 00:17:03.810118675,Active
LOAN301255,CUST104462,Business,30415.23,14.64,240,2021-10-06 09:00:18.093418837,Active
LOAN301256,CUST101605,Personal,22321.54,23.19,48,2023-09-21 02:58:46.365159512,Active
LOAN301257,CUST103275,Personal,29765.46,14.24,36,2021-10-07 10:04:06.084225655,Active
LOAN301258,CUST102973,Business,62188.43,23.68,36,2024-02-08 23:22:17.441890717,Closed
LOAN301259,CUST102440,Vehicle,39724.0,19.14,120,2021-10-29 06:39:53.904840946,Defaulted
LOAN301260,CUST100497,Student,40325.8,8.39,60,2024-12-03 04:09:06.580715656,Closed
LOAN301261,CUST103634,Personal,175556.05,8.2,36,2020-05-05 06:57:55.289947748,Defaulted
LOAN301262,CUST104810,Vehicle,12105.91,19.32,60,2021-12-11 00:53:05.545933723,Restructured
LOAN301263,CUST101125,Business,16500.05,14.68,36,2025-07-08 14:03:59.941464186,Active
LOAN301264,CUST102253,Vehicle,99531.57,18.65,12,2021-03-12 20:47:58.828639984,Defaulted
LOAN301265,CUST100901,Business,279732.12,9.96,84,2016-07-17 23:41:05.924149275,Defaulted
LOAN301266,CUST104727,Business,28720.17,18.71,36,2017-11-14 03:07:01.185794830,Active
LOAN301267,CUST101673,Business,124755.09,16.65,60,2023-06-30 11:56:08.292019129,Active
LOAN301268,CUST104634,Home,20401.95,17.27,12,2024-07-25 12:05:52.006370544,Active
LOAN301269,CUST103459,Student,68499.48,15.12,240,2018-09-13 15:59:05.447732449,Defaulted
LOAN301270,CUST104168,Student,80225.11,7.91,120,2016-11-12 08:43:00.433503389,Closed
LOAN301271,CUST103530,Business,41650.88,17.25,36,2026-02-08 16:00:37.581476688,Closed
LOAN301272,CUST102939,Business,34556.88,22.93,36,2021-09-29 15:41:15.546982050,Active
LOAN301273,CUST101040,Business,69138.81,21.01,120,2021-11-20 14:00:19.157795191,Active
LOAN301274,CUST100957,Business,17983.23,15.42,24,2016-03-25 21:45:01.658461094,Active
LOAN301275,CUST102813,Student,35432.27,14.12,12,2020-12-31 17:53:10.447024822,Restructured
LOAN301276,CUST104439,Business,159129.08,12.39,12,2023-12-16 18:36:25.863437891,Closed
LOAN301277,CUST103915,Student,42509.35,24.31,240,2019-06-25 20:57:47.568423986,Active
LOAN301278,CUST103953,Business,43152.72,11.45,120,2017-08-27 09:25:44.179200649,Active
LOAN301279,CUST102153,Student,111341.42,16.46,12,2024-11-30 18:41:43.562787294,Active
LOAN301280,CUST101652,Personal,84303.06,12.12,240,2024-03-15 06:52:12.361037493,Active
LOAN301281,CUST101944,Student,29390.25,23.03,120,2017-08-01 04:26:28.589976311,Closed
LOAN301282,CUST102715,Vehicle,163822.62,7.97,48,2021-12-07 05:17:32.860736370,Active
LOAN301283,CUST101016,Business,171950.35,20.42,120,2021-02-03 12:03:28.527108431,Active
LOAN301284,CUST103639,Student,40280.31,8.56,24,2016-10-16 16:45:30.097587824,Closed
LOAN301285,CUST101128,Vehicle,247420.43,8.58,240,2022-03-06 21:53:57.087700367,Active
LOAN301286,CUST102901,Vehicle,41942.33,20.0,240,2017-05-18 13:51:55.676330805,Defaulted
LOAN301287,CUST103416,Student,25440.19,9.63,60,2022-05-23 16:02:29.936940193,Active
LOAN301288,CUST103508,Home,28897.57,12.54,60,2018-10-28 14:14:43.191801786,Active
LOAN301289,CUST100755,Business,39655.1,24.74,24,2016-12-26 02:46:04.605118036,Active
LOAN301290,CUST103918,Personal,32444.49,18.7,240,2021-03-30 08:29:42.892615080,Active
LOAN301291,CUST101370,Business,24931.53,21.16,24,2022-02-18 16:48:43.101907253,Defaulted
LOAN301292,CUST102134,Vehicle,37293.44,,120,2024-08-02 16:19:46.787781477,Active
LOAN301293,CUST101206,Vehicle,159447.37,11.89,120,2018-05-16 22:55:55.738918304,Defaulted
LOAN301294,CUST101646,Business,27940.89,17.68,120,2019-11-14 20:56:19.973133087,Active
LOAN301295,CUST102442,Vehicle,239156.44,12.89,48,2025-05-21 15:13:37.797699690,Active
LOAN301296,CUST102482,Personal,23321.35,,36,2021-01-05 04:43:29.904274702,Active
LOAN301297,CUST101820,Student,14212.47,17.57,24,2017-08-01 20:49:12.502851725,Closed
LOAN301298,CUST100770,Home,10887.24,17.53,120,2019-03-23 09:32:07.391345739,Defaulted
LOAN301299,CUST104959,Student,19443.28,12.53,48,2016-06-26 12:12:24.864510298,Closed
LOAN301300,CUST100356,Home,39755.61,23.3,60,2018-11-30 05:24:13.215508223,Active
LOAN301301,CUST100341,Home,64609.96,22.87,48,2019-12-20 16:17:50.077979565,Closed
LOAN301302,CUST100199,Personal,24665.36,8.54,24,2018-01-24 16:07:56.090100765,Closed
LOAN301303,CUST101448,Vehicle,45294.14,18.85,36,2022-05-19 00:16:23.000893354,Active
LOAN301304,CUST101148,Student,84198.39,24.1,24,2021-12-08 03:11:44.036216974,Active
LOAN301305,CUST100172,Home,52299.65,19.29,60,2019-05-31 19:34:32.294626951,Active
LOAN301306,CUST104647,Home,74123.91,23.4,84,2022-01-30 07:10:47.207543612,Active
LOAN301307,CUST104274,Vehicle,28754.66,19.74,120,2018-07-16 10:42:41.259874582,Active
LOAN301308,CUST101306,Personal,151403.07,12.84,12,2025-04-21 04:43:16.222710133,Defaulted
LOAN301309,CUST103408,Business,120188.11,21.82,120,2017-02-03 10:27:22.860756159,Active
LOAN301310,CUST104175,Business,100644.2,21.39,36,2016-01-24 11:05:53.768884897,Restructured
LOAN301311,CUST100069,Student,21591.52,11.43,12,2020-02-25 08:20:00.050327063,Closed
LOAN301312,CUST101042,Home,40955.29,10.59,36,2021-05-22 09:00:35.710517645,Active
LOAN301313,CUST100491,Vehicle,19052.35,16.03,84,2020-07-04 01:37:11.999360800,Active
LOAN301314,CUST100955,Home,22755.56,24.65,60,2018-01-19 12:11:49.112720251,Defaulted
LOAN301315,CUST104876,Student,100064.95,13.49,12,2024-12-19 23:44:17.808667660,Active
LOAN301316,CUST104113,Home,14819.88,22.72,12,2021-09-15 13:21:24.961709976,Active
LOAN301317,CUST104091,Student,35821.11,23.1,36,2017-07-02 14:13:38.649611712,Closed
LOAN301318,CUST102810,Business,94973.1,12.97,84,2018-09-27 02:19:31.678790808,Active
LOAN301319,CUST102887,Personal,11964.72,19.52,240,2018-06-21 07:31:29.188654423,Closed
LOAN301320,CUST100581,Student,68518.24,13.76,240,2024-03-21 08:36:40.964842796,Closed
LOAN301321,CUST104052,Student,33819.41,9.4,12,2020-12-21 01:14:51.102163076,Defaulted
LOAN301322,CUST102346,Home,23348.84,8.62,84,2023-11-14 08:24:46.581531286,Active
LOAN301323,CUST102872,Business,52395.85,14.8,60,2025-01-05 01:02:31.880092144,Closed
LOAN301324,CUST100585,Personal,18433.35,8.03,12,2016-10-05 15:05:30.555896282,Active
LOAN301325,CUST104215,Student,17749.68,7.71,36,2024-02-24 04:23:58.755321980,Active
LOAN301326,CUST104935,Business,25801.03,9.21,48,2018-06-15 09:58:23.916255951,Active
LOAN301327,CUST101092,Home,32427.89,20.64,48,2024-07-26 19:53:24.618525743,Active
LOAN301328,CUST104078,Personal,193030.25,8.19,240,2021-12-23 03:58:09.571501017,Active
LOAN301329,CUST104330,Student,156181.43,18.02,120,2019-01-13 17:07:38.532970666,Defaulted
LOAN301330,CUST102112,Home,14508.55,22.14,24,2018-01-02 13:41:56.820415735,Active
LOAN301331,CUST100390,Business,36504.23,,240,2022-11-22 12:21:42.932780504,Active
LOAN301332,CUST104092,Vehicle,21550.01,19.89,12,2023-12-15 17:27:04.836670399,Closed
LOAN301333,CUST104712,Home,12173.24,18.48,36,2018-04-29 00:43:02.310096979,Closed
LOAN301334,CUST104341,Vehicle,39886.02,20.31,120,2020-05-27 08:09:03.405067921,Active
LOAN301335,CUST104720,Home,46823.99,9.8,48,2017-06-21 15:05:18.361218452,Closed
LOAN301336,CUST100942,Student,22288.84,14.75,84,2018-01-31 07:39:57.693546534,Active
LOAN301337,CUST100930,Business,64655.52,10.72,24,2023-03-12 12:28:00.339167595,Active
LOAN301338,CUST104146,Business,53226.57,21.99,60,2019-06-29 03:10:47.300203800,Active
LOAN301339,CUST104343,Business,172660.36,24.46,36,2025-10-04 18:59:06.724077463,Active
LOAN301340,CUST102571,Home,25977.04,12.81,24,2022-07-04 08:50:17.148949146,Closed
LOAN301341,CUST104871,Home,48641.7,9.48,12,2024-09-03 16:24:38.875352144,Defaulted
LOAN301342,CUST101017,Home,23203.38,20.41,84,2023-05-29 14:44:33.748463869,Closed
LOAN301343,CUST103506,Personal,22568.19,16.31,240,2024-09-14 16:12:18.607764006,Closed
LOAN301344,CUST103730,Personal,70658.45,20.76,36,2025-10-24 15:09:07.745779514,Closed
LOAN301345,CUST104942,Business,42054.59,23.98,120,2020-06-29 15:37:55.401521206,Active
LOAN301346,CUST103470,Home,5272.36,10.96,84,2022-09-24 18:20:24.805171490,Active
LOAN301347,CUST103926,Home,62834.25,21.08,36,2026-04-11 16:43:15.234355450,Closed
LOAN301348,CUST103441,Student,113242.64,20.18,48,2023-01-10 16:44:51.441085100,Active
LOAN301349,CUST103757,Home,10191.38,24.47,120,2019-08-24 11:24:15.867734194,Active
LOAN301350,CUST102935,Student,72933.87,13.22,84,2020-03-05 19:39:14.447387457,Active
LOAN301351,CUST102433,Personal,107303.13,15.06,48,2023-10-04 05:10:58.915029526,Active
LOAN301352,CUST103721,Business,32183.27,8.42,120,2021-07-14 01:57:08.864901066,Closed
LOAN301353,CUST102047,Vehicle,139052.99,12.61,12,2016-12-15 22:01:29.258867979,Active
LOAN301354,CUST102388,Vehicle,35689.97,20.8,120,2020-11-12 15:26:21.239315271,Active
LOAN301355,CUST104981,Student,25361.35,16.51,48,2025-08-06 10:43:48.504665375,Active
LOAN301356,CUST100944,Student,16340.09,15.55,48,2020-03-26 08:20:10.671878099,Active
LOAN301357,CUST104772,Vehicle,8822.24,12.7,84,2017-05-05 10:52:56.350579977,Closed
LOAN301358,CUST104639,Student,15018.42,21.45,120,2016-07-09 04:47:02.920552969,Closed
LOAN301359,CUST101024,Personal,33345.67,10.48,60,2020-05-08 11:34:37.786975861,Restructured
LOAN301360,CUST101924,Home,91025.95,13.21,48,2025-12-26 12:20:06.174438000,Active
LOAN301361,CUST103769,Home,54771.2,21.88,36,2025-05-16 19:36:43.393432617,Active
LOAN301362,CUST101709,Business,81277.59,21.69,36,2020-08-20 10:14:13.717021465,Closed
LOAN301363,CUST101409,Personal,154406.88,18.01,120,2024-11-23 11:36:56.667069435,Active
LOAN301364,CUST103017,Business,28880.43,15.5,84,2024-06-29 08:50:35.476363182,Active
LOAN301365,CUST101297,Business,79363.29,24.13,60,2016-04-15 04:58:19.369389057,Active
LOAN301366,CUST100122,Business,15736.12,14.28,240,2017-09-20 00:51:05.540634871,Closed
LOAN301367,CUST100894,Student,11649.67,17.24,48,2026-01-07 14:37:03.333847046,Active
LOAN301368,CUST100123,Vehicle,25786.67,16.04,60,2018-04-22 14:09:35.133826016,Defaulted
LOAN301369,CUST102880,Home,59149.55,16.83,120,2025-11-23 07:58:25.811166525,Active
LOAN301370,CUST104632,Personal,55337.7,19.18,48,2018-08-20 02:21:38.205809116,Active
LOAN301371,CUST101167,Business,53957.61,22.45,36,2021-12-29 14:53:10.475535393,Active
LOAN301372,CUST104345,Vehicle,27178.56,8.06,240,2022-11-30 08:58:05.902889252,Closed
LOAN301373,CUST100529,Personal,22810.37,22.77,24,2025-04-23 04:29:37.311063528,Active
LOAN301374,CUST104837,Student,17026.91,18.06,240,2025-04-23 12:41:47.056189299,Closed
LOAN301375,CUST100314,Business,30054.48,22.41,60,2017-11-21 18:43:49.558189392,Closed
LOAN301376,CUST100957,Personal,57281.18,12.04,24,2019-10-05 23:18:44.039840460,Active
LOAN301377,CUST102036,Personal,3900.75,8.5,24,2022-10-17 21:48:07.316138506,Closed
LOAN301378,CUST104578,Personal,27844.62,15.76,12,2018-05-31 09:21:29.371178865,Active
LOAN301379,CUST100525,Home,8424.82,11.0,24,2017-05-26 17:24:48.411503553,Active
LOAN301380,CUST103488,Home,10070.88,18.8,60,2018-08-23 18:17:03.004557610,Active
LOAN301381,CUST103807,Vehicle,40811.01,8.25,48,2025-10-25 08:27:39.093777418,Defaulted
LOAN301382,CUST103792,Home,11765.65,23.14,84,2024-03-20 13:06:40.989894390,Closed
LOAN301383,CUST103254,Student,26685.3,18.23,84,2022-05-21 04:46:26.321220636,Closed
LOAN301384,CUST102565,Student,59797.78,16.8,24,2023-08-13 01:14:43.614617825,Closed
LOAN301385,CUST102106,Business,35837.23,12.09,12,2018-10-05 00:18:17.702637434,Closed
LOAN301386,CUST103412,Student,38884.52,8.77,48,2021-08-20 02:03:32.486062765,Active
LOAN301387,CUST103277,Personal,55467.09,11.59,24,2018-12-02 20:43:48.395431042,Restructured
LOAN301388,CUST102795,Student,7219.53,10.9,36,2023-01-16 05:34:03.103740692,Closed
LOAN301389,CUST101954,Personal,7876.27,21.32,84,2020-01-10 02:27:10.907477379,Closed
LOAN301390,CUST104346,Personal,29781.64,21.79,120,2019-01-23 14:57:36.803027153,Closed
LOAN301391,CUST100102,Vehicle,37319.16,20.42,12,2023-03-13 05:18:34.322961330,Active
LOAN301392,CUST100569,Home,55911.82,24.62,60,2016-10-19 19:44:06.398837805,Restructured
LOAN301393,CUST102434,Home,45160.42,12.47,84,2023-01-11 08:50:00.286392212,Active
LOAN301394,CUST104181,Student,106995.3,9.99,36,2020-10-17 01:00:24.225994825,Active
LOAN301395,CUST100259,Business,51754.86,13.58,60,2022-03-08 03:01:45.717348099,Closed
LOAN301396,CUST100072,Business,40194.97,8.16,84,2017-12-09 14:39:24.330293894,Active
LOAN301397,CUST101791,Home,19670.14,18.0,24,2022-08-17 03:58:37.433842897,Active
LOAN301398,CUST102840,Student,106689.03,19.65,24,2017-10-07 00:20:40.963239431,Closed
LOAN301399,CUST102691,Vehicle,19623.84,22.17,36,2025-11-28 06:25:52.655299187,Active
LOAN301400,CUST100507,Home,11298.74,21.21,36,2025-02-21 14:17:13.101396084,Active
LOAN301401,CUST101401,Personal,6618.24,10.87,48,2016-04-22 00:35:06.561057806,Active
LOAN301402,CUST102185,Personal,272244.47,24.14,60,2021-10-20 14:35:00.076513767,Active
LOAN301403,CUST102111,Home,32130.13,11.72,60,2021-04-08 15:03:09.665915966,Active
LOAN301404,CUST103143,Student,168936.14,13.4,60,2022-12-27 09:43:21.361464977,Closed
LOAN301405,CUST100807,Business,16358.15,14.56,240,2020-11-30 20:16:22.912362337,Closed
LOAN301406,CUST103050,Student,23840.31,10.16,240,2016-04-09 02:22:01.874683857,Closed
LOAN301407,CUST103118,Home,35471.98,16.33,120,2024-04-12 13:06:34.318334341,Active
LOAN301408,CUST102501,Student,15814.12,13.38,120,2016-03-15 20:45:00.235906124,Closed
LOAN301409,CUST102134,Student,67630.08,7.76,12,2018-09-01 09:25:53.894736290,Active
LOAN301410,CUST103610,Home,226165.71,18.06,36,2025-10-05 17:48:13.171423674,Closed
LOAN301411,CUST102312,Personal,68496.41,17.6,84,2022-12-30 03:38:25.806944847,Defaulted
LOAN301412,CUST100515,Business,8688.44,18.62,120,2025-01-11 14:32:51.173900604,Active
LOAN301413,CUST103553,Business,34761.02,22.14,36,2016-03-21 16:42:33.688300133,Closed
LOAN301414,CUST101102,Personal,149404.6,8.31,84,2023-04-22 01:25:26.485703468,Active
LOAN301415,CUST101289,Personal,165824.88,11.66,24,2022-10-09 01:16:56.520182133,Active
LOAN301416,CUST104087,Home,17597.96,14.27,120,2021-01-12 20:44:29.451602459,Active
LOAN301417,CUST101214,Home,69483.37,13.98,48,2022-08-04 13:50:03.865684509,Active
LOAN301418,CUST104828,Business,63140.74,11.07,36,2025-07-17 04:56:13.739318371,Closed
LOAN301419,CUST101738,Business,292230.74,14.09,48,2023-07-19 18:45:10.091673136,Closed
LOAN301420,CUST101893,Vehicle,18384.8,10.33,12,2023-03-26 01:51:57.227343082,Active
LOAN301421,CUST104985,Home,26491.03,15.1,60,2026-01-30 09:37:13.235652447,Restructured
LOAN301422,CUST104783,Vehicle,26036.23,14.27,60,2021-11-12 22:01:37.335797787,Closed
LOAN301423,CUST102251,Personal,42919.21,9.74,48,2017-07-30 10:58:42.324023724,Closed
LOAN301424,CUST103172,Student,40880.68,13.32,24,2019-01-05 19:21:54.239248276,Closed
LOAN301425,CUST100756,Personal,35350.19,23.89,84,2017-08-23 03:12:13.334825754,Active
LOAN301426,CUST100339,Student,75564.24,21.98,24,2020-03-03 04:49:10.931026936,Active
LOAN301427,CUST102163,Business,51515.11,20.64,84,2025-01-25 15:05:38.414982796,Active
LOAN301428,CUST100958,Business,38322.97,,120,2026-03-20 12:17:58.388680696,Closed
LOAN301429,CUST103462,Personal,34387.3,17.86,120,2023-09-20 17:56:15.221671343,Closed
LOAN301430,CUST104306,Home,45949.9,19.09,12,2026-03-28 06:53:55.236378193,Restructured
LOAN301431,CUST104981,Vehicle,48438.65,16.32,120,2021-09-18 16:44:10.383276463,Active
LOAN301432,CUST102778,Business,63584.95,20.84,48,2016-07-29 14:56:10.951881647,Active
LOAN301433,CUST104349,Personal,79270.18,10.84,120,2025-10-06 08:35:05.662477493,Active
LOAN301434,CUST104640,Business,32117.85,20.91,240,2025-11-01 02:25:27.085810184,Defaulted
LOAN301435,CUST104319,Home,41953.04,17.96,84,2019-05-31 08:18:33.966446877,Active
LOAN301436,CUST104212,Vehicle,32097.42,12.1,48,2020-07-23 21:22:05.981099367,Closed
LOAN301437,CUST100762,Student,11403.97,9.34,12,2021-08-16 08:20:50.422693729,Closed
LOAN301438,CUST101257,Personal,32480.67,9.25,36,2017-12-08 14:28:49.738119364,Active
LOAN301439,CUST103130,Business,37973.86,15.51,60,2024-02-29 11:53:02.728798151,Closed
LOAN301440,CUST101660,Business,33072.27,13.88,240,2021-07-26 00:47:11.093695879,Active
LOAN301441,CUST100953,Personal,27273.22,16.38,84,2022-05-07 02:30:16.010260344,Active
LOAN301442,CUST102831,Personal,11699.09,8.02,12,2018-09-01 11:01:10.706323385,Closed
LOAN301443,CUST102018,Student,38736.16,24.38,24,2016-08-14 08:20:00.316882610,Closed
LOAN301444,CUST101414,Business,50468.8,24.06,120,2021-10-06 14:13:06.160976648,Active
LOAN301445,CUST102244,Business,33640.31,10.33,240,2025-06-28 08:01:45.277279854,Active
LOAN301446,CUST100451,Vehicle,19578.09,19.64,240,2017-10-17 13:58:27.432872534,Active
LOAN301447,CUST101770,Vehicle,60311.72,24.49,48,2020-09-28 10:52:23.747480392,Defaulted
LOAN301448,CUST100581,Student,7536.73,12.42,36,2022-12-20 07:47:21.289147615,Restructured
LOAN301449,CUST101317,Vehicle,60997.53,18.27,84,2022-06-02 16:14:40.342479944,Closed
LOAN301450,CUST101069,Student,125126.97,16.14,12,2021-02-23 07:52:57.058258057,Closed
LOAN301451,CUST104658,Business,302163.02,20.56,48,2025-01-13 02:09:30.188847542,Closed
LOAN301452,CUST103167,Personal,38764.29,22.02,120,2018-11-29 23:08:19.153885841,Closed
LOAN301453,CUST103367,Home,24960.48,21.18,12,2024-03-23 15:44:21.902045250,Active
LOAN301454,CUST104974,Personal,28649.87,8.81,48,2026-04-02 00:57:10.053963900,Active
LOAN301455,CUST102540,Personal,12165.13,11.59,60,2018-05-16 20:45:41.460286379,Closed
LOAN301456,CUST101975,Business,40332.94,23.54,120,2024-03-28 13:32:32.311096907,Defaulted
LOAN301457,CUST100227,Personal,13917.52,16.31,60,2021-04-14 19:50:06.164226294,Active
LOAN301458,CUST100310,Home,243851.7,22.32,84,2022-11-23 07:33:44.200211763,Active
LOAN301459,CUST100663,Home,15511.99,23.99,60,2024-05-05 17:23:42.937237740,Closed
LOAN301460,CUST101409,Personal,28441.78,18.3,48,2018-03-28 04:15:30.958112478,Closed
LOAN301461,CUST103875,Business,16585.67,18.35,36,2025-11-24 18:14:43.347108126,Defaulted
LOAN301462,CUST102223,Business,7999.57,18.59,36,2022-10-27 04:25:52.317117214,Active
LOAN301463,CUST101931,Personal,47201.98,21.42,120,2025-11-22 01:50:57.116823196,Active
LOAN301464,CUST103581,Business,33980.12,18.76,84,2023-05-01 06:56:36.159062386,Active
LOAN301465,CUST101557,Home,86467.51,14.99,120,2020-05-10 00:03:44.922820330,Active
LOAN301466,CUST104971,Student,43527.8,12.38,24,2021-11-19 13:37:28.240318298,Active
LOAN301467,CUST103113,Business,8142.07,20.2,120,2024-11-20 04:06:36.397723675,Closed
LOAN301468,CUST102251,Vehicle,12882.52,11.04,48,2026-04-19 06:22:51.955534935,Closed
LOAN301469,CUST104562,Personal,21981.42,17.16,36,2016-03-07 07:45:59.446786880,Closed
LOAN301470,CUST102241,Student,80544.52,15.72,84,2017-02-10 13:12:08.782746792,Active
LOAN301471,CUST101140,Home,30540.29,10.27,36,2017-12-07 04:00:44.415296078,Active
LOAN301472,CUST103937,Home,13044.83,12.69,24,2016-05-29 14:09:16.122539282,Defaulted
LOAN301473,CUST103279,Vehicle,10060.18,16.81,48,2021-10-12 03:40:43.502254725,Active
LOAN301474,CUST103845,Business,16084.53,10.58,24,2018-06-25 22:02:13.593897104,Defaulted
LOAN301475,CUST103839,Home,57853.76,14.44,48,2022-12-30 03:37:31.959953308,Closed
LOAN301476,CUST102181,Home,39342.47,20.65,48,2020-04-21 04:41:25.094143152,Restructured
LOAN301477,CUST100220,Home,74846.59,13.15,240,2025-01-26 07:17:28.353541374,Active
LOAN301478,CUST100032,Personal,66495.13,22.38,12,2017-03-24 09:00:44.005547523,Defaulted
LOAN301479,CUST103876,Personal,39231.16,,24,2020-03-14 22:14:25.705377102,Active
LOAN301480,CUST104542,Personal,65711.3,13.82,48,2023-07-19 02:05:59.550655842,Active
LOAN301481,CUST104511,Personal,37317.36,24.12,48,2022-11-19 05:47:08.255013227,Active
LOAN301482,CUST102341,Vehicle,55225.92,14.84,24,2024-04-27 09:21:17.418774128,Active
LOAN301483,CUST103702,Business,41646.51,22.89,36,2019-05-09 22:08:58.169070959,Closed
LOAN301484,CUST101543,Home,19762.45,17.06,36,2024-10-28 16:28:36.751243591,Active
LOAN301485,CUST104123,Business,69951.49,15.12,120,2020-04-15 23:43:09.815066338,Closed
LOAN301486,CUST102584,Vehicle,36885.82,19.46,24,2022-12-16 14:42:35.706240892,Active
LOAN301487,CUST102230,Home,110453.83,14.94,60,2023-08-08 09:00:48.068366289,Closed
LOAN301488,CUST100024,Student,21325.97,8.2,84,2022-06-20 15:09:18.624031544,Closed
LOAN301489,CUST100095,Student,26549.48,21.53,12,2025-07-25 12:52:14.837772846,Closed
LOAN301490,CUST101137,Business,7990.28,22.72,240,2023-02-28 17:53:58.846720695,Active
LOAN301491,CUST100817,Student,33810.46,19.21,36,2021-12-22 00:26:01.186317205,Closed
LOAN301492,CUST102871,Vehicle,17962.75,20.6,84,2026-01-15 05:40:47.588741064,Active
LOAN301493,CUST103657,Personal,27032.02,19.62,36,2021-06-17 10:05:47.587222099,Closed
LOAN301494,CUST101139,Home,110683.14,18.59,12,2026-03-24 10:26:44.874376059,Active
LOAN301495,CUST103889,Business,29092.69,15.65,36,2020-04-30 23:51:29.184285164,Active
LOAN301496,CUST100686,Home,91500.65,,240,2020-03-28 03:06:40.229794502,Active
LOAN301497,CUST104092,Personal,80252.19,23.01,120,2025-01-11 00:32:04.711193085,Closed
LOAN301498,CUST100309,Student,12092.28,19.9,24,2019-12-28 20:30:58.394659519,Active
LOAN301499,CUST104800,Vehicle,68718.86,14.34,12,2017-08-30 06:29:00.277169228,Closed
LOAN301500,CUST103052,Home,120221.23,20.16,120,2026-02-09 02:40:53.739285469,Defaulted
LOAN301501,CUST100957,Business,11636.08,23.54,12,2019-10-14 11:24:54.641667366,Restructured
LOAN301502,CUST104610,Vehicle,13351.01,19.15,84,2024-03-28 09:11:53.978368998,Active
LOAN301503,CUST102757,Business,94072.06,16.94,84,2021-01-10 01:03:00.789695501,Restructured
LOAN301504,CUST104369,Vehicle,58343.38,23.23,48,2021-04-11 07:50:29.383371353,Restructured
LOAN301505,CUST102698,Business,37312.8,15.0,60,2020-04-04 12:05:41.736352444,Closed
LOAN301506,CUST102208,Vehicle,46119.71,21.18,48,2023-08-02 10:43:14.739165068,Active
LOAN301507,CUST104937,Personal,76872.09,13.24,48,2021-07-04 15:43:32.365586281,Active
LOAN301508,CUST101515,Vehicle,79431.91,20.17,48,2022-08-10 00:51:34.573972225,Closed
LOAN301509,CUST101610,Business,7594.12,10.03,12,2025-04-20 16:38:01.458991528,Closed
LOAN301510,CUST102180,Business,21901.89,20.62,60,2017-12-17 20:02:47.563898325,Active
LOAN301511,CUST103365,Business,190145.19,9.11,120,2023-06-05 16:39:52.347640038,Closed
LOAN301512,CUST100057,Personal,41095.13,23.27,24,2023-09-25 10:23:12.284738064,Defaulted
LOAN301513,CUST101662,Business,17601.63,23.2,36,2022-11-16 16:33:41.797273636,Closed
LOAN301514,CUST103853,Personal,23965.17,22.23,24,2021-12-03 12:27:20.455035210,Closed
LOAN301515,CUST104598,Vehicle,15476.63,12.02,36,2024-10-26 06:30:16.267254591,Closed
LOAN301516,CUST102238,Vehicle,22166.01,16.16,120,2018-05-22 02:03:17.470229387,Closed
LOAN301517,CUST104094,Vehicle,27360.45,16.38,120,2024-05-26 18:07:12.023583412,Active
LOAN301518,CUST103195,Business,51757.24,21.19,12,2022-02-06 07:18:14.197232723,Closed
LOAN301519,CUST102311,Student,54787.29,19.81,12,2026-01-06 18:20:42.616361618,Active
LOAN301520,CUST100620,Home,27434.38,18.87,36,2023-11-25 20:35:13.730995178,Active
LOAN301521,CUST100408,Home,12486.07,19.1,60,2020-01-14 23:08:35.017755508,Active
LOAN301522,CUST104125,Personal,19031.69,12.53,84,2023-02-25 14:24:24.258355379,Active
LOAN301523,CUST102930,Student,109937.96,23.22,24,2016-05-29 19:25:29.949268579,Active
LOAN301524,CUST102450,Home,59959.73,7.56,84,2018-04-16 06:34:46.054703236,Closed
LOAN301525,CUST103315,Vehicle,66136.63,9.47,120,2018-05-30 13:36:34.486714602,Closed
LOAN301526,CUST103224,Home,36620.97,11.87,60,2025-06-12 23:35:37.072378874,Defaulted
LOAN301527,CUST104948,Vehicle,15126.34,18.93,120,2022-07-19 20:59:45.763704300,Active
LOAN301528,CUST103057,Vehicle,22632.79,24.13,24,2018-07-17 01:10:04.108406544,Closed
LOAN301529,CUST100057,Home,7913.79,8.63,24,2021-02-18 07:05:36.756248474,Defaulted
LOAN301530,CUST103724,Vehicle,23305.21,24.69,24,2021-10-17 13:06:21.203873396,Closed
LOAN301531,CUST104133,Home,40638.59,22.72,60,2023-10-27 00:45:57.861126423,Active
LOAN301532,CUST102872,Student,34761.54,14.44,120,2024-07-24 04:09:35.954634905,Active
LOAN301533,CUST102503,Student,11098.25,13.98,120,2019-06-02 14:25:49.989387989,Closed
LOAN301534,CUST101109,Student,31051.96,20.63,240,2016-07-25 09:41:17.589706898,Active
LOAN301535,CUST102223,Home,15086.77,18.29,120,2019-09-02 12:18:51.217802763,Active
LOAN301536,CUST101843,Business,18016.97,21.27,48,2016-05-04 22:04:50.217715502,Active
LOAN301537,CUST103914,Vehicle,40934.61,9.56,12,2021-07-29 04:55:12.765982866,Closed
LOAN301538,CUST103100,Home,47380.41,11.9,36,2021-10-15 19:18:46.445660591,Active
LOAN301539,CUST104655,Student,53407.1,24.87,24,2024-03-21 11:29:34.778548717,Active
LOAN301540,CUST104806,Vehicle,59262.71,14.03,240,2023-12-09 14:08:18.372809887,Closed
LOAN301541,CUST102681,Student,33740.15,21.29,84,2016-04-07 18:14:29.188703775,Active
LOAN301542,CUST103205,Student,181679.08,9.67,84,2025-05-09 20:04:39.972835779,Defaulted
LOAN301543,CUST102110,Business,44239.88,22.92,36,2017-05-26 15:12:24.953347683,Active
LOAN301544,CUST101913,Vehicle,42202.06,8.25,240,2023-05-16 21:04:40.459425449,Active
LOAN301545,CUST103795,Vehicle,18355.91,11.78,60,2019-02-24 16:48:53.150691032,Active
LOAN301546,CUST101927,Personal,28140.02,23.39,84,2019-07-07 13:27:06.770488262,Closed
LOAN301547,CUST104208,Business,73595.81,14.33,84,2023-11-08 00:38:25.120738029,Active
LOAN301548,CUST100028,Business,6246.76,10.94,24,2024-07-01 08:26:18.922659636,Active
LOAN301549,CUST103009,Home,16213.14,21.65,24,2024-12-30 00:19:55.231525660,Defaulted
LOAN301550,CUST101839,Home,236366.06,24.38,60,2017-02-04 07:44:08.209600449,Closed
LOAN301551,CUST104456,Business,12817.94,24.13,12,2021-01-17 20:42:55.762394428,Active
LOAN301552,CUST104095,Business,5544.43,16.98,240,2024-06-08 22:10:35.742462873,Active
LOAN301553,CUST102621,Personal,64625.48,14.24,12,2021-06-27 09:58:35.415567160,Active
LOAN301554,CUST103150,Home,59938.52,22.46,36,2020-05-20 09:15:06.549470663,Closed
LOAN301555,CUST100889,Business,53780.53,22.58,24,2018-12-11 17:23:03.215359688,Active
LOAN301556,CUST102298,Student,32957.43,18.54,60,2019-02-25 22:50:06.823263884,Active
LOAN301557,CUST102552,Student,40205.22,22.58,12,2017-02-23 08:43:58.640301704,Active
LOAN301558,CUST100150,Student,6604.76,18.18,240,2017-12-21 05:36:22.821275949,Active
LOAN301559,CUST100756,Business,231825.43,16.9,240,2024-03-05 20:25:38.848310232,Closed
LOAN301560,CUST101338,Home,44666.07,16.9,24,2020-03-07 12:25:48.011137486,Active
LOAN301561,CUST104116,Personal,89333.24,16.73,84,2021-04-17 06:13:40.732670546,Defaulted
LOAN301562,CUST104309,Student,10571.98,22.01,240,2016-07-07 13:01:08.225519419,Closed
LOAN301563,CUST101561,Vehicle,85109.95,9.64,48,2016-07-17 06:25:48.135997772,Closed
LOAN301564,CUST104763,Home,78235.51,16.71,84,2021-07-18 05:06:27.140057802,Closed
LOAN301565,CUST104204,Business,155431.45,14.87,120,2019-12-12 18:02:11.296104431,Closed
LOAN301566,CUST100646,Business,159375.5,24.12,12,2026-03-20 11:57:26.577135563,Restructured
LOAN301567,CUST103649,Business,18717.39,17.25,24,2025-06-22 14:47:49.208351135,Closed
LOAN301568,CUST104950,Student,28916.15,24.48,24,2019-04-27 12:50:15.838866234,Active
LOAN301569,CUST101262,Personal,47264.21,24.56,240,2019-04-13 08:37:06.986338854,Closed
LOAN301570,CUST100275,Personal,28838.68,16.6,48,2016-05-18 06:54:46.315410614,Defaulted
LOAN301571,CUST103929,Personal,1944.89,15.6,60,2025-08-13 12:40:03.489212990,Closed
LOAN301572,CUST103734,Home,45761.22,11.23,48,2025-10-01 14:36:23.228390694,Active
LOAN301573,CUST102768,Home,19100.99,20.59,36,2021-11-09 19:32:50.391056061,Closed
LOAN301574,CUST103677,Student,51199.26,22.48,36,2018-05-01 16:06:01.119421005,Active
LOAN301575,CUST100979,Personal,138420.89,8.0,36,2024-10-04 07:56:44.901961803,Closed
LOAN301576,CUST104608,Student,9080.1,19.66,24,2016-10-30 06:53:22.385636806,Active
LOAN301577,CUST103453,Business,35178.93,24.28,120,2023-07-09 21:39:57.902112961,Restructured
LOAN301578,CUST103762,Home,145125.94,10.61,84,2023-01-24 21:24:14.796551466,Active
LOAN301579,CUST103599,Business,59418.91,18.11,24,2022-05-19 18:51:51.913767099,Active
LOAN301580,CUST103044,Business,27359.56,9.86,84,2019-06-03 11:21:30.449839830,Active
LOAN301581,CUST101837,Student,33164.89,13.62,36,2023-11-20 11:05:16.981206179,Active
LOAN301582,CUST100855,Student,16499.78,21.52,240,2017-09-28 01:00:07.978916883,Closed
LOAN301583,CUST100361,Vehicle,18486.04,23.68,60,2021-11-12 11:18:09.765663862,Closed
LOAN301584,CUST103055,Personal,23114.94,20.79,36,2016-06-06 12:10:59.868379593,Active
LOAN301585,CUST104784,Personal,24795.22,20.91,24,2024-02-11 16:59:58.712890387,Closed
LOAN301586,CUST104483,Personal,9790.62,7.95,240,2024-07-05 00:22:34.239490032,Closed
LOAN301587,CUST101535,Student,59367.72,17.19,120,2017-05-13 09:06:59.932345867,Active
LOAN301588,CUST104778,Vehicle,25167.15,11.5,48,2019-07-05 11:43:02.366162300,Closed
LOAN301589,CUST104887,Business,29851.22,10.78,48,2020-08-25 06:17:40.059168100,Closed
LOAN301590,CUST102974,Student,59272.21,22.74,84,2016-11-01 18:02:46.879330158,Closed
LOAN301591,CUST100931,Student,51830.48,21.84,120,2021-11-16 02:25:49.859694958,Closed
LOAN301592,CUST102097,Business,24144.09,22.89,24,2025-01-10 09:48:42.349578619,Closed
LOAN301593,CUST103900,Vehicle,22005.99,15.8,48,2019-09-29 17:00:17.669544220,Restructured
LOAN301594,CUST103348,Home,71339.26,16.84,60,2026-02-23 12:22:19.945097685,Closed
LOAN301595,CUST103074,Student,14409.22,16.65,120,2023-08-18 11:14:27.416416883,Active
LOAN301596,CUST102645,Vehicle,52798.04,8.7,36,2016-02-05 17:15:37.072576284,Active
LOAN301597,CUST100773,Student,32127.32,12.86,24,2025-08-17 22:35:29.902344704,Active
LOAN301598,CUST101268,Personal,66273.34,17.87,48,2017-06-19 01:33:22.355901241,Active
LOAN301599,CUST102958,Personal,11192.03,18.28,24,2020-07-17 09:14:22.965818644,Active
LOAN301600,CUST101410,Student,310902.92,19.97,60,2019-07-24 19:13:55.078591824,Active
LOAN301601,CUST103980,Vehicle,40938.94,13.27,48,2022-01-27 22:09:57.950057983,Closed
LOAN301602,CUST101503,Business,58527.19,,120,2020-07-15 09:59:48.869192600,Closed
LOAN301603,CUST101051,Student,48598.37,14.63,84,2025-04-30 09:09:26.731567860,Restructured
LOAN301604,CUST104216,Student,120284.64,20.22,12,2024-02-27 07:51:18.455107450,Closed
LOAN301605,CUST101947,Vehicle,11658.07,11.81,12,2021-06-27 20:19:29.116655588,Closed
LOAN301606,CUST100415,Home,169160.65,24.32,120,2016-02-28 13:08:40.380855799,Active
LOAN301607,CUST104860,Personal,16806.95,20.83,48,2020-11-22 18:24:19.440934181,Active
LOAN301608,CUST102670,Personal,65498.7,24.48,120,2016-05-13 20:36:35.444501400,Closed
LOAN301609,CUST104196,Business,142529.74,16.02,60,2024-12-28 05:44:16.270770788,Restructured
LOAN301610,CUST101599,Business,27911.46,7.63,60,2024-08-07 10:33:01.283063889,Active
LOAN301611,CUST100071,Home,93149.74,15.09,12,2017-07-24 21:52:43.774361134,Closed
LOAN301612,CUST102580,Business,72641.83,12.59,48,2021-01-16 17:08:06.929215431,Defaulted
LOAN301613,CUST103312,Business,10662.69,20.86,84,2023-09-20 13:24:33.008456469,Closed
LOAN301614,CUST104513,Personal,21052.39,20.57,60,2022-02-04 08:48:57.819289684,Closed
LOAN301615,CUST101835,Vehicle,41557.38,21.39,240,2022-10-12 12:48:29.076163054,Active
LOAN301616,CUST104641,Vehicle,12927.4,7.55,24,2021-02-23 14:51:10.540696859,Closed
LOAN301617,CUST104160,Student,116476.2,23.3,60,2025-10-07 21:56:47.799903631,Active
LOAN301618,CUST103574,Vehicle,27964.63,15.26,48,2022-09-13 12:56:10.334898710,Active
LOAN301619,CUST100346,Business,16479.63,18.17,240,2017-10-07 21:52:16.729179859,Active
LOAN301620,CUST104049,Vehicle,146015.95,13.65,24,2021-12-19 22:22:44.026502848,Active
LOAN301621,CUST100921,Business,30906.13,16.98,240,2019-01-16 15:01:37.049097061,Active
LOAN301622,CUST100435,Home,27930.35,8.73,24,2016-11-11 13:43:39.755644321,Closed
LOAN301623,CUST104539,Student,22395.37,17.88,240,2022-11-22 09:53:55.244885206,Closed
LOAN301624,CUST104855,Vehicle,20634.44,15.36,48,2022-11-20 21:42:35.682520866,Closed
LOAN301625,CUST102817,Personal,73900.71,16.46,12,2025-10-01 09:34:30.877346039,Active
LOAN301626,CUST100160,Vehicle,19180.41,22.45,60,2016-10-23 20:33:25.524338007,Defaulted
LOAN301627,CUST104933,Personal,21709.24,22.52,60,2019-04-28 10:07:05.225986481,Active
LOAN301628,CUST103722,Vehicle,25603.71,16.29,60,2024-11-29 02:15:13.508516073,Closed
LOAN301629,CUST100526,Student,27460.11,14.62,60,2018-09-12 22:08:42.870792866,Active
LOAN301630,CUST102013,Personal,70365.62,20.07,36,2016-01-14 22:49:02.348202944,Closed
LOAN301631,CUST103010,Vehicle,37502.27,15.38,84,2024-07-27 12:18:28.735493660,Active
LOAN301632,CUST101999,Student,56014.61,14.98,84,2025-10-27 04:23:46.129127026,Restructured
LOAN301633,CUST102296,Student,25012.79,8.76,36,2022-09-11 13:46:06.494737387,Closed
LOAN301634,CUST104018,Personal,39132.81,12.37,24,2021-08-15 04:24:15.048455715,Closed
LOAN301635,CUST102699,Home,35553.53,14.39,24,2016-06-16 23:20:59.204735756,Defaulted
LOAN301636,CUST103846,Personal,8500.54,11.77,84,2021-03-06 21:22:51.514728069,Closed
LOAN301637,CUST103516,Home,49843.23,8.26,240,2024-10-08 11:59:44.123186350,Active
LOAN301638,CUST102636,Student,14994.5,19.95,36,2023-05-19 19:52:26.312867880,Closed
LOAN301639,CUST104120,Vehicle,97095.52,11.39,60,2019-03-12 11:37:46.974063873,Active
LOAN301640,CUST104972,Student,11919.04,11.07,24,2024-12-12 13:35:07.370445013,Active
LOAN301641,CUST101563,Personal,28105.83,12.37,36,2019-07-04 07:55:17.405318022,Active
LOAN301642,CUST103213,Home,37693.7,16.31,60,2016-09-01 13:19:21.169989109,Closed
LOAN301643,CUST101930,Vehicle,55651.03,13.07,60,2019-09-22 03:53:46.454689264,Active
LOAN301644,CUST100103,Personal,27489.72,15.13,48,2022-12-29 16:31:01.473163605,Closed
LOAN301645,CUST103449,Vehicle,208071.5,17.74,120,2025-01-09 13:51:48.809783220,Active
LOAN301646,CUST103709,Vehicle,86513.84,18.24,84,2024-11-13 21:15:33.979308128,Active
LOAN301647,CUST100086,Personal,64073.72,10.5,48,2016-11-06 09:20:19.874576569,Active
LOAN301648,CUST100124,Vehicle,13588.64,19.9,84,2016-01-11 17:02:34.556195021,Active
LOAN301649,CUST104014,Personal,3187.86,15.62,120,2025-03-07 04:15:47.401498556,Active
LOAN301650,CUST101470,Home,26702.06,9.38,36,2020-08-17 07:55:47.504040002,Active
LOAN301651,CUST100456,Home,300353.56,8.84,240,2024-04-02 22:57:27.350403547,Active
LOAN301652,CUST100242,Home,128908.22,24.43,84,2020-01-15 00:05:30.171359539,Defaulted
LOAN301653,CUST104561,Home,62412.13,16.0,12,2023-02-08 16:56:47.795583487,Defaulted
LOAN301654,CUST102611,Personal,54812.21,21.3,48,2016-02-21 05:21:34.384817839,Closed
LOAN301655,CUST102513,Vehicle,22779.21,18.08,240,2022-08-08 08:07:28.761579275,Active
LOAN301656,CUST102033,Personal,102191.91,11.98,240,2021-06-22 13:38:02.184617519,Active
LOAN301657,CUST100434,Home,5517.31,15.28,60,2025-02-27 17:08:59.920544386,Active
LOAN301658,CUST104124,Personal,57183.48,23.14,60,2026-05-23 16:11:41.664604902,Active
LOAN301659,CUST100324,Home,33626.21,22.46,36,2020-01-09 08:00:08.149672508,Closed
LOAN301660,CUST101898,Home,26762.07,18.29,36,2018-11-14 10:51:34.580859661,Closed
LOAN301661,CUST104574,Personal,81907.54,12.86,120,2023-12-30 00:13:39.855355263,Active
LOAN301662,CUST103344,Vehicle,30653.04,17.77,240,2025-06-08 19:37:47.290259123,Active
LOAN301663,CUST102158,Personal,16652.79,19.54,84,2026-04-26 23:33:59.391417980,Active
LOAN301664,CUST103058,Business,60363.38,23.7,36,2020-12-09 05:06:07.392439365,Active
LOAN301665,CUST101926,Student,395372.05,22.73,36,2026-02-13 02:23:42.680767059,Closed
LOAN301666,CUST104763,Student,125076.96,20.75,120,2025-10-23 14:10:41.911572933,Defaulted
LOAN301667,CUST104752,Business,8010.98,10.81,12,2025-06-18 08:29:24.395350695,Active
LOAN301668,CUST103728,Vehicle,99831.32,10.73,60,2017-02-15 12:58:31.233879089,Defaulted
LOAN301669,CUST101695,Home,29437.42,15.25,48,2022-10-28 12:06:17.519127369,Defaulted
LOAN301670,CUST100848,Business,53743.78,19.59,60,2025-07-26 21:57:11.887904167,Active
LOAN301671,CUST102216,Personal,24654.51,15.64,60,2020-05-11 03:28:29.919922590,Restructured
LOAN301672,CUST102487,Student,43813.63,17.09,12,2017-07-02 08:24:42.622487545,Restructured
LOAN301673,CUST104191,Personal,21054.83,16.6,36,2019-10-31 20:41:08.387595654,Closed
LOAN301674,CUST101089,Home,30179.02,23.37,240,2019-07-01 13:14:45.602714062,Closed
LOAN301675,CUST103395,Business,26277.44,19.06,120,2026-05-12 13:16:51.310813904,Closed
LOAN301676,CUST100701,Vehicle,69799.47,7.94,48,2024-06-25 00:51:50.599133015,Active
LOAN301677,CUST101208,Vehicle,75050.7,19.42,240,2020-12-12 01:59:38.351825714,Closed
LOAN301678,CUST101209,Business,3385.35,23.35,120,2019-07-05 08:13:36.581555128,Closed
LOAN301679,CUST104784,Personal,99441.57,9.15,84,2021-08-05 17:53:22.362936020,Active
LOAN301680,CUST101561,Personal,39675.69,17.81,60,2025-09-16 05:52:50.077682495,Active
LOAN301681,CUST103540,Student,86713.33,,24,2016-04-03 22:07:53.950973749,Active
LOAN301682,CUST102741,Vehicle,60857.22,12.15,12,2026-02-23 17:27:30.560589314,Closed
LOAN301683,CUST103964,Personal,7941.05,21.96,240,2019-04-01 20:59:36.895329237,Closed
LOAN301684,CUST104462,Personal,77535.59,23.45,240,2025-07-31 23:30:37.407131433,Active
LOAN301685,CUST101349,Personal,85838.73,15.61,60,2023-01-30 05:18:48.949132681,Closed
LOAN301686,CUST103445,Vehicle,26383.06,12.47,84,2023-12-13 06:32:54.294901371,Restructured
LOAN301687,CUST102626,Home,37070.31,12.06,120,2021-10-21 14:26:32.986178398,Active
LOAN301688,CUST103023,Personal,119538.56,10.03,120,2022-09-29 19:11:37.252146005,Closed
LOAN301689,CUST103654,Business,26081.3,22.88,60,2022-11-24 06:58:39.649700880,Active
LOAN301690,CUST100220,Student,32631.21,13.66,12,2026-03-11 19:05:32.495761395,Active
LOAN301691,CUST100657,Personal,111732.49,7.56,84,2023-11-01 16:17:13.812941074,Closed
LOAN301692,CUST103012,Business,116461.54,13.36,60,2017-07-15 11:00:47.909125328,Closed
LOAN301693,CUST101666,Home,87481.97,16.08,48,2022-12-06 09:20:45.469271421,Defaulted
LOAN301694,CUST102063,Personal,65397.09,,12,2019-11-19 00:33:35.151399851,Closed
LOAN301695,CUST100851,Home,8319.0,9.99,84,2025-11-09 23:31:15.502101898,Active
LOAN301696,CUST100134,Business,2967.0,11.71,24,2017-01-03 21:55:19.470337152,Closed
LOAN301697,CUST102159,Student,56937.21,23.48,120,2018-11-11 01:54:38.546543360,Active
LOAN301698,CUST102256,Home,50592.76,19.88,240,2019-05-25 00:16:07.075404644,Closed
LOAN301699,CUST104477,Personal,72099.71,8.16,240,2018-02-10 01:22:39.494907379,Active
LOAN301700,CUST102238,Vehicle,21696.37,12.62,84,2016-06-17 03:37:15.402645588,Active
LOAN301701,CUST101743,Home,48540.24,22.57,60,2020-08-17 15:00:33.026345253,Closed
LOAN301702,CUST104762,Business,32968.36,21.97,120,2026-03-13 10:48:40.224221945,Defaulted
LOAN301703,CUST103889,Personal,25344.66,16.34,36,2025-01-29 11:00:03.329310894,Active
LOAN301704,CUST102151,Vehicle,62774.83,15.11,48,2022-05-27 08:14:12.387189865,Restructured
LOAN301705,CUST103357,Student,48530.86,14.41,36,2022-06-12 23:27:32.784046650,Closed
LOAN301706,CUST100746,Personal,53747.49,15.87,60,2021-06-20 16:58:42.758492708,Active
LOAN301707,CUST101032,Home,44635.2,17.51,240,2021-05-10 16:28:16.120849609,Active
LOAN301708,CUST101139,Personal,21270.39,18.79,48,2022-12-11 18:05:03.125552176,Active
LOAN301709,CUST100573,Vehicle,35286.33,8.85,24,2021-06-24 13:45:43.081839085,Active
LOAN301710,CUST103416,Personal,73011.29,17.09,60,2025-05-10 06:11:14.494640350,Active
LOAN301711,CUST100183,Vehicle,37838.61,9.81,24,2025-02-17 05:08:50.747297525,Active
LOAN301712,CUST104397,Student,22796.97,23.86,36,2022-04-26 17:06:45.086395025,Active
LOAN301713,CUST101182,Business,12782.11,22.16,12,2023-01-21 21:07:46.956314087,Active
LOAN301714,CUST104259,Vehicle,50040.89,21.87,48,2023-06-11 10:29:34.603810310,Closed
LOAN301715,CUST100906,Home,36881.17,14.17,240,2022-10-23 00:25:12.643917561,Active
LOAN301716,CUST104273,Student,115304.32,12.77,12,2016-01-22 16:17:08.659795046,Active
LOAN301717,CUST104842,Personal,29419.33,19.41,240,2021-12-08 10:15:10.820027351,Restructured
LOAN301718,CUST101830,Home,25280.0,14.9,84,2021-08-15 08:11:19.856162786,Closed
LOAN301719,CUST101300,Home,50110.24,22.19,84,2023-06-07 09:02:33.901456594,Active
LOAN301720,CUST104464,Home,7583.37,17.39,36,2022-10-17 14:47:08.492077351,Active
LOAN301721,CUST104398,Student,68696.68,19.17,240,2017-03-08 23:37:01.256735086,Closed
LOAN301722,CUST101543,Student,69636.81,20.08,12,2020-10-12 13:16:24.603119850,Active
LOAN301723,CUST102446,Home,17248.43,14.81,60,2018-05-16 10:19:54.359014511,Active
LOAN301724,CUST100380,Business,8321.35,12.49,12,2023-08-10 01:28:12.351181507,Closed
LOAN301725,CUST103582,Vehicle,11035.51,21.42,60,2022-04-03 21:09:17.858265877,Active
LOAN301726,CUST104791,Business,35935.34,16.5,84,2019-02-22 17:16:49.111970901,Active
LOAN301727,CUST104453,Personal,96197.23,9.02,60,2018-11-14 08:42:06.375154734,Active
LOAN301728,CUST103160,Home,39506.69,14.35,84,2017-11-09 08:13:09.862397671,Active
LOAN301729,CUST100023,Vehicle,16924.84,12.79,36,2016-02-24 06:41:22.902971983,Closed
LOAN301730,CUST102573,Personal,69947.1,22.94,24,2016-04-30 08:26:57.048420191,Active
LOAN301731,CUST104260,Business,26310.83,22.14,84,2016-04-18 11:03:45.156434774,Active
LOAN301732,CUST101868,Student,60364.76,17.59,24,2025-12-11 07:08:44.476813316,Active
LOAN301733,CUST103305,Home,81582.8,12.99,48,2023-04-29 10:59:14.134026289,Closed
LOAN301734,CUST102558,Student,93516.85,15.5,84,2021-01-11 18:10:47.299669743,Active
LOAN301735,CUST101565,Vehicle,120561.79,13.9,60,2020-05-21 06:39:19.139321566,Closed
LOAN301736,CUST101895,Vehicle,28586.19,16.49,36,2018-07-15 20:53:17.581498384,Active
LOAN301737,CUST103197,Personal,18412.01,21.28,48,2025-09-25 16:17:36.097201347,Active
LOAN301738,CUST103382,Business,21146.37,10.76,84,2017-09-28 11:26:31.371577978,Active
LOAN301739,CUST101398,Personal,29110.75,14.4,48,2019-06-14 16:12:45.716821909,Active
LOAN301740,CUST101150,Business,28346.5,20.82,12,2017-06-01 16:58:28.047009706,Closed
LOAN301741,CUST101888,Personal,7941.03,12.71,48,2019-01-21 16:23:37.811506510,Active
LOAN301742,CUST101066,Vehicle,43818.34,13.18,240,2023-07-24 05:14:46.562273979,Closed
LOAN301743,CUST101798,Student,50984.41,23.08,120,2024-01-21 14:35:11.973620176,Defaulted
LOAN301744,CUST101879,Student,11929.33,10.71,120,2019-12-26 22:47:45.054616690,Active
LOAN301745,CUST104841,Vehicle,52549.16,14.88,24,2018-01-06 10:18:15.266971827,Closed
LOAN301746,CUST102960,Vehicle,33483.24,19.16,60,2018-11-06 08:35:40.867614269,Defaulted
LOAN301747,CUST103821,Vehicle,69224.75,20.26,84,2018-12-12 19:14:38.261917114,Active
LOAN301748,CUST101267,Vehicle,118037.59,14.75,36,2019-04-23 13:36:13.367339611,Closed
LOAN301749,CUST104144,Student,6699.59,20.23,84,2016-05-16 22:10:18.433355331,Closed
LOAN301750,CUST104848,Vehicle,12254.06,13.71,60,2018-02-12 14:47:21.783065796,Closed
LOAN301751,CUST102837,Home,22819.21,8.07,240,2023-03-17 21:58:22.872003794,Active
LOAN301752,CUST100449,Vehicle,49165.83,23.92,48,2025-02-01 22:35:49.935601711,Closed
LOAN301753,CUST101428,Personal,42150.68,14.14,240,2022-03-22 06:45:26.222189903,Active
LOAN301754,CUST101751,Home,15092.4,,84,2020-12-22 19:08:56.649009705,Active
LOAN301755,CUST104415,Home,278678.41,15.69,240,2019-08-28 16:45:51.294051170,Active
LOAN301756,CUST104374,Vehicle,7788.43,9.41,24,2020-05-06 09:33:07.825385809,Active
LOAN301757,CUST101015,Student,127963.53,8.34,84,2017-01-27 07:23:30.247410774,Active
LOAN301758,CUST103881,Student,15378.13,10.31,60,2020-02-16 11:55:55.609640598,Active
LOAN301759,CUST100164,Personal,46136.65,15.38,84,2016-03-14 12:19:00.192708254,Defaulted
LOAN301760,CUST101825,Student,15349.27,17.95,84,2018-12-13 02:00:31.030820608,Restructured
LOAN301761,CUST104943,Personal,6486.55,19.3,24,2021-06-28 22:55:53.416090488,Restructured
LOAN301762,CUST100952,Student,19944.59,15.61,240,2024-11-11 22:29:13.849234104,Active
LOAN301763,CUST100443,Business,25354.07,20.91,24,2021-04-10 22:54:40.060122490,Closed
LOAN301764,CUST102289,Vehicle,50359.92,9.94,240,2026-04-02 22:54:56.889242887,Active
LOAN301765,CUST101025,Home,14762.23,16.01,84,2023-03-09 17:16:28.690752029,Active
LOAN301766,CUST102031,Business,38012.79,11.36,24,2021-06-12 08:07:48.887874365,Active
LOAN301767,CUST102767,Home,15462.99,12.26,36,2019-03-02 17:43:07.610820770,Restructured
LOAN301768,CUST103099,Business,19404.65,13.14,12,2023-01-23 13:52:33.578693628,Closed
LOAN301769,CUST100571,Business,6775.02,10.92,84,2023-02-16 16:07:07.587615013,Active
LOAN301770,CUST101853,Home,73005.11,21.94,120,2019-12-20 22:47:28.361126900,Closed
LOAN301771,CUST101573,Personal,26848.02,15.51,36,2017-12-04 20:41:49.431065321,Active
LOAN301772,CUST103900,Business,50231.81,11.33,240,2018-09-25 20:28:32.283689260,Defaulted
LOAN301773,CUST101719,Home,13473.78,11.93,48,2017-04-15 14:39:40.649152517,Closed
LOAN301774,CUST102859,Student,10740.89,21.4,48,2017-08-14 02:34:13.354371548,Active
LOAN301775,CUST101349,Business,10905.97,24.5,240,2020-06-30 02:55:01.738837719,Active
LOAN301776,CUST104232,Student,15787.01,23.15,120,2022-03-21 10:42:15.594011784,Active
LOAN301777,CUST103485,Vehicle,81485.06,22.45,36,2020-07-07 15:28:36.265788077,Active
LOAN301778,CUST101744,Student,109620.11,14.44,120,2017-11-11 02:29:01.103649616,Closed
LOAN301779,CUST102593,Home,102450.68,14.13,60,2024-03-21 22:46:40.650063515,Closed
LOAN301780,CUST103475,Home,44120.85,16.94,120,2026-02-27 03:53:32.354788303,Closed
LOAN301781,CUST101035,Vehicle,17375.35,10.25,48,2017-01-06 12:49:19.776725054,Active
LOAN301782,CUST100743,Student,75754.36,11.86,120,2025-07-05 10:22:47.468109131,Active
LOAN301783,CUST103265,Vehicle,60082.03,22.13,12,2018-10-22 02:42:46.608653307,Closed
LOAN301784,CUST103425,Business,13173.61,19.73,24,2025-10-18 23:09:21.833378077,Closed
LOAN301785,CUST102393,Home,30732.34,20.62,84,2020-07-02 12:04:24.224802971,Restructured
LOAN301786,CUST102477,Personal,23847.4,7.96,60,2020-09-18 15:31:30.786598444,Defaulted
LOAN301787,CUST100614,Personal,49741.75,16.23,240,2026-05-05 22:33:13.811040878,Defaulted
LOAN301788,CUST104114,Student,10889.25,17.28,48,2016-03-06 14:18:24.459949970,Active
LOAN301789,CUST102588,Vehicle,93738.02,14.31,24,2022-07-23 15:38:22.662087202,Active
LOAN301790,CUST100192,Student,30519.13,7.66,120,2025-03-27 05:51:32.403118610,Active
LOAN301791,CUST102241,Student,36812.41,20.57,48,2016-05-08 17:13:20.453958750,Defaulted
LOAN301792,CUST102346,Student,40651.75,12.46,24,2016-09-17 13:39:39.690692902,Closed
LOAN301793,CUST100188,Business,22698.84,12.95,12,2022-12-24 00:13:53.967828035,Closed
LOAN301794,CUST102525,Personal,16062.21,9.91,36,2022-05-04 12:55:04.743897438,Active
LOAN301795,CUST101747,Business,72150.75,22.52,60,2019-11-15 05:57:40.714720964,Active
LOAN301796,CUST100618,Vehicle,50280.66,10.54,36,2019-03-10 11:36:44.346681833,Defaulted
LOAN301797,CUST100769,Student,5015.6,21.45,240,2016-08-01 05:42:55.616238356,Defaulted
LOAN301798,CUST101544,Home,233499.23,,48,2025-04-06 04:43:07.687415123,Active
LOAN301799,CUST101401,Business,41468.07,20.91,12,2016-12-23 03:49:01.646030188,Closed
LOAN301800,CUST101687,Home,15894.3,15.0,84,2017-03-04 01:05:41.531728267,Active
LOAN301801,CUST102766,Home,38102.41,20.0,240,2017-09-01 11:21:52.544527054,Active
LOAN301802,CUST101902,Home,25787.34,19.57,60,2023-01-07 22:41:57.911676407,Closed
LOAN301803,CUST101441,Student,64745.45,14.77,12,2024-09-28 01:04:46.887126923,Defaulted
LOAN301804,CUST100256,Vehicle,23844.47,23.8,60,2019-03-25 08:07:47.349831581,Closed
LOAN301805,CUST103623,Student,29760.12,12.44,120,2016-12-12 15:31:19.943656921,Closed
LOAN301806,CUST100089,Student,84301.26,21.19,120,2022-02-21 04:09:10.660187483,Active
LOAN301807,CUST102865,Business,62698.75,16.3,36,2021-03-14 00:21:39.981201172,Active
LOAN301808,CUST102458,Student,14691.64,13.89,36,2025-09-16 11:55:05.216707706,Closed
LOAN301809,CUST101088,Student,129595.9,22.39,240,2025-05-02 05:34:26.125622510,Closed
LOAN301810,CUST102985,Personal,12010.51,22.7,60,2022-03-01 02:57:29.519526720,Defaulted
LOAN301811,CUST103223,Personal,77550.08,17.6,60,2017-04-16 20:24:18.295888186,Closed
LOAN301812,CUST103039,Home,55681.41,22.04,36,2021-05-14 17:29:28.552477360,Closed
LOAN301813,CUST102050,Business,36378.99,23.71,36,2025-04-18 04:16:03.060422897,Active
LOAN301814,CUST104735,Vehicle,59113.65,,12,2024-05-21 09:44:44.811225653,Closed
LOAN301815,CUST104079,Vehicle,21418.26,10.81,12,2021-01-12 07:16:54.025622368,Active
LOAN301816,CUST100666,Vehicle,16166.67,14.9,12,2016-06-27 16:23:34.832813978,Restructured
LOAN301817,CUST102253,Home,4923.81,21.01,12,2018-03-10 22:21:21.909125566,Closed
LOAN301818,CUST100589,Personal,40231.45,10.26,36,2023-05-06 01:50:23.350761414,Active
LOAN301819,CUST102194,Vehicle,37192.64,22.91,48,2018-12-09 17:23:11.031497717,Active
LOAN301820,CUST102006,Personal,9402.96,16.86,120,2018-06-04 08:45:45.460161209,Closed
LOAN301821,CUST101752,Student,106836.64,21.13,84,2022-03-02 00:41:01.890010357,Closed
LOAN301822,CUST100232,Vehicle,37251.64,,12,2019-04-05 20:13:20.341780186,Active
LOAN301823,CUST103533,Business,69775.15,14.17,12,2021-11-28 04:11:35.671373367,Active
LOAN301824,CUST104671,Vehicle,54786.98,12.34,120,2024-10-16 06:59:53.683423519,Defaulted
LOAN301825,CUST103802,Home,128971.95,21.46,12,2022-07-04 22:35:04.655724287,Active
LOAN301826,CUST100017,Vehicle,22659.44,9.46,24,2018-10-13 18:18:43.929571629,Closed
LOAN301827,CUST100972,Home,46880.9,16.35,240,2016-09-29 11:46:35.266297817,Closed
LOAN301828,CUST102829,Business,76835.8,20.44,60,2024-11-10 10:01:56.302360058,Active
LOAN301829,CUST101294,Personal,157447.67,8.19,12,2022-04-03 21:33:28.656582594,Closed
LOAN301830,CUST102481,Home,7959.71,23.02,48,2020-03-04 16:59:12.336529255,Closed
LOAN301831,CUST102068,Business,89220.5,23.55,60,2017-04-26 03:43:08.044954062,Closed
LOAN301832,CUST104954,Home,12040.56,23.2,36,2024-08-11 04:46:07.180365562,Active
LOAN301833,CUST103701,Business,17082.55,12.83,84,2017-09-14 01:53:27.244467735,Active
LOAN301834,CUST104643,Vehicle,10454.82,19.51,24,2022-05-16 01:03:45.566834688,Active
LOAN301835,CUST101287,Vehicle,31198.61,18.81,60,2025-05-27 17:40:46.849901915,Restructured
LOAN301836,CUST103544,Business,32224.33,11.53,60,2016-04-20 19:17:24.097558022,Active
LOAN301837,CUST102592,Home,25384.67,18.34,24,2016-07-08 19:19:59.622734070,Restructured
LOAN301838,CUST100440,Personal,51820.01,8.98,120,2025-01-20 10:35:07.346597195,Closed
LOAN301839,CUST100556,Vehicle,40348.82,20.16,84,2019-09-02 21:04:09.212520838,Closed
LOAN301840,CUST102287,Student,17776.17,11.35,48,2023-12-31 04:22:12.302314281,Active
LOAN301841,CUST104249,Personal,68198.49,24.87,84,2024-09-04 11:07:47.572712660,Active
LOAN301842,CUST102005,Business,29420.54,8.74,60,2017-12-13 03:29:53.679868221,Active
LOAN301843,CUST100798,Student,146270.79,9.04,48,2017-11-10 08:02:11.874290228,Closed
LOAN301844,CUST101720,Vehicle,69605.81,15.47,36,2018-09-02 14:19:38.108330488,Closed
LOAN301845,CUST102734,Business,16013.13,8.77,60,2016-12-02 09:20:49.827745438,Active
LOAN301846,CUST103076,Vehicle,76848.44,18.55,84,2020-05-07 11:46:29.314751387,Active
LOAN301847,CUST103547,Student,4627.5,18.36,48,2021-09-28 02:41:23.495159864,Active
LOAN301848,CUST101661,Business,60388.16,18.53,60,2026-05-16 14:14:47.880225182,Active
LOAN301849,CUST100509,Business,346389.83,21.32,48,2025-02-23 22:48:12.789658546,Active
LOAN301850,CUST100127,Student,33109.44,15.41,48,2020-03-02 05:01:33.869691849,Active
LOAN301851,CUST104515,Personal,3779.18,13.0,24,2016-04-16 06:38:03.465698957,Defaulted
LOAN301852,CUST100609,Vehicle,118397.29,16.02,60,2023-03-16 02:54:10.003317833,Closed
LOAN301853,CUST101857,Personal,96087.19,22.73,48,2016-09-08 21:55:05.059729815,Active
LOAN301854,CUST102641,Business,75472.17,11.13,60,2022-03-15 04:07:47.805364847,Closed
LOAN301855,CUST101949,Home,77031.37,20.0,60,2016-12-14 06:05:42.370739460,Closed
LOAN301856,CUST100983,Vehicle,8512.82,23.72,24,2021-11-09 20:56:54.638617039,Active
LOAN301857,CUST104749,Home,27228.98,21.33,24,2018-08-15 12:23:06.565244436,Active
LOAN301858,CUST100243,Vehicle,39474.15,21.94,240,2022-02-11 14:32:36.167575359,Active
LOAN301859,CUST102870,Personal,85535.21,18.16,48,2019-01-10 18:28:42.346230268,Closed
LOAN301860,CUST100445,Home,38052.66,7.63,60,2019-04-09 02:22:01.920095921,Closed
LOAN301861,CUST103490,Personal,29730.45,17.61,36,2017-10-27 23:35:32.942855358,Active
LOAN301862,CUST103888,Personal,44785.58,7.96,12,2023-05-31 01:06:38.759177208,Closed
LOAN301863,CUST103903,Student,17004.46,20.4,24,2016-08-29 18:12:57.057381153,Closed
LOAN301864,CUST102472,Personal,88918.5,18.31,36,2023-10-06 05:10:57.478818417,Active
LOAN301865,CUST100844,Vehicle,7070.87,20.66,12,2023-05-18 21:40:38.576632261,Closed
LOAN301866,CUST101421,Business,7286.56,17.41,60,2025-05-31 11:05:20.829058170,Active
LOAN301867,CUST103968,Home,117060.46,19.37,120,2017-01-12 04:51:08.412326336,Active
LOAN301868,CUST101467,Personal,39191.68,11.59,240,2022-10-31 16:06:22.661044598,Closed
LOAN301869,CUST102844,Vehicle,20395.92,21.19,120,2025-06-22 23:29:47.423890591,Active
LOAN301870,CUST103314,Personal,8884.78,17.4,48,2021-09-04 04:15:34.379976749,Active
LOAN301871,CUST104070,Business,22014.61,11.81,36,2020-11-12 19:28:37.651188850,Active
LOAN301872,CUST103351,Personal,47073.11,18.63,240,2025-06-09 10:49:49.649053097,Closed
LOAN301873,CUST101272,Personal,37089.36,18.46,84,2021-01-05 23:50:28.834009886,Closed
LOAN301874,CUST101403,Personal,62239.16,24.55,60,2020-09-29 10:54:26.035489798,Active
LOAN301875,CUST101927,Personal,3392.49,,12,2025-09-13 18:27:23.106725454,Active
LOAN301876,CUST104947,Business,64019.76,9.24,84,2023-07-02 05:31:30.738262653,Closed
LOAN301877,CUST104437,Personal,49772.33,16.71,120,2024-06-07 22:19:15.176404715,Active
LOAN301878,CUST103877,Student,13538.53,8.65,48,2023-03-14 15:56:23.278573513,Closed
LOAN301879,CUST101492,Vehicle,57682.74,20.74,60,2017-01-30 22:49:41.332904100,Closed
LOAN301880,CUST103628,Home,112249.16,14.12,36,2016-11-21 08:16:30.263603926,Closed
LOAN301881,CUST101362,Student,28516.29,23.47,60,2018-09-25 09:01:30.630188465,Closed
LOAN301882,CUST103334,Personal,75183.84,12.02,120,2023-04-29 09:17:07.012271404,Restructured
LOAN301883,CUST100826,Vehicle,41421.51,16.88,24,2025-03-10 20:15:18.689009666,Closed
LOAN301884,CUST101321,Student,1891.38,17.05,60,2023-11-30 12:10:17.302829266,Active
LOAN301885,CUST103273,Vehicle,17485.43,15.72,84,2019-07-24 15:21:30.718878984,Closed
LOAN301886,CUST104957,Student,66183.79,15.46,12,2016-09-04 11:19:11.097541332,Active
LOAN301887,CUST102638,Business,62688.89,14.6,36,2024-07-17 05:08:27.161378145,Defaulted
LOAN301888,CUST100509,Business,46414.62,9.0,84,2023-05-13 13:25:01.378349781,Closed
LOAN301889,CUST104814,Home,10973.86,21.91,120,2025-03-10 23:45:37.340061665,Closed
LOAN301890,CUST100900,Business,12495.45,19.98,120,2020-06-15 05:48:09.816281319,Active
LOAN301891,CUST102246,Vehicle,63284.22,13.22,48,2020-02-17 02:16:50.867741346,Active
LOAN301892,CUST101064,Personal,16414.26,23.93,36,2024-11-10 01:54:48.916494370,Active
LOAN301893,CUST100987,Student,18145.48,17.28,120,2016-10-18 17:54:54.587064743,Closed
LOAN301894,CUST103556,Personal,28940.33,18.96,84,2024-03-18 22:21:59.075884342,Restructured
LOAN301895,CUST102345,Home,561848.66,11.21,48,2017-10-21 03:09:05.072534323,Active
LOAN301896,CUST104756,Business,9607.63,24.08,240,2023-09-10 04:31:21.030566692,Closed
LOAN301897,CUST102438,Student,38591.99,8.03,240,2021-08-26 15:04:49.616280317,Active
LOAN301898,CUST104310,Business,100468.42,14.28,36,2022-11-16 03:23:45.826876402,Closed
LOAN301899,CUST104857,Vehicle,110291.47,23.11,84,2023-08-23 22:12:10.391236067,Active
LOAN301900,CUST102228,Home,30218.34,9.78,240,2025-08-31 03:14:34.450255394,Closed
LOAN301901,CUST101323,Home,19478.3,19.56,36,2025-07-18 05:39:13.353317022,Active
LOAN301902,CUST104250,Personal,61222.07,15.26,84,2016-06-30 07:20:38.518656491,Closed
LOAN301903,CUST104720,Personal,14794.57,8.79,48,2021-06-08 00:27:20.732713938,Active
LOAN301904,CUST104915,Personal,76109.45,12.19,120,2022-07-17 20:27:50.643036604,Active
LOAN301905,CUST101563,Personal,18036.04,20.07,240,2020-11-12 03:08:06.273164988,Active
LOAN301906,CUST100706,Vehicle,183540.17,16.36,240,2016-10-11 10:37:42.004569769,Closed
LOAN301907,CUST100350,Vehicle,48601.29,14.91,36,2023-05-07 19:31:52.806094646,Closed
LOAN301908,CUST101783,Personal,25312.79,8.87,36,2020-01-30 04:16:57.670994043,Active
LOAN301909,CUST100511,Home,5888.73,10.83,120,2020-02-02 16:48:23.572362423,Restructured
LOAN301910,CUST101680,Student,16481.31,23.96,84,2025-03-12 18:18:51.529258251,Active
LOAN301911,CUST103292,Student,24369.87,24.77,24,2026-03-30 17:01:29.088625193,Defaulted
LOAN301912,CUST104886,Personal,41255.82,15.49,24,2025-09-24 16:43:41.875674009,Closed
LOAN301913,CUST102338,Student,47942.31,,36,2017-01-20 17:25:05.576879263,Active
LOAN301914,CUST102312,Business,47090.48,14.98,12,2022-04-10 09:23:25.143466949,Closed
LOAN301915,CUST103278,Home,61452.77,10.48,12,2021-10-17 07:27:03.513621569,Closed
LOAN301916,CUST100754,Home,96779.77,23.93,12,2024-03-05 18:32:49.109591961,Restructured
LOAN301917,CUST104700,Business,49085.23,24.61,24,2017-06-09 13:05:14.287387848,Closed
LOAN301918,CUST101778,Home,249261.37,10.47,48,2019-06-29 12:57:23.884211779,Closed
LOAN301919,CUST104151,Personal,23761.05,18.87,240,2023-12-31 23:13:22.271176815,Active
LOAN301920,CUST103993,Home,19709.31,21.67,60,2025-10-19 18:29:02.010960102,Active
LOAN301921,CUST103426,Vehicle,29593.32,10.43,24,2022-08-29 11:19:19.764493704,Closed
LOAN301922,CUST101197,Home,316808.17,23.96,240,2025-05-13 20:02:43.077921391,Closed
LOAN301923,CUST101844,Business,165314.29,14.66,60,2020-12-24 17:32:41.012004137,Defaulted
LOAN301924,CUST101148,Home,10383.65,15.57,84,2023-05-25 12:26:49.712573290,Closed
LOAN301925,CUST104309,Student,9594.38,22.55,60,2025-10-17 19:14:54.549539566,Active
LOAN301926,CUST102799,Vehicle,198107.18,11.15,48,2024-02-28 22:07:24.788650513,Active
LOAN301927,CUST101592,Vehicle,52943.08,9.78,24,2023-09-22 07:46:17.071712017,Closed
LOAN301928,CUST103940,Home,74881.64,16.25,36,2024-08-06 19:28:14.023772240,Active
LOAN301929,CUST103949,Vehicle,100761.93,20.57,36,2023-01-27 04:11:37.066606998,Active
LOAN301930,CUST101031,Personal,17481.66,12.73,24,2017-09-13 20:55:36.871339560,Defaulted
LOAN301931,CUST104910,Vehicle,139146.51,8.12,24,2020-01-18 00:17:04.458724737,Closed
LOAN301932,CUST104831,Home,29433.27,19.1,24,2024-01-12 07:50:46.891884565,Defaulted
LOAN301933,CUST100893,Business,27413.35,8.6,12,2021-02-04 23:02:04.417702436,Active
LOAN301934,CUST103816,Student,94810.63,17.45,120,2016-07-21 08:14:21.164777994,Active
LOAN301935,CUST100277,Home,14791.63,13.67,120,2022-09-08 23:27:09.312586784,Defaulted
LOAN301936,CUST104542,Business,31475.07,12.29,24,2019-12-03 04:17:49.933038473,Closed
LOAN301937,CUST104077,Home,24492.17,24.39,84,2025-12-31 18:58:56.457750320,Defaulted
LOAN301938,CUST103817,Home,17287.63,21.16,48,2016-10-14 16:24:58.762950897,Closed
LOAN301939,CUST102140,Business,12258.08,14.01,24,2024-12-23 22:52:45.959342957,Restructured
LOAN301940,CUST100010,Business,125828.78,14.84,24,2025-05-01 05:42:13.592100143,Closed
LOAN301941,CUST101021,Home,12048.12,24.24,84,2020-12-21 20:42:24.354812145,Closed
LOAN301942,CUST101106,Business,31220.55,12.74,12,2024-01-06 10:11:39.174265146,Defaulted
LOAN301943,CUST103268,Home,17469.87,14.84,240,2019-05-04 22:14:41.772047043,Closed
LOAN301944,CUST103348,Vehicle,62246.18,15.57,24,2025-03-30 10:24:51.396517754,Active
LOAN301945,CUST104334,Vehicle,6588.72,9.17,84,2020-10-15 19:31:46.412454367,Active
LOAN301946,CUST103811,Vehicle,88348.99,19.66,240,2018-04-10 05:09:58.377660990,Defaulted
LOAN301947,CUST102924,Personal,159247.25,13.35,48,2017-05-06 06:25:45.278081417,Active
LOAN301948,CUST100192,Home,23524.67,19.44,240,2025-04-29 05:15:35.302345037,Active
LOAN301949,CUST100798,Home,40650.33,13.56,240,2022-10-17 09:11:05.142945766,Closed
LOAN301950,CUST102233,Vehicle,307757.08,10.45,240,2016-05-18 23:56:59.983318806,Active
LOAN301951,CUST103944,Home,23627.01,9.08,36,2016-02-02 08:29:23.535169125,Active
LOAN301952,CUST103725,Home,20785.93,16.71,240,2019-12-02 17:05:28.967852831,Restructured
LOAN301953,CUST103609,Home,44241.84,13.02,240,2017-03-24 07:11:04.147635937,Active
LOAN301954,CUST100492,Vehicle,38697.39,23.82,240,2020-02-09 11:20:20.365712643,Active
LOAN301955,CUST103226,Business,22660.9,17.8,120,2016-05-22 13:25:45.621945381,Active
LOAN301956,CUST104207,Vehicle,68372.69,8.72,84,2025-04-25 10:02:30.090653896,Active
LOAN301957,CUST101880,Personal,52576.45,19.98,12,2021-06-25 19:13:35.745408773,Restructured
LOAN301958,CUST103983,Vehicle,40645.14,21.04,120,2025-05-31 02:22:44.162445068,Closed
LOAN301959,CUST103920,Home,25041.22,14.59,24,2026-05-17 22:14:41.621869087,Active
LOAN301960,CUST104817,Student,41199.98,20.81,60,2020-12-14 20:38:11.837945938,Active
LOAN301961,CUST100236,Business,63958.14,18.39,120,2023-02-27 18:03:46.851811409,Closed
LOAN301962,CUST103212,Personal,25322.68,14.39,48,2016-10-29 08:45:54.834434509,Active
LOAN301963,CUST101303,Vehicle,55404.47,22.44,60,2026-04-05 02:28:11.111039639,Active
LOAN301964,CUST103760,Home,72340.69,22.77,12,2018-04-20 08:20:26.469349146,Closed
LOAN301965,CUST100760,Personal,106128.27,19.68,60,2022-09-14 16:30:21.217407227,Active
LOAN301966,CUST101173,Business,84048.09,20.86,36,2025-01-30 18:46:20.199620485,Active
LOAN301967,CUST100237,Vehicle,37389.17,16.64,240,2017-07-05 00:43:03.532353639,Closed
LOAN301968,CUST101091,Home,25251.39,23.67,84,2018-11-02 13:57:32.556164742,Active
LOAN301969,CUST103831,Student,56218.82,22.34,12,2021-08-13 20:15:28.147184372,Active
LOAN301970,CUST103177,Personal,59656.89,18.18,36,2026-02-10 04:24:28.083200693,Closed
LOAN301971,CUST102877,Vehicle,17772.46,15.84,84,2021-03-06 19:28:07.809262514,Closed
LOAN301972,CUST101173,Vehicle,90414.62,13.98,120,2023-01-17 09:34:47.563697100,Closed
LOAN301973,CUST102424,Vehicle,53607.59,19.12,240,2022-06-28 07:35:50.738902092,Active
LOAN301974,CUST100915,Vehicle,24681.51,12.98,60,2026-03-30 00:41:34.320996284,Active
LOAN301975,CUST100674,Home,7310.75,23.77,240,2026-01-12 03:56:05.527358770,Closed
LOAN301976,CUST104833,Home,17428.57,22.95,12,2016-02-09 10:25:07.701005936,Active
LOAN301977,CUST100635,Student,79814.56,23.22,60,2019-02-12 12:18:34.554318428,Closed
LOAN301978,CUST101225,Vehicle,73409.25,9.01,240,2016-04-28 19:28:23.144303799,Active
LOAN301979,CUST103443,Vehicle,105519.53,20.95,240,2023-07-04 16:06:42.662638187,Active
LOAN301980,CUST104811,Student,16602.16,12.7,36,2020-09-15 21:31:37.081684113,Active
LOAN301981,CUST101725,Home,74809.38,11.52,12,2018-04-05 23:39:36.647098780,Active
LOAN301982,CUST103578,Home,28463.03,19.36,60,2025-06-14 11:49:04.462857962,Active
LOAN301983,CUST102703,Student,65165.66,21.62,84,2020-07-09 13:10:26.604498386,Active
LOAN301984,CUST101580,Student,28741.97,22.96,240,2023-08-21 08:29:18.870182276,Active
LOAN301985,CUST101975,Vehicle,147436.4,22.98,240,2020-06-27 07:28:22.587795734,Defaulted
LOAN301986,CUST103347,Student,10044.56,11.32,24,2016-07-04 06:15:43.827903509,Closed
LOAN301987,CUST102675,Personal,79045.0,24.69,48,2017-05-06 03:25:07.465264797,Active
LOAN301988,CUST100055,Home,88109.99,20.13,84,2021-01-26 19:40:41.394476891,Closed
LOAN301989,CUST100128,Business,28930.06,15.12,36,2026-05-15 12:51:44.110973120,Closed
LOAN301990,CUST104603,Business,28234.44,15.08,120,2022-08-28 09:06:45.134294510,Active
LOAN301991,CUST104346,Personal,39583.61,10.03,240,2018-09-21 15:22:44.181846380,Active
LOAN301992,CUST100122,Personal,7007.18,21.43,84,2020-05-15 19:28:26.701814413,Active
LOAN301993,CUST104074,Business,17572.37,8.87,48,2019-08-07 06:54:41.397419453,Active
LOAN301994,CUST103619,Student,10839.14,19.83,120,2018-01-19 14:18:59.612331629,Active
LOAN301995,CUST104723,Student,34406.37,24.41,120,2021-08-05 13:04:57.263063192,Restructured
LOAN301996,CUST104384,Personal,44098.64,16.74,120,2023-10-13 20:29:02.987958431,Restructured
LOAN301997,CUST100639,Student,11575.28,15.32,240,2017-02-20 06:49:10.014872551,Closed
LOAN301998,CUST102566,Business,12909.46,12.43,240,2023-02-15 13:32:41.826392174,Active
LOAN301999,CUST101254,Home,41738.33,24.01,24,2025-07-29 03:06:43.942048550,Closed
LOAN302000,CUST103002,Vehicle,299726.67,10.65,48,2020-11-05 00:57:38.862144232,Defaulted
LOAN302001,CUST104755,Home,51207.83,7.84,24,2018-10-07 09:56:54.286575317,Active
LOAN302002,CUST100027,Personal,19926.72,24.36,60,2016-05-09 23:33:48.223501921,Active
LOAN302003,CUST101530,Home,11352.67,21.21,24,2020-04-24 13:28:04.400862932,Closed
LOAN302004,CUST102246,Vehicle,154478.16,17.48,120,2024-01-28 04:38:46.410432339,Active
LOAN302005,CUST103995,Home,14467.44,24.41,12,2026-01-02 17:00:13.857615471,Closed
LOAN302006,CUST101565,Student,42358.7,20.61,12,2024-06-07 22:44:38.481377363,Active
LOAN302007,CUST103889,Business,15121.83,11.51,12,2016-07-26 10:12:49.028551102,Active
LOAN302008,CUST101060,Business,21711.55,18.33,36,2025-06-28 00:33:37.417290449,Active
LOAN302009,CUST104656,Business,9157.19,21.28,60,2023-03-25 10:14:52.283235788,Active
LOAN302010,CUST103144,Vehicle,10781.57,24.51,24,2022-07-13 19:33:09.325621128,Active
LOAN302011,CUST103489,Home,243941.67,12.24,12,2022-11-27 02:23:52.978940487,Active
LOAN302012,CUST104303,Business,44736.41,11.91,48,2020-01-06 09:12:10.529168844,Closed
LOAN302013,CUST103762,Personal,101726.55,13.52,120,2022-01-05 14:20:51.260994434,Closed
LOAN302014,CUST100088,Home,204105.58,23.45,24,2019-08-15 05:47:28.032021283,Active
LOAN302015,CUST103146,Home,21716.17,10.75,84,2024-11-23 22:19:23.421436787,Active
LOAN302016,CUST102098,Business,25279.17,19.19,60,2016-04-26 22:05:52.831754446,Closed
LOAN302017,CUST100335,Personal,8325.37,16.31,12,2018-05-28 14:44:15.854403257,Active
LOAN302018,CUST103823,Business,61158.21,15.62,120,2021-01-27 12:44:20.112395525,Active
LOAN302019,CUST101833,Home,5598.85,23.42,12,2023-10-26 04:54:40.317951441,Restructured
LOAN302020,CUST100901,Student,138037.16,16.29,48,2020-06-28 03:41:24.301064968,Closed
LOAN302021,CUST100016,Home,35291.51,21.22,36,2023-05-19 21:27:53.520815849,Active
LOAN302022,CUST101838,Business,13910.08,11.63,120,2022-02-11 14:16:53.322827101,Closed
LOAN302023,CUST103494,Business,324986.3,18.01,60,2018-04-16 15:32:55.241306067,Active
LOAN302024,CUST101469,Student,221952.97,9.8,84,2025-08-07 11:17:58.261157274,Defaulted
LOAN302025,CUST104616,Vehicle,176203.09,15.97,48,2025-06-04 08:26:41.010574102,Active
LOAN302026,CUST101129,Business,6709.02,18.66,48,2021-08-10 06:42:14.345208406,Active
LOAN302027,CUST100470,Personal,45868.84,19.46,120,2018-02-25 13:50:51.073796272,Active
LOAN302028,CUST101112,Vehicle,21951.98,19.26,120,2018-08-29 00:22:34.246110678,Defaulted
LOAN302029,CUST104513,Student,109626.78,,120,2019-05-22 05:38:21.401306629,Closed
LOAN302030,CUST103829,Personal,33346.22,20.14,60,2018-10-02 15:04:29.528510809,Active
LOAN302031,CUST100360,Home,45383.43,24.82,120,2023-09-05 13:13:01.153156757,Active
LOAN302032,CUST104879,Personal,55312.31,16.11,48,2019-03-12 01:45:25.464758396,Active
LOAN302033,CUST101704,Personal,52216.68,12.7,60,2019-10-05 02:02:31.422067165,Active
LOAN302034,CUST101664,Vehicle,132823.39,8.3,60,2024-06-02 10:57:50.158561945,Restructured
LOAN302035,CUST104052,Home,18396.09,14.32,36,2019-12-19 15:17:30.604623795,Defaulted
LOAN302036,CUST100648,Student,30280.16,24.18,84,2020-07-12 17:00:17.115779161,Active
LOAN302037,CUST100272,Business,45593.16,23.28,60,2023-04-14 14:38:59.157031536,Active
LOAN302038,CUST100828,Vehicle,43360.58,10.45,48,2018-09-05 20:46:57.205072165,Active
LOAN302039,CUST101602,Vehicle,44124.47,19.52,48,2016-08-05 04:18:08.327342749,Active
LOAN302040,CUST102054,Vehicle,91667.74,21.06,24,2022-06-04 08:15:18.560856342,Closed
LOAN302041,CUST101951,Student,105840.0,21.65,60,2016-07-01 12:46:34.454679728,Closed
LOAN302042,CUST104415,Vehicle,70831.2,21.2,12,2017-05-15 13:35:00.638277531,Active
LOAN302043,CUST103656,Business,14462.14,23.09,24,2017-01-04 11:30:57.544595957,Active
LOAN302044,CUST102576,Home,28853.95,13.87,60,2017-03-20 12:22:20.343523502,Closed
LOAN302045,CUST101313,Vehicle,17053.29,10.21,36,2022-10-05 02:27:23.430522919,Active
LOAN302046,CUST104500,Home,71125.22,20.74,120,2025-10-22 02:03:49.208879232,Defaulted
LOAN302047,CUST101902,Vehicle,40132.69,19.57,48,2021-04-26 14:55:54.731848478,Active
LOAN302048,CUST102864,Business,50067.79,17.3,36,2023-03-03 11:08:43.121000767,Restructured
LOAN302049,CUST104135,Student,82053.78,18.13,120,2016-04-21 12:38:44.021560192,Closed
LOAN302050,CUST100167,Business,18449.91,17.31,24,2021-03-31 12:53:44.705645561,Active
LOAN302051,CUST100260,Home,5865.28,11.56,60,2023-07-08 13:45:10.973414660,Closed
LOAN302052,CUST102848,Business,20779.31,12.9,120,2019-08-05 00:35:54.202083111,Defaulted
LOAN302053,CUST103735,Vehicle,64688.2,,24,2025-04-05 07:57:14.664959908,Closed
LOAN302054,CUST102152,Personal,7722.19,10.88,48,2021-06-05 03:07:33.319790363,Active
LOAN302055,CUST101019,Student,129142.37,24.0,12,2025-11-22 19:05:29.023145199,Active
LOAN302056,CUST104323,Personal,5326.48,21.5,240,2024-10-24 09:02:45.191884995,Active
LOAN302057,CUST103150,Personal,39372.47,24.24,60,2026-02-17 14:57:15.392201662,Closed
LOAN302058,CUST102703,Business,12044.05,9.62,48,2024-06-16 08:09:50.113269567,Closed
LOAN302059,CUST103133,Home,36259.14,14.14,48,2019-03-25 02:50:12.785354137,Active
LOAN302060,CUST104156,Student,59492.71,,240,2026-02-23 12:56:42.306686640,Closed
LOAN302061,CUST104756,Personal,18116.01,22.02,84,2021-08-19 08:59:17.651456594,Active
LOAN302062,CUST102423,Business,20061.1,15.86,60,2026-01-28 16:47:50.573580265,Active
LOAN302063,CUST100366,Vehicle,9737.69,13.42,36,2021-07-01 11:21:12.421772242,Active
LOAN302064,CUST102512,Vehicle,33692.49,14.43,48,2018-02-01 05:45:17.700953722,Defaulted
LOAN302065,CUST101683,Student,115903.88,9.91,84,2024-11-09 11:27:28.060161829,Active
LOAN302066,CUST104050,Student,52180.01,17.1,84,2022-10-06 18:11:36.481461287,Restructured
LOAN302067,CUST100160,Vehicle,11556.33,9.54,24,2024-08-23 13:37:06.475318193,Active
LOAN302068,CUST103089,Personal,68767.85,20.96,84,2017-08-12 03:56:00.481441736,Active
LOAN302069,CUST101200,Personal,46402.99,12.54,120,2016-07-01 21:22:42.143816471,Active
LOAN302070,CUST101978,Personal,48445.04,17.46,84,2017-04-16 13:06:52.622128487,Closed
LOAN302071,CUST104260,Business,31329.95,7.96,12,2019-06-20 05:12:52.656280279,Active
LOAN302072,CUST100498,Vehicle,12806.03,19.57,36,2022-10-13 10:00:45.866108894,Active
LOAN302073,CUST104526,Student,50031.24,17.4,120,2017-03-22 10:35:38.828764200,Active
LOAN302074,CUST101863,Student,93267.53,11.59,48,2017-09-14 22:59:51.394875288,Active
LOAN302075,CUST102950,Personal,6247.84,19.75,60,2021-01-23 14:22:45.545867443,Active
LOAN302076,CUST100245,Home,104545.4,24.76,48,2019-11-13 07:37:14.125457524,Active
LOAN302077,CUST103446,Home,86729.34,23.33,84,2022-02-24 13:58:42.673806190,Active
LOAN302078,CUST102220,Home,47543.4,20.32,240,2020-02-02 17:14:02.254154682,Defaulted
LOAN302079,CUST102941,Vehicle,63952.98,23.27,120,2021-02-21 19:06:30.202461243,Active
LOAN302080,CUST104897,Home,55656.19,19.71,36,2026-01-06 11:32:05.651101589,Active
LOAN302081,CUST104559,Business,21424.09,19.02,24,2022-10-31 16:56:03.347455502,Active
LOAN302082,CUST104196,Home,13515.65,16.44,24,2017-12-20 03:41:11.514398813,Active
LOAN302083,CUST104781,Student,249012.58,12.67,240,2016-06-17 17:41:39.976880074,Closed
LOAN302084,CUST102858,Personal,30670.66,14.6,84,2019-07-02 17:51:52.318947792,Active
LOAN302085,CUST103866,Personal,87774.46,15.95,24,2024-07-06 18:29:32.916700363,Closed
LOAN302086,CUST104510,Student,148254.59,7.72,24,2021-01-04 06:28:30.137218714,Closed
LOAN302087,CUST100362,Business,25303.49,23.69,240,2021-03-08 11:17:23.705970287,Active
LOAN302088,CUST103093,Personal,28106.02,16.28,48,2023-08-05 20:15:05.306823730,Active
LOAN302089,CUST100905,Home,27386.47,17.88,12,2025-04-20 15:02:45.512773752,Defaulted
LOAN302090,CUST103294,Student,50149.44,9.49,48,2017-03-15 02:02:20.788608313,Active
LOAN302091,CUST100964,Personal,9951.41,9.18,24,2019-04-30 05:15:21.867753267,Active
LOAN302092,CUST103064,Student,272253.26,9.66,120,2017-01-06 12:48:26.764233589,Closed
LOAN302093,CUST102327,Personal,14424.52,12.54,120,2020-03-09 15:03:24.933289528,Active
LOAN302094,CUST102279,Home,18381.08,14.52,120,2021-01-15 07:36:03.995734692,Closed
LOAN302095,CUST101228,Personal,8788.55,13.31,24,2020-02-21 19:47:41.071316719,Active
LOAN302096,CUST100550,Vehicle,63976.66,20.07,240,2018-09-18 15:50:15.998037338,Defaulted
LOAN302097,CUST101642,Vehicle,15554.77,17.45,84,2024-03-05 20:30:07.952124119,Active
LOAN302098,CUST104665,Home,40668.39,23.42,240,2022-07-07 07:36:03.871727467,Active
LOAN302099,CUST104694,Personal,8747.74,12.19,12,2023-07-07 17:18:53.727580547,Active
LOAN302100,CUST102222,Home,54063.78,19.33,84,2017-08-19 11:28:11.890732050,Closed
LOAN302101,CUST101297,Personal,9269.97,15.97,24,2025-04-02 05:08:15.269302845,Closed
LOAN302102,CUST101853,Vehicle,67617.75,17.67,24,2017-08-03 15:31:19.308534622,Active
LOAN302103,CUST103541,Vehicle,66749.3,13.61,12,2019-09-30 16:42:36.187462091,Closed
LOAN302104,CUST100135,Business,71171.21,20.15,60,2022-05-27 03:04:12.787084103,Restructured
LOAN302105,CUST100005,Personal,33841.98,11.62,240,2017-06-17 20:12:47.893564224,Closed
LOAN302106,CUST101801,Personal,156243.26,22.97,60,2016-10-31 19:45:27.340424538,Active
LOAN302107,CUST101485,Business,20415.09,14.08,120,2018-01-12 03:07:42.320688009,Active
LOAN302108,CUST101863,Business,15980.26,18.15,24,2024-03-06 10:26:08.090261936,Active
LOAN302109,CUST100774,Student,7763.24,18.47,12,2025-05-27 23:08:48.814969778,Active
LOAN302110,CUST100582,Business,234793.82,14.54,36,2021-03-26 15:09:13.615817547,Active
LOAN302111,CUST102786,Vehicle,30281.68,9.73,84,2022-09-29 17:56:44.831298113,Active
LOAN302112,CUST103815,Student,6448.66,17.65,120,2020-12-27 13:33:49.908244371,Active
LOAN302113,CUST103401,Business,70750.58,13.84,48,2021-09-13 04:21:55.137777090,Active
LOAN302114,CUST104472,Personal,36243.3,22.15,36,2017-07-05 07:23:22.832394600,Active
LOAN302115,CUST104568,Student,20808.22,23.29,240,2024-03-01 07:13:40.780312538,Defaulted
LOAN302116,CUST102225,Student,55893.63,17.68,36,2019-04-30 00:50:22.871373653,Active
LOAN302117,CUST104835,Home,10699.98,18.69,240,2023-03-20 21:30:00.689973354,Active
LOAN302118,CUST102660,Home,32201.38,8.5,48,2023-01-01 00:29:13.133498191,Active
LOAN302119,CUST102135,Business,12266.4,12.7,36,2020-07-09 23:52:11.600261688,Closed
LOAN302120,CUST101609,Vehicle,40843.85,21.81,24,2017-10-04 00:08:30.193658829,Active
LOAN302121,CUST100649,Student,20640.02,21.41,24,2022-08-13 00:36:07.422946692,Active
LOAN302122,CUST103872,Student,33148.38,9.42,48,2021-09-28 06:56:10.176123857,Closed
LOAN302123,CUST102678,Home,14164.46,23.97,60,2020-07-02 00:01:27.132243395,Active
LOAN302124,CUST101892,Home,37131.29,16.44,120,2024-09-08 16:46:36.838134050,Active
LOAN302125,CUST100358,Student,98022.08,17.41,36,2019-03-13 19:41:45.505718470,Defaulted
LOAN302126,CUST104293,Business,77719.57,14.15,12,2022-01-28 15:17:25.024086475,Closed
LOAN302127,CUST101277,Business,27656.98,8.31,120,2017-03-31 04:04:52.969234467,Closed
LOAN302128,CUST100105,Business,85649.09,20.78,60,2016-03-02 20:55:17.714664936,Active
LOAN302129,CUST103268,Business,13990.56,8.86,24,2025-10-04 14:58:06.331394196,Defaulted
LOAN302130,CUST101257,Home,195896.02,14.85,84,2019-12-29 08:19:10.487561941,Active
LOAN302131,CUST104974,Student,52754.91,11.25,36,2018-01-11 11:04:54.129705667,Active
LOAN302132,CUST100171,Vehicle,22873.54,23.42,60,2017-02-19 16:07:48.517116547,Active
LOAN302133,CUST102556,Vehicle,48091.39,17.92,60,2016-06-05 09:23:51.514327049,Active
LOAN302134,CUST100916,Personal,45268.93,17.24,120,2022-02-21 03:09:20.548073053,Active
LOAN302135,CUST104579,Student,30270.39,9.66,84,2025-12-06 21:51:38.558516026,Active
LOAN302136,CUST100568,Home,20311.57,18.84,36,2025-02-09 06:57:56.702165365,Active
LOAN302137,CUST102700,Vehicle,35426.94,18.75,60,2022-05-03 21:09:27.543148279,Closed
LOAN302138,CUST104301,Vehicle,239048.71,20.97,48,2024-07-19 11:51:22.682958364,Active
LOAN302139,CUST102739,Student,29674.92,21.15,84,2020-05-16 13:51:11.553169727,Closed
LOAN302140,CUST102985,Personal,27946.22,11.59,12,2021-04-04 11:47:33.996939898,Active
LOAN302141,CUST104589,Student,15437.18,17.67,12,2025-12-08 16:23:13.634509802,Active
LOAN302142,CUST101323,Vehicle,130540.67,21.61,240,2017-10-07 04:19:41.649562120,Closed
LOAN302143,CUST102285,Student,29735.94,,84,2021-04-14 11:26:38.738586426,Closed
LOAN302144,CUST101881,Vehicle,9752.13,18.7,120,2025-04-21 12:02:20.846882820,Closed
LOAN302145,CUST100667,Student,16375.91,9.8,120,2019-11-03 14:10:16.302382946,Defaulted
LOAN302146,CUST103802,Home,138690.27,23.09,24,2017-08-03 19:02:00.910394192,Closed
LOAN302147,CUST104695,Personal,23185.92,14.99,60,2016-05-22 14:34:29.162764788,Active
LOAN302148,CUST103057,Business,7339.23,21.97,84,2021-07-31 00:46:03.536836624,Restructured
LOAN302149,CUST104523,Student,20763.44,11.38,12,2018-09-13 17:50:04.407233000,Active
LOAN302150,CUST102513,Student,67529.5,19.25,240,2016-06-29 16:43:39.302819967,Active
LOAN302151,CUST104288,Home,175885.68,23.8,240,2016-03-30 00:25:02.718744516,Closed
LOAN302152,CUST104595,Home,25932.11,8.9,84,2017-11-24 21:47:13.423175097,Active
LOAN302153,CUST103385,Personal,96419.5,,36,2017-08-12 05:45:37.382698298,Closed
LOAN302154,CUST103303,Vehicle,9412.14,12.84,60,2017-08-16 07:07:07.122529268,Active
LOAN302155,CUST104261,Business,43587.53,13.19,84,2018-11-30 09:22:35.445012569,Closed
LOAN302156,CUST103888,Student,21114.7,7.63,36,2021-08-27 18:04:14.373544931,Closed
LOAN302157,CUST104761,Personal,20790.29,21.49,12,2025-01-25 04:42:30.125375509,Closed
LOAN302158,CUST102941,Personal,111048.56,7.83,12,2020-02-24 05:18:38.052378654,Active
LOAN302159,CUST102444,Business,28861.8,11.21,120,2017-11-30 13:23:38.096037626,Active
LOAN302160,CUST100207,Business,28533.92,23.5,60,2023-08-28 07:58:30.643189430,Active
LOAN302161,CUST102168,Home,157057.93,11.59,240,2016-04-07 00:22:55.835236073,Active
LOAN302162,CUST101018,Business,71395.31,22.19,60,2024-01-29 10:29:14.883779049,Defaulted
LOAN302163,CUST104218,Vehicle,193296.76,11.25,24,2022-04-12 03:02:43.214268208,Active
LOAN302164,CUST102880,Student,61112.5,17.35,36,2025-06-23 09:33:19.978698015,Active
LOAN302165,CUST100089,Student,25216.86,15.46,24,2016-11-20 18:06:05.556280613,Active
LOAN302166,CUST100549,Business,70232.98,21.4,12,2022-09-09 22:04:14.724965572,Active
LOAN302167,CUST102836,Business,65728.44,9.09,120,2024-03-23 19:16:12.468224049,Closed
LOAN302168,CUST102700,Home,70111.62,8.36,12,2022-04-25 06:21:29.257693051,Closed
LOAN302169,CUST102598,Business,20299.84,18.11,36,2018-01-11 04:38:13.306029797,Restructured
LOAN302170,CUST100509,Student,35549.03,15.81,240,2023-05-05 13:31:32.059999228,Closed
LOAN302171,CUST102503,Business,49552.67,12.41,120,2018-06-08 02:24:41.703692198,Active
LOAN302172,CUST101543,Business,90199.34,21.87,120,2024-04-04 13:03:35.785900354,Active
LOAN302173,CUST100037,Student,78559.3,23.38,84,2017-01-03 05:11:43.810013294,Active
LOAN302174,CUST101215,Student,10562.17,20.93,240,2016-03-16 22:51:11.747354746,Active
LOAN302175,CUST104826,Business,12655.85,22.36,12,2022-10-04 13:06:59.907724857,Active
LOAN302176,CUST104551,Business,15574.2,18.87,24,2023-08-25 08:01:03.047780037,Active
LOAN302177,CUST102978,Personal,79279.46,18.76,12,2025-05-10 12:13:42.447233677,Closed
LOAN302178,CUST104066,Home,16709.55,19.38,60,2017-10-10 02:24:50.049048424,Closed
LOAN302179,CUST100383,Home,82299.06,21.64,12,2019-11-17 21:58:46.237298250,Active
LOAN302180,CUST101773,Vehicle,11078.55,18.36,60,2018-07-01 19:51:15.452404261,Active
LOAN302181,CUST102046,Personal,50976.96,23.25,24,2016-03-21 14:17:23.506969929,Active
LOAN302182,CUST104245,Vehicle,22077.88,15.92,60,2025-04-09 19:02:03.867653608,Active
LOAN302183,CUST100942,Vehicle,42457.79,15.29,120,2019-10-29 13:35:44.175303698,Active
LOAN302184,CUST101604,Personal,720405.54,8.13,60,2018-08-18 10:10:56.526039362,Restructured
LOAN302185,CUST100805,Home,47431.17,15.4,120,2018-09-21 00:51:45.589958429,Closed
LOAN302186,CUST104376,Home,7538.51,9.43,84,2022-02-05 23:09:34.769859314,Closed
LOAN302187,CUST102726,Home,27663.92,10.87,120,2020-02-28 01:34:22.921368599,Closed
LOAN302188,CUST101010,Student,32850.82,10.14,120,2020-10-05 08:49:21.974007845,Active
LOAN302189,CUST101480,Student,45597.29,14.86,36,2020-05-04 05:43:27.113658428,Active
LOAN302190,CUST102319,Personal,77575.51,22.27,48,2026-02-02 08:45:26.552231550,Active
LOAN302191,CUST104585,Vehicle,66069.23,16.86,24,2020-06-15 02:19:19.000411510,Active
LOAN302192,CUST103992,Vehicle,15108.26,21.49,24,2019-04-18 02:58:45.509795666,Active
LOAN302193,CUST102830,Business,24652.57,15.16,240,2016-12-18 02:29:35.095803499,Restructured
LOAN302194,CUST100709,Student,21331.29,22.5,12,2019-06-03 17:57:07.292688608,Active
LOAN302195,CUST100589,Business,13796.06,15.49,36,2016-09-04 06:54:14.643396139,Active
LOAN302196,CUST100779,Vehicle,31330.35,23.7,24,2023-07-25 12:14:25.798104048,Active
LOAN302197,CUST100076,Student,64622.07,10.67,48,2024-05-13 12:07:42.984246969,Active
LOAN302198,CUST103316,Business,5601.47,15.65,240,2017-10-07 23:41:55.540555239,Active
LOAN302199,CUST104646,Business,66916.3,7.55,12,2024-08-12 06:59:05.684448719,Active
LOAN302200,CUST103577,Business,14855.1,8.58,12,2021-06-08 02:28:04.214190960,Active
LOAN302201,CUST103056,Business,128345.18,8.51,24,2026-01-22 12:56:01.870945930,Closed
LOAN302202,CUST104574,Business,33450.53,9.64,60,2017-01-24 06:34:29.070278168,Closed
LOAN302203,CUST103911,Personal,14812.31,20.05,120,2021-04-21 10:47:04.129828453,Active
LOAN302204,CUST102122,Business,151711.18,19.13,120,2020-04-14 14:52:40.102095366,Active
LOAN302205,CUST102453,Business,69454.95,9.92,24,2019-02-11 02:53:08.129869460,Active
LOAN302206,CUST103452,Home,17333.0,17.48,240,2018-03-27 06:40:02.785440683,Active
LOAN302207,CUST103928,Student,37357.7,17.38,120,2023-07-13 02:31:13.203859806,Closed
LOAN302208,CUST100776,Personal,12741.43,15.36,84,2023-11-15 08:26:54.138072491,Active
LOAN302209,CUST104578,Vehicle,128505.11,19.79,120,2021-06-29 08:19:07.782860994,Defaulted
LOAN302210,CUST103644,Personal,43130.78,19.24,24,2019-01-20 07:24:46.805376291,Defaulted
LOAN302211,CUST102758,Business,21766.28,18.79,24,2018-12-30 17:38:56.997001410,Active
LOAN302212,CUST103969,Business,45244.42,13.82,60,2016-06-23 22:06:27.798777819,Active
LOAN302213,CUST101140,Home,19918.66,14.79,48,2021-05-04 14:57:39.766423702,Restructured
LOAN302214,CUST104797,Home,70004.9,9.31,240,2025-08-12 10:40:23.717848301,Active
LOAN302215,CUST101817,Student,71280.19,23.79,240,2023-03-09 03:05:38.401352167,Closed
LOAN302216,CUST101473,Vehicle,27353.56,9.34,36,2024-06-01 17:19:52.622034550,Active
LOAN302217,CUST104873,Student,14390.16,15.35,120,2019-09-19 08:47:18.191176653,Defaulted
LOAN302218,CUST101727,Student,8287.28,8.31,48,2023-02-05 00:21:38.111167669,Active
LOAN302219,CUST101557,Vehicle,14130.8,20.68,24,2016-12-13 01:04:28.018596888,Active
LOAN302220,CUST103469,Home,67104.03,14.46,48,2019-01-10 20:30:50.348590851,Active
LOAN302221,CUST103176,Vehicle,24731.33,15.64,84,2018-09-16 15:17:09.110919714,Active
LOAN302222,CUST101954,Personal,189998.79,24.83,240,2026-05-01 04:41:57.827039957,Active
LOAN302223,CUST103333,Student,51405.29,23.96,24,2023-01-14 03:53:08.114824533,Active
LOAN302224,CUST100815,Vehicle,42129.54,17.6,36,2023-06-17 04:12:33.700661898,Active
LOAN302225,CUST100845,Personal,43941.02,24.37,120,2018-04-19 08:44:33.686152697,Restructured
LOAN302226,CUST100706,Student,57662.31,10.64,120,2025-04-05 15:11:41.472126007,Active
LOAN302227,CUST100869,Home,24505.99,16.98,84,2020-05-30 15:53:22.495105028,Closed
LOAN302228,CUST103325,Personal,27288.23,20.36,60,2026-02-04 05:23:54.775196314,Closed
LOAN302229,CUST103351,Business,25073.15,21.58,48,2019-05-12 12:43:30.712709188,Active
LOAN302230,CUST102886,Student,111239.46,7.81,24,2024-12-01 22:45:51.626020908,Active
LOAN302231,CUST103341,Vehicle,1761.26,14.52,24,2024-08-01 21:07:47.178485394,Active
LOAN302232,CUST100474,Student,48884.18,8.94,120,2023-12-31 02:03:18.910606146,Closed
LOAN302233,CUST104447,Home,70112.35,12.28,120,2019-06-25 01:23:12.238641262,Active
LOAN302234,CUST103772,Personal,88007.63,14.4,60,2026-05-09 14:10:26.906689644,Active
LOAN302235,CUST101246,Student,35957.6,15.08,48,2019-12-27 21:24:53.078800678,Restructured
LOAN302236,CUST101278,Student,95155.16,14.75,36,2023-02-14 22:38:08.902239799,Closed
LOAN302237,CUST100028,Vehicle,15610.03,23.83,48,2023-09-10 02:46:32.817974806,Active
LOAN302238,CUST103712,Business,34013.8,9.47,12,2018-09-23 23:39:38.376309395,Active
LOAN302239,CUST104775,Student,40285.06,22.21,12,2017-08-21 02:21:14.279047966,Active
LOAN302240,CUST103609,Student,46799.87,7.61,60,2021-05-16 03:02:08.499264717,Active
LOAN302241,CUST104570,Student,14515.14,10.19,120,2018-02-21 01:10:14.244479418,Active
LOAN302242,CUST104041,Business,29786.97,11.22,120,2025-07-02 01:55:34.375986099,Active
LOAN302243,CUST104370,Business,244639.85,13.82,12,2024-01-08 03:21:18.853705406,Closed
LOAN302244,CUST104157,Personal,89725.91,21.43,36,2017-06-15 13:13:04.203133821,Restructured
LOAN302245,CUST102932,Student,245266.01,18.59,36,2023-05-03 06:27:54.701294422,Active
LOAN302246,CUST104738,Student,606369.83,8.55,240,2023-12-17 02:28:37.156382084,Active
LOAN302247,CUST103472,Home,33776.49,13.59,60,2021-07-09 18:33:44.111180782,Restructured
LOAN302248,CUST101578,Business,78751.08,12.57,12,2016-10-04 04:04:44.880409956,Defaulted
LOAN302249,CUST100861,Home,46054.09,21.04,24,2017-07-24 07:49:09.030048370,Closed
LOAN302250,CUST100387,Student,27465.05,22.26,24,2019-01-31 16:55:56.636754990,Active
LOAN302251,CUST103962,Business,55468.41,23.98,48,2022-03-10 04:08:29.370970249,Active
LOAN302252,CUST102350,Personal,235307.66,17.79,36,2025-02-27 05:28:51.681838036,Closed
LOAN302253,CUST100930,Personal,41963.47,16.9,12,2022-10-06 21:11:09.747677326,Closed
LOAN302254,CUST101465,Business,35908.69,20.04,12,2019-04-15 03:06:15.350399017,Active
LOAN302255,CUST101671,Business,39843.15,11.87,24,2016-10-08 15:04:35.095599651,Closed
LOAN302256,CUST102550,Home,38074.58,20.39,24,2019-05-17 12:16:32.040264130,Defaulted
LOAN302257,CUST102709,Business,11945.53,7.74,84,2026-02-22 18:22:36.686376095,Closed
LOAN302258,CUST102853,Personal,34392.85,16.38,240,2026-05-23 01:36:00.689895630,Active
LOAN302259,CUST102927,Vehicle,35277.01,11.97,12,2016-12-25 21:23:20.978218794,Active
LOAN302260,CUST101687,Vehicle,51387.94,16.7,84,2018-11-16 15:03:02.018070221,Active
LOAN302261,CUST103151,Home,101611.05,15.07,60,2020-03-24 20:45:55.951817036,Closed
LOAN302262,CUST102877,Vehicle,23800.51,21.28,84,2023-01-22 17:35:19.876444101,Active
LOAN302263,CUST102291,Home,45395.54,,24,2016-11-06 17:32:07.958240509,Active
LOAN302264,CUST100667,Vehicle,57967.16,19.1,60,2020-03-08 03:16:59.902604818,Active
LOAN302265,CUST100726,Student,63877.57,22.54,84,2018-02-04 07:05:56.606427908,Closed
LOAN302266,CUST104105,Student,22794.27,16.27,36,2017-10-16 14:14:16.219902515,Defaulted
LOAN302267,CUST104281,Personal,38291.65,23.62,60,2019-04-22 04:44:23.119111776,Active
LOAN302268,CUST100951,Home,28416.03,14.78,48,2025-05-22 16:17:30.252053738,Active
LOAN302269,CUST103960,Student,16056.74,21.43,60,2022-03-26 00:33:24.758170605,Active
LOAN302270,CUST102497,Vehicle,6917.94,11.12,240,2017-03-17 11:54:31.183877230,Active
LOAN302271,CUST104594,Student,16154.64,21.43,60,2017-06-17 13:45:40.681435585,Closed
LOAN302272,CUST104493,Student,72565.98,18.89,240,2022-10-08 07:05:04.210939169,Closed
LOAN302273,CUST104376,Business,44337.76,16.63,24,2018-11-23 21:17:59.581339598,Defaulted
LOAN302274,CUST100858,Home,29613.09,17.92,120,2020-08-16 03:28:43.803440332,Active
LOAN302275,CUST102977,Vehicle,244836.6,16.21,240,2022-08-31 04:42:07.897669077,Closed
LOAN302276,CUST101691,Home,70758.32,10.08,120,2023-05-28 04:14:06.138358355,Closed
LOAN302277,CUST102344,Vehicle,40659.4,18.14,12,2022-04-03 23:16:58.002884626,Closed
LOAN302278,CUST102556,Vehicle,46170.87,22.9,240,2018-08-28 14:44:28.756442308,Active
LOAN302279,CUST104062,Vehicle,185147.63,22.25,36,2019-04-19 19:30:38.400493145,Closed
LOAN302280,CUST100764,Home,19353.39,22.34,24,2025-04-14 20:29:13.549542904,Closed
LOAN302281,CUST100590,Student,58871.99,23.23,48,2020-07-20 19:43:42.755140543,Closed
LOAN302282,CUST101701,Student,34273.28,21.19,240,2018-06-12 09:35:39.191753149,Active
LOAN302283,CUST103899,Home,22539.08,8.68,24,2016-11-27 03:26:25.100920677,Closed
LOAN302284,CUST100483,Vehicle,18614.68,21.71,120,2021-03-07 09:46:42.126728295,Active
LOAN302285,CUST104762,Personal,74753.4,22.26,60,2016-05-28 10:02:08.095825911,Defaulted
LOAN302286,CUST101046,Vehicle,119868.68,21.63,60,2016-03-14 11:02:19.099028826,Active
LOAN302287,CUST102415,Personal,28042.88,19.86,240,2020-07-28 23:23:08.151564837,Closed
LOAN302288,CUST100065,Home,7849.34,22.01,84,2025-01-12 07:09:23.639922619,Active
LOAN302289,CUST101190,Business,99170.3,7.69,120,2024-06-06 15:29:28.579349041,Active
LOAN302290,CUST104938,Vehicle,46186.5,11.2,36,2017-06-13 12:07:36.382267475,Active
LOAN302291,CUST101515,Personal,7855.94,20.33,36,2020-03-26 23:11:16.729170799,Active
LOAN302292,CUST100313,Home,9394.06,23.03,24,2017-12-14 04:27:07.959171057,Closed
LOAN302293,CUST104485,Vehicle,35114.59,8.87,36,2025-10-24 10:48:15.089259624,Closed
LOAN302294,CUST104547,Student,11266.84,23.54,12,2021-01-04 06:33:00.523832560,Active
LOAN302295,CUST103660,Student,7415.16,21.58,36,2020-10-04 06:33:16.192390203,Active
LOAN302296,CUST101562,Vehicle,65699.65,19.56,240,2016-04-05 17:13:17.615021467,Active
LOAN302297,CUST102011,Student,275384.84,15.05,24,2022-07-20 05:33:58.845556974,Active
LOAN302298,CUST103291,Business,204297.28,13.11,48,2022-09-26 22:18:44.681374311,Active
LOAN302299,CUST102269,Vehicle,121675.54,9.87,60,2022-02-15 13:49:37.515141964,Active
LOAN302300,CUST101152,Business,69360.07,11.01,240,2022-07-14 06:11:45.947365522,Closed
LOAN302301,CUST103335,Home,40305.31,17.98,24,2024-07-25 02:25:51.660015106,Active
LOAN302302,CUST101634,Personal,140323.85,18.23,84,2018-11-30 13:05:53.436489820,Active
LOAN302303,CUST102461,Home,26433.03,21.98,120,2018-02-03 08:21:20.612605095,Active
LOAN302304,CUST100536,Student,27442.06,8.98,240,2019-03-29 15:47:23.715781689,Defaulted
LOAN302305,CUST101813,Business,13224.59,23.97,24,2021-06-10 05:18:53.731888771,Closed
LOAN302306,CUST101397,Personal,143838.03,11.21,84,2023-03-18 10:38:44.488465786,Active
LOAN302307,CUST104202,Business,60018.55,12.35,120,2017-04-16 23:39:44.032140255,Closed
LOAN302308,CUST101196,Vehicle,45719.71,8.99,240,2021-04-22 06:04:13.500094175,Defaulted
LOAN302309,CUST100504,Business,119421.42,7.98,240,2018-04-08 19:38:07.267992734,Active
LOAN302310,CUST104148,Home,49673.35,14.57,48,2018-12-17 01:13:26.909259319,Active
LOAN302311,CUST104512,Student,61691.13,8.02,48,2021-12-08 05:14:37.938574076,Closed
LOAN302312,CUST100879,Vehicle,43988.0,7.51,36,2024-07-16 16:29:57.158472061,Closed
LOAN302313,CUST100392,Home,36799.94,23.26,240,2024-07-04 07:16:10.349570990,Closed
LOAN302314,CUST100499,Personal,16276.21,22.64,240,2017-09-11 18:59:28.827282190,Active
LOAN302315,CUST102073,Home,56996.64,20.17,48,2025-08-19 02:31:39.944025517,Restructured
LOAN302316,CUST101121,Vehicle,73671.47,12.83,24,2021-04-18 10:46:09.267400265,Active
LOAN302317,CUST103604,Home,17646.18,,60,2023-02-11 07:42:10.293160439,Active
LOAN302318,CUST102994,Personal,50140.62,12.48,48,2019-09-19 12:16:39.346315861,Active
LOAN302319,CUST103497,Vehicle,105810.5,24.86,120,2024-06-28 10:29:34.157950163,Closed
LOAN302320,CUST102394,Personal,64266.28,22.66,24,2024-09-07 10:15:39.962004185,Closed
LOAN302321,CUST102667,Business,69888.47,21.6,240,2018-11-11 05:42:51.453815699,Active
LOAN302322,CUST100011,Personal,59014.65,20.56,48,2020-08-30 18:53:29.367353439,Defaulted
LOAN302323,CUST100771,Student,7466.14,22.4,240,2017-02-27 19:44:32.535701513,Active
LOAN302324,CUST101068,Student,182981.44,20.24,48,2023-04-20 09:48:44.612306356,Closed
LOAN302325,CUST103887,Personal,46050.22,17.01,120,2020-06-13 08:33:24.082249641,Restructured
LOAN302326,CUST104450,Vehicle,92254.12,12.34,12,2017-04-17 07:48:57.244537592,Active
LOAN302327,CUST102663,Business,15815.19,23.89,24,2018-03-21 19:00:59.494422913,Active
LOAN302328,CUST101336,Vehicle,67146.58,17.03,12,2018-09-01 12:34:14.254936218,Active
LOAN302329,CUST103606,Home,26678.18,23.81,48,2021-05-11 08:31:34.961270809,Closed
LOAN302330,CUST103289,Student,57041.55,10.7,240,2022-06-25 17:01:57.206484079,Active
LOAN302331,CUST101757,Home,33647.87,23.65,84,2022-06-05 11:48:53.720242977,Closed
LOAN302332,CUST103885,Personal,119137.69,16.55,60,2023-05-09 19:18:13.239229918,Active
LOAN302333,CUST100462,Vehicle,20191.35,23.11,60,2019-06-05 04:16:08.051660538,Closed
LOAN302334,CUST102825,Business,20650.2,15.79,240,2022-10-12 04:59:36.239895105,Closed
LOAN302335,CUST102454,Vehicle,7674.89,18.8,48,2021-05-06 02:06:25.721431971,Closed
LOAN302336,CUST104219,Student,96667.02,16.92,60,2021-03-11 16:37:56.985631227,Active
LOAN302337,CUST102046,Business,48284.33,18.23,36,2025-05-17 07:29:21.553905487,Active
LOAN302338,CUST102263,Home,41494.49,15.59,84,2024-11-14 08:36:23.842409372,Active
LOAN302339,CUST104989,Business,55373.07,15.35,36,2023-03-14 17:07:04.451587915,Defaulted
LOAN302340,CUST104067,Home,86947.86,23.75,60,2026-05-09 15:10:45.020000696,Closed
LOAN302341,CUST102075,Vehicle,56101.47,9.11,120,2021-09-11 04:45:28.461095810,Active
LOAN302342,CUST102223,Personal,79680.01,11.84,240,2024-03-17 20:15:00.480505705,Active
LOAN302343,CUST103711,Vehicle,109746.45,19.47,36,2024-06-13 12:59:32.091369152,Active
LOAN302344,CUST101718,Vehicle,27655.01,10.54,120,2023-01-04 20:36:17.644667387,Closed
LOAN302345,CUST100393,Personal,34324.25,8.37,84,2017-04-24 12:08:02.004561901,Active
LOAN302346,CUST103374,Business,257117.86,18.38,240,2018-05-10 14:25:29.715165138,Closed
LOAN302347,CUST102515,Personal,21820.05,18.25,12,2022-10-20 22:55:15.649285316,Active
LOAN302348,CUST100995,Student,294607.42,21.94,60,2025-07-06 14:58:05.846775770,Active
LOAN302349,CUST104407,Home,72570.1,8.55,48,2018-12-18 01:51:41.684894800,Closed
LOAN302350,CUST100162,Personal,6174.8,13.74,84,2025-05-20 14:04:47.369086266,Active
LOAN302351,CUST104186,Personal,116992.82,17.15,36,2017-02-10 08:09:09.804702759,Closed
LOAN302352,CUST104194,Home,10841.05,17.63,12,2026-04-11 05:58:16.242028236,Active
LOAN302353,CUST103430,Home,51007.18,19.9,60,2016-07-01 02:11:16.049701214,Restructured
LOAN302354,CUST104067,Business,42972.98,13.78,60,2021-08-31 23:55:32.029712200,Active
LOAN302355,CUST104221,Vehicle,78764.06,24.83,120,2022-05-25 12:50:59.919765949,Defaulted
LOAN302356,CUST104948,Home,150260.11,18.76,120,2025-05-10 15:31:15.694650412,Active
LOAN302357,CUST104350,Personal,47866.02,18.41,240,2026-05-13 17:17:48.839622974,Closed
LOAN302358,CUST100723,Vehicle,87812.48,12.31,12,2019-01-14 23:36:01.901486635,Closed
LOAN302359,CUST104042,Business,31448.84,24.07,240,2018-06-05 13:47:29.193875790,Closed
LOAN302360,CUST102882,Vehicle,11075.84,15.69,84,2017-08-02 20:40:30.906086922,Closed
LOAN302361,CUST101029,Personal,58338.75,,36,2024-10-28 15:07:53.370208025,Active
LOAN302362,CUST104326,Vehicle,119802.74,12.02,24,2021-04-08 13:43:23.842246532,Defaulted
LOAN302363,CUST101441,Home,64677.09,16.03,24,2026-05-23 20:58:24.686573982,Closed
LOAN302364,CUST103139,Business,23312.83,13.97,36,2023-03-23 00:50:20.770329475,Active
LOAN302365,CUST100287,Home,11576.87,24.66,24,2022-04-08 03:59:00.512600183,Closed
LOAN302366,CUST102901,Home,10611.66,8.12,12,2025-06-13 03:53:03.176578045,Active
LOAN302367,CUST103291,Personal,55678.23,15.88,60,2021-06-02 02:27:10.858937263,Active
LOAN302368,CUST100976,Home,46995.84,15.39,84,2025-01-18 05:14:55.508994579,Active
LOAN302369,CUST100707,Vehicle,51499.39,22.04,36,2024-01-13 16:15:46.901005745,Active
LOAN302370,CUST104413,Vehicle,113569.94,21.94,12,2018-07-07 13:19:47.526344061,Closed
LOAN302371,CUST103711,Home,107199.03,21.87,48,2025-02-27 10:52:55.460713148,Closed
LOAN302372,CUST102935,Home,61683.21,11.12,36,2020-07-25 19:57:43.817451000,Active
LOAN302373,CUST104901,Business,89671.17,10.91,48,2024-03-31 12:36:41.877669573,Active
LOAN302374,CUST103917,Vehicle,33302.0,18.95,84,2025-09-15 10:33:26.671855450,Active
LOAN302375,CUST103610,Personal,14529.66,24.86,24,2018-01-09 02:43:57.088845015,Active
LOAN302376,CUST104851,Student,35549.49,14.37,60,2024-05-06 16:22:18.256474733,Active
LOAN302377,CUST104749,Vehicle,97993.05,15.95,60,2022-12-24 18:18:22.745703697,Active
LOAN302378,CUST100732,Vehicle,222050.13,15.46,12,2019-04-01 14:59:41.978802919,Closed
LOAN302379,CUST102830,Vehicle,46595.65,12.21,48,2019-03-01 13:34:09.887899876,Closed
LOAN302380,CUST100889,Business,2558.22,18.16,240,2024-09-04 20:32:15.154982328,Active
LOAN302381,CUST100124,Personal,29365.7,15.24,24,2022-11-30 06:28:08.044075489,Closed
LOAN302382,CUST103003,Personal,19706.71,21.71,24,2017-06-05 20:57:36.048058987,Defaulted
LOAN302383,CUST100849,Home,5410.48,10.04,24,2016-11-03 14:52:52.842339039,Active
LOAN302384,CUST100712,Vehicle,41588.1,20.54,84,2021-05-14 13:29:33.550362349,Defaulted
LOAN302385,CUST103058,Business,57866.39,10.04,12,2023-05-30 22:02:59.223112583,Active
LOAN302386,CUST100001,Student,81744.07,16.74,240,2020-01-24 22:10:24.056665182,Closed
LOAN302387,CUST102989,Business,21291.88,15.4,48,2020-12-17 23:24:31.433728695,Active
LOAN302388,CUST101590,Vehicle,23052.41,11.51,84,2022-11-22 05:13:35.344088793,Defaulted
LOAN302389,CUST103337,Personal,61910.69,10.19,60,2026-02-27 18:08:59.988491535,Active
LOAN302390,CUST101940,Student,82413.44,23.85,12,2017-06-12 08:26:50.038345098,Defaulted
LOAN302391,CUST103086,Student,152609.69,14.99,60,2018-08-30 04:04:15.371822596,Active
LOAN302392,CUST101648,Student,20227.73,11.72,48,2017-05-08 22:18:39.429303169,Defaulted
LOAN302393,CUST104771,Vehicle,21332.4,23.93,36,2018-06-11 03:09:38.009943485,Defaulted
LOAN302394,CUST100833,Home,24155.65,21.19,12,2020-07-27 02:32:25.097163200,Active
LOAN302395,CUST104453,Student,37628.57,13.29,12,2021-08-27 03:08:09.599752665,Active
LOAN302396,CUST101678,Home,112322.82,23.15,24,2019-10-18 03:56:55.316663504,Active
LOAN302397,CUST102946,Business,16499.84,16.53,60,2026-05-21 23:11:04.994266510,Defaulted
LOAN302398,CUST101895,Business,31021.95,19.55,240,2025-06-15 00:57:39.516381263,Closed
LOAN302399,CUST103738,Vehicle,20761.93,19.01,48,2023-03-03 06:38:55.893588066,Active
LOAN302400,CUST100900,Student,25324.56,20.87,60,2024-11-26 00:05:40.058281183,Closed
LOAN302401,CUST100238,Home,212709.78,8.65,240,2018-04-14 20:15:13.379295826,Closed
LOAN302402,CUST100431,Student,70445.45,12.01,24,2022-07-26 17:57:38.873156071,Closed
LOAN302403,CUST103872,Home,100157.86,18.3,120,2022-10-14 22:38:04.454453468,Closed
LOAN302404,CUST100451,Business,36253.87,15.04,48,2019-01-19 20:00:02.699585438,Active
LOAN302405,CUST104243,Business,19459.23,12.9,240,2023-07-03 09:58:14.393602371,Closed
LOAN302406,CUST103981,Personal,71744.08,17.55,36,2025-05-24 08:54:28.206340790,Active
LOAN302407,CUST101084,Personal,41989.03,12.22,84,2022-07-03 12:31:58.477897644,Active
LOAN302408,CUST103098,Business,32112.46,15.04,48,2022-07-03 21:10:50.977353334,Active
LOAN302409,CUST100180,Home,34281.04,14.76,120,2022-02-21 23:04:07.691478729,Active
LOAN302410,CUST103372,Personal,16140.9,16.09,240,2024-03-13 22:45:45.064982176,Active
LOAN302411,CUST101503,Vehicle,50273.94,18.76,120,2024-08-02 11:04:53.682989120,Active
LOAN302412,CUST103490,Business,36944.28,21.32,60,2020-06-12 21:18:47.132236003,Active
LOAN302413,CUST102163,Vehicle,14543.8,12.72,84,2024-03-04 18:39:43.552912474,Active
LOAN302414,CUST104085,Vehicle,18400.38,24.53,36,2020-07-03 04:34:31.645253181,Active
LOAN302415,CUST103454,Home,8454.34,9.29,240,2024-05-11 05:24:00.029349089,Active
LOAN302416,CUST101473,Vehicle,82240.76,8.32,48,2024-11-09 08:03:10.091723204,Active
LOAN302417,CUST104601,Personal,28439.68,17.63,48,2016-11-02 13:22:32.593161583,Closed
LOAN302418,CUST102280,Personal,83101.79,12.26,240,2023-06-28 07:04:40.152892113,Active
LOAN302419,CUST104610,Business,22780.29,12.9,48,2022-10-28 00:09:27.962141752,Active
LOAN302420,CUST101762,Home,88897.34,11.6,36,2016-11-28 08:53:39.264361381,Closed
LOAN302421,CUST101985,Personal,54878.22,23.63,48,2024-10-28 13:44:28.764358044,Closed
LOAN302422,CUST102733,Home,9927.8,16.14,60,2024-11-20 16:41:15.644997120,Closed
LOAN302423,CUST104424,Student,158785.36,16.0,24,2023-03-08 04:00:31.296961784,Closed
LOAN302424,CUST101246,Student,10947.14,14.5,84,2018-08-28 20:36:38.087127924,Active
LOAN302425,CUST100473,Vehicle,80470.68,20.36,36,2025-06-09 23:04:19.113632917,Active
LOAN302426,CUST101127,Business,30416.43,12.27,84,2021-07-13 07:47:12.462188959,Active
LOAN302427,CUST103240,Home,23489.18,15.8,36,2025-12-29 23:39:28.989324093,Active
LOAN302428,CUST103348,Personal,101003.04,23.83,24,2024-10-02 00:42:56.712881088,Closed
LOAN302429,CUST101165,Vehicle,15245.29,10.52,120,2024-04-10 11:17:39.396416187,Active
LOAN302430,CUST104178,Home,79845.63,21.84,240,2023-02-03 00:11:07.471177816,Closed
LOAN302431,CUST104254,Vehicle,27956.22,7.73,60,2018-12-31 15:11:52.152641535,Active
LOAN302432,CUST103403,Personal,26406.77,19.52,240,2022-01-26 07:56:29.886942625,Closed
LOAN302433,CUST104454,Student,19713.2,11.4,24,2024-10-19 22:19:31.667085648,Active
LOAN302434,CUST100882,Business,57465.17,,36,2025-03-03 19:06:46.416810513,Restructured
LOAN302435,CUST103283,Personal,22402.57,17.06,84,2020-06-12 10:49:53.804811954,Active
LOAN302436,CUST100841,Vehicle,36667.78,20.58,48,2023-06-04 04:12:50.144937277,Active
LOAN302437,CUST101104,Vehicle,30969.95,20.33,84,2025-02-20 11:53:59.131127834,Active
LOAN302438,CUST102971,Student,11920.52,12.96,240,2020-07-04 14:35:27.460621119,Closed
LOAN302439,CUST100568,Home,26053.33,11.06,24,2022-04-08 09:39:56.646455526,Closed
LOAN302440,CUST102254,Business,36695.81,8.54,60,2025-12-25 11:13:45.616598606,Active
LOAN302441,CUST100027,Business,41929.58,24.81,12,2019-01-05 04:20:34.842677593,Active
LOAN302442,CUST101402,Personal,26735.33,15.49,84,2024-01-29 13:23:46.196016550,Active
LOAN302443,CUST101864,Vehicle,17447.0,21.37,84,2016-09-20 07:28:35.094691277,Active
LOAN302444,CUST103310,Business,4880.3,9.15,240,2019-06-16 05:42:04.741105318,Active
LOAN302445,CUST102895,Business,44514.37,19.87,24,2016-09-07 06:02:54.767632008,Active
LOAN302446,CUST104712,Home,67907.79,22.47,120,2020-01-05 17:29:20.385778904,Defaulted
LOAN302447,CUST100838,Home,26964.43,20.89,84,2019-08-13 18:38:30.649816513,Restructured
LOAN302448,CUST103526,Home,210276.41,11.14,120,2022-05-25 10:14:30.591139317,Closed
LOAN302449,CUST103093,Personal,37718.06,22.7,36,2022-05-27 12:39:20.354700089,Closed
LOAN302450,CUST101133,Business,47426.65,24.46,36,2025-04-24 03:02:32.803032875,Active
LOAN302451,CUST101776,Vehicle,12926.22,17.61,36,2021-07-17 00:12:56.212136745,Active
LOAN302452,CUST104751,Student,15624.01,11.95,120,2021-08-24 22:11:23.690608740,Active
LOAN302453,CUST100180,Business,14593.41,8.37,240,2024-01-24 13:23:23.541099072,Defaulted
LOAN302454,CUST100382,Vehicle,241356.7,12.59,84,2023-10-15 17:22:02.956975460,Active
LOAN302455,CUST102181,Student,21352.34,24.03,48,2019-04-20 07:50:57.331297398,Active
LOAN302456,CUST103510,Student,167434.73,21.22,60,2021-04-03 01:24:29.325382233,Closed
LOAN302457,CUST104985,Business,40390.65,15.18,120,2024-12-29 07:11:24.107631207,Active
LOAN302458,CUST104670,Vehicle,61836.4,24.75,48,2025-10-01 15:46:23.433616161,Closed
LOAN302459,CUST104432,Student,102721.97,16.46,240,2018-01-28 23:51:35.235672712,Active
LOAN302460,CUST100505,Vehicle,17234.27,10.38,12,2020-12-25 19:41:02.930776596,Closed
LOAN302461,CUST100653,Vehicle,17021.01,19.85,84,2016-04-03 13:48:51.286121845,Active
LOAN302462,CUST102662,Student,36951.53,20.43,36,2019-06-05 22:24:26.578193426,Active
LOAN302463,CUST102919,Vehicle,39596.62,18.06,48,2018-03-10 10:42:48.116052389,Active
LOAN302464,CUST100201,Student,7649.2,16.83,240,2017-05-24 05:06:08.814932346,Closed
LOAN302465,CUST104661,Business,21733.95,14.39,84,2017-06-21 18:16:12.836803436,Defaulted
LOAN302466,CUST100997,Home,241016.35,20.52,24,2025-04-02 18:20:54.135518074,Defaulted
LOAN302467,CUST103777,Student,24823.85,13.36,36,2018-06-28 06:39:50.518239260,Closed
LOAN302468,CUST103244,Home,22247.62,17.55,240,2024-05-30 23:09:19.022059679,Active
LOAN302469,CUST101213,Business,20232.23,22.23,24,2016-09-28 23:10:40.151849031,Closed
LOAN302470,CUST101636,Home,18777.64,23.52,84,2018-10-21 21:50:13.719539165,Active
LOAN302471,CUST104081,Vehicle,35661.12,18.55,48,2021-11-17 06:42:06.893044233,Defaulted
LOAN302472,CUST101543,Home,36648.47,23.08,48,2026-04-20 03:24:46.557829380,Active
LOAN302473,CUST102226,Personal,18305.09,17.15,240,2023-03-11 14:27:47.607256174,Active
LOAN302474,CUST102707,Student,68576.66,13.64,60,2016-09-16 02:09:00.659475327,Active
LOAN302475,CUST103501,Student,75095.98,16.68,240,2020-11-12 13:19:26.264515877,Closed
LOAN302476,CUST103592,Vehicle,43552.16,24.34,48,2016-07-29 01:29:15.682408094,Active
LOAN302477,CUST101681,Home,11781.61,16.24,84,2016-09-28 12:24:14.621709108,Closed
LOAN302478,CUST101892,Business,8377.25,7.54,240,2018-01-08 19:03:52.331386566,Defaulted
LOAN302479,CUST102983,Personal,38296.82,16.23,84,2021-07-05 02:44:43.671278715,Active
LOAN302480,CUST104911,Vehicle,61122.28,,60,2017-06-23 08:00:09.148307562,Active
LOAN302481,CUST101922,Vehicle,11459.77,16.24,240,2017-10-18 09:49:39.740993500,Closed
LOAN302482,CUST103803,Vehicle,9640.1,23.58,120,2026-02-14 01:27:06.197245359,Active
LOAN302483,CUST101406,Personal,55221.92,19.01,36,2023-02-07 15:01:04.460110426,Active
LOAN302484,CUST104716,Home,97819.84,23.38,48,2019-10-08 16:21:10.061842442,Active
LOAN302485,CUST103894,Home,15084.16,15.53,84,2026-04-26 10:00:37.995581627,Closed
LOAN302486,CUST102742,Home,33001.31,14.28,12,2020-09-09 17:02:20.213853598,Active
LOAN302487,CUST102654,Business,40301.92,20.79,48,2016-08-17 07:09:47.430212975,Closed
LOAN302488,CUST103327,Home,59515.13,22.67,240,2020-11-03 19:33:41.036578178,Defaulted
LOAN302489,CUST103925,Home,27765.5,10.38,120,2017-09-24 01:02:14.090030670,Active
LOAN302490,CUST102030,Student,40639.97,20.19,60,2026-03-13 19:48:01.159847021,Active
LOAN302491,CUST103994,Personal,46361.16,24.39,36,2022-10-08 04:10:50.737471342,Active
LOAN302492,CUST103201,Home,8057.73,18.56,12,2018-11-02 05:13:17.576221943,Closed
LOAN302493,CUST104711,Business,29003.08,10.54,24,2024-02-13 08:36:50.604133844,Closed
LOAN302494,CUST101858,Business,43865.16,21.87,36,2023-03-28 06:07:15.056394815,Active
LOAN302495,CUST104090,Personal,56496.58,16.81,84,2019-04-13 22:53:24.131991625,Active
LOAN302496,CUST104108,Business,5442.15,15.67,36,2024-01-12 17:12:09.947520256,Closed
LOAN302497,CUST104632,Business,4245.88,15.4,240,2023-10-24 14:11:43.303513765,Active
LOAN302498,CUST104187,Home,110730.37,19.08,12,2026-01-31 04:20:45.162049770,Active
LOAN302499,CUST101816,Personal,23901.6,13.39,24,2023-06-25 08:20:47.052586317,Closed
